{
  "dataset_revision": "main",
  "task_name": "ArguAnaTR",
  "mteb_version": "1.31.3",
  "scores": {
    "test": [
      {
        "ndcg_at_1": 0.14509,
        "ndcg_at_3": 0.24167,
        "ndcg_at_5": 0.2806,
        "ndcg_at_10": 0.33409,
        "ndcg_at_20": 0.36792,
        "ndcg_at_100": 0.40151,
        "ndcg_at_1000": 0.41459,
        "map_at_1": 0.14509,
        "map_at_3": 0.21693,
        "map_at_5": 0.23851,
        "map_at_10": 0.26054,
        "map_at_20": 0.27002,
        "map_at_100": 0.2748,
        "map_at_1000": 0.2753,
        "recall_at_1": 0.14509,
        "recall_at_3": 0.31366,
        "recall_at_5": 0.40825,
        "recall_at_10": 0.57397,
        "recall_at_20": 0.70626,
        "recall_at_100": 0.88549,
        "recall_at_1000": 0.98791,
        "precision_at_1": 0.14509,
        "precision_at_3": 0.10455,
        "precision_at_5": 0.08165,
        "precision_at_10": 0.0574,
        "precision_at_20": 0.03531,
        "precision_at_100": 0.00885,
        "precision_at_1000": 0.00099,
        "mrr_at_1": 0.147226,
        "mrr_at_3": 0.21752,
        "mrr_at_5": 0.239426,
        "mrr_at_10": 0.261389,
        "mrr_at_20": 0.270836,
        "mrr_at_100": 0.275586,
        "mrr_at_1000": 0.276086,
        "nauc_ndcg_at_1_max": -0.059904,
        "nauc_ndcg_at_1_std": -0.079358,
        "nauc_ndcg_at_1_diff1": 0.170408,
        "nauc_ndcg_at_3_max": -0.046959,
        "nauc_ndcg_at_3_std": -0.066181,
        "nauc_ndcg_at_3_diff1": 0.128931,
        "nauc_ndcg_at_5_max": -0.045043,
        "nauc_ndcg_at_5_std": -0.071118,
        "nauc_ndcg_at_5_diff1": 0.119814,
        "nauc_ndcg_at_10_max": -0.016465,
        "nauc_ndcg_at_10_std": -0.059455,
        "nauc_ndcg_at_10_diff1": 0.125567,
        "nauc_ndcg_at_20_max": 0.002367,
        "nauc_ndcg_at_20_std": -0.031383,
        "nauc_ndcg_at_20_diff1": 0.128337,
        "nauc_ndcg_at_100_max": -0.003959,
        "nauc_ndcg_at_100_std": -0.030535,
        "nauc_ndcg_at_100_diff1": 0.130987,
        "nauc_ndcg_at_1000_max": -0.017245,
        "nauc_ndcg_at_1000_std": -0.040266,
        "nauc_ndcg_at_1000_diff1": 0.128415,
        "nauc_map_at_1_max": -0.059904,
        "nauc_map_at_1_std": -0.079358,
        "nauc_map_at_1_diff1": 0.170408,
        "nauc_map_at_3_max": -0.050768,
        "nauc_map_at_3_std": -0.070362,
        "nauc_map_at_3_diff1": 0.136371,
        "nauc_map_at_5_max": -0.049481,
        "nauc_map_at_5_std": -0.072802,
        "nauc_map_at_5_diff1": 0.130577,
        "nauc_map_at_10_max": -0.037553,
        "nauc_map_at_10_std": -0.068236,
        "nauc_map_at_10_diff1": 0.132747,
        "nauc_map_at_20_max": -0.032403,
        "nauc_map_at_20_std": -0.060376,
        "nauc_map_at_20_diff1": 0.133691,
        "nauc_map_at_100_max": -0.03303,
        "nauc_map_at_100_std": -0.059961,
        "nauc_map_at_100_diff1": 0.134201,
        "nauc_map_at_1000_max": -0.033487,
        "nauc_map_at_1000_std": -0.06013,
        "nauc_map_at_1000_diff1": 0.134119,
        "nauc_recall_at_1_max": -0.059904,
        "nauc_recall_at_1_std": -0.079358,
        "nauc_recall_at_1_diff1": 0.170408,
        "nauc_recall_at_3_max": -0.037655,
        "nauc_recall_at_3_std": -0.055899,
        "nauc_recall_at_3_diff1": 0.111806,
        "nauc_recall_at_5_max": -0.034447,
        "nauc_recall_at_5_std": -0.067805,
        "nauc_recall_at_5_diff1": 0.09483,
        "nauc_recall_at_10_max": 0.04782,
        "nauc_recall_at_10_std": -0.032947,
        "nauc_recall_at_10_diff1": 0.110189,
        "nauc_recall_at_20_max": 0.142883,
        "nauc_recall_at_20_std": 0.091588,
        "nauc_recall_at_20_diff1": 0.117498,
        "nauc_recall_at_100_max": 0.221921,
        "nauc_recall_at_100_std": 0.23337,
        "nauc_recall_at_100_diff1": 0.132399,
        "nauc_recall_at_1000_max": 0.033009,
        "nauc_recall_at_1000_std": 0.715138,
        "nauc_recall_at_1000_diff1": -0.246276,
        "nauc_precision_at_1_max": -0.059904,
        "nauc_precision_at_1_std": -0.079358,
        "nauc_precision_at_1_diff1": 0.170408,
        "nauc_precision_at_3_max": -0.037655,
        "nauc_precision_at_3_std": -0.055899,
        "nauc_precision_at_3_diff1": 0.111806,
        "nauc_precision_at_5_max": -0.034447,
        "nauc_precision_at_5_std": -0.067805,
        "nauc_precision_at_5_diff1": 0.09483,
        "nauc_precision_at_10_max": 0.04782,
        "nauc_precision_at_10_std": -0.032947,
        "nauc_precision_at_10_diff1": 0.110189,
        "nauc_precision_at_20_max": 0.142883,
        "nauc_precision_at_20_std": 0.091588,
        "nauc_precision_at_20_diff1": 0.117498,
        "nauc_precision_at_100_max": 0.221921,
        "nauc_precision_at_100_std": 0.23337,
        "nauc_precision_at_100_diff1": 0.132399,
        "nauc_precision_at_1000_max": 0.033009,
        "nauc_precision_at_1000_std": 0.715138,
        "nauc_precision_at_1000_diff1": -0.246276,
        "nauc_mrr_at_1_max": -0.065461,
        "nauc_mrr_at_1_std": -0.080278,
        "nauc_mrr_at_1_diff1": 0.159234,
        "nauc_mrr_at_3_max": -0.057113,
        "nauc_mrr_at_3_std": -0.071062,
        "nauc_mrr_at_3_diff1": 0.128269,
        "nauc_mrr_at_5_max": -0.054586,
        "nauc_mrr_at_5_std": -0.073044,
        "nauc_mrr_at_5_diff1": 0.12339,
        "nauc_mrr_at_10_max": -0.042779,
        "nauc_mrr_at_10_std": -0.068313,
        "nauc_mrr_at_10_diff1": 0.125146,
        "nauc_mrr_at_20_max": -0.038147,
        "nauc_mrr_at_20_std": -0.06076,
        "nauc_mrr_at_20_diff1": 0.126053,
        "nauc_mrr_at_100_max": -0.038781,
        "nauc_mrr_at_100_std": -0.060373,
        "nauc_mrr_at_100_diff1": 0.126514,
        "nauc_mrr_at_1000_max": -0.039246,
        "nauc_mrr_at_1000_std": -0.060541,
        "nauc_mrr_at_1000_diff1": 0.126418,
        "main_score": 0.33409,
        "hf_subset": "default",
        "languages": [
          "tur-Latn"
        ]
      }
    ]
  },
  "evaluation_time": 157.15223503112793,
  "kg_co2_emissions": null
}