{
  "dataset_revision": "main",
  "task_name": "CQADupstackGamingRetrievalTR",
  "mteb_version": "1.31.3",
  "scores": {
    "test": [
      {
        "ndcg_at_1": 0.16928,
        "ndcg_at_3": 0.20035,
        "ndcg_at_5": 0.21636,
        "ndcg_at_10": 0.23685,
        "ndcg_at_20": 0.25179,
        "ndcg_at_100": 0.27803,
        "ndcg_at_1000": 0.30698,
        "map_at_1": 0.14713,
        "map_at_3": 0.18454,
        "map_at_5": 0.19439,
        "map_at_10": 0.20317,
        "map_at_20": 0.20732,
        "map_at_100": 0.21107,
        "map_at_1000": 0.21206,
        "recall_at_1": 0.14713,
        "recall_at_3": 0.22298,
        "recall_at_5": 0.26254,
        "recall_at_10": 0.32258,
        "recall_at_20": 0.37876,
        "recall_at_100": 0.5121,
        "recall_at_1000": 0.73261,
        "precision_at_1": 0.16928,
        "precision_at_3": 0.08986,
        "precision_at_5": 0.0642,
        "precision_at_10": 0.04013,
        "precision_at_20": 0.02398,
        "precision_at_100": 0.00675,
        "precision_at_1000": 0.00101,
        "mrr_at_1": 0.169279,
        "mrr_at_3": 0.203657,
        "mrr_at_5": 0.213218,
        "mrr_at_10": 0.221793,
        "mrr_at_20": 0.226056,
        "mrr_at_100": 0.229348,
        "mrr_at_1000": 0.230135,
        "nauc_ndcg_at_1_max": 0.243096,
        "nauc_ndcg_at_1_std": -0.140046,
        "nauc_ndcg_at_1_diff1": 0.459298,
        "nauc_ndcg_at_3_max": 0.227984,
        "nauc_ndcg_at_3_std": -0.120216,
        "nauc_ndcg_at_3_diff1": 0.385931,
        "nauc_ndcg_at_5_max": 0.220732,
        "nauc_ndcg_at_5_std": -0.112356,
        "nauc_ndcg_at_5_diff1": 0.367915,
        "nauc_ndcg_at_10_max": 0.22146,
        "nauc_ndcg_at_10_std": -0.090287,
        "nauc_ndcg_at_10_diff1": 0.355161,
        "nauc_ndcg_at_20_max": 0.226592,
        "nauc_ndcg_at_20_std": -0.068895,
        "nauc_ndcg_at_20_diff1": 0.348457,
        "nauc_ndcg_at_100_max": 0.23432,
        "nauc_ndcg_at_100_std": -0.044037,
        "nauc_ndcg_at_100_diff1": 0.341496,
        "nauc_ndcg_at_1000_max": 0.245334,
        "nauc_ndcg_at_1000_std": -0.039309,
        "nauc_ndcg_at_1000_diff1": 0.337082,
        "nauc_map_at_1_max": 0.226534,
        "nauc_map_at_1_std": -0.159875,
        "nauc_map_at_1_diff1": 0.457307,
        "nauc_map_at_3_max": 0.226454,
        "nauc_map_at_3_std": -0.132196,
        "nauc_map_at_3_diff1": 0.404695,
        "nauc_map_at_5_max": 0.22176,
        "nauc_map_at_5_std": -0.126413,
        "nauc_map_at_5_diff1": 0.39225,
        "nauc_map_at_10_max": 0.221935,
        "nauc_map_at_10_std": -0.115358,
        "nauc_map_at_10_diff1": 0.385797,
        "nauc_map_at_20_max": 0.223721,
        "nauc_map_at_20_std": -0.108657,
        "nauc_map_at_20_diff1": 0.383548,
        "nauc_map_at_100_max": 0.224879,
        "nauc_map_at_100_std": -0.104267,
        "nauc_map_at_100_diff1": 0.382756,
        "nauc_map_at_1000_max": 0.225585,
        "nauc_map_at_1000_std": -0.103812,
        "nauc_map_at_1000_diff1": 0.382554,
        "nauc_recall_at_1_max": 0.226534,
        "nauc_recall_at_1_std": -0.159875,
        "nauc_recall_at_1_diff1": 0.457307,
        "nauc_recall_at_3_max": 0.213292,
        "nauc_recall_at_3_std": -0.110622,
        "nauc_recall_at_3_diff1": 0.338866,
        "nauc_recall_at_5_max": 0.202779,
        "nauc_recall_at_5_std": -0.091198,
        "nauc_recall_at_5_diff1": 0.30662,
        "nauc_recall_at_10_max": 0.203487,
        "nauc_recall_at_10_std": -0.038787,
        "nauc_recall_at_10_diff1": 0.272699,
        "nauc_recall_at_20_max": 0.218299,
        "nauc_recall_at_20_std": 0.026392,
        "nauc_recall_at_20_diff1": 0.255936,
        "nauc_recall_at_100_max": 0.241936,
        "nauc_recall_at_100_std": 0.132746,
        "nauc_recall_at_100_diff1": 0.214629,
        "nauc_recall_at_1000_max": 0.322709,
        "nauc_recall_at_1000_std": 0.234576,
        "nauc_recall_at_1000_diff1": 0.124147,
        "nauc_precision_at_1_max": 0.243096,
        "nauc_precision_at_1_std": -0.140046,
        "nauc_precision_at_1_diff1": 0.459298,
        "nauc_precision_at_3_max": 0.248958,
        "nauc_precision_at_3_std": -0.087115,
        "nauc_precision_at_3_diff1": 0.339136,
        "nauc_precision_at_5_max": 0.230884,
        "nauc_precision_at_5_std": -0.061738,
        "nauc_precision_at_5_diff1": 0.291407,
        "nauc_precision_at_10_max": 0.23546,
        "nauc_precision_at_10_std": 0.001584,
        "nauc_precision_at_10_diff1": 0.254425,
        "nauc_precision_at_20_max": 0.258444,
        "nauc_precision_at_20_std": 0.069033,
        "nauc_precision_at_20_diff1": 0.219896,
        "nauc_precision_at_100_max": 0.294346,
        "nauc_precision_at_100_std": 0.180389,
        "nauc_precision_at_100_diff1": 0.152196,
        "nauc_precision_at_1000_max": 0.318437,
        "nauc_precision_at_1000_std": 0.214245,
        "nauc_precision_at_1000_diff1": 0.046769,
        "nauc_mrr_at_1_max": 0.243096,
        "nauc_mrr_at_1_std": -0.140046,
        "nauc_mrr_at_1_diff1": 0.459298,
        "nauc_mrr_at_3_max": 0.234089,
        "nauc_mrr_at_3_std": -0.117037,
        "nauc_mrr_at_3_diff1": 0.398612,
        "nauc_mrr_at_5_max": 0.232028,
        "nauc_mrr_at_5_std": -0.110009,
        "nauc_mrr_at_5_diff1": 0.388783,
        "nauc_mrr_at_10_max": 0.23234,
        "nauc_mrr_at_10_std": -0.100182,
        "nauc_mrr_at_10_diff1": 0.383348,
        "nauc_mrr_at_20_max": 0.234388,
        "nauc_mrr_at_20_std": -0.093865,
        "nauc_mrr_at_20_diff1": 0.380901,
        "nauc_mrr_at_100_max": 0.235079,
        "nauc_mrr_at_100_std": -0.091045,
        "nauc_mrr_at_100_diff1": 0.380307,
        "nauc_mrr_at_1000_max": 0.23534,
        "nauc_mrr_at_1000_std": -0.090996,
        "nauc_mrr_at_1000_diff1": 0.380226,
        "main_score": 0.23685,
        "hf_subset": "default",
        "languages": [
          "tur-Latn"
        ]
      }
    ]
  },
  "evaluation_time": 418.3619201183319,
  "kg_co2_emissions": null
}