{
  "dataset_revision": "main",
  "task_name": "FiQA2018TR",
  "mteb_version": "1.31.3",
  "scores": {
    "test": [
      {
        "ndcg_at_1": 0.07407,
        "ndcg_at_3": 0.07669,
        "ndcg_at_5": 0.08043,
        "ndcg_at_10": 0.09332,
        "ndcg_at_20": 0.10638,
        "ndcg_at_100": 0.13848,
        "ndcg_at_1000": 0.18604,
        "map_at_1": 0.03461,
        "map_at_3": 0.05452,
        "map_at_5": 0.05892,
        "map_at_10": 0.06513,
        "map_at_20": 0.06891,
        "map_at_100": 0.07328,
        "map_at_1000": 0.07521,
        "recall_at_1": 0.03461,
        "recall_at_3": 0.07326,
        "recall_at_5": 0.09047,
        "recall_at_10": 0.12702,
        "recall_at_20": 0.1677,
        "recall_at_100": 0.30806,
        "recall_at_1000": 0.60924,
        "precision_at_1": 0.07407,
        "precision_at_3": 0.05504,
        "precision_at_5": 0.04136,
        "precision_at_10": 0.02932,
        "precision_at_20": 0.01975,
        "precision_at_100": 0.00748,
        "precision_at_1000": 0.00156,
        "mrr_at_1": 0.074074,
        "mrr_at_3": 0.099794,
        "mrr_at_5": 0.107896,
        "mrr_at_10": 0.116165,
        "mrr_at_20": 0.121,
        "mrr_at_100": 0.125331,
        "mrr_at_1000": 0.126543,
        "nauc_ndcg_at_1_max": -0.006124,
        "nauc_ndcg_at_1_std": 0.021304,
        "nauc_ndcg_at_1_diff1": 0.347227,
        "nauc_ndcg_at_3_max": -0.021343,
        "nauc_ndcg_at_3_std": -0.007403,
        "nauc_ndcg_at_3_diff1": 0.265459,
        "nauc_ndcg_at_5_max": -0.021895,
        "nauc_ndcg_at_5_std": -0.009018,
        "nauc_ndcg_at_5_diff1": 0.24241,
        "nauc_ndcg_at_10_max": -0.03706,
        "nauc_ndcg_at_10_std": 0.018615,
        "nauc_ndcg_at_10_diff1": 0.213915,
        "nauc_ndcg_at_20_max": -0.032946,
        "nauc_ndcg_at_20_std": 0.037756,
        "nauc_ndcg_at_20_diff1": 0.189908,
        "nauc_ndcg_at_100_max": -0.020177,
        "nauc_ndcg_at_100_std": 0.061265,
        "nauc_ndcg_at_100_diff1": 0.166188,
        "nauc_ndcg_at_1000_max": 0.009139,
        "nauc_ndcg_at_1000_std": 0.10102,
        "nauc_ndcg_at_1000_diff1": 0.169464,
        "nauc_map_at_1_max": -0.093085,
        "nauc_map_at_1_std": -0.115187,
        "nauc_map_at_1_diff1": 0.397418,
        "nauc_map_at_3_max": -0.05342,
        "nauc_map_at_3_std": -0.057949,
        "nauc_map_at_3_diff1": 0.302391,
        "nauc_map_at_5_max": -0.045255,
        "nauc_map_at_5_std": -0.046001,
        "nauc_map_at_5_diff1": 0.282672,
        "nauc_map_at_10_max": -0.049386,
        "nauc_map_at_10_std": -0.02334,
        "nauc_map_at_10_diff1": 0.265613,
        "nauc_map_at_20_max": -0.048372,
        "nauc_map_at_20_std": -0.013814,
        "nauc_map_at_20_diff1": 0.256066,
        "nauc_map_at_100_max": -0.04565,
        "nauc_map_at_100_std": -0.005206,
        "nauc_map_at_100_diff1": 0.249236,
        "nauc_map_at_1000_max": -0.043921,
        "nauc_map_at_1000_std": -0.000904,
        "nauc_map_at_1000_diff1": 0.248538,
        "nauc_recall_at_1_max": -0.093085,
        "nauc_recall_at_1_std": -0.115187,
        "nauc_recall_at_1_diff1": 0.397418,
        "nauc_recall_at_3_max": -0.037718,
        "nauc_recall_at_3_std": -0.030482,
        "nauc_recall_at_3_diff1": 0.234458,
        "nauc_recall_at_5_max": -0.030729,
        "nauc_recall_at_5_std": -0.001939,
        "nauc_recall_at_5_diff1": 0.190773,
        "nauc_recall_at_10_max": -0.048019,
        "nauc_recall_at_10_std": 0.060282,
        "nauc_recall_at_10_diff1": 0.130599,
        "nauc_recall_at_20_max": -0.039439,
        "nauc_recall_at_20_std": 0.09692,
        "nauc_recall_at_20_diff1": 0.087099,
        "nauc_recall_at_100_max": -0.017405,
        "nauc_recall_at_100_std": 0.130113,
        "nauc_recall_at_100_diff1": 0.037272,
        "nauc_recall_at_1000_max": 0.069239,
        "nauc_recall_at_1000_std": 0.262461,
        "nauc_recall_at_1000_diff1": 0.038012,
        "nauc_precision_at_1_max": -0.006124,
        "nauc_precision_at_1_std": 0.021304,
        "nauc_precision_at_1_diff1": 0.347227,
        "nauc_precision_at_3_max": 0.008487,
        "nauc_precision_at_3_std": 0.03829,
        "nauc_precision_at_3_diff1": 0.221833,
        "nauc_precision_at_5_max": 0.055713,
        "nauc_precision_at_5_std": 0.056587,
        "nauc_precision_at_5_diff1": 0.180581,
        "nauc_precision_at_10_max": 0.012345,
        "nauc_precision_at_10_std": 0.098895,
        "nauc_precision_at_10_diff1": 0.156552,
        "nauc_precision_at_20_max": 0.023512,
        "nauc_precision_at_20_std": 0.115796,
        "nauc_precision_at_20_diff1": 0.110891,
        "nauc_precision_at_100_max": 0.069445,
        "nauc_precision_at_100_std": 0.147503,
        "nauc_precision_at_100_diff1": 0.050197,
        "nauc_precision_at_1000_max": 0.161438,
        "nauc_precision_at_1000_std": 0.187275,
        "nauc_precision_at_1000_diff1": 0.028337,
        "nauc_mrr_at_1_max": -0.006124,
        "nauc_mrr_at_1_std": 0.021304,
        "nauc_mrr_at_1_diff1": 0.347227,
        "nauc_mrr_at_3_max": -0.00432,
        "nauc_mrr_at_3_std": 0.013588,
        "nauc_mrr_at_3_diff1": 0.266259,
        "nauc_mrr_at_5_max": 0.00829,
        "nauc_mrr_at_5_std": 0.019379,
        "nauc_mrr_at_5_diff1": 0.249929,
        "nauc_mrr_at_10_max": 0.002401,
        "nauc_mrr_at_10_std": 0.031016,
        "nauc_mrr_at_10_diff1": 0.233421,
        "nauc_mrr_at_20_max": 0.003923,
        "nauc_mrr_at_20_std": 0.0356,
        "nauc_mrr_at_20_diff1": 0.224108,
        "nauc_mrr_at_100_max": 0.00483,
        "nauc_mrr_at_100_std": 0.034644,
        "nauc_mrr_at_100_diff1": 0.224415,
        "nauc_mrr_at_1000_max": 0.005028,
        "nauc_mrr_at_1000_std": 0.035044,
        "nauc_mrr_at_1000_diff1": 0.224789,
        "main_score": 0.09332,
        "hf_subset": "default",
        "languages": [
          "tur-Latn"
        ]
      }
    ]
  },
  "evaluation_time": 808.3175926208496,
  "kg_co2_emissions": null
}