{
  "dataset_revision": "main",
  "task_name": "MSMarcoTRRetrieval",
  "mteb_version": "1.31.3",
  "scores": {
    "test": [
      {
        "ndcg_at_1": 0.39647,
        "ndcg_at_3": 0.43371,
        "ndcg_at_5": 0.44217,
        "ndcg_at_10": 0.45147,
        "ndcg_at_20": 0.45706,
        "ndcg_at_100": 0.46262,
        "ndcg_at_1000": 0.46604,
        "map_at_1": 0.39647,
        "map_at_3": 0.42468,
        "map_at_5": 0.42937,
        "map_at_10": 0.43327,
        "map_at_20": 0.43481,
        "map_at_100": 0.43562,
        "map_at_1000": 0.43574,
        "recall_at_1": 0.39647,
        "recall_at_3": 0.45976,
        "recall_at_5": 0.48037,
        "recall_at_10": 0.50883,
        "recall_at_20": 0.53091,
        "recall_at_100": 0.56035,
        "recall_at_1000": 0.58783,
        "precision_at_1": 0.39647,
        "precision_at_3": 0.15325,
        "precision_at_5": 0.09607,
        "precision_at_10": 0.05088,
        "precision_at_20": 0.02655,
        "precision_at_100": 0.0056,
        "precision_at_1000": 0.00059,
        "mrr_at_1": 0.396467,
        "mrr_at_3": 0.424681,
        "mrr_at_5": 0.429367,
        "mrr_at_10": 0.433269,
        "mrr_at_20": 0.434811,
        "mrr_at_100": 0.435615,
        "mrr_at_1000": 0.435736,
        "nauc_ndcg_at_1_max": 0.704852,
        "nauc_ndcg_at_1_std": 0.137947,
        "nauc_ndcg_at_1_diff1": 0.750801,
        "nauc_ndcg_at_3_max": 0.704637,
        "nauc_ndcg_at_3_std": 0.144135,
        "nauc_ndcg_at_3_diff1": 0.707698,
        "nauc_ndcg_at_5_max": 0.701225,
        "nauc_ndcg_at_5_std": 0.146965,
        "nauc_ndcg_at_5_diff1": 0.697573,
        "nauc_ndcg_at_10_max": 0.692772,
        "nauc_ndcg_at_10_std": 0.145677,
        "nauc_ndcg_at_10_diff1": 0.68623,
        "nauc_ndcg_at_20_max": 0.687851,
        "nauc_ndcg_at_20_std": 0.144086,
        "nauc_ndcg_at_20_diff1": 0.68323,
        "nauc_ndcg_at_100_max": 0.683094,
        "nauc_ndcg_at_100_std": 0.143637,
        "nauc_ndcg_at_100_diff1": 0.678428,
        "nauc_ndcg_at_1000_max": 0.678448,
        "nauc_ndcg_at_1000_std": 0.139541,
        "nauc_ndcg_at_1000_diff1": 0.676545,
        "nauc_map_at_1_max": 0.704852,
        "nauc_map_at_1_std": 0.137947,
        "nauc_map_at_1_diff1": 0.750801,
        "nauc_map_at_3_max": 0.705769,
        "nauc_map_at_3_std": 0.143504,
        "nauc_map_at_3_diff1": 0.718283,
        "nauc_map_at_5_max": 0.703967,
        "nauc_map_at_5_std": 0.145168,
        "nauc_map_at_5_diff1": 0.712705,
        "nauc_map_at_10_max": 0.700497,
        "nauc_map_at_10_std": 0.144548,
        "nauc_map_at_10_diff1": 0.707958,
        "nauc_map_at_20_max": 0.699152,
        "nauc_map_at_20_std": 0.144047,
        "nauc_map_at_20_diff1": 0.707118,
        "nauc_map_at_100_max": 0.69852,
        "nauc_map_at_100_std": 0.144082,
        "nauc_map_at_100_diff1": 0.70644,
        "nauc_map_at_1000_max": 0.698365,
        "nauc_map_at_1000_std": 0.143947,
        "nauc_map_at_1000_diff1": 0.706365,
        "nauc_recall_at_1_max": 0.704852,
        "nauc_recall_at_1_std": 0.137947,
        "nauc_recall_at_1_diff1": 0.750801,
        "nauc_recall_at_3_max": 0.700885,
        "nauc_recall_at_3_std": 0.145613,
        "nauc_recall_at_3_diff1": 0.67678,
        "nauc_recall_at_5_max": 0.692129,
        "nauc_recall_at_5_std": 0.152153,
        "nauc_recall_at_5_diff1": 0.651672,
        "nauc_recall_at_10_max": 0.665267,
        "nauc_recall_at_10_std": 0.148625,
        "nauc_recall_at_10_diff1": 0.615702,
        "nauc_recall_at_20_max": 0.644496,
        "nauc_recall_at_20_std": 0.142645,
        "nauc_recall_at_20_diff1": 0.602157,
        "nauc_recall_at_100_max": 0.615598,
        "nauc_recall_at_100_std": 0.138534,
        "nauc_recall_at_100_diff1": 0.572462,
        "nauc_recall_at_1000_max": 0.572537,
        "nauc_recall_at_1000_std": 0.102246,
        "nauc_recall_at_1000_diff1": 0.553356,
        "nauc_precision_at_1_max": 0.704852,
        "nauc_precision_at_1_std": 0.137947,
        "nauc_precision_at_1_diff1": 0.750801,
        "nauc_precision_at_3_max": 0.700885,
        "nauc_precision_at_3_std": 0.145613,
        "nauc_precision_at_3_diff1": 0.67678,
        "nauc_precision_at_5_max": 0.692129,
        "nauc_precision_at_5_std": 0.152153,
        "nauc_precision_at_5_diff1": 0.651672,
        "nauc_precision_at_10_max": 0.665267,
        "nauc_precision_at_10_std": 0.148625,
        "nauc_precision_at_10_diff1": 0.615702,
        "nauc_precision_at_20_max": 0.644496,
        "nauc_precision_at_20_std": 0.142645,
        "nauc_precision_at_20_diff1": 0.602157,
        "nauc_precision_at_100_max": 0.615598,
        "nauc_precision_at_100_std": 0.138534,
        "nauc_precision_at_100_diff1": 0.572462,
        "nauc_precision_at_1000_max": 0.572537,
        "nauc_precision_at_1000_std": 0.102246,
        "nauc_precision_at_1000_diff1": 0.553356,
        "nauc_mrr_at_1_max": 0.704852,
        "nauc_mrr_at_1_std": 0.137947,
        "nauc_mrr_at_1_diff1": 0.750801,
        "nauc_mrr_at_3_max": 0.705769,
        "nauc_mrr_at_3_std": 0.143504,
        "nauc_mrr_at_3_diff1": 0.718283,
        "nauc_mrr_at_5_max": 0.703967,
        "nauc_mrr_at_5_std": 0.145168,
        "nauc_mrr_at_5_diff1": 0.712705,
        "nauc_mrr_at_10_max": 0.700497,
        "nauc_mrr_at_10_std": 0.144548,
        "nauc_mrr_at_10_diff1": 0.707958,
        "nauc_mrr_at_20_max": 0.699152,
        "nauc_mrr_at_20_std": 0.144047,
        "nauc_mrr_at_20_diff1": 0.707118,
        "nauc_mrr_at_100_max": 0.69852,
        "nauc_mrr_at_100_std": 0.144082,
        "nauc_mrr_at_100_diff1": 0.70644,
        "nauc_mrr_at_1000_max": 0.698365,
        "nauc_mrr_at_1000_std": 0.143947,
        "nauc_mrr_at_1000_diff1": 0.706365,
        "main_score": 0.45147,
        "hf_subset": "default",
        "languages": [
          "tur-Latn"
        ]
      }
    ]
  },
  "evaluation_time": 10.613853931427002,
  "kg_co2_emissions": null
}