{
  "dataset_revision": "main",
  "task_name": "NFCorpusTR",
  "mteb_version": "1.31.3",
  "scores": {
    "test": [
      {
        "ndcg_at_1": 0.2322,
        "ndcg_at_3": 0.199,
        "ndcg_at_5": 0.19115,
        "ndcg_at_10": 0.17893,
        "ndcg_at_20": 0.1676,
        "ndcg_at_100": 0.17848,
        "ndcg_at_1000": 0.27587,
        "map_at_1": 0.02477,
        "map_at_3": 0.03667,
        "map_at_5": 0.04326,
        "map_at_10": 0.05276,
        "map_at_20": 0.05804,
        "map_at_100": 0.06767,
        "map_at_1000": 0.07902,
        "recall_at_1": 0.02477,
        "recall_at_3": 0.04233,
        "recall_at_5": 0.05813,
        "recall_at_10": 0.09247,
        "recall_at_20": 0.11494,
        "recall_at_100": 0.21254,
        "recall_at_1000": 0.54089,
        "precision_at_1": 0.24458,
        "precision_at_3": 0.18782,
        "precision_at_5": 0.1709,
        "precision_at_10": 0.13622,
        "precision_at_20": 0.10263,
        "precision_at_100": 0.05071,
        "precision_at_1000": 0.01813,
        "mrr_at_1": 0.247678,
        "mrr_at_3": 0.309598,
        "mrr_at_5": 0.328947,
        "mrr_at_10": 0.340735,
        "mrr_at_20": 0.345353,
        "mrr_at_100": 0.348962,
        "mrr_at_1000": 0.349513,
        "nauc_ndcg_at_1_max": 0.184589,
        "nauc_ndcg_at_1_std": 0.147245,
        "nauc_ndcg_at_1_diff1": 0.240651,
        "nauc_ndcg_at_3_max": 0.213591,
        "nauc_ndcg_at_3_std": 0.159457,
        "nauc_ndcg_at_3_diff1": 0.190691,
        "nauc_ndcg_at_5_max": 0.245242,
        "nauc_ndcg_at_5_std": 0.163463,
        "nauc_ndcg_at_5_diff1": 0.192654,
        "nauc_ndcg_at_10_max": 0.257852,
        "nauc_ndcg_at_10_std": 0.176036,
        "nauc_ndcg_at_10_diff1": 0.19209,
        "nauc_ndcg_at_20_max": 0.279005,
        "nauc_ndcg_at_20_std": 0.165456,
        "nauc_ndcg_at_20_diff1": 0.180512,
        "nauc_ndcg_at_100_max": 0.313984,
        "nauc_ndcg_at_100_std": 0.142492,
        "nauc_ndcg_at_100_diff1": 0.139833,
        "nauc_ndcg_at_1000_max": 0.353981,
        "nauc_ndcg_at_1000_std": 0.162079,
        "nauc_ndcg_at_1000_diff1": 0.12713,
        "nauc_map_at_1_max": 0.223981,
        "nauc_map_at_1_std": 0.028712,
        "nauc_map_at_1_diff1": 0.251292,
        "nauc_map_at_3_max": 0.221132,
        "nauc_map_at_3_std": -0.019709,
        "nauc_map_at_3_diff1": 0.231485,
        "nauc_map_at_5_max": 0.24594,
        "nauc_map_at_5_std": -0.011853,
        "nauc_map_at_5_diff1": 0.218939,
        "nauc_map_at_10_max": 0.265271,
        "nauc_map_at_10_std": 0.012057,
        "nauc_map_at_10_diff1": 0.20364,
        "nauc_map_at_20_max": 0.272671,
        "nauc_map_at_20_std": 0.027039,
        "nauc_map_at_20_diff1": 0.193443,
        "nauc_map_at_100_max": 0.272913,
        "nauc_map_at_100_std": 0.054168,
        "nauc_map_at_100_diff1": 0.177544,
        "nauc_map_at_1000_max": 0.27359,
        "nauc_map_at_1000_std": 0.087696,
        "nauc_map_at_1000_diff1": 0.180782,
        "nauc_recall_at_1_max": 0.223981,
        "nauc_recall_at_1_std": 0.028712,
        "nauc_recall_at_1_diff1": 0.251292,
        "nauc_recall_at_3_max": 0.202227,
        "nauc_recall_at_3_std": -0.041066,
        "nauc_recall_at_3_diff1": 0.172946,
        "nauc_recall_at_5_max": 0.257466,
        "nauc_recall_at_5_std": -0.013739,
        "nauc_recall_at_5_diff1": 0.16138,
        "nauc_recall_at_10_max": 0.253408,
        "nauc_recall_at_10_std": 0.038742,
        "nauc_recall_at_10_diff1": 0.138353,
        "nauc_recall_at_20_max": 0.267928,
        "nauc_recall_at_20_std": 0.051955,
        "nauc_recall_at_20_diff1": 0.112905,
        "nauc_recall_at_100_max": 0.208048,
        "nauc_recall_at_100_std": 0.087503,
        "nauc_recall_at_100_diff1": -0.000118,
        "nauc_recall_at_1000_max": 0.199395,
        "nauc_recall_at_1000_std": 0.174457,
        "nauc_recall_at_1000_diff1": -0.045779,
        "nauc_precision_at_1_max": 0.213955,
        "nauc_precision_at_1_std": 0.142422,
        "nauc_precision_at_1_diff1": 0.231835,
        "nauc_precision_at_3_max": 0.228108,
        "nauc_precision_at_3_std": 0.156768,
        "nauc_precision_at_3_diff1": 0.126824,
        "nauc_precision_at_5_max": 0.256067,
        "nauc_precision_at_5_std": 0.166635,
        "nauc_precision_at_5_diff1": 0.120489,
        "nauc_precision_at_10_max": 0.214089,
        "nauc_precision_at_10_std": 0.224598,
        "nauc_precision_at_10_diff1": 0.105525,
        "nauc_precision_at_20_max": 0.201627,
        "nauc_precision_at_20_std": 0.236891,
        "nauc_precision_at_20_diff1": 0.090964,
        "nauc_precision_at_100_max": 0.1217,
        "nauc_precision_at_100_std": 0.281912,
        "nauc_precision_at_100_diff1": 0.09837,
        "nauc_precision_at_1000_max": 0.016476,
        "nauc_precision_at_1000_std": 0.265352,
        "nauc_precision_at_1000_diff1": 0.137078,
        "nauc_mrr_at_1_max": 0.224021,
        "nauc_mrr_at_1_std": 0.134565,
        "nauc_mrr_at_1_diff1": 0.220764,
        "nauc_mrr_at_3_max": 0.23315,
        "nauc_mrr_at_3_std": 0.142901,
        "nauc_mrr_at_3_diff1": 0.154842,
        "nauc_mrr_at_5_max": 0.261639,
        "nauc_mrr_at_5_std": 0.139981,
        "nauc_mrr_at_5_diff1": 0.1567,
        "nauc_mrr_at_10_max": 0.263256,
        "nauc_mrr_at_10_std": 0.141515,
        "nauc_mrr_at_10_diff1": 0.158588,
        "nauc_mrr_at_20_max": 0.267326,
        "nauc_mrr_at_20_std": 0.140236,
        "nauc_mrr_at_20_diff1": 0.158338,
        "nauc_mrr_at_100_max": 0.267016,
        "nauc_mrr_at_100_std": 0.140138,
        "nauc_mrr_at_100_diff1": 0.158027,
        "nauc_mrr_at_1000_max": 0.266738,
        "nauc_mrr_at_1000_std": 0.140097,
        "nauc_mrr_at_1000_diff1": 0.158141,
        "main_score": 0.17893,
        "hf_subset": "default",
        "languages": [
          "tur-Latn"
        ]
      }
    ]
  },
  "evaluation_time": 111.02232813835144,
  "kg_co2_emissions": null
}