{
  "dataset_revision": "main",
  "task_name": "QuoraRetrievalTR",
  "mteb_version": "1.31.3",
  "scores": {
    "test": [
      {
        "ndcg_at_1": 0.6054,
        "ndcg_at_3": 0.65217,
        "ndcg_at_5": 0.67273,
        "ndcg_at_10": 0.69277,
        "ndcg_at_20": 0.70673,
        "ndcg_at_100": 0.72326,
        "ndcg_at_1000": 0.73137,
        "map_at_1": 0.52225,
        "map_at_3": 0.61195,
        "map_at_5": 0.62967,
        "map_at_10": 0.64189,
        "map_at_20": 0.64756,
        "map_at_100": 0.65121,
        "map_at_1000": 0.65171,
        "recall_at_1": 0.52225,
        "recall_at_3": 0.68064,
        "recall_at_5": 0.73626,
        "recall_at_10": 0.79595,
        "recall_at_20": 0.8446,
        "recall_at_100": 0.91869,
        "recall_at_1000": 0.97219,
        "precision_at_1": 0.6054,
        "precision_at_3": 0.28643,
        "precision_at_5": 0.19204,
        "precision_at_10": 0.10811,
        "precision_at_20": 0.05947,
        "precision_at_100": 0.01372,
        "precision_at_1000": 0.00151,
        "mrr_at_1": 0.6051,
        "mrr_at_3": 0.667717,
        "mrr_at_5": 0.678952,
        "mrr_at_10": 0.685621,
        "mrr_at_20": 0.688392,
        "mrr_at_100": 0.689882,
        "mrr_at_1000": 0.690063,
        "nauc_ndcg_at_1_max": 0.375015,
        "nauc_ndcg_at_1_std": -0.059832,
        "nauc_ndcg_at_1_diff1": 0.66508,
        "nauc_ndcg_at_3_max": 0.359674,
        "nauc_ndcg_at_3_std": -0.067137,
        "nauc_ndcg_at_3_diff1": 0.627211,
        "nauc_ndcg_at_5_max": 0.359257,
        "nauc_ndcg_at_5_std": -0.058957,
        "nauc_ndcg_at_5_diff1": 0.621724,
        "nauc_ndcg_at_10_max": 0.365006,
        "nauc_ndcg_at_10_std": -0.047679,
        "nauc_ndcg_at_10_diff1": 0.621698,
        "nauc_ndcg_at_20_max": 0.371017,
        "nauc_ndcg_at_20_std": -0.038935,
        "nauc_ndcg_at_20_diff1": 0.619851,
        "nauc_ndcg_at_100_max": 0.380533,
        "nauc_ndcg_at_100_std": -0.027993,
        "nauc_ndcg_at_100_diff1": 0.62078,
        "nauc_ndcg_at_1000_max": 0.380196,
        "nauc_ndcg_at_1000_std": -0.030559,
        "nauc_ndcg_at_1000_diff1": 0.621958,
        "nauc_map_at_1_max": 0.29189,
        "nauc_map_at_1_std": -0.110304,
        "nauc_map_at_1_diff1": 0.677818,
        "nauc_map_at_3_max": 0.332262,
        "nauc_map_at_3_std": -0.092525,
        "nauc_map_at_3_diff1": 0.643203,
        "nauc_map_at_5_max": 0.340069,
        "nauc_map_at_5_std": -0.082459,
        "nauc_map_at_5_diff1": 0.637035,
        "nauc_map_at_10_max": 0.347049,
        "nauc_map_at_10_std": -0.073233,
        "nauc_map_at_10_diff1": 0.634923,
        "nauc_map_at_20_max": 0.350931,
        "nauc_map_at_20_std": -0.06816,
        "nauc_map_at_20_diff1": 0.633501,
        "nauc_map_at_100_max": 0.353779,
        "nauc_map_at_100_std": -0.064253,
        "nauc_map_at_100_diff1": 0.632938,
        "nauc_map_at_1000_max": 0.353965,
        "nauc_map_at_1000_std": -0.064018,
        "nauc_map_at_1000_diff1": 0.632931,
        "nauc_recall_at_1_max": 0.29189,
        "nauc_recall_at_1_std": -0.110304,
        "nauc_recall_at_1_diff1": 0.677818,
        "nauc_recall_at_3_max": 0.321188,
        "nauc_recall_at_3_std": -0.085125,
        "nauc_recall_at_3_diff1": 0.593128,
        "nauc_recall_at_5_max": 0.326365,
        "nauc_recall_at_5_std": -0.056752,
        "nauc_recall_at_5_diff1": 0.56269,
        "nauc_recall_at_10_max": 0.342182,
        "nauc_recall_at_10_std": -0.010012,
        "nauc_recall_at_10_diff1": 0.544632,
        "nauc_recall_at_20_max": 0.363876,
        "nauc_recall_at_20_std": 0.045915,
        "nauc_recall_at_20_diff1": 0.516256,
        "nauc_recall_at_100_max": 0.454786,
        "nauc_recall_at_100_std": 0.20898,
        "nauc_recall_at_100_diff1": 0.485437,
        "nauc_recall_at_1000_max": 0.542801,
        "nauc_recall_at_1000_std": 0.403298,
        "nauc_recall_at_1000_diff1": 0.40726,
        "nauc_precision_at_1_max": 0.375015,
        "nauc_precision_at_1_std": -0.059832,
        "nauc_precision_at_1_diff1": 0.66508,
        "nauc_precision_at_3_max": 0.297207,
        "nauc_precision_at_3_std": 0.048167,
        "nauc_precision_at_3_diff1": 0.224645,
        "nauc_precision_at_5_max": 0.262673,
        "nauc_precision_at_5_std": 0.105046,
        "nauc_precision_at_5_diff1": 0.092269,
        "nauc_precision_at_10_max": 0.222697,
        "nauc_precision_at_10_std": 0.164333,
        "nauc_precision_at_10_diff1": -0.033899,
        "nauc_precision_at_20_max": 0.190746,
        "nauc_precision_at_20_std": 0.210804,
        "nauc_precision_at_20_diff1": -0.126282,
        "nauc_precision_at_100_max": 0.144262,
        "nauc_precision_at_100_std": 0.254153,
        "nauc_precision_at_100_diff1": -0.233291,
        "nauc_precision_at_1000_max": 0.095938,
        "nauc_precision_at_1000_std": 0.243879,
        "nauc_precision_at_1000_diff1": -0.290186,
        "nauc_mrr_at_1_max": 0.373207,
        "nauc_mrr_at_1_std": -0.062431,
        "nauc_mrr_at_1_diff1": 0.665688,
        "nauc_mrr_at_3_max": 0.391315,
        "nauc_mrr_at_3_std": -0.044,
        "nauc_mrr_at_3_diff1": 0.639424,
        "nauc_mrr_at_5_max": 0.391868,
        "nauc_mrr_at_5_std": -0.039484,
        "nauc_mrr_at_5_diff1": 0.63656,
        "nauc_mrr_at_10_max": 0.392354,
        "nauc_mrr_at_10_std": -0.036368,
        "nauc_mrr_at_10_diff1": 0.637095,
        "nauc_mrr_at_20_max": 0.392536,
        "nauc_mrr_at_20_std": -0.035731,
        "nauc_mrr_at_20_diff1": 0.636941,
        "nauc_mrr_at_100_max": 0.392627,
        "nauc_mrr_at_100_std": -0.035722,
        "nauc_mrr_at_100_diff1": 0.637408,
        "nauc_mrr_at_1000_max": 0.392591,
        "nauc_mrr_at_1000_std": -0.035846,
        "nauc_mrr_at_1000_diff1": 0.637485,
        "main_score": 0.69277,
        "hf_subset": "default",
        "languages": [
          "tur-Latn"
        ]
      }
    ]
  },
  "evaluation_time": 898.808443069458,
  "kg_co2_emissions": null
}