{
  "dataset_revision": "main",
  "task_name": "SCIDOCSTR",
  "mteb_version": "1.31.3",
  "scores": {
    "test": [
      {
        "ndcg_at_1": 0.082,
        "ndcg_at_3": 0.06232,
        "ndcg_at_5": 0.0531,
        "ndcg_at_10": 0.06544,
        "ndcg_at_20": 0.07647,
        "ndcg_at_100": 0.1045,
        "ndcg_at_1000": 0.15386,
        "map_at_1": 0.01688,
        "map_at_3": 0.02689,
        "map_at_5": 0.03028,
        "map_at_10": 0.03449,
        "map_at_20": 0.03718,
        "map_at_100": 0.04116,
        "map_at_1000": 0.04312,
        "recall_at_1": 0.01688,
        "recall_at_3": 0.03482,
        "recall_at_5": 0.04542,
        "recall_at_10": 0.06827,
        "recall_at_20": 0.09443,
        "recall_at_100": 0.18777,
        "recall_at_1000": 0.43237,
        "precision_at_1": 0.082,
        "precision_at_3": 0.05667,
        "precision_at_5": 0.0444,
        "precision_at_10": 0.0334,
        "precision_at_20": 0.02305,
        "precision_at_100": 0.0092,
        "precision_at_1000": 0.00212,
        "mrr_at_1": 0.082,
        "mrr_at_3": 0.109833,
        "mrr_at_5": 0.118233,
        "mrr_at_10": 0.127747,
        "mrr_at_20": 0.133212,
        "mrr_at_100": 0.137208,
        "mrr_at_1000": 0.138578,
        "nauc_ndcg_at_1_max": 0.127085,
        "nauc_ndcg_at_1_std": 0.13183,
        "nauc_ndcg_at_1_diff1": 0.198433,
        "nauc_ndcg_at_3_max": 0.124942,
        "nauc_ndcg_at_3_std": 0.13374,
        "nauc_ndcg_at_3_diff1": 0.156428,
        "nauc_ndcg_at_5_max": 0.11433,
        "nauc_ndcg_at_5_std": 0.157592,
        "nauc_ndcg_at_5_diff1": 0.14182,
        "nauc_ndcg_at_10_max": 0.113774,
        "nauc_ndcg_at_10_std": 0.185482,
        "nauc_ndcg_at_10_diff1": 0.144575,
        "nauc_ndcg_at_20_max": 0.128321,
        "nauc_ndcg_at_20_std": 0.214921,
        "nauc_ndcg_at_20_diff1": 0.154612,
        "nauc_ndcg_at_100_max": 0.148993,
        "nauc_ndcg_at_100_std": 0.283058,
        "nauc_ndcg_at_100_diff1": 0.155622,
        "nauc_ndcg_at_1000_max": 0.171901,
        "nauc_ndcg_at_1000_std": 0.302146,
        "nauc_ndcg_at_1000_diff1": 0.126125,
        "nauc_map_at_1_max": 0.124361,
        "nauc_map_at_1_std": 0.126427,
        "nauc_map_at_1_diff1": 0.19696,
        "nauc_map_at_3_max": 0.123058,
        "nauc_map_at_3_std": 0.120916,
        "nauc_map_at_3_diff1": 0.153681,
        "nauc_map_at_5_max": 0.121162,
        "nauc_map_at_5_std": 0.135344,
        "nauc_map_at_5_diff1": 0.14442,
        "nauc_map_at_10_max": 0.117876,
        "nauc_map_at_10_std": 0.154356,
        "nauc_map_at_10_diff1": 0.142206,
        "nauc_map_at_20_max": 0.126813,
        "nauc_map_at_20_std": 0.17091,
        "nauc_map_at_20_diff1": 0.151341,
        "nauc_map_at_100_max": 0.134905,
        "nauc_map_at_100_std": 0.198193,
        "nauc_map_at_100_diff1": 0.155816,
        "nauc_map_at_1000_max": 0.138594,
        "nauc_map_at_1000_std": 0.204181,
        "nauc_map_at_1000_diff1": 0.152278,
        "nauc_recall_at_1_max": 0.124361,
        "nauc_recall_at_1_std": 0.126427,
        "nauc_recall_at_1_diff1": 0.19696,
        "nauc_recall_at_3_max": 0.131164,
        "nauc_recall_at_3_std": 0.138324,
        "nauc_recall_at_3_diff1": 0.138068,
        "nauc_recall_at_5_max": 0.108116,
        "nauc_recall_at_5_std": 0.181882,
        "nauc_recall_at_5_diff1": 0.11697,
        "nauc_recall_at_10_max": 0.105375,
        "nauc_recall_at_10_std": 0.226732,
        "nauc_recall_at_10_diff1": 0.127113,
        "nauc_recall_at_20_max": 0.133541,
        "nauc_recall_at_20_std": 0.275214,
        "nauc_recall_at_20_diff1": 0.144528,
        "nauc_recall_at_100_max": 0.162428,
        "nauc_recall_at_100_std": 0.380391,
        "nauc_recall_at_100_diff1": 0.135236,
        "nauc_recall_at_1000_max": 0.201565,
        "nauc_recall_at_1000_std": 0.36917,
        "nauc_recall_at_1000_diff1": 0.050018,
        "nauc_precision_at_1_max": 0.127085,
        "nauc_precision_at_1_std": 0.13183,
        "nauc_precision_at_1_diff1": 0.198433,
        "nauc_precision_at_3_max": 0.127664,
        "nauc_precision_at_3_std": 0.136909,
        "nauc_precision_at_3_diff1": 0.139159,
        "nauc_precision_at_5_max": 0.106041,
        "nauc_precision_at_5_std": 0.177454,
        "nauc_precision_at_5_diff1": 0.117882,
        "nauc_precision_at_10_max": 0.103359,
        "nauc_precision_at_10_std": 0.223385,
        "nauc_precision_at_10_diff1": 0.123567,
        "nauc_precision_at_20_max": 0.131088,
        "nauc_precision_at_20_std": 0.26811,
        "nauc_precision_at_20_diff1": 0.142034,
        "nauc_precision_at_100_max": 0.161912,
        "nauc_precision_at_100_std": 0.374917,
        "nauc_precision_at_100_diff1": 0.132582,
        "nauc_precision_at_1000_max": 0.194873,
        "nauc_precision_at_1000_std": 0.364455,
        "nauc_precision_at_1000_diff1": 0.051449,
        "nauc_mrr_at_1_max": 0.127085,
        "nauc_mrr_at_1_std": 0.13183,
        "nauc_mrr_at_1_diff1": 0.198433,
        "nauc_mrr_at_3_max": 0.126363,
        "nauc_mrr_at_3_std": 0.140915,
        "nauc_mrr_at_3_diff1": 0.173158,
        "nauc_mrr_at_5_max": 0.114495,
        "nauc_mrr_at_5_std": 0.155272,
        "nauc_mrr_at_5_diff1": 0.163256,
        "nauc_mrr_at_10_max": 0.118552,
        "nauc_mrr_at_10_std": 0.164135,
        "nauc_mrr_at_10_diff1": 0.16902,
        "nauc_mrr_at_20_max": 0.120444,
        "nauc_mrr_at_20_std": 0.170087,
        "nauc_mrr_at_20_diff1": 0.168372,
        "nauc_mrr_at_100_max": 0.122187,
        "nauc_mrr_at_100_std": 0.173939,
        "nauc_mrr_at_100_diff1": 0.167584,
        "nauc_mrr_at_1000_max": 0.1223,
        "nauc_mrr_at_1000_std": 0.173423,
        "nauc_mrr_at_1000_diff1": 0.167285,
        "main_score": 0.06544,
        "hf_subset": "default",
        "languages": [
          "tur-Latn"
        ]
      }
    ]
  },
  "evaluation_time": 523.272655248642,
  "kg_co2_emissions": null
}