{
  "dataset_revision": "main",
  "task_name": "SquadTRRetrieval",
  "mteb_version": "1.31.3",
  "scores": {
    "test": [
      {
        "ndcg_at_1": 0.26064,
        "ndcg_at_3": 0.35337,
        "ndcg_at_5": 0.38559,
        "ndcg_at_10": 0.42145,
        "ndcg_at_20": 0.44762,
        "ndcg_at_100": 0.482,
        "ndcg_at_1000": 0.4951,
        "map_at_1": 0.26064,
        "map_at_3": 0.33042,
        "map_at_5": 0.34832,
        "map_at_10": 0.36314,
        "map_at_20": 0.37036,
        "map_at_100": 0.37527,
        "map_at_1000": 0.37576,
        "recall_at_1": 0.26064,
        "recall_at_3": 0.41985,
        "recall_at_5": 0.49801,
        "recall_at_10": 0.60873,
        "recall_at_20": 0.71198,
        "recall_at_100": 0.89507,
        "recall_at_1000": 0.99795,
        "precision_at_1": 0.26064,
        "precision_at_3": 0.13995,
        "precision_at_5": 0.0996,
        "precision_at_10": 0.06087,
        "precision_at_20": 0.0356,
        "precision_at_100": 0.00895,
        "precision_at_1000": 0.001,
        "mrr_at_1": 0.260644,
        "mrr_at_3": 0.330419,
        "mrr_at_5": 0.348317,
        "mrr_at_10": 0.363143,
        "mrr_at_20": 0.370362,
        "mrr_at_100": 0.375265,
        "mrr_at_1000": 0.375761,
        "nauc_ndcg_at_1_max": 0.231234,
        "nauc_ndcg_at_1_std": 0.009407,
        "nauc_ndcg_at_1_diff1": 0.454743,
        "nauc_ndcg_at_3_max": 0.259812,
        "nauc_ndcg_at_3_std": 0.029695,
        "nauc_ndcg_at_3_diff1": 0.379866,
        "nauc_ndcg_at_5_max": 0.270004,
        "nauc_ndcg_at_5_std": 0.041058,
        "nauc_ndcg_at_5_diff1": 0.364238,
        "nauc_ndcg_at_10_max": 0.291424,
        "nauc_ndcg_at_10_std": 0.062947,
        "nauc_ndcg_at_10_diff1": 0.358761,
        "nauc_ndcg_at_20_max": 0.302032,
        "nauc_ndcg_at_20_std": 0.073186,
        "nauc_ndcg_at_20_diff1": 0.363025,
        "nauc_ndcg_at_100_max": 0.302318,
        "nauc_ndcg_at_100_std": 0.078556,
        "nauc_ndcg_at_100_diff1": 0.370143,
        "nauc_ndcg_at_1000_max": 0.287345,
        "nauc_ndcg_at_1000_std": 0.060886,
        "nauc_ndcg_at_1000_diff1": 0.376318,
        "nauc_map_at_1_max": 0.231234,
        "nauc_map_at_1_std": 0.009407,
        "nauc_map_at_1_diff1": 0.454743,
        "nauc_map_at_3_max": 0.252556,
        "nauc_map_at_3_std": 0.024252,
        "nauc_map_at_3_diff1": 0.396644,
        "nauc_map_at_5_max": 0.258326,
        "nauc_map_at_5_std": 0.030686,
        "nauc_map_at_5_diff1": 0.387922,
        "nauc_map_at_10_max": 0.267148,
        "nauc_map_at_10_std": 0.039577,
        "nauc_map_at_10_diff1": 0.386088,
        "nauc_map_at_20_max": 0.269758,
        "nauc_map_at_20_std": 0.042027,
        "nauc_map_at_20_diff1": 0.387702,
        "nauc_map_at_100_max": 0.270177,
        "nauc_map_at_100_std": 0.043033,
        "nauc_map_at_100_diff1": 0.388767,
        "nauc_map_at_1000_max": 0.269687,
        "nauc_map_at_1000_std": 0.042472,
        "nauc_map_at_1000_diff1": 0.388996,
        "nauc_recall_at_1_max": 0.231234,
        "nauc_recall_at_1_std": 0.009407,
        "nauc_recall_at_1_diff1": 0.454743,
        "nauc_recall_at_3_max": 0.279921,
        "nauc_recall_at_3_std": 0.044884,
        "nauc_recall_at_3_diff1": 0.334157,
        "nauc_recall_at_5_max": 0.304184,
        "nauc_recall_at_5_std": 0.071802,
        "nauc_recall_at_5_diff1": 0.296186,
        "nauc_recall_at_10_max": 0.377428,
        "nauc_recall_at_10_std": 0.146932,
        "nauc_recall_at_10_diff1": 0.269156,
        "nauc_recall_at_20_max": 0.449067,
        "nauc_recall_at_20_std": 0.216991,
        "nauc_recall_at_20_diff1": 0.267606,
        "nauc_recall_at_100_max": 0.625951,
        "nauc_recall_at_100_std": 0.466352,
        "nauc_recall_at_100_diff1": 0.243115,
        "nauc_recall_at_1000_max": 0.760723,
        "nauc_recall_at_1000_std": 0.782145,
        "nauc_recall_at_1000_diff1": 0.339419,
        "nauc_precision_at_1_max": 0.231234,
        "nauc_precision_at_1_std": 0.009407,
        "nauc_precision_at_1_diff1": 0.454743,
        "nauc_precision_at_3_max": 0.279921,
        "nauc_precision_at_3_std": 0.044884,
        "nauc_precision_at_3_diff1": 0.334157,
        "nauc_precision_at_5_max": 0.304184,
        "nauc_precision_at_5_std": 0.071802,
        "nauc_precision_at_5_diff1": 0.296186,
        "nauc_precision_at_10_max": 0.377428,
        "nauc_precision_at_10_std": 0.146932,
        "nauc_precision_at_10_diff1": 0.269156,
        "nauc_precision_at_20_max": 0.449067,
        "nauc_precision_at_20_std": 0.216991,
        "nauc_precision_at_20_diff1": 0.267606,
        "nauc_precision_at_100_max": 0.625951,
        "nauc_precision_at_100_std": 0.466352,
        "nauc_precision_at_100_diff1": 0.243115,
        "nauc_precision_at_1000_max": 0.760723,
        "nauc_precision_at_1000_std": 0.782145,
        "nauc_precision_at_1000_diff1": 0.339419,
        "nauc_mrr_at_1_max": 0.231234,
        "nauc_mrr_at_1_std": 0.009407,
        "nauc_mrr_at_1_diff1": 0.454743,
        "nauc_mrr_at_3_max": 0.252556,
        "nauc_mrr_at_3_std": 0.024252,
        "nauc_mrr_at_3_diff1": 0.396644,
        "nauc_mrr_at_5_max": 0.258326,
        "nauc_mrr_at_5_std": 0.030686,
        "nauc_mrr_at_5_diff1": 0.387922,
        "nauc_mrr_at_10_max": 0.267148,
        "nauc_mrr_at_10_std": 0.039577,
        "nauc_mrr_at_10_diff1": 0.386088,
        "nauc_mrr_at_20_max": 0.269758,
        "nauc_mrr_at_20_std": 0.042027,
        "nauc_mrr_at_20_diff1": 0.387702,
        "nauc_mrr_at_100_max": 0.270177,
        "nauc_mrr_at_100_std": 0.043033,
        "nauc_mrr_at_100_diff1": 0.388767,
        "nauc_mrr_at_1000_max": 0.269687,
        "nauc_mrr_at_1000_std": 0.042472,
        "nauc_mrr_at_1000_diff1": 0.388996,
        "main_score": 0.42145,
        "hf_subset": "default",
        "languages": [
          "tur-Latn"
        ]
      }
    ]
  },
  "evaluation_time": 36.30669617652893,
  "kg_co2_emissions": null
}