{
  "dataset_revision": "main",
  "task_name": "TQuadRetrieval",
  "mteb_version": "1.31.3",
  "scores": {
    "test": [
      {
        "ndcg_at_1": 0.51233,
        "ndcg_at_3": 0.63565,
        "ndcg_at_5": 0.67169,
        "ndcg_at_10": 0.70861,
        "ndcg_at_20": 0.71858,
        "ndcg_at_100": 0.72456,
        "ndcg_at_1000": 0.72534,
        "map_at_1": 0.51233,
        "map_at_3": 0.60575,
        "map_at_5": 0.62577,
        "map_at_10": 0.64097,
        "map_at_20": 0.64389,
        "map_at_100": 0.6447,
        "map_at_1000": 0.64474,
        "recall_at_1": 0.51233,
        "recall_at_3": 0.72197,
        "recall_at_5": 0.80942,
        "recall_at_10": 0.92377,
        "recall_at_20": 0.96188,
        "recall_at_100": 0.99439,
        "recall_at_1000": 1.0,
        "precision_at_1": 0.51233,
        "precision_at_3": 0.24066,
        "precision_at_5": 0.16188,
        "precision_at_10": 0.09238,
        "precision_at_20": 0.04809,
        "precision_at_100": 0.00994,
        "precision_at_1000": 0.001,
        "mrr_at_1": 0.512332,
        "mrr_at_3": 0.605755,
        "mrr_at_5": 0.625822,
        "mrr_at_10": 0.641022,
        "mrr_at_20": 0.643942,
        "mrr_at_100": 0.644752,
        "mrr_at_1000": 0.644792,
        "nauc_ndcg_at_1_max": 0.115874,
        "nauc_ndcg_at_1_std": -0.260323,
        "nauc_ndcg_at_1_diff1": 0.627222,
        "nauc_ndcg_at_3_max": 0.120917,
        "nauc_ndcg_at_3_std": -0.322367,
        "nauc_ndcg_at_3_diff1": 0.58862,
        "nauc_ndcg_at_5_max": 0.131326,
        "nauc_ndcg_at_5_std": -0.30648,
        "nauc_ndcg_at_5_diff1": 0.580455,
        "nauc_ndcg_at_10_max": 0.167468,
        "nauc_ndcg_at_10_std": -0.291235,
        "nauc_ndcg_at_10_diff1": 0.587822,
        "nauc_ndcg_at_20_max": 0.161148,
        "nauc_ndcg_at_20_std": -0.288989,
        "nauc_ndcg_at_20_diff1": 0.59628,
        "nauc_ndcg_at_100_max": 0.142473,
        "nauc_ndcg_at_100_std": -0.291309,
        "nauc_ndcg_at_100_diff1": 0.598609,
        "nauc_ndcg_at_1000_max": 0.140375,
        "nauc_ndcg_at_1000_std": -0.293477,
        "nauc_ndcg_at_1000_diff1": 0.598897,
        "nauc_map_at_1_max": 0.115874,
        "nauc_map_at_1_std": -0.260323,
        "nauc_map_at_1_diff1": 0.627222,
        "nauc_map_at_3_max": 0.119519,
        "nauc_map_at_3_std": -0.305663,
        "nauc_map_at_3_diff1": 0.600426,
        "nauc_map_at_5_max": 0.12437,
        "nauc_map_at_5_std": -0.29671,
        "nauc_map_at_5_diff1": 0.59688,
        "nauc_map_at_10_max": 0.135905,
        "nauc_map_at_10_std": -0.291574,
        "nauc_map_at_10_diff1": 0.600443,
        "nauc_map_at_20_max": 0.134152,
        "nauc_map_at_20_std": -0.291645,
        "nauc_map_at_20_diff1": 0.602691,
        "nauc_map_at_100_max": 0.132081,
        "nauc_map_at_100_std": -0.29197,
        "nauc_map_at_100_diff1": 0.60293,
        "nauc_map_at_1000_max": 0.132,
        "nauc_map_at_1000_std": -0.292049,
        "nauc_map_at_1000_diff1": 0.602933,
        "nauc_recall_at_1_max": 0.115874,
        "nauc_recall_at_1_std": -0.260323,
        "nauc_recall_at_1_diff1": 0.627222,
        "nauc_recall_at_3_max": 0.125921,
        "nauc_recall_at_3_std": -0.381896,
        "nauc_recall_at_3_diff1": 0.545802,
        "nauc_recall_at_5_max": 0.166591,
        "nauc_recall_at_5_std": -0.347935,
        "nauc_recall_at_5_diff1": 0.501804,
        "nauc_recall_at_10_max": 0.556637,
        "nauc_recall_at_10_std": -0.252538,
        "nauc_recall_at_10_diff1": 0.459772,
        "nauc_recall_at_20_max": 0.804712,
        "nauc_recall_at_20_std": -0.133748,
        "nauc_recall_at_20_diff1": 0.509319,
        "nauc_recall_at_100_max": 0.713478,
        "nauc_recall_at_100_std": 0.303927,
        "nauc_recall_at_100_diff1": 0.505368,
        "nauc_recall_at_1000_max": NaN,
        "nauc_recall_at_1000_std": NaN,
        "nauc_recall_at_1000_diff1": NaN,
        "nauc_precision_at_1_max": 0.115874,
        "nauc_precision_at_1_std": -0.260323,
        "nauc_precision_at_1_diff1": 0.627222,
        "nauc_precision_at_3_max": 0.125921,
        "nauc_precision_at_3_std": -0.381896,
        "nauc_precision_at_3_diff1": 0.545802,
        "nauc_precision_at_5_max": 0.166591,
        "nauc_precision_at_5_std": -0.347935,
        "nauc_precision_at_5_diff1": 0.501804,
        "nauc_precision_at_10_max": 0.556637,
        "nauc_precision_at_10_std": -0.252538,
        "nauc_precision_at_10_diff1": 0.459772,
        "nauc_precision_at_20_max": 0.804712,
        "nauc_precision_at_20_std": -0.133748,
        "nauc_precision_at_20_diff1": 0.509319,
        "nauc_precision_at_100_max": 0.713478,
        "nauc_precision_at_100_std": 0.303927,
        "nauc_precision_at_100_diff1": 0.505368,
        "nauc_precision_at_1000_max": NaN,
        "nauc_precision_at_1000_std": NaN,
        "nauc_precision_at_1000_diff1": NaN,
        "nauc_mrr_at_1_max": 0.117784,
        "nauc_mrr_at_1_std": -0.262234,
        "nauc_mrr_at_1_diff1": 0.627222,
        "nauc_mrr_at_3_max": 0.120615,
        "nauc_mrr_at_3_std": -0.306759,
        "nauc_mrr_at_3_diff1": 0.600426,
        "nauc_mrr_at_5_max": 0.125432,
        "nauc_mrr_at_5_std": -0.297679,
        "nauc_mrr_at_5_diff1": 0.596823,
        "nauc_mrr_at_10_max": 0.137021,
        "nauc_mrr_at_10_std": -0.29259,
        "nauc_mrr_at_10_diff1": 0.600384,
        "nauc_mrr_at_20_max": 0.13528,
        "nauc_mrr_at_20_std": -0.292673,
        "nauc_mrr_at_20_diff1": 0.602631,
        "nauc_mrr_at_100_max": 0.133212,
        "nauc_mrr_at_100_std": -0.293,
        "nauc_mrr_at_100_diff1": 0.60287,
        "nauc_mrr_at_1000_max": 0.133131,
        "nauc_mrr_at_1000_std": -0.293079,
        "nauc_mrr_at_1000_diff1": 0.602873,
        "main_score": 0.70861,
        "hf_subset": "default",
        "languages": [
          "tur-Latn"
        ]
      }
    ]
  },
  "evaluation_time": 6.463878154754639,
  "kg_co2_emissions": null
}