{
  "dataset_revision": "09698e0180d87dc247ca447d3a1248b931ac0cdb",
  "task_name": "XNLI",
  "mteb_version": "1.31.3",
  "scores": {
    "test": [
      {
        "similarity_accuracy": 0.589011,
        "similarity_accuracy_threshold": 0.653581,
        "similarity_f1": 0.669057,
        "similarity_f1_threshold": 0.367016,
        "similarity_precision": 0.514173,
        "similarity_recall": 0.957478,
        "similarity_ap": 0.599019,
        "cosine_accuracy": 0.589011,
        "cosine_accuracy_threshold": 0.653581,
        "cosine_f1": 0.669057,
        "cosine_f1_threshold": 0.367016,
        "cosine_precision": 0.514173,
        "cosine_recall": 0.957478,
        "cosine_ap": 0.599019,
        "manhattan_accuracy": 0.589744,
        "manhattan_accuracy_threshold": 372.15863,
        "manhattan_f1": 0.667982,
        "manhattan_f1_threshold": 577.572205,
        "manhattan_precision": 0.503346,
        "manhattan_recall": 0.992669,
        "manhattan_ap": 0.599261,
        "euclidean_accuracy": 0.589011,
        "euclidean_accuracy_threshold": 16.948891,
        "euclidean_f1": 0.668373,
        "euclidean_f1_threshold": 23.590782,
        "euclidean_precision": 0.513365,
        "euclidean_recall": 0.957478,
        "euclidean_ap": 0.598139,
        "dot_accuracy": 0.578755,
        "dot_accuracy_threshold": 297.064697,
        "dot_f1": 0.670443,
        "dot_f1_threshold": 161.221466,
        "dot_precision": 0.516667,
        "dot_recall": 0.954545,
        "dot_ap": 0.585071,
        "max_accuracy": 0.589744,
        "max_f1": 0.670443,
        "max_precision": 0.516667,
        "max_recall": 0.992669,
        "max_ap": 0.599261,
        "main_score": 0.599261,
        "hf_subset": "tr",
        "languages": [
          "tur-Latn"
        ]
      }
    ],
    "validation": [
      {
        "similarity_accuracy": 0.592674,
        "similarity_accuracy_threshold": 0.622212,
        "similarity_f1": 0.673607,
        "similarity_f1_threshold": 0.38422,
        "similarity_precision": 0.522195,
        "similarity_recall": 0.94868,
        "similarity_ap": 0.616944,
        "cosine_accuracy": 0.592674,
        "cosine_accuracy_threshold": 0.622212,
        "cosine_f1": 0.673607,
        "cosine_f1_threshold": 0.38422,
        "cosine_precision": 0.522195,
        "cosine_recall": 0.94868,
        "cosine_ap": 0.616944,
        "manhattan_accuracy": 0.599267,
        "manhattan_accuracy_threshold": 418.485901,
        "manhattan_f1": 0.675284,
        "manhattan_f1_threshold": 517.499146,
        "manhattan_precision": 0.521565,
        "manhattan_recall": 0.957478,
        "manhattan_ap": 0.612143,
        "euclidean_accuracy": 0.601465,
        "euclidean_accuracy_threshold": 18.957546,
        "euclidean_f1": 0.676027,
        "euclidean_f1_threshold": 23.232336,
        "euclidean_precision": 0.523771,
        "euclidean_recall": 0.953079,
        "euclidean_ap": 0.612056,
        "dot_accuracy": 0.594139,
        "dot_accuracy_threshold": 248.41687,
        "dot_f1": 0.673362,
        "dot_f1_threshold": 172.554169,
        "dot_precision": 0.526446,
        "dot_recall": 0.934018,
        "dot_ap": 0.619335,
        "max_accuracy": 0.601465,
        "max_f1": 0.676027,
        "max_precision": 0.526446,
        "max_recall": 0.957478,
        "max_ap": 0.619335,
        "main_score": 0.619335,
        "hf_subset": "tr",
        "languages": [
          "tur-Latn"
        ]
      }
    ]
  },
  "evaluation_time": 7.4897496700286865,
  "kg_co2_emissions": null
}