{
  "dataset_revision": "51adfef1c1287aab1d2d91b5bead9bcfb9c68583",
  "task_name": "XQuADRetrieval",
  "mteb_version": "1.31.3",
  "scores": {
    "validation": [
      {
        "ndcg_at_1": 0.64443,
        "ndcg_at_3": 0.75366,
        "ndcg_at_5": 0.78252,
        "ndcg_at_10": 0.7991,
        "ndcg_at_20": 0.80193,
        "ndcg_at_100": 0.8081,
        "ndcg_at_1000": 0.8087,
        "map_at_1": 0.64443,
        "map_at_3": 0.72663,
        "map_at_5": 0.74285,
        "map_at_10": 0.7498,
        "map_at_20": 0.75061,
        "map_at_100": 0.75149,
        "map_at_1000": 0.75152,
        "recall_at_1": 0.64443,
        "recall_at_3": 0.83193,
        "recall_at_5": 0.90118,
        "recall_at_10": 0.95186,
        "recall_at_20": 0.96284,
        "recall_at_100": 0.99578,
        "recall_at_1000": 1.0,
        "precision_at_1": 0.64443,
        "precision_at_3": 0.27731,
        "precision_at_5": 0.18024,
        "precision_at_10": 0.09519,
        "precision_at_20": 0.04814,
        "precision_at_100": 0.00996,
        "precision_at_1000": 0.001,
        "mrr_at_1": 0.644426,
        "mrr_at_3": 0.726633,
        "mrr_at_5": 0.742849,
        "mrr_at_10": 0.749803,
        "mrr_at_20": 0.750609,
        "mrr_at_100": 0.751488,
        "mrr_at_1000": 0.751521,
        "nauc_ndcg_at_1_max": 0.400695,
        "nauc_ndcg_at_1_std": 0.010935,
        "nauc_ndcg_at_1_diff1": 0.673768,
        "nauc_ndcg_at_3_max": 0.456937,
        "nauc_ndcg_at_3_std": 0.046297,
        "nauc_ndcg_at_3_diff1": 0.652575,
        "nauc_ndcg_at_5_max": 0.478016,
        "nauc_ndcg_at_5_std": 0.063139,
        "nauc_ndcg_at_5_diff1": 0.643821,
        "nauc_ndcg_at_10_max": 0.463476,
        "nauc_ndcg_at_10_std": 0.062965,
        "nauc_ndcg_at_10_diff1": 0.649406,
        "nauc_ndcg_at_20_max": 0.460651,
        "nauc_ndcg_at_20_std": 0.060902,
        "nauc_ndcg_at_20_diff1": 0.648634,
        "nauc_ndcg_at_100_max": 0.446992,
        "nauc_ndcg_at_100_std": 0.044964,
        "nauc_ndcg_at_100_diff1": 0.651663,
        "nauc_ndcg_at_1000_max": 0.447,
        "nauc_ndcg_at_1000_std": 0.046137,
        "nauc_ndcg_at_1000_diff1": 0.652581,
        "nauc_map_at_1_max": 0.400695,
        "nauc_map_at_1_std": 0.010935,
        "nauc_map_at_1_diff1": 0.673768,
        "nauc_map_at_3_max": 0.437552,
        "nauc_map_at_3_std": 0.034663,
        "nauc_map_at_3_diff1": 0.657383,
        "nauc_map_at_5_max": 0.446499,
        "nauc_map_at_5_std": 0.042231,
        "nauc_map_at_5_diff1": 0.653258,
        "nauc_map_at_10_max": 0.440483,
        "nauc_map_at_10_std": 0.041615,
        "nauc_map_at_10_diff1": 0.655256,
        "nauc_map_at_20_max": 0.439793,
        "nauc_map_at_20_std": 0.040997,
        "nauc_map_at_20_diff1": 0.655067,
        "nauc_map_at_100_max": 0.438242,
        "nauc_map_at_100_std": 0.039104,
        "nauc_map_at_100_diff1": 0.655475,
        "nauc_map_at_1000_max": 0.43824,
        "nauc_map_at_1000_std": 0.039148,
        "nauc_map_at_1000_diff1": 0.655516,
        "nauc_recall_at_1_max": 0.400695,
        "nauc_recall_at_1_std": 0.010935,
        "nauc_recall_at_1_diff1": 0.673768,
        "nauc_recall_at_3_max": 0.540622,
        "nauc_recall_at_3_std": 0.096231,
        "nauc_recall_at_3_diff1": 0.633133,
        "nauc_recall_at_5_max": 0.688876,
        "nauc_recall_at_5_std": 0.202769,
        "nauc_recall_at_5_diff1": 0.582757,
        "nauc_recall_at_10_max": 0.751817,
        "nauc_recall_at_10_std": 0.344627,
        "nauc_recall_at_10_diff1": 0.584842,
        "nauc_recall_at_20_max": 0.785089,
        "nauc_recall_at_20_std": 0.393992,
        "nauc_recall_at_20_diff1": 0.553574,
        "nauc_recall_at_100_max": 0.44361,
        "nauc_recall_at_100_std": -0.282397,
        "nauc_recall_at_100_diff1": 0.405406,
        "nauc_recall_at_1000_max": NaN,
        "nauc_recall_at_1000_std": NaN,
        "nauc_recall_at_1000_diff1": NaN,
        "nauc_precision_at_1_max": 0.400695,
        "nauc_precision_at_1_std": 0.010935,
        "nauc_precision_at_1_diff1": 0.673768,
        "nauc_precision_at_3_max": 0.540622,
        "nauc_precision_at_3_std": 0.096231,
        "nauc_precision_at_3_diff1": 0.633133,
        "nauc_precision_at_5_max": 0.688876,
        "nauc_precision_at_5_std": 0.202769,
        "nauc_precision_at_5_diff1": 0.582757,
        "nauc_precision_at_10_max": 0.751817,
        "nauc_precision_at_10_std": 0.344627,
        "nauc_precision_at_10_diff1": 0.584842,
        "nauc_precision_at_20_max": 0.785089,
        "nauc_precision_at_20_std": 0.393992,
        "nauc_precision_at_20_diff1": 0.553574,
        "nauc_precision_at_100_max": 0.44361,
        "nauc_precision_at_100_std": -0.282397,
        "nauc_precision_at_100_diff1": 0.405406,
        "nauc_precision_at_1000_max": 1.0,
        "nauc_precision_at_1000_std": 1.0,
        "nauc_precision_at_1000_diff1": 1.0,
        "nauc_mrr_at_1_max": 0.400695,
        "nauc_mrr_at_1_std": 0.010935,
        "nauc_mrr_at_1_diff1": 0.673768,
        "nauc_mrr_at_3_max": 0.437552,
        "nauc_mrr_at_3_std": 0.034663,
        "nauc_mrr_at_3_diff1": 0.657383,
        "nauc_mrr_at_5_max": 0.446499,
        "nauc_mrr_at_5_std": 0.042231,
        "nauc_mrr_at_5_diff1": 0.653258,
        "nauc_mrr_at_10_max": 0.440483,
        "nauc_mrr_at_10_std": 0.041615,
        "nauc_mrr_at_10_diff1": 0.655256,
        "nauc_mrr_at_20_max": 0.439793,
        "nauc_mrr_at_20_std": 0.040997,
        "nauc_mrr_at_20_diff1": 0.655067,
        "nauc_mrr_at_100_max": 0.438242,
        "nauc_mrr_at_100_std": 0.039104,
        "nauc_mrr_at_100_diff1": 0.655475,
        "nauc_mrr_at_1000_max": 0.43824,
        "nauc_mrr_at_1000_std": 0.039148,
        "nauc_mrr_at_1000_diff1": 0.655516,
        "main_score": 0.7991,
        "hf_subset": "tr",
        "languages": [
          "tur-Latn"
        ]
      }
    ]
  },
  "evaluation_time": 5.656802177429199,
  "kg_co2_emissions": null
}