{
  "dataset_revision": "main",
  "task_name": "CQADupstackGamingRetrievalTR",
  "mteb_version": "1.31.3",
  "scores": {
    "test": [
      {
        "ndcg_at_1": 0.70492,
        "ndcg_at_3": 0.78337,
        "ndcg_at_5": 0.8024,
        "ndcg_at_10": 0.80733,
        "ndcg_at_20": 0.82373,
        "ndcg_at_100": 0.83032,
        "ndcg_at_1000": 0.83032,
        "map_at_1": 0.70492,
        "map_at_3": 0.76503,
        "map_at_5": 0.77486,
        "map_at_10": 0.77668,
        "map_at_20": 0.7811,
        "map_at_100": 0.78218,
        "map_at_1000": 0.78218,
        "recall_at_1": 0.70492,
        "recall_at_3": 0.83607,
        "recall_at_5": 0.88525,
        "recall_at_10": 0.90164,
        "recall_at_20": 0.96721,
        "recall_at_100": 1.0,
        "recall_at_1000": 1.0,
        "precision_at_1": 0.70492,
        "precision_at_3": 0.27869,
        "precision_at_5": 0.17705,
        "precision_at_10": 0.09016,
        "precision_at_20": 0.04836,
        "precision_at_100": 0.01,
        "precision_at_1000": 0.001,
        "mrr_at_1": 0.704918,
        "mrr_at_3": 0.765027,
        "mrr_at_5": 0.774863,
        "mrr_at_10": 0.776685,
        "mrr_at_20": 0.781095,
        "mrr_at_100": 0.782177,
        "mrr_at_1000": 0.782177,
        "nauc_ndcg_at_1_max": 0.422995,
        "nauc_ndcg_at_1_std": 0.167697,
        "nauc_ndcg_at_1_diff1": 0.781013,
        "nauc_ndcg_at_3_max": 0.534061,
        "nauc_ndcg_at_3_std": 0.317033,
        "nauc_ndcg_at_3_diff1": 0.734393,
        "nauc_ndcg_at_5_max": 0.548346,
        "nauc_ndcg_at_5_std": 0.347492,
        "nauc_ndcg_at_5_diff1": 0.746592,
        "nauc_ndcg_at_10_max": 0.551577,
        "nauc_ndcg_at_10_std": 0.360755,
        "nauc_ndcg_at_10_diff1": 0.736702,
        "nauc_ndcg_at_20_max": 0.52978,
        "nauc_ndcg_at_20_std": 0.319237,
        "nauc_ndcg_at_20_diff1": 0.735655,
        "nauc_ndcg_at_100_max": 0.515248,
        "nauc_ndcg_at_100_std": 0.295571,
        "nauc_ndcg_at_100_diff1": 0.747553,
        "nauc_ndcg_at_1000_max": 0.515248,
        "nauc_ndcg_at_1000_std": 0.295571,
        "nauc_ndcg_at_1000_diff1": 0.747553,
        "nauc_map_at_1_max": 0.422995,
        "nauc_map_at_1_std": 0.167697,
        "nauc_map_at_1_diff1": 0.781013,
        "nauc_map_at_3_max": 0.506015,
        "nauc_map_at_3_std": 0.275677,
        "nauc_map_at_3_diff1": 0.748334,
        "nauc_map_at_5_max": 0.5114,
        "nauc_map_at_5_std": 0.287943,
        "nauc_map_at_5_diff1": 0.754543,
        "nauc_map_at_10_max": 0.512152,
        "nauc_map_at_10_std": 0.29176,
        "nauc_map_at_10_diff1": 0.751408,
        "nauc_map_at_20_max": 0.505975,
        "nauc_map_at_20_std": 0.280608,
        "nauc_map_at_20_diff1": 0.751157,
        "nauc_map_at_100_max": 0.503931,
        "nauc_map_at_100_std": 0.277309,
        "nauc_map_at_100_diff1": 0.752739,
        "nauc_map_at_1000_max": 0.503931,
        "nauc_map_at_1000_std": 0.277309,
        "nauc_map_at_1000_diff1": 0.752739,
        "nauc_recall_at_1_max": 0.422995,
        "nauc_recall_at_1_std": 0.167697,
        "nauc_recall_at_1_diff1": 0.781013,
        "nauc_recall_at_3_max": 0.640916,
        "nauc_recall_at_3_std": 0.476957,
        "nauc_recall_at_3_diff1": 0.679873,
        "nauc_recall_at_5_max": 0.740298,
        "nauc_recall_at_5_std": 0.66307,
        "nauc_recall_at_5_diff1": 0.709389,
        "nauc_recall_at_10_max": 0.787214,
        "nauc_recall_at_10_std": 0.787214,
        "nauc_recall_at_10_diff1": 0.645526,
        "nauc_recall_at_20_max": 0.86153,
        "nauc_recall_at_20_std": 0.86153,
        "nauc_recall_at_20_diff1": 0.459186,
        "nauc_recall_at_100_max": NaN,
        "nauc_recall_at_100_std": NaN,
        "nauc_recall_at_100_diff1": NaN,
        "nauc_recall_at_1000_max": NaN,
        "nauc_recall_at_1000_std": NaN,
        "nauc_recall_at_1000_diff1": NaN,
        "nauc_precision_at_1_max": 0.422995,
        "nauc_precision_at_1_std": 0.167697,
        "nauc_precision_at_1_diff1": 0.781013,
        "nauc_precision_at_3_max": 0.640916,
        "nauc_precision_at_3_std": 0.476957,
        "nauc_precision_at_3_diff1": 0.679873,
        "nauc_precision_at_5_max": 0.740298,
        "nauc_precision_at_5_std": 0.66307,
        "nauc_precision_at_5_diff1": 0.709389,
        "nauc_precision_at_10_max": 0.787214,
        "nauc_precision_at_10_std": 0.787214,
        "nauc_precision_at_10_diff1": 0.645526,
        "nauc_precision_at_20_max": 0.86153,
        "nauc_precision_at_20_std": 0.86153,
        "nauc_precision_at_20_diff1": 0.459186,
        "nauc_precision_at_100_max": 1.0,
        "nauc_precision_at_100_std": 1.0,
        "nauc_precision_at_100_diff1": 1.0,
        "nauc_precision_at_1000_max": NaN,
        "nauc_precision_at_1000_std": NaN,
        "nauc_precision_at_1000_diff1": NaN,
        "nauc_mrr_at_1_max": 0.422995,
        "nauc_mrr_at_1_std": 0.167697,
        "nauc_mrr_at_1_diff1": 0.781013,
        "nauc_mrr_at_3_max": 0.506015,
        "nauc_mrr_at_3_std": 0.275677,
        "nauc_mrr_at_3_diff1": 0.748334,
        "nauc_mrr_at_5_max": 0.5114,
        "nauc_mrr_at_5_std": 0.287943,
        "nauc_mrr_at_5_diff1": 0.754543,
        "nauc_mrr_at_10_max": 0.512152,
        "nauc_mrr_at_10_std": 0.29176,
        "nauc_mrr_at_10_diff1": 0.751408,
        "nauc_mrr_at_20_max": 0.505975,
        "nauc_mrr_at_20_std": 0.280608,
        "nauc_mrr_at_20_diff1": 0.751157,
        "nauc_mrr_at_100_max": 0.503931,
        "nauc_mrr_at_100_std": 0.277309,
        "nauc_mrr_at_100_diff1": 0.752739,
        "nauc_mrr_at_1000_max": 0.503931,
        "nauc_mrr_at_1000_std": 0.277309,
        "nauc_mrr_at_1000_diff1": 0.752739,
        "main_score": 0.80733,
        "hf_subset": "default",
        "languages": [
          "tur-Latn"
        ]
      }
    ]
  },
  "evaluation_time": 77.50874376296997,
  "kg_co2_emissions": null
}