{
  "dataset_revision": "main",
  "task_name": "FiQA2018TR",
  "mteb_version": "1.31.3",
  "scores": {
    "test": [
      {
        "ndcg_at_1": 0.55556,
        "ndcg_at_3": 0.65533,
        "ndcg_at_5": 0.68881,
        "ndcg_at_10": 0.73109,
        "ndcg_at_20": 0.74649,
        "ndcg_at_100": 0.74649,
        "ndcg_at_1000": 0.74649,
        "map_at_1": 0.55556,
        "map_at_3": 0.62963,
        "map_at_5": 0.64868,
        "map_at_10": 0.66686,
        "map_at_20": 0.67073,
        "map_at_100": 0.67073,
        "map_at_1000": 0.67073,
        "recall_at_1": 0.55556,
        "recall_at_3": 0.73016,
        "recall_at_5": 0.80952,
        "recall_at_10": 0.93651,
        "recall_at_20": 1.0,
        "recall_at_100": 1.0,
        "recall_at_1000": 1.0,
        "precision_at_1": 0.55556,
        "precision_at_3": 0.24339,
        "precision_at_5": 0.1619,
        "precision_at_10": 0.09365,
        "precision_at_20": 0.05,
        "precision_at_100": 0.01,
        "precision_at_1000": 0.001,
        "mrr_at_1": 0.555556,
        "mrr_at_3": 0.62963,
        "mrr_at_5": 0.648677,
        "mrr_at_10": 0.666862,
        "mrr_at_20": 0.670728,
        "mrr_at_100": 0.670728,
        "mrr_at_1000": 0.670728,
        "nauc_ndcg_at_1_max": 0.384715,
        "nauc_ndcg_at_1_std": 0.08467,
        "nauc_ndcg_at_1_diff1": 0.434354,
        "nauc_ndcg_at_3_max": 0.38646,
        "nauc_ndcg_at_3_std": 0.223895,
        "nauc_ndcg_at_3_diff1": 0.575263,
        "nauc_ndcg_at_5_max": 0.399197,
        "nauc_ndcg_at_5_std": 0.26431,
        "nauc_ndcg_at_5_diff1": 0.557888,
        "nauc_ndcg_at_10_max": 0.36029,
        "nauc_ndcg_at_10_std": 0.231036,
        "nauc_ndcg_at_10_diff1": 0.514852,
        "nauc_ndcg_at_20_max": 0.387189,
        "nauc_ndcg_at_20_std": 0.202913,
        "nauc_ndcg_at_20_diff1": 0.517593,
        "nauc_ndcg_at_100_max": 0.387189,
        "nauc_ndcg_at_100_std": 0.202913,
        "nauc_ndcg_at_100_diff1": 0.517593,
        "nauc_ndcg_at_1000_max": 0.387189,
        "nauc_ndcg_at_1000_std": 0.202913,
        "nauc_ndcg_at_1000_diff1": 0.517593,
        "nauc_map_at_1_max": 0.384715,
        "nauc_map_at_1_std": 0.08467,
        "nauc_map_at_1_diff1": 0.434354,
        "nauc_map_at_3_max": 0.391197,
        "nauc_map_at_3_std": 0.190573,
        "nauc_map_at_3_diff1": 0.537154,
        "nauc_map_at_5_max": 0.397454,
        "nauc_map_at_5_std": 0.209719,
        "nauc_map_at_5_diff1": 0.526718,
        "nauc_map_at_10_max": 0.384366,
        "nauc_map_at_10_std": 0.196167,
        "nauc_map_at_10_diff1": 0.51049,
        "nauc_map_at_20_max": 0.389883,
        "nauc_map_at_20_std": 0.190099,
        "nauc_map_at_20_diff1": 0.510983,
        "nauc_map_at_100_max": 0.389883,
        "nauc_map_at_100_std": 0.190099,
        "nauc_map_at_100_diff1": 0.510983,
        "nauc_map_at_1000_max": 0.389883,
        "nauc_map_at_1000_std": 0.190099,
        "nauc_map_at_1000_diff1": 0.510983,
        "nauc_recall_at_1_max": 0.384715,
        "nauc_recall_at_1_std": 0.08467,
        "nauc_recall_at_1_diff1": 0.434354,
        "nauc_recall_at_3_max": 0.367007,
        "nauc_recall_at_3_std": 0.339764,
        "nauc_recall_at_3_diff1": 0.710313,
        "nauc_recall_at_5_max": 0.407214,
        "nauc_recall_at_5_std": 0.515408,
        "nauc_recall_at_5_diff1": 0.693623,
        "nauc_recall_at_10_max": 0.008743,
        "nauc_recall_at_10_std": 0.593991,
        "nauc_recall_at_10_diff1": 0.480214,
        "nauc_recall_at_20_max": NaN,
        "nauc_recall_at_20_std": NaN,
        "nauc_recall_at_20_diff1": NaN,
        "nauc_recall_at_100_max": NaN,
        "nauc_recall_at_100_std": NaN,
        "nauc_recall_at_100_diff1": NaN,
        "nauc_recall_at_1000_max": NaN,
        "nauc_recall_at_1000_std": NaN,
        "nauc_recall_at_1000_diff1": NaN,
        "nauc_precision_at_1_max": 0.384715,
        "nauc_precision_at_1_std": 0.08467,
        "nauc_precision_at_1_diff1": 0.434354,
        "nauc_precision_at_3_max": 0.367007,
        "nauc_precision_at_3_std": 0.339764,
        "nauc_precision_at_3_diff1": 0.710313,
        "nauc_precision_at_5_max": 0.407214,
        "nauc_precision_at_5_std": 0.515408,
        "nauc_precision_at_5_diff1": 0.693623,
        "nauc_precision_at_10_max": 0.008743,
        "nauc_precision_at_10_std": 0.593991,
        "nauc_precision_at_10_diff1": 0.480214,
        "nauc_precision_at_20_max": 1.0,
        "nauc_precision_at_20_std": 1.0,
        "nauc_precision_at_20_diff1": 1.0,
        "nauc_precision_at_100_max": 1.0,
        "nauc_precision_at_100_std": 1.0,
        "nauc_precision_at_100_diff1": 1.0,
        "nauc_precision_at_1000_max": 1.0,
        "nauc_precision_at_1000_std": 1.0,
        "nauc_precision_at_1000_diff1": 1.0,
        "nauc_mrr_at_1_max": 0.384715,
        "nauc_mrr_at_1_std": 0.08467,
        "nauc_mrr_at_1_diff1": 0.434354,
        "nauc_mrr_at_3_max": 0.391197,
        "nauc_mrr_at_3_std": 0.190573,
        "nauc_mrr_at_3_diff1": 0.537154,
        "nauc_mrr_at_5_max": 0.397454,
        "nauc_mrr_at_5_std": 0.209719,
        "nauc_mrr_at_5_diff1": 0.526718,
        "nauc_mrr_at_10_max": 0.384366,
        "nauc_mrr_at_10_std": 0.196167,
        "nauc_mrr_at_10_diff1": 0.51049,
        "nauc_mrr_at_20_max": 0.389883,
        "nauc_mrr_at_20_std": 0.190099,
        "nauc_mrr_at_20_diff1": 0.510983,
        "nauc_mrr_at_100_max": 0.389883,
        "nauc_mrr_at_100_std": 0.190099,
        "nauc_mrr_at_100_diff1": 0.510983,
        "nauc_mrr_at_1000_max": 0.389883,
        "nauc_mrr_at_1000_std": 0.190099,
        "nauc_mrr_at_1000_diff1": 0.510983,
        "main_score": 0.73109,
        "hf_subset": "default",
        "languages": [
          "tur-Latn"
        ]
      }
    ]
  },
  "evaluation_time": 67.89926290512085,
  "kg_co2_emissions": null
}