{
  "dataset_revision": "main",
  "task_name": "MSMarcoTRRetrieval",
  "mteb_version": "1.31.3",
  "scores": {
    "test": [
      {
        "ndcg_at_1": 0.5054,
        "ndcg_at_3": 0.52523,
        "ndcg_at_5": 0.52926,
        "ndcg_at_10": 0.53375,
        "ndcg_at_20": 0.5361,
        "ndcg_at_100": 0.53821,
        "ndcg_at_1000": 0.53912,
        "map_at_1": 0.5054,
        "map_at_3": 0.52053,
        "map_at_5": 0.52276,
        "map_at_10": 0.52464,
        "map_at_20": 0.52528,
        "map_at_100": 0.52558,
        "map_at_1000": 0.52562,
        "recall_at_1": 0.5054,
        "recall_at_3": 0.53876,
        "recall_at_5": 0.54858,
        "recall_at_10": 0.56232,
        "recall_at_20": 0.57164,
        "recall_at_100": 0.58292,
        "recall_at_1000": 0.58979,
        "precision_at_1": 0.5054,
        "precision_at_3": 0.17959,
        "precision_at_5": 0.10972,
        "precision_at_10": 0.05623,
        "precision_at_20": 0.02858,
        "precision_at_100": 0.00583,
        "precision_at_1000": 0.00059,
        "mrr_at_1": 0.505397,
        "mrr_at_3": 0.520527,
        "mrr_at_5": 0.522759,
        "mrr_at_10": 0.524639,
        "mrr_at_20": 0.52528,
        "mrr_at_100": 0.525579,
        "mrr_at_1000": 0.525617,
        "nauc_ndcg_at_1_max": 0.825116,
        "nauc_ndcg_at_1_std": 0.169135,
        "nauc_ndcg_at_1_diff1": 0.856093,
        "nauc_ndcg_at_3_max": 0.826744,
        "nauc_ndcg_at_3_std": 0.179202,
        "nauc_ndcg_at_3_diff1": 0.843856,
        "nauc_ndcg_at_5_max": 0.824719,
        "nauc_ndcg_at_5_std": 0.179177,
        "nauc_ndcg_at_5_diff1": 0.840454,
        "nauc_ndcg_at_10_max": 0.821199,
        "nauc_ndcg_at_10_std": 0.181064,
        "nauc_ndcg_at_10_diff1": 0.835298,
        "nauc_ndcg_at_20_max": 0.818835,
        "nauc_ndcg_at_20_std": 0.181806,
        "nauc_ndcg_at_20_diff1": 0.832952,
        "nauc_ndcg_at_100_max": 0.816081,
        "nauc_ndcg_at_100_std": 0.179798,
        "nauc_ndcg_at_100_diff1": 0.830661,
        "nauc_ndcg_at_1000_max": 0.814807,
        "nauc_ndcg_at_1000_std": 0.179079,
        "nauc_ndcg_at_1000_diff1": 0.829341,
        "nauc_map_at_1_max": 0.825116,
        "nauc_map_at_1_std": 0.169135,
        "nauc_map_at_1_diff1": 0.856093,
        "nauc_map_at_3_max": 0.826592,
        "nauc_map_at_3_std": 0.176793,
        "nauc_map_at_3_diff1": 0.846927,
        "nauc_map_at_5_max": 0.825528,
        "nauc_map_at_5_std": 0.176893,
        "nauc_map_at_5_diff1": 0.845081,
        "nauc_map_at_10_max": 0.824127,
        "nauc_map_at_10_std": 0.177692,
        "nauc_map_at_10_diff1": 0.842997,
        "nauc_map_at_20_max": 0.823477,
        "nauc_map_at_20_std": 0.177905,
        "nauc_map_at_20_diff1": 0.84232,
        "nauc_map_at_100_max": 0.823096,
        "nauc_map_at_100_std": 0.177659,
        "nauc_map_at_100_diff1": 0.841985,
        "nauc_map_at_1000_max": 0.823045,
        "nauc_map_at_1000_std": 0.177629,
        "nauc_map_at_1000_diff1": 0.841933,
        "nauc_recall_at_1_max": 0.825116,
        "nauc_recall_at_1_std": 0.169135,
        "nauc_recall_at_1_diff1": 0.856093,
        "nauc_recall_at_3_max": 0.827086,
        "nauc_recall_at_3_std": 0.186265,
        "nauc_recall_at_3_diff1": 0.834788,
        "nauc_recall_at_5_max": 0.821852,
        "nauc_recall_at_5_std": 0.185768,
        "nauc_recall_at_5_diff1": 0.82617,
        "nauc_recall_at_10_max": 0.810384,
        "nauc_recall_at_10_std": 0.191709,
        "nauc_recall_at_10_diff1": 0.809446,
        "nauc_recall_at_20_max": 0.800652,
        "nauc_recall_at_20_std": 0.194788,
        "nauc_recall_at_20_diff1": 0.799916,
        "nauc_recall_at_100_max": 0.78495,
        "nauc_recall_at_100_std": 0.183124,
        "nauc_recall_at_100_diff1": 0.7869,
        "nauc_recall_at_1000_max": 0.774459,
        "nauc_recall_at_1000_std": 0.177444,
        "nauc_recall_at_1000_diff1": 0.775829,
        "nauc_precision_at_1_max": 0.825116,
        "nauc_precision_at_1_std": 0.169135,
        "nauc_precision_at_1_diff1": 0.856093,
        "nauc_precision_at_3_max": 0.827086,
        "nauc_precision_at_3_std": 0.186265,
        "nauc_precision_at_3_diff1": 0.834788,
        "nauc_precision_at_5_max": 0.821852,
        "nauc_precision_at_5_std": 0.185768,
        "nauc_precision_at_5_diff1": 0.82617,
        "nauc_precision_at_10_max": 0.810384,
        "nauc_precision_at_10_std": 0.191709,
        "nauc_precision_at_10_diff1": 0.809446,
        "nauc_precision_at_20_max": 0.800652,
        "nauc_precision_at_20_std": 0.194788,
        "nauc_precision_at_20_diff1": 0.799916,
        "nauc_precision_at_100_max": 0.78495,
        "nauc_precision_at_100_std": 0.183124,
        "nauc_precision_at_100_diff1": 0.7869,
        "nauc_precision_at_1000_max": 0.774459,
        "nauc_precision_at_1000_std": 0.177444,
        "nauc_precision_at_1000_diff1": 0.775829,
        "nauc_mrr_at_1_max": 0.825116,
        "nauc_mrr_at_1_std": 0.169135,
        "nauc_mrr_at_1_diff1": 0.856093,
        "nauc_mrr_at_3_max": 0.826592,
        "nauc_mrr_at_3_std": 0.176793,
        "nauc_mrr_at_3_diff1": 0.846927,
        "nauc_mrr_at_5_max": 0.825528,
        "nauc_mrr_at_5_std": 0.176893,
        "nauc_mrr_at_5_diff1": 0.845081,
        "nauc_mrr_at_10_max": 0.824127,
        "nauc_mrr_at_10_std": 0.177692,
        "nauc_mrr_at_10_diff1": 0.842997,
        "nauc_mrr_at_20_max": 0.823477,
        "nauc_mrr_at_20_std": 0.177905,
        "nauc_mrr_at_20_diff1": 0.84232,
        "nauc_mrr_at_100_max": 0.823096,
        "nauc_mrr_at_100_std": 0.177659,
        "nauc_mrr_at_100_diff1": 0.841985,
        "nauc_mrr_at_1000_max": 0.823045,
        "nauc_mrr_at_1000_std": 0.177629,
        "nauc_mrr_at_1000_diff1": 0.841933,
        "main_score": 0.53375,
        "hf_subset": "default",
        "languages": [
          "tur-Latn"
        ]
      }
    ]
  },
  "evaluation_time": 1464.7708568572998,
  "kg_co2_emissions": null
}