{
  "dataset_revision": "main",
  "task_name": "NFCorpusTR",
  "mteb_version": "1.31.3",
  "scores": {
    "test": [
      {
        "ndcg_at_1": 0.29876,
        "ndcg_at_3": 0.25952,
        "ndcg_at_5": 0.24918,
        "ndcg_at_10": 0.22903,
        "ndcg_at_20": 0.21678,
        "ndcg_at_100": 0.22544,
        "ndcg_at_1000": 0.31848,
        "map_at_1": 0.03079,
        "map_at_3": 0.05638,
        "map_at_5": 0.06629,
        "map_at_10": 0.0773,
        "map_at_20": 0.08677,
        "map_at_100": 0.10047,
        "map_at_1000": 0.11172,
        "recall_at_1": 0.03079,
        "recall_at_3": 0.06986,
        "recall_at_5": 0.088,
        "recall_at_10": 0.11585,
        "recall_at_20": 0.14899,
        "recall_at_100": 0.25952,
        "recall_at_1000": 0.58256,
        "precision_at_1": 0.32198,
        "precision_at_3": 0.24561,
        "precision_at_5": 0.22105,
        "precision_at_10": 0.17368,
        "precision_at_20": 0.1305,
        "precision_at_100": 0.05861,
        "precision_at_1000": 0.01831,
        "mrr_at_1": 0.321981,
        "mrr_at_3": 0.376161,
        "mrr_at_5": 0.39257,
        "mrr_at_10": 0.403917,
        "mrr_at_20": 0.408719,
        "mrr_at_100": 0.412131,
        "mrr_at_1000": 0.412735,
        "nauc_ndcg_at_1_max": 0.313063,
        "nauc_ndcg_at_1_std": 0.288415,
        "nauc_ndcg_at_1_diff1": 0.283169,
        "nauc_ndcg_at_3_max": 0.350028,
        "nauc_ndcg_at_3_std": 0.346407,
        "nauc_ndcg_at_3_diff1": 0.250211,
        "nauc_ndcg_at_5_max": 0.363097,
        "nauc_ndcg_at_5_std": 0.362504,
        "nauc_ndcg_at_5_diff1": 0.224642,
        "nauc_ndcg_at_10_max": 0.372959,
        "nauc_ndcg_at_10_std": 0.384559,
        "nauc_ndcg_at_10_diff1": 0.232889,
        "nauc_ndcg_at_20_max": 0.353636,
        "nauc_ndcg_at_20_std": 0.376393,
        "nauc_ndcg_at_20_diff1": 0.221185,
        "nauc_ndcg_at_100_max": 0.377371,
        "nauc_ndcg_at_100_std": 0.406494,
        "nauc_ndcg_at_100_diff1": 0.216704,
        "nauc_ndcg_at_1000_max": 0.422468,
        "nauc_ndcg_at_1000_std": 0.440625,
        "nauc_ndcg_at_1000_diff1": 0.23725,
        "nauc_map_at_1_max": 0.182153,
        "nauc_map_at_1_std": 0.070031,
        "nauc_map_at_1_diff1": 0.448299,
        "nauc_map_at_3_max": 0.208235,
        "nauc_map_at_3_std": 0.118735,
        "nauc_map_at_3_diff1": 0.367687,
        "nauc_map_at_5_max": 0.242106,
        "nauc_map_at_5_std": 0.138759,
        "nauc_map_at_5_diff1": 0.337176,
        "nauc_map_at_10_max": 0.269535,
        "nauc_map_at_10_std": 0.189954,
        "nauc_map_at_10_diff1": 0.311023,
        "nauc_map_at_20_max": 0.289806,
        "nauc_map_at_20_std": 0.234162,
        "nauc_map_at_20_diff1": 0.296724,
        "nauc_map_at_100_max": 0.311014,
        "nauc_map_at_100_std": 0.29169,
        "nauc_map_at_100_diff1": 0.26804,
        "nauc_map_at_1000_max": 0.315244,
        "nauc_map_at_1000_std": 0.308546,
        "nauc_map_at_1000_diff1": 0.255713,
        "nauc_recall_at_1_max": 0.182153,
        "nauc_recall_at_1_std": 0.070031,
        "nauc_recall_at_1_diff1": 0.448299,
        "nauc_recall_at_3_max": 0.181491,
        "nauc_recall_at_3_std": 0.113103,
        "nauc_recall_at_3_diff1": 0.268751,
        "nauc_recall_at_5_max": 0.208555,
        "nauc_recall_at_5_std": 0.12719,
        "nauc_recall_at_5_diff1": 0.234607,
        "nauc_recall_at_10_max": 0.213119,
        "nauc_recall_at_10_std": 0.168774,
        "nauc_recall_at_10_diff1": 0.217559,
        "nauc_recall_at_20_max": 0.221003,
        "nauc_recall_at_20_std": 0.216737,
        "nauc_recall_at_20_diff1": 0.200622,
        "nauc_recall_at_100_max": 0.234383,
        "nauc_recall_at_100_std": 0.304881,
        "nauc_recall_at_100_diff1": 0.102816,
        "nauc_recall_at_1000_max": 0.24093,
        "nauc_recall_at_1000_std": 0.288865,
        "nauc_recall_at_1000_diff1": 0.136945,
        "nauc_precision_at_1_max": 0.353366,
        "nauc_precision_at_1_std": 0.316375,
        "nauc_precision_at_1_diff1": 0.273038,
        "nauc_precision_at_3_max": 0.380241,
        "nauc_precision_at_3_std": 0.397242,
        "nauc_precision_at_3_diff1": 0.185568,
        "nauc_precision_at_5_max": 0.384294,
        "nauc_precision_at_5_std": 0.418287,
        "nauc_precision_at_5_diff1": 0.124677,
        "nauc_precision_at_10_max": 0.392214,
        "nauc_precision_at_10_std": 0.472689,
        "nauc_precision_at_10_diff1": 0.103007,
        "nauc_precision_at_20_max": 0.327874,
        "nauc_precision_at_20_std": 0.458525,
        "nauc_precision_at_20_diff1": 0.050302,
        "nauc_precision_at_100_max": 0.216075,
        "nauc_precision_at_100_std": 0.39059,
        "nauc_precision_at_100_diff1": -0.039692,
        "nauc_precision_at_1000_max": 0.020601,
        "nauc_precision_at_1000_std": 0.147183,
        "nauc_precision_at_1000_diff1": -0.097919,
        "nauc_mrr_at_1_max": 0.353366,
        "nauc_mrr_at_1_std": 0.316375,
        "nauc_mrr_at_1_diff1": 0.273038,
        "nauc_mrr_at_3_max": 0.390621,
        "nauc_mrr_at_3_std": 0.361022,
        "nauc_mrr_at_3_diff1": 0.260748,
        "nauc_mrr_at_5_max": 0.396164,
        "nauc_mrr_at_5_std": 0.372129,
        "nauc_mrr_at_5_diff1": 0.246437,
        "nauc_mrr_at_10_max": 0.396837,
        "nauc_mrr_at_10_std": 0.377348,
        "nauc_mrr_at_10_diff1": 0.25036,
        "nauc_mrr_at_20_max": 0.396678,
        "nauc_mrr_at_20_std": 0.377504,
        "nauc_mrr_at_20_diff1": 0.252376,
        "nauc_mrr_at_100_max": 0.397974,
        "nauc_mrr_at_100_std": 0.376761,
        "nauc_mrr_at_100_diff1": 0.253203,
        "nauc_mrr_at_1000_max": 0.397568,
        "nauc_mrr_at_1000_std": 0.376211,
        "nauc_mrr_at_1000_diff1": 0.253182,
        "main_score": 0.22903,
        "hf_subset": "default",
        "languages": [
          "tur-Latn"
        ]
      }
    ]
  },
  "evaluation_time": 1850.6516871452332,
  "kg_co2_emissions": null
}