{
  "dataset_revision": "main",
  "task_name": "SCIDOCSTR",
  "mteb_version": "1.31.3",
  "scores": {
    "test": [
      {
        "ndcg_at_1": 0.08333,
        "ndcg_at_3": 0.11885,
        "ndcg_at_5": 0.12603,
        "ndcg_at_10": 0.16269,
        "ndcg_at_20": 0.18788,
        "ndcg_at_100": 0.30332,
        "ndcg_at_1000": 0.30332,
        "map_at_1": 0.08333,
        "map_at_3": 0.10833,
        "map_at_5": 0.1125,
        "map_at_10": 0.12701,
        "map_at_20": 0.13391,
        "map_at_100": 0.14986,
        "map_at_1000": 0.14986,
        "recall_at_1": 0.08333,
        "recall_at_3": 0.15,
        "recall_at_5": 0.16667,
        "recall_at_10": 0.28333,
        "recall_at_20": 0.38333,
        "recall_at_100": 1.0,
        "recall_at_1000": 1.0,
        "precision_at_1": 0.08333,
        "precision_at_3": 0.05,
        "precision_at_5": 0.03333,
        "precision_at_10": 0.02833,
        "precision_at_20": 0.01917,
        "precision_at_100": 0.01,
        "precision_at_1000": 0.001,
        "mrr_at_1": 0.083333,
        "mrr_at_3": 0.108333,
        "mrr_at_5": 0.1125,
        "mrr_at_10": 0.127011,
        "mrr_at_20": 0.133905,
        "mrr_at_100": 0.149857,
        "mrr_at_1000": 0.149857,
        "nauc_ndcg_at_1_max": 0.161578,
        "nauc_ndcg_at_1_std": 0.296807,
        "nauc_ndcg_at_1_diff1": 0.278616,
        "nauc_ndcg_at_3_max": -0.029998,
        "nauc_ndcg_at_3_std": 0.100623,
        "nauc_ndcg_at_3_diff1": 0.179956,
        "nauc_ndcg_at_5_max": 0.012502,
        "nauc_ndcg_at_5_std": 0.158808,
        "nauc_ndcg_at_5_diff1": 0.136704,
        "nauc_ndcg_at_10_max": 0.040253,
        "nauc_ndcg_at_10_std": 0.139349,
        "nauc_ndcg_at_10_diff1": 0.190139,
        "nauc_ndcg_at_20_max": -0.003147,
        "nauc_ndcg_at_20_std": 0.120189,
        "nauc_ndcg_at_20_diff1": 0.174627,
        "nauc_ndcg_at_100_max": 0.006883,
        "nauc_ndcg_at_100_std": 0.136854,
        "nauc_ndcg_at_100_diff1": 0.16782,
        "nauc_ndcg_at_1000_max": 0.006883,
        "nauc_ndcg_at_1000_std": 0.136854,
        "nauc_ndcg_at_1000_diff1": 0.16782,
        "nauc_map_at_1_max": 0.161578,
        "nauc_map_at_1_std": 0.296807,
        "nauc_map_at_1_diff1": 0.278616,
        "nauc_map_at_3_max": 0.016859,
        "nauc_map_at_3_std": 0.148288,
        "nauc_map_at_3_diff1": 0.203414,
        "nauc_map_at_5_max": 0.042571,
        "nauc_map_at_5_std": 0.18392,
        "nauc_map_at_5_diff1": 0.175386,
        "nauc_map_at_10_max": 0.049278,
        "nauc_map_at_10_std": 0.168555,
        "nauc_map_at_10_diff1": 0.197627,
        "nauc_map_at_20_max": 0.034041,
        "nauc_map_at_20_std": 0.159351,
        "nauc_map_at_20_diff1": 0.193203,
        "nauc_map_at_100_max": 0.031509,
        "nauc_map_at_100_std": 0.160606,
        "nauc_map_at_100_diff1": 0.186619,
        "nauc_map_at_1000_max": 0.031509,
        "nauc_map_at_1000_std": 0.160606,
        "nauc_map_at_1000_diff1": 0.186619,
        "nauc_recall_at_1_max": 0.161578,
        "nauc_recall_at_1_std": 0.296807,
        "nauc_recall_at_1_diff1": 0.278616,
        "nauc_recall_at_3_max": -0.137318,
        "nauc_recall_at_3_std": -0.008467,
        "nauc_recall_at_3_diff1": 0.126399,
        "nauc_recall_at_5_max": -0.050264,
        "nauc_recall_at_5_std": 0.107819,
        "nauc_recall_at_5_diff1": 0.050264,
        "nauc_recall_at_10_max": 0.039399,
        "nauc_recall_at_10_std": 0.093914,
        "nauc_recall_at_10_diff1": 0.189032,
        "nauc_recall_at_20_max": -0.068597,
        "nauc_recall_at_20_std": 0.058325,
        "nauc_recall_at_20_diff1": 0.146104,
        "nauc_recall_at_100_max": NaN,
        "nauc_recall_at_100_std": NaN,
        "nauc_recall_at_100_diff1": NaN,
        "nauc_recall_at_1000_max": NaN,
        "nauc_recall_at_1000_std": NaN,
        "nauc_recall_at_1000_diff1": NaN,
        "nauc_precision_at_1_max": 0.161578,
        "nauc_precision_at_1_std": 0.296807,
        "nauc_precision_at_1_diff1": 0.278616,
        "nauc_precision_at_3_max": -0.137318,
        "nauc_precision_at_3_std": -0.008467,
        "nauc_precision_at_3_diff1": 0.126399,
        "nauc_precision_at_5_max": -0.050264,
        "nauc_precision_at_5_std": 0.107819,
        "nauc_precision_at_5_diff1": 0.050264,
        "nauc_precision_at_10_max": 0.039399,
        "nauc_precision_at_10_std": 0.093914,
        "nauc_precision_at_10_diff1": 0.189032,
        "nauc_precision_at_20_max": -0.068597,
        "nauc_precision_at_20_std": 0.058325,
        "nauc_precision_at_20_diff1": 0.146104,
        "nauc_precision_at_100_max": 1.0,
        "nauc_precision_at_100_std": 1.0,
        "nauc_precision_at_100_diff1": 1.0,
        "nauc_precision_at_1000_max": 1.0,
        "nauc_precision_at_1000_std": 1.0,
        "nauc_precision_at_1000_diff1": 1.0,
        "nauc_mrr_at_1_max": 0.161578,
        "nauc_mrr_at_1_std": 0.296807,
        "nauc_mrr_at_1_diff1": 0.278616,
        "nauc_mrr_at_3_max": 0.016859,
        "nauc_mrr_at_3_std": 0.148288,
        "nauc_mrr_at_3_diff1": 0.203414,
        "nauc_mrr_at_5_max": 0.042571,
        "nauc_mrr_at_5_std": 0.18392,
        "nauc_mrr_at_5_diff1": 0.175386,
        "nauc_mrr_at_10_max": 0.049278,
        "nauc_mrr_at_10_std": 0.168555,
        "nauc_mrr_at_10_diff1": 0.197627,
        "nauc_mrr_at_20_max": 0.034041,
        "nauc_mrr_at_20_std": 0.159351,
        "nauc_mrr_at_20_diff1": 0.193203,
        "nauc_mrr_at_100_max": 0.031509,
        "nauc_mrr_at_100_std": 0.160606,
        "nauc_mrr_at_100_diff1": 0.186619,
        "nauc_mrr_at_1000_max": 0.031509,
        "nauc_mrr_at_1000_std": 0.160606,
        "nauc_mrr_at_1000_diff1": 0.186619,
        "main_score": 0.16269,
        "hf_subset": "default",
        "languages": [
          "tur-Latn"
        ]
      }
    ]
  },
  "evaluation_time": 65.34086298942566,
  "kg_co2_emissions": null
}