{
  "dataset_revision": "main",
  "task_name": "SquadTRRetrieval",
  "mteb_version": "1.31.3",
  "scores": {
    "test": [
      {
        "ndcg_at_1": 0.4915,
        "ndcg_at_3": 0.60146,
        "ndcg_at_5": 0.63168,
        "ndcg_at_10": 0.65559,
        "ndcg_at_20": 0.67009,
        "ndcg_at_100": 0.68518,
        "ndcg_at_1000": 0.68988,
        "map_at_1": 0.4915,
        "map_at_3": 0.57466,
        "map_at_5": 0.5915,
        "map_at_10": 0.60139,
        "map_at_20": 0.60539,
        "map_at_100": 0.60757,
        "map_at_1000": 0.60775,
        "recall_at_1": 0.4915,
        "recall_at_3": 0.67893,
        "recall_at_5": 0.75202,
        "recall_at_10": 0.82584,
        "recall_at_20": 0.88301,
        "recall_at_100": 0.96297,
        "recall_at_1000": 0.99976,
        "precision_at_1": 0.4915,
        "precision_at_3": 0.22631,
        "precision_at_5": 0.1504,
        "precision_at_10": 0.08258,
        "precision_at_20": 0.04415,
        "precision_at_100": 0.00963,
        "precision_at_1000": 0.001,
        "mrr_at_1": 0.491497,
        "mrr_at_3": 0.574659,
        "mrr_at_5": 0.591497,
        "mrr_at_10": 0.601387,
        "mrr_at_20": 0.605386,
        "mrr_at_100": 0.607567,
        "mrr_at_1000": 0.607746,
        "nauc_ndcg_at_1_max": 0.327878,
        "nauc_ndcg_at_1_std": 0.056285,
        "nauc_ndcg_at_1_diff1": 0.614488,
        "nauc_ndcg_at_3_max": 0.392463,
        "nauc_ndcg_at_3_std": 0.102274,
        "nauc_ndcg_at_3_diff1": 0.581393,
        "nauc_ndcg_at_5_max": 0.408051,
        "nauc_ndcg_at_5_std": 0.116989,
        "nauc_ndcg_at_5_diff1": 0.579257,
        "nauc_ndcg_at_10_max": 0.416441,
        "nauc_ndcg_at_10_std": 0.130798,
        "nauc_ndcg_at_10_diff1": 0.577354,
        "nauc_ndcg_at_20_max": 0.418773,
        "nauc_ndcg_at_20_std": 0.136267,
        "nauc_ndcg_at_20_diff1": 0.578213,
        "nauc_ndcg_at_100_max": 0.406973,
        "nauc_ndcg_at_100_std": 0.126091,
        "nauc_ndcg_at_100_diff1": 0.583138,
        "nauc_ndcg_at_1000_max": 0.398452,
        "nauc_ndcg_at_1000_std": 0.115693,
        "nauc_ndcg_at_1000_diff1": 0.584531,
        "nauc_map_at_1_max": 0.327878,
        "nauc_map_at_1_std": 0.056285,
        "nauc_map_at_1_diff1": 0.614488,
        "nauc_map_at_3_max": 0.374569,
        "nauc_map_at_3_std": 0.089003,
        "nauc_map_at_3_diff1": 0.589432,
        "nauc_map_at_5_max": 0.381976,
        "nauc_map_at_5_std": 0.096023,
        "nauc_map_at_5_diff1": 0.588651,
        "nauc_map_at_10_max": 0.38445,
        "nauc_map_at_10_std": 0.100674,
        "nauc_map_at_10_diff1": 0.588138,
        "nauc_map_at_20_max": 0.384645,
        "nauc_map_at_20_std": 0.101586,
        "nauc_map_at_20_diff1": 0.588499,
        "nauc_map_at_100_max": 0.383249,
        "nauc_map_at_100_std": 0.100406,
        "nauc_map_at_100_diff1": 0.589081,
        "nauc_map_at_1000_max": 0.382978,
        "nauc_map_at_1000_std": 0.100089,
        "nauc_map_at_1000_diff1": 0.589145,
        "nauc_recall_at_1_max": 0.327878,
        "nauc_recall_at_1_std": 0.056285,
        "nauc_recall_at_1_diff1": 0.614488,
        "nauc_recall_at_3_max": 0.453204,
        "nauc_recall_at_3_std": 0.147567,
        "nauc_recall_at_3_diff1": 0.554635,
        "nauc_recall_at_5_max": 0.515318,
        "nauc_recall_at_5_std": 0.204134,
        "nauc_recall_at_5_diff1": 0.541868,
        "nauc_recall_at_10_max": 0.594266,
        "nauc_recall_at_10_std": 0.302731,
        "nauc_recall_at_10_diff1": 0.519848,
        "nauc_recall_at_20_max": 0.6912,
        "nauc_recall_at_20_std": 0.425438,
        "nauc_recall_at_20_diff1": 0.501875,
        "nauc_recall_at_100_max": 0.832826,
        "nauc_recall_at_100_std": 0.653374,
        "nauc_recall_at_100_diff1": 0.518719,
        "nauc_recall_at_1000_max": 0.561392,
        "nauc_recall_at_1000_std": 0.613695,
        "nauc_recall_at_1000_diff1": 0.240446,
        "nauc_precision_at_1_max": 0.327878,
        "nauc_precision_at_1_std": 0.056285,
        "nauc_precision_at_1_diff1": 0.614488,
        "nauc_precision_at_3_max": 0.453204,
        "nauc_precision_at_3_std": 0.147567,
        "nauc_precision_at_3_diff1": 0.554635,
        "nauc_precision_at_5_max": 0.515318,
        "nauc_precision_at_5_std": 0.204134,
        "nauc_precision_at_5_diff1": 0.541868,
        "nauc_precision_at_10_max": 0.594266,
        "nauc_precision_at_10_std": 0.302731,
        "nauc_precision_at_10_diff1": 0.519848,
        "nauc_precision_at_20_max": 0.6912,
        "nauc_precision_at_20_std": 0.425438,
        "nauc_precision_at_20_diff1": 0.501875,
        "nauc_precision_at_100_max": 0.832826,
        "nauc_precision_at_100_std": 0.653374,
        "nauc_precision_at_100_diff1": 0.518719,
        "nauc_precision_at_1000_max": 0.561392,
        "nauc_precision_at_1000_std": 0.613695,
        "nauc_precision_at_1000_diff1": 0.240446,
        "nauc_mrr_at_1_max": 0.327878,
        "nauc_mrr_at_1_std": 0.056285,
        "nauc_mrr_at_1_diff1": 0.614488,
        "nauc_mrr_at_3_max": 0.374569,
        "nauc_mrr_at_3_std": 0.089003,
        "nauc_mrr_at_3_diff1": 0.589432,
        "nauc_mrr_at_5_max": 0.381976,
        "nauc_mrr_at_5_std": 0.096023,
        "nauc_mrr_at_5_diff1": 0.588651,
        "nauc_mrr_at_10_max": 0.38445,
        "nauc_mrr_at_10_std": 0.100674,
        "nauc_mrr_at_10_diff1": 0.588138,
        "nauc_mrr_at_20_max": 0.384645,
        "nauc_mrr_at_20_std": 0.101586,
        "nauc_mrr_at_20_diff1": 0.588499,
        "nauc_mrr_at_100_max": 0.383249,
        "nauc_mrr_at_100_std": 0.100406,
        "nauc_mrr_at_100_diff1": 0.589081,
        "nauc_mrr_at_1000_max": 0.382978,
        "nauc_mrr_at_1000_std": 0.100089,
        "nauc_mrr_at_1000_diff1": 0.589145,
        "main_score": 0.65559,
        "hf_subset": "default",
        "languages": [
          "tur-Latn"
        ]
      }
    ]
  },
  "evaluation_time": 4377.720794200897,
  "kg_co2_emissions": null
}