{
  "dataset_revision": "main",
  "task_name": "TQuadRetrieval",
  "mteb_version": "1.31.3",
  "scores": {
    "test": [
      {
        "ndcg_at_1": 0.61883,
        "ndcg_at_3": 0.74715,
        "ndcg_at_5": 0.77046,
        "ndcg_at_10": 0.79526,
        "ndcg_at_20": 0.80044,
        "ndcg_at_100": 0.80249,
        "ndcg_at_1000": 0.80281,
        "map_at_1": 0.61883,
        "map_at_3": 0.71693,
        "map_at_5": 0.72999,
        "map_at_10": 0.74011,
        "map_at_20": 0.74173,
        "map_at_100": 0.74201,
        "map_at_1000": 0.74203,
        "recall_at_1": 0.61883,
        "recall_at_3": 0.83408,
        "recall_at_5": 0.89013,
        "recall_at_10": 0.96749,
        "recall_at_20": 0.98655,
        "recall_at_100": 0.99776,
        "recall_at_1000": 1.0,
        "precision_at_1": 0.61883,
        "precision_at_3": 0.27803,
        "precision_at_5": 0.17803,
        "precision_at_10": 0.09675,
        "precision_at_20": 0.04933,
        "precision_at_100": 0.00998,
        "precision_at_1000": 0.001,
        "mrr_at_1": 0.618834,
        "mrr_at_3": 0.716928,
        "mrr_at_5": 0.729933,
        "mrr_at_10": 0.740057,
        "mrr_at_20": 0.741678,
        "mrr_at_100": 0.741952,
        "mrr_at_1000": 0.741969,
        "nauc_ndcg_at_1_max": 0.067119,
        "nauc_ndcg_at_1_std": -0.321449,
        "nauc_ndcg_at_1_diff1": 0.572002,
        "nauc_ndcg_at_3_max": 0.050969,
        "nauc_ndcg_at_3_std": -0.441354,
        "nauc_ndcg_at_3_diff1": 0.510922,
        "nauc_ndcg_at_5_max": 0.046886,
        "nauc_ndcg_at_5_std": -0.458033,
        "nauc_ndcg_at_5_diff1": 0.530416,
        "nauc_ndcg_at_10_max": 0.074949,
        "nauc_ndcg_at_10_std": -0.396069,
        "nauc_ndcg_at_10_diff1": 0.548608,
        "nauc_ndcg_at_20_max": 0.079006,
        "nauc_ndcg_at_20_std": -0.377799,
        "nauc_ndcg_at_20_diff1": 0.547462,
        "nauc_ndcg_at_100_max": 0.068284,
        "nauc_ndcg_at_100_std": -0.388756,
        "nauc_ndcg_at_100_diff1": 0.543985,
        "nauc_ndcg_at_1000_max": 0.066625,
        "nauc_ndcg_at_1000_std": -0.390856,
        "nauc_ndcg_at_1000_diff1": 0.543109,
        "nauc_map_at_1_max": 0.067119,
        "nauc_map_at_1_std": -0.321449,
        "nauc_map_at_1_diff1": 0.572002,
        "nauc_map_at_3_max": 0.055521,
        "nauc_map_at_3_std": -0.404999,
        "nauc_map_at_3_diff1": 0.527522,
        "nauc_map_at_5_max": 0.054267,
        "nauc_map_at_5_std": -0.411186,
        "nauc_map_at_5_diff1": 0.538211,
        "nauc_map_at_10_max": 0.063474,
        "nauc_map_at_10_std": -0.390309,
        "nauc_map_at_10_diff1": 0.544508,
        "nauc_map_at_20_max": 0.064576,
        "nauc_map_at_20_std": -0.385409,
        "nauc_map_at_20_diff1": 0.544255,
        "nauc_map_at_100_max": 0.063447,
        "nauc_map_at_100_std": -0.386612,
        "nauc_map_at_100_diff1": 0.543854,
        "nauc_map_at_1000_max": 0.063379,
        "nauc_map_at_1000_std": -0.386697,
        "nauc_map_at_1000_diff1": 0.543818,
        "nauc_recall_at_1_max": 0.067119,
        "nauc_recall_at_1_std": -0.321449,
        "nauc_recall_at_1_diff1": 0.572002,
        "nauc_recall_at_3_max": 0.03132,
        "nauc_recall_at_3_std": -0.600056,
        "nauc_recall_at_3_diff1": 0.439678,
        "nauc_recall_at_5_max": 0.000262,
        "nauc_recall_at_5_std": -0.745203,
        "nauc_recall_at_5_diff1": 0.489716,
        "nauc_recall_at_10_max": 0.367377,
        "nauc_recall_at_10_std": -0.338045,
        "nauc_recall_at_10_diff1": 0.695899,
        "nauc_recall_at_20_max": 0.94419,
        "nauc_recall_at_20_std": 0.534295,
        "nauc_recall_at_20_diff1": 0.845229,
        "nauc_recall_at_100_max": 0.934657,
        "nauc_recall_at_100_std": 0.711738,
        "nauc_recall_at_100_diff1": 1.0,
        "nauc_recall_at_1000_max": null,
        "nauc_recall_at_1000_std": null,
        "nauc_recall_at_1000_diff1": null,
        "nauc_precision_at_1_max": 0.067119,
        "nauc_precision_at_1_std": -0.321449,
        "nauc_precision_at_1_diff1": 0.572002,
        "nauc_precision_at_3_max": 0.03132,
        "nauc_precision_at_3_std": -0.600056,
        "nauc_precision_at_3_diff1": 0.439678,
        "nauc_precision_at_5_max": 0.000262,
        "nauc_precision_at_5_std": -0.745203,
        "nauc_precision_at_5_diff1": 0.489716,
        "nauc_precision_at_10_max": 0.367377,
        "nauc_precision_at_10_std": -0.338045,
        "nauc_precision_at_10_diff1": 0.695899,
        "nauc_precision_at_20_max": 0.94419,
        "nauc_precision_at_20_std": 0.534295,
        "nauc_precision_at_20_diff1": 0.845229,
        "nauc_precision_at_100_max": 0.934657,
        "nauc_precision_at_100_std": 0.711738,
        "nauc_precision_at_100_diff1": 1.0,
        "nauc_precision_at_1000_max": null,
        "nauc_precision_at_1000_std": null,
        "nauc_precision_at_1000_diff1": null,
        "nauc_mrr_at_1_max": 0.067119,
        "nauc_mrr_at_1_std": -0.321449,
        "nauc_mrr_at_1_diff1": 0.572002,
        "nauc_mrr_at_3_max": 0.055521,
        "nauc_mrr_at_3_std": -0.404999,
        "nauc_mrr_at_3_diff1": 0.527522,
        "nauc_mrr_at_5_max": 0.054213,
        "nauc_mrr_at_5_std": -0.411382,
        "nauc_mrr_at_5_diff1": 0.538184,
        "nauc_mrr_at_10_max": 0.063416,
        "nauc_mrr_at_10_std": -0.390519,
        "nauc_mrr_at_10_diff1": 0.544478,
        "nauc_mrr_at_20_max": 0.064517,
        "nauc_mrr_at_20_std": -0.385621,
        "nauc_mrr_at_20_diff1": 0.544225,
        "nauc_mrr_at_100_max": 0.063388,
        "nauc_mrr_at_100_std": -0.386825,
        "nauc_mrr_at_100_diff1": 0.543824,
        "nauc_mrr_at_1000_max": 0.06332,
        "nauc_mrr_at_1000_std": -0.38691,
        "nauc_mrr_at_1000_diff1": 0.543788,
        "main_score": 0.79526,
        "hf_subset": "default",
        "languages": [
          "tur-Latn"
        ]
      }
    ]
  },
  "evaluation_time": 376.9707157611847,
  "kg_co2_emissions": null
}