{
  "dataset_revision": "51adfef1c1287aab1d2d91b5bead9bcfb9c68583",
  "task_name": "XQuADRetrieval",
  "mteb_version": "1.31.3",
  "scores": {
    "validation": [
      {
        "ndcg_at_1": 0.82179,
        "ndcg_at_3": 0.88751,
        "ndcg_at_5": 0.89838,
        "ndcg_at_10": 0.90335,
        "ndcg_at_20": 0.90659,
        "ndcg_at_100": 0.90905,
        "ndcg_at_1000": 0.90917,
        "map_at_1": 0.82179,
        "map_at_3": 0.8719,
        "map_at_5": 0.87798,
        "map_at_10": 0.88007,
        "map_at_20": 0.88098,
        "map_at_100": 0.88137,
        "map_at_1000": 0.88137,
        "recall_at_1": 0.82179,
        "recall_at_3": 0.93243,
        "recall_at_5": 0.95861,
        "recall_at_10": 0.97382,
        "recall_at_20": 0.98649,
        "recall_at_100": 0.99916,
        "recall_at_1000": 1.0,
        "precision_at_1": 0.82179,
        "precision_at_3": 0.31081,
        "precision_at_5": 0.19172,
        "precision_at_10": 0.09738,
        "precision_at_20": 0.04932,
        "precision_at_100": 0.00999,
        "precision_at_1000": 0.001,
        "mrr_at_1": 0.821791,
        "mrr_at_3": 0.871903,
        "mrr_at_5": 0.877984,
        "mrr_at_10": 0.880073,
        "mrr_at_20": 0.880981,
        "mrr_at_100": 0.881367,
        "mrr_at_1000": 0.881373,
        "nauc_ndcg_at_1_max": 0.621725,
        "nauc_ndcg_at_1_std": 0.057159,
        "nauc_ndcg_at_1_diff1": 0.870115,
        "nauc_ndcg_at_3_max": 0.704083,
        "nauc_ndcg_at_3_std": 0.210555,
        "nauc_ndcg_at_3_diff1": 0.854073,
        "nauc_ndcg_at_5_max": 0.704831,
        "nauc_ndcg_at_5_std": 0.211732,
        "nauc_ndcg_at_5_diff1": 0.859128,
        "nauc_ndcg_at_10_max": 0.692399,
        "nauc_ndcg_at_10_std": 0.191021,
        "nauc_ndcg_at_10_diff1": 0.856417,
        "nauc_ndcg_at_20_max": 0.684992,
        "nauc_ndcg_at_20_std": 0.179201,
        "nauc_ndcg_at_20_diff1": 0.860143,
        "nauc_ndcg_at_100_max": 0.677113,
        "nauc_ndcg_at_100_std": 0.160543,
        "nauc_ndcg_at_100_diff1": 0.860272,
        "nauc_ndcg_at_1000_max": 0.676676,
        "nauc_ndcg_at_1000_std": 0.159406,
        "nauc_ndcg_at_1000_diff1": 0.86026,
        "nauc_map_at_1_max": 0.621725,
        "nauc_map_at_1_std": 0.057159,
        "nauc_map_at_1_diff1": 0.870115,
        "nauc_map_at_3_max": 0.677346,
        "nauc_map_at_3_std": 0.158853,
        "nauc_map_at_3_diff1": 0.858302,
        "nauc_map_at_5_max": 0.67641,
        "nauc_map_at_5_std": 0.157246,
        "nauc_map_at_5_diff1": 0.860843,
        "nauc_map_at_10_max": 0.671732,
        "nauc_map_at_10_std": 0.149621,
        "nauc_map_at_10_diff1": 0.860029,
        "nauc_map_at_20_max": 0.669953,
        "nauc_map_at_20_std": 0.146524,
        "nauc_map_at_20_diff1": 0.860888,
        "nauc_map_at_100_max": 0.66896,
        "nauc_map_at_100_std": 0.144095,
        "nauc_map_at_100_diff1": 0.860969,
        "nauc_map_at_1000_max": 0.668943,
        "nauc_map_at_1000_std": 0.14405,
        "nauc_map_at_1000_diff1": 0.860968,
        "nauc_recall_at_1_max": 0.621725,
        "nauc_recall_at_1_std": 0.057159,
        "nauc_recall_at_1_diff1": 0.870115,
        "nauc_recall_at_3_max": 0.844207,
        "nauc_recall_at_3_std": 0.482967,
        "nauc_recall_at_3_diff1": 0.832658,
        "nauc_recall_at_5_max": 0.935892,
        "nauc_recall_at_5_std": 0.655791,
        "nauc_recall_at_5_diff1": 0.848432,
        "nauc_recall_at_10_max": 0.933979,
        "nauc_recall_at_10_std": 0.680198,
        "nauc_recall_at_10_diff1": 0.81117,
        "nauc_recall_at_20_max": 0.967333,
        "nauc_recall_at_20_std": 0.842146,
        "nauc_recall_at_20_diff1": 0.864627,
        "nauc_recall_at_100_max": 1.0,
        "nauc_recall_at_100_std": 1.0,
        "nauc_recall_at_100_diff1": 0.86933,
        "nauc_recall_at_1000_max": NaN,
        "nauc_recall_at_1000_std": NaN,
        "nauc_recall_at_1000_diff1": NaN,
        "nauc_precision_at_1_max": 0.621725,
        "nauc_precision_at_1_std": 0.057159,
        "nauc_precision_at_1_diff1": 0.870115,
        "nauc_precision_at_3_max": 0.844207,
        "nauc_precision_at_3_std": 0.482967,
        "nauc_precision_at_3_diff1": 0.832658,
        "nauc_precision_at_5_max": 0.935892,
        "nauc_precision_at_5_std": 0.655791,
        "nauc_precision_at_5_diff1": 0.848432,
        "nauc_precision_at_10_max": 0.933979,
        "nauc_precision_at_10_std": 0.680198,
        "nauc_precision_at_10_diff1": 0.81117,
        "nauc_precision_at_20_max": 0.967333,
        "nauc_precision_at_20_std": 0.842146,
        "nauc_precision_at_20_diff1": 0.864627,
        "nauc_precision_at_100_max": 1.0,
        "nauc_precision_at_100_std": 1.0,
        "nauc_precision_at_100_diff1": 0.86933,
        "nauc_precision_at_1000_max": 1.0,
        "nauc_precision_at_1000_std": 1.0,
        "nauc_precision_at_1000_diff1": 1.0,
        "nauc_mrr_at_1_max": 0.621725,
        "nauc_mrr_at_1_std": 0.057159,
        "nauc_mrr_at_1_diff1": 0.870115,
        "nauc_mrr_at_3_max": 0.677346,
        "nauc_mrr_at_3_std": 0.158853,
        "nauc_mrr_at_3_diff1": 0.858302,
        "nauc_mrr_at_5_max": 0.67641,
        "nauc_mrr_at_5_std": 0.157246,
        "nauc_mrr_at_5_diff1": 0.860843,
        "nauc_mrr_at_10_max": 0.671732,
        "nauc_mrr_at_10_std": 0.149621,
        "nauc_mrr_at_10_diff1": 0.860029,
        "nauc_mrr_at_20_max": 0.669953,
        "nauc_mrr_at_20_std": 0.146524,
        "nauc_mrr_at_20_diff1": 0.860888,
        "nauc_mrr_at_100_max": 0.66896,
        "nauc_mrr_at_100_std": 0.144095,
        "nauc_mrr_at_100_diff1": 0.860969,
        "nauc_mrr_at_1000_max": 0.668943,
        "nauc_mrr_at_1000_std": 0.14405,
        "nauc_mrr_at_1000_diff1": 0.860968,
        "main_score": 0.90335,
        "hf_subset": "tr",
        "languages": [
          "tur-Latn"
        ]
      }
    ]
  },
  "evaluation_time": 630.741400718689,
  "kg_co2_emissions": null
}