{
  "dataset_revision": "main",
  "task_name": "ArguAnaTR",
  "mteb_version": "1.31.3",
  "scores": {
    "test": [
      {
        "ndcg_at_1": 0.1771,
        "ndcg_at_3": 0.29133,
        "ndcg_at_5": 0.3414,
        "ndcg_at_10": 0.39344,
        "ndcg_at_20": 0.43266,
        "ndcg_at_100": 0.45811,
        "ndcg_at_1000": 0.46405,
        "map_at_1": 0.1771,
        "map_at_3": 0.26257,
        "map_at_5": 0.29034,
        "map_at_10": 0.31185,
        "map_at_20": 0.32272,
        "map_at_100": 0.32644,
        "map_at_1000": 0.32669,
        "recall_at_1": 0.1771,
        "recall_at_3": 0.37482,
        "recall_at_5": 0.49644,
        "recall_at_10": 0.65718,
        "recall_at_20": 0.81152,
        "recall_at_100": 0.94595,
        "recall_at_1000": 0.99147,
        "precision_at_1": 0.1771,
        "precision_at_3": 0.12494,
        "precision_at_5": 0.09929,
        "precision_at_10": 0.06572,
        "precision_at_20": 0.04058,
        "precision_at_100": 0.00946,
        "precision_at_1000": 0.00099,
        "mrr_at_1": 0.178521,
        "mrr_at_3": 0.263395,
        "mrr_at_5": 0.290778,
        "mrr_at_10": 0.31235,
        "mrr_at_20": 0.323188,
        "mrr_at_100": 0.326877,
        "mrr_at_1000": 0.327123,
        "nauc_ndcg_at_1_max": -0.060896,
        "nauc_ndcg_at_1_std": -0.056326,
        "nauc_ndcg_at_1_diff1": 0.120048,
        "nauc_ndcg_at_3_max": -0.031198,
        "nauc_ndcg_at_3_std": -0.057016,
        "nauc_ndcg_at_3_diff1": 0.083371,
        "nauc_ndcg_at_5_max": -0.005159,
        "nauc_ndcg_at_5_std": -0.041985,
        "nauc_ndcg_at_5_diff1": 0.089579,
        "nauc_ndcg_at_10_max": 0.010427,
        "nauc_ndcg_at_10_std": -0.03743,
        "nauc_ndcg_at_10_diff1": 0.091205,
        "nauc_ndcg_at_20_max": 0.005527,
        "nauc_ndcg_at_20_std": -0.033443,
        "nauc_ndcg_at_20_diff1": 0.093019,
        "nauc_ndcg_at_100_max": -0.001425,
        "nauc_ndcg_at_100_std": -0.027098,
        "nauc_ndcg_at_100_diff1": 0.094196,
        "nauc_ndcg_at_1000_max": -0.008037,
        "nauc_ndcg_at_1000_std": -0.036583,
        "nauc_ndcg_at_1000_diff1": 0.093611,
        "nauc_map_at_1_max": -0.060896,
        "nauc_map_at_1_std": -0.056326,
        "nauc_map_at_1_diff1": 0.120048,
        "nauc_map_at_3_max": -0.038061,
        "nauc_map_at_3_std": -0.056923,
        "nauc_map_at_3_diff1": 0.090596,
        "nauc_map_at_5_max": -0.023483,
        "nauc_map_at_5_std": -0.048479,
        "nauc_map_at_5_diff1": 0.093773,
        "nauc_map_at_10_max": -0.017639,
        "nauc_map_at_10_std": -0.047804,
        "nauc_map_at_10_diff1": 0.094747,
        "nauc_map_at_20_max": -0.019508,
        "nauc_map_at_20_std": -0.046697,
        "nauc_map_at_20_diff1": 0.09523,
        "nauc_map_at_100_max": -0.020606,
        "nauc_map_at_100_std": -0.046393,
        "nauc_map_at_100_diff1": 0.09553,
        "nauc_map_at_1000_max": -0.020902,
        "nauc_map_at_1000_std": -0.046702,
        "nauc_map_at_1000_diff1": 0.095484,
        "nauc_recall_at_1_max": -0.060896,
        "nauc_recall_at_1_std": -0.056326,
        "nauc_recall_at_1_diff1": 0.120048,
        "nauc_recall_at_3_max": -0.013912,
        "nauc_recall_at_3_std": -0.057229,
        "nauc_recall_at_3_diff1": 0.065571,
        "nauc_recall_at_5_max": 0.045177,
        "nauc_recall_at_5_std": -0.023365,
        "nauc_recall_at_5_diff1": 0.080429,
        "nauc_recall_at_10_max": 0.107795,
        "nauc_recall_at_10_std": 0.001522,
        "nauc_recall_at_10_diff1": 0.082488,
        "nauc_recall_at_20_max": 0.135518,
        "nauc_recall_at_20_std": 0.044402,
        "nauc_recall_at_20_diff1": 0.089278,
        "nauc_recall_at_100_max": 0.255255,
        "nauc_recall_at_100_std": 0.396458,
        "nauc_recall_at_100_diff1": 0.101021,
        "nauc_recall_at_1000_max": 0.279185,
        "nauc_recall_at_1000_std": 0.548355,
        "nauc_recall_at_1000_diff1": 0.050067,
        "nauc_precision_at_1_max": -0.060896,
        "nauc_precision_at_1_std": -0.056326,
        "nauc_precision_at_1_diff1": 0.120048,
        "nauc_precision_at_3_max": -0.013912,
        "nauc_precision_at_3_std": -0.057229,
        "nauc_precision_at_3_diff1": 0.065571,
        "nauc_precision_at_5_max": 0.045177,
        "nauc_precision_at_5_std": -0.023365,
        "nauc_precision_at_5_diff1": 0.080429,
        "nauc_precision_at_10_max": 0.107795,
        "nauc_precision_at_10_std": 0.001522,
        "nauc_precision_at_10_diff1": 0.082488,
        "nauc_precision_at_20_max": 0.135518,
        "nauc_precision_at_20_std": 0.044402,
        "nauc_precision_at_20_diff1": 0.089278,
        "nauc_precision_at_100_max": 0.255255,
        "nauc_precision_at_100_std": 0.396458,
        "nauc_precision_at_100_diff1": 0.101021,
        "nauc_precision_at_1000_max": 0.279185,
        "nauc_precision_at_1000_std": 0.548355,
        "nauc_precision_at_1000_diff1": 0.050067,
        "nauc_mrr_at_1_max": -0.059758,
        "nauc_mrr_at_1_std": -0.052792,
        "nauc_mrr_at_1_diff1": 0.113926,
        "nauc_mrr_at_3_max": -0.038934,
        "nauc_mrr_at_3_std": -0.056274,
        "nauc_mrr_at_3_diff1": 0.086693,
        "nauc_mrr_at_5_max": -0.025956,
        "nauc_mrr_at_5_std": -0.048039,
        "nauc_mrr_at_5_diff1": 0.088121,
        "nauc_mrr_at_10_max": -0.018878,
        "nauc_mrr_at_10_std": -0.04625,
        "nauc_mrr_at_10_diff1": 0.090154,
        "nauc_mrr_at_20_max": -0.021213,
        "nauc_mrr_at_20_std": -0.045465,
        "nauc_mrr_at_20_diff1": 0.090041,
        "nauc_mrr_at_100_max": -0.022226,
        "nauc_mrr_at_100_std": -0.045057,
        "nauc_mrr_at_100_diff1": 0.090232,
        "nauc_mrr_at_1000_max": -0.022523,
        "nauc_mrr_at_1000_std": -0.045364,
        "nauc_mrr_at_1000_diff1": 0.090182,
        "main_score": 0.39344,
        "hf_subset": "default",
        "languages": [
          "tur-Latn"
        ]
      }
    ]
  },
  "evaluation_time": 35.35473608970642,
  "kg_co2_emissions": null
}