{
  "dataset_revision": "main",
  "task_name": "CQADupstackGamingRetrievalTR",
  "mteb_version": "1.31.3",
  "scores": {
    "test": [
      {
        "ndcg_at_1": 0.33873,
        "ndcg_at_3": 0.41255,
        "ndcg_at_5": 0.4368,
        "ndcg_at_10": 0.46164,
        "ndcg_at_20": 0.47812,
        "ndcg_at_100": 0.50756,
        "ndcg_at_1000": 0.52733,
        "map_at_1": 0.33873,
        "map_at_3": 0.39384,
        "map_at_5": 0.40733,
        "map_at_10": 0.41769,
        "map_at_20": 0.42218,
        "map_at_100": 0.42635,
        "map_at_1000": 0.42706,
        "recall_at_1": 0.33873,
        "recall_at_3": 0.46694,
        "recall_at_5": 0.52564,
        "recall_at_10": 0.60189,
        "recall_at_20": 0.66734,
        "recall_at_100": 0.82456,
        "recall_at_1000": 0.98178,
        "precision_at_1": 0.33873,
        "precision_at_3": 0.15565,
        "precision_at_5": 0.10513,
        "precision_at_10": 0.06019,
        "precision_at_20": 0.03337,
        "precision_at_100": 0.00825,
        "precision_at_1000": 0.00098,
        "mrr_at_1": 0.338731,
        "mrr_at_3": 0.393837,
        "mrr_at_5": 0.407332,
        "mrr_at_10": 0.417688,
        "mrr_at_20": 0.42218,
        "mrr_at_100": 0.426349,
        "mrr_at_1000": 0.427064,
        "nauc_ndcg_at_1_max": 0.387466,
        "nauc_ndcg_at_1_std": -0.016639,
        "nauc_ndcg_at_1_diff1": 0.609881,
        "nauc_ndcg_at_3_max": 0.388912,
        "nauc_ndcg_at_3_std": -0.017035,
        "nauc_ndcg_at_3_diff1": 0.567631,
        "nauc_ndcg_at_5_max": 0.381425,
        "nauc_ndcg_at_5_std": -0.005807,
        "nauc_ndcg_at_5_diff1": 0.547988,
        "nauc_ndcg_at_10_max": 0.3886,
        "nauc_ndcg_at_10_std": 0.010726,
        "nauc_ndcg_at_10_diff1": 0.537378,
        "nauc_ndcg_at_20_max": 0.389348,
        "nauc_ndcg_at_20_std": 0.016255,
        "nauc_ndcg_at_20_diff1": 0.534013,
        "nauc_ndcg_at_100_max": 0.388512,
        "nauc_ndcg_at_100_std": 0.023421,
        "nauc_ndcg_at_100_diff1": 0.535771,
        "nauc_ndcg_at_1000_max": 0.387236,
        "nauc_ndcg_at_1000_std": 0.011,
        "nauc_ndcg_at_1000_diff1": 0.546596,
        "nauc_map_at_1_max": 0.387466,
        "nauc_map_at_1_std": -0.016639,
        "nauc_map_at_1_diff1": 0.609881,
        "nauc_map_at_3_max": 0.388434,
        "nauc_map_at_3_std": -0.017338,
        "nauc_map_at_3_diff1": 0.577232,
        "nauc_map_at_5_max": 0.384121,
        "nauc_map_at_5_std": -0.011251,
        "nauc_map_at_5_diff1": 0.56636,
        "nauc_map_at_10_max": 0.387123,
        "nauc_map_at_10_std": -0.004796,
        "nauc_map_at_10_diff1": 0.56223,
        "nauc_map_at_20_max": 0.387327,
        "nauc_map_at_20_std": -0.003529,
        "nauc_map_at_20_diff1": 0.561493,
        "nauc_map_at_100_max": 0.387378,
        "nauc_map_at_100_std": -0.002594,
        "nauc_map_at_100_diff1": 0.561705,
        "nauc_map_at_1000_max": 0.387339,
        "nauc_map_at_1000_std": -0.002936,
        "nauc_map_at_1000_diff1": 0.562105,
        "nauc_recall_at_1_max": 0.387466,
        "nauc_recall_at_1_std": -0.016639,
        "nauc_recall_at_1_diff1": 0.609881,
        "nauc_recall_at_3_max": 0.390345,
        "nauc_recall_at_3_std": -0.015998,
        "nauc_recall_at_3_diff1": 0.540145,
        "nauc_recall_at_5_max": 0.372581,
        "nauc_recall_at_5_std": 0.01236,
        "nauc_recall_at_5_diff1": 0.490811,
        "nauc_recall_at_10_max": 0.395354,
        "nauc_recall_at_10_std": 0.070328,
        "nauc_recall_at_10_diff1": 0.450382,
        "nauc_recall_at_20_max": 0.399619,
        "nauc_recall_at_20_std": 0.104925,
        "nauc_recall_at_20_diff1": 0.423391,
        "nauc_recall_at_100_max": 0.392893,
        "nauc_recall_at_100_std": 0.23123,
        "nauc_recall_at_100_diff1": 0.372026,
        "nauc_recall_at_1000_max": 0.273012,
        "nauc_recall_at_1000_std": 0.247072,
        "nauc_recall_at_1000_diff1": 0.406378,
        "nauc_precision_at_1_max": 0.387466,
        "nauc_precision_at_1_std": -0.016639,
        "nauc_precision_at_1_diff1": 0.609881,
        "nauc_precision_at_3_max": 0.390345,
        "nauc_precision_at_3_std": -0.015998,
        "nauc_precision_at_3_diff1": 0.540145,
        "nauc_precision_at_5_max": 0.372581,
        "nauc_precision_at_5_std": 0.01236,
        "nauc_precision_at_5_diff1": 0.490811,
        "nauc_precision_at_10_max": 0.395354,
        "nauc_precision_at_10_std": 0.070328,
        "nauc_precision_at_10_diff1": 0.450382,
        "nauc_precision_at_20_max": 0.399619,
        "nauc_precision_at_20_std": 0.104925,
        "nauc_precision_at_20_diff1": 0.423391,
        "nauc_precision_at_100_max": 0.392893,
        "nauc_precision_at_100_std": 0.23123,
        "nauc_precision_at_100_diff1": 0.372026,
        "nauc_precision_at_1000_max": 0.273012,
        "nauc_precision_at_1000_std": 0.247072,
        "nauc_precision_at_1000_diff1": 0.406378,
        "nauc_mrr_at_1_max": 0.387466,
        "nauc_mrr_at_1_std": -0.016639,
        "nauc_mrr_at_1_diff1": 0.609881,
        "nauc_mrr_at_3_max": 0.388434,
        "nauc_mrr_at_3_std": -0.017338,
        "nauc_mrr_at_3_diff1": 0.577232,
        "nauc_mrr_at_5_max": 0.384121,
        "nauc_mrr_at_5_std": -0.011251,
        "nauc_mrr_at_5_diff1": 0.56636,
        "nauc_mrr_at_10_max": 0.387123,
        "nauc_mrr_at_10_std": -0.004796,
        "nauc_mrr_at_10_diff1": 0.56223,
        "nauc_mrr_at_20_max": 0.387327,
        "nauc_mrr_at_20_std": -0.003529,
        "nauc_mrr_at_20_diff1": 0.561493,
        "nauc_mrr_at_100_max": 0.387378,
        "nauc_mrr_at_100_std": -0.002594,
        "nauc_mrr_at_100_diff1": 0.561705,
        "nauc_mrr_at_1000_max": 0.387339,
        "nauc_mrr_at_1000_std": -0.002936,
        "nauc_mrr_at_1000_diff1": 0.562105,
        "main_score": 0.46164,
        "hf_subset": "default",
        "languages": [
          "tur-Latn"
        ]
      }
    ]
  },
  "evaluation_time": 8.93788480758667,
  "kg_co2_emissions": null
}