{
  "dataset_revision": "main",
  "task_name": "FiQA2018TR",
  "mteb_version": "1.31.3",
  "scores": {
    "test": [
      {
        "ndcg_at_1": 0.16049,
        "ndcg_at_3": 0.22433,
        "ndcg_at_5": 0.25137,
        "ndcg_at_10": 0.27918,
        "ndcg_at_20": 0.30167,
        "ndcg_at_100": 0.33979,
        "ndcg_at_1000": 0.37055,
        "map_at_1": 0.16049,
        "map_at_3": 0.20808,
        "map_at_5": 0.22328,
        "map_at_10": 0.23469,
        "map_at_20": 0.24079,
        "map_at_100": 0.24566,
        "map_at_1000": 0.24673,
        "recall_at_1": 0.16049,
        "recall_at_3": 0.2716,
        "recall_at_5": 0.33642,
        "recall_at_10": 0.42284,
        "recall_at_20": 0.51235,
        "recall_at_100": 0.72377,
        "recall_at_1000": 0.97068,
        "precision_at_1": 0.16049,
        "precision_at_3": 0.09053,
        "precision_at_5": 0.06728,
        "precision_at_10": 0.04228,
        "precision_at_20": 0.02562,
        "precision_at_100": 0.00724,
        "precision_at_1000": 0.00097,
        "mrr_at_1": 0.160494,
        "mrr_at_3": 0.208076,
        "mrr_at_5": 0.223277,
        "mrr_at_10": 0.234687,
        "mrr_at_20": 0.240788,
        "mrr_at_100": 0.24566,
        "mrr_at_1000": 0.246733,
        "nauc_ndcg_at_1_max": 0.128546,
        "nauc_ndcg_at_1_std": -0.121854,
        "nauc_ndcg_at_1_diff1": 0.422265,
        "nauc_ndcg_at_3_max": 0.136761,
        "nauc_ndcg_at_3_std": -0.113801,
        "nauc_ndcg_at_3_diff1": 0.35974,
        "nauc_ndcg_at_5_max": 0.155751,
        "nauc_ndcg_at_5_std": -0.112213,
        "nauc_ndcg_at_5_diff1": 0.348841,
        "nauc_ndcg_at_10_max": 0.132875,
        "nauc_ndcg_at_10_std": -0.119294,
        "nauc_ndcg_at_10_diff1": 0.319701,
        "nauc_ndcg_at_20_max": 0.131022,
        "nauc_ndcg_at_20_std": -0.121187,
        "nauc_ndcg_at_20_diff1": 0.320421,
        "nauc_ndcg_at_100_max": 0.139482,
        "nauc_ndcg_at_100_std": -0.101529,
        "nauc_ndcg_at_100_diff1": 0.32798,
        "nauc_ndcg_at_1000_max": 0.143659,
        "nauc_ndcg_at_1000_std": -0.100404,
        "nauc_ndcg_at_1000_diff1": 0.339471,
        "nauc_map_at_1_max": 0.128546,
        "nauc_map_at_1_std": -0.121854,
        "nauc_map_at_1_diff1": 0.422265,
        "nauc_map_at_3_max": 0.135265,
        "nauc_map_at_3_std": -0.115303,
        "nauc_map_at_3_diff1": 0.373461,
        "nauc_map_at_5_max": 0.146719,
        "nauc_map_at_5_std": -0.114222,
        "nauc_map_at_5_diff1": 0.366596,
        "nauc_map_at_10_max": 0.136827,
        "nauc_map_at_10_std": -0.117657,
        "nauc_map_at_10_diff1": 0.353767,
        "nauc_map_at_20_max": 0.13628,
        "nauc_map_at_20_std": -0.118598,
        "nauc_map_at_20_diff1": 0.354636,
        "nauc_map_at_100_max": 0.137042,
        "nauc_map_at_100_std": -0.116465,
        "nauc_map_at_100_diff1": 0.356518,
        "nauc_map_at_1000_max": 0.137406,
        "nauc_map_at_1000_std": -0.116099,
        "nauc_map_at_1000_diff1": 0.356794,
        "nauc_recall_at_1_max": 0.128546,
        "nauc_recall_at_1_std": -0.121854,
        "nauc_recall_at_1_diff1": 0.422265,
        "nauc_recall_at_3_max": 0.140378,
        "nauc_recall_at_3_std": -0.110154,
        "nauc_recall_at_3_diff1": 0.325615,
        "nauc_recall_at_5_max": 0.178967,
        "nauc_recall_at_5_std": -0.107469,
        "nauc_recall_at_5_diff1": 0.30565,
        "nauc_recall_at_10_max": 0.117811,
        "nauc_recall_at_10_std": -0.124738,
        "nauc_recall_at_10_diff1": 0.229801,
        "nauc_recall_at_20_max": 0.110894,
        "nauc_recall_at_20_std": -0.128956,
        "nauc_recall_at_20_diff1": 0.225135,
        "nauc_recall_at_100_max": 0.163129,
        "nauc_recall_at_100_std": 0.000572,
        "nauc_recall_at_100_diff1": 0.223459,
        "nauc_recall_at_1000_max": 0.479962,
        "nauc_recall_at_1000_std": 0.597136,
        "nauc_recall_at_1000_diff1": 0.35504,
        "nauc_precision_at_1_max": 0.128546,
        "nauc_precision_at_1_std": -0.121854,
        "nauc_precision_at_1_diff1": 0.422265,
        "nauc_precision_at_3_max": 0.140378,
        "nauc_precision_at_3_std": -0.110154,
        "nauc_precision_at_3_diff1": 0.325615,
        "nauc_precision_at_5_max": 0.178967,
        "nauc_precision_at_5_std": -0.107469,
        "nauc_precision_at_5_diff1": 0.30565,
        "nauc_precision_at_10_max": 0.117811,
        "nauc_precision_at_10_std": -0.124738,
        "nauc_precision_at_10_diff1": 0.229801,
        "nauc_precision_at_20_max": 0.110894,
        "nauc_precision_at_20_std": -0.128956,
        "nauc_precision_at_20_diff1": 0.225135,
        "nauc_precision_at_100_max": 0.163129,
        "nauc_precision_at_100_std": 0.000572,
        "nauc_precision_at_100_diff1": 0.223459,
        "nauc_precision_at_1000_max": 0.479962,
        "nauc_precision_at_1000_std": 0.597136,
        "nauc_precision_at_1000_diff1": 0.35504,
        "nauc_mrr_at_1_max": 0.128546,
        "nauc_mrr_at_1_std": -0.121854,
        "nauc_mrr_at_1_diff1": 0.422265,
        "nauc_mrr_at_3_max": 0.135265,
        "nauc_mrr_at_3_std": -0.115303,
        "nauc_mrr_at_3_diff1": 0.373461,
        "nauc_mrr_at_5_max": 0.146719,
        "nauc_mrr_at_5_std": -0.114222,
        "nauc_mrr_at_5_diff1": 0.366596,
        "nauc_mrr_at_10_max": 0.136827,
        "nauc_mrr_at_10_std": -0.117657,
        "nauc_mrr_at_10_diff1": 0.353767,
        "nauc_mrr_at_20_max": 0.13628,
        "nauc_mrr_at_20_std": -0.118598,
        "nauc_mrr_at_20_diff1": 0.354636,
        "nauc_mrr_at_100_max": 0.137042,
        "nauc_mrr_at_100_std": -0.116465,
        "nauc_mrr_at_100_diff1": 0.356518,
        "nauc_mrr_at_1000_max": 0.137406,
        "nauc_mrr_at_1000_std": -0.116099,
        "nauc_mrr_at_1000_diff1": 0.356794,
        "main_score": 0.27918,
        "hf_subset": "default",
        "languages": [
          "tur-Latn"
        ]
      }
    ]
  },
  "evaluation_time": 7.009196043014526,
  "kg_co2_emissions": null
}