{
  "dataset_revision": "main",
  "task_name": "NFCorpusTR",
  "mteb_version": "1.31.3",
  "scores": {
    "test": [
      {
        "ndcg_at_1": 0.01969,
        "ndcg_at_3": 0.03946,
        "ndcg_at_5": 0.04777,
        "ndcg_at_10": 0.05496,
        "ndcg_at_20": 0.06741,
        "ndcg_at_100": 0.09522,
        "ndcg_at_1000": 0.16031,
        "map_at_1": 0.01969,
        "map_at_3": 0.03412,
        "map_at_5": 0.03885,
        "map_at_10": 0.04155,
        "map_at_20": 0.04471,
        "map_at_100": 0.04859,
        "map_at_1000": 0.05012,
        "recall_at_1": 0.01969,
        "recall_at_3": 0.05512,
        "recall_at_5": 0.0748,
        "recall_at_10": 0.09843,
        "recall_at_20": 0.14961,
        "recall_at_100": 0.29921,
        "recall_at_1000": 0.86614,
        "precision_at_1": 0.01969,
        "precision_at_3": 0.01837,
        "precision_at_5": 0.01496,
        "precision_at_10": 0.00984,
        "precision_at_20": 0.00748,
        "precision_at_100": 0.00299,
        "precision_at_1000": 0.00087,
        "mrr_at_1": 0.019685,
        "mrr_at_3": 0.034121,
        "mrr_at_5": 0.038845,
        "mrr_at_10": 0.041546,
        "mrr_at_20": 0.044713,
        "mrr_at_100": 0.048591,
        "mrr_at_1000": 0.050122,
        "nauc_ndcg_at_1_max": 0.513422,
        "nauc_ndcg_at_1_std": -0.059706,
        "nauc_ndcg_at_1_diff1": 0.751096,
        "nauc_ndcg_at_3_max": 0.212996,
        "nauc_ndcg_at_3_std": -0.021612,
        "nauc_ndcg_at_3_diff1": 0.463029,
        "nauc_ndcg_at_5_max": 0.20059,
        "nauc_ndcg_at_5_std": 0.002083,
        "nauc_ndcg_at_5_diff1": 0.414575,
        "nauc_ndcg_at_10_max": 0.178487,
        "nauc_ndcg_at_10_std": -0.000257,
        "nauc_ndcg_at_10_diff1": 0.379077,
        "nauc_ndcg_at_20_max": 0.182362,
        "nauc_ndcg_at_20_std": 0.017493,
        "nauc_ndcg_at_20_diff1": 0.339286,
        "nauc_ndcg_at_100_max": 0.19854,
        "nauc_ndcg_at_100_std": 0.038039,
        "nauc_ndcg_at_100_diff1": 0.337371,
        "nauc_ndcg_at_1000_max": 0.183698,
        "nauc_ndcg_at_1000_std": 0.016809,
        "nauc_ndcg_at_1000_diff1": 0.363891,
        "nauc_map_at_1_max": 0.513422,
        "nauc_map_at_1_std": -0.059706,
        "nauc_map_at_1_diff1": 0.751096,
        "nauc_map_at_3_max": 0.260886,
        "nauc_map_at_3_std": -0.018845,
        "nauc_map_at_3_diff1": 0.506883,
        "nauc_map_at_5_max": 0.247246,
        "nauc_map_at_5_std": -0.003124,
        "nauc_map_at_5_diff1": 0.469353,
        "nauc_map_at_10_max": 0.232847,
        "nauc_map_at_10_std": -0.003399,
        "nauc_map_at_10_diff1": 0.448161,
        "nauc_map_at_20_max": 0.232587,
        "nauc_map_at_20_std": 0.003364,
        "nauc_map_at_20_diff1": 0.428384,
        "nauc_map_at_100_max": 0.231476,
        "nauc_map_at_100_std": 0.006263,
        "nauc_map_at_100_diff1": 0.42374,
        "nauc_map_at_1000_max": 0.232017,
        "nauc_map_at_1000_std": 0.006499,
        "nauc_map_at_1000_diff1": 0.424017,
        "nauc_recall_at_1_max": 0.513422,
        "nauc_recall_at_1_std": -0.059706,
        "nauc_recall_at_1_diff1": 0.751096,
        "nauc_recall_at_3_max": 0.125887,
        "nauc_recall_at_3_std": -0.028617,
        "nauc_recall_at_3_diff1": 0.38372,
        "nauc_recall_at_5_max": 0.128177,
        "nauc_recall_at_5_std": 0.010204,
        "nauc_recall_at_5_diff1": 0.3276,
        "nauc_recall_at_10_max": 0.105931,
        "nauc_recall_at_10_std": 0.002628,
        "nauc_recall_at_10_diff1": 0.283317,
        "nauc_recall_at_20_max": 0.129717,
        "nauc_recall_at_20_std": 0.036592,
        "nauc_recall_at_20_diff1": 0.234247,
        "nauc_recall_at_100_max": 0.189099,
        "nauc_recall_at_100_std": 0.080806,
        "nauc_recall_at_100_diff1": 0.267428,
        "nauc_recall_at_1000_max": 0.026225,
        "nauc_recall_at_1000_std": -0.057262,
        "nauc_recall_at_1000_diff1": 0.382548,
        "nauc_precision_at_1_max": 0.513422,
        "nauc_precision_at_1_std": -0.059706,
        "nauc_precision_at_1_diff1": 0.751096,
        "nauc_precision_at_3_max": 0.125887,
        "nauc_precision_at_3_std": -0.028617,
        "nauc_precision_at_3_diff1": 0.38372,
        "nauc_precision_at_5_max": 0.128177,
        "nauc_precision_at_5_std": 0.010204,
        "nauc_precision_at_5_diff1": 0.3276,
        "nauc_precision_at_10_max": 0.105931,
        "nauc_precision_at_10_std": 0.002628,
        "nauc_precision_at_10_diff1": 0.283317,
        "nauc_precision_at_20_max": 0.129717,
        "nauc_precision_at_20_std": 0.036592,
        "nauc_precision_at_20_diff1": 0.234247,
        "nauc_precision_at_100_max": 0.189099,
        "nauc_precision_at_100_std": 0.080806,
        "nauc_precision_at_100_diff1": 0.267428,
        "nauc_precision_at_1000_max": 0.026225,
        "nauc_precision_at_1000_std": -0.057262,
        "nauc_precision_at_1000_diff1": 0.382548,
        "nauc_mrr_at_1_max": 0.513422,
        "nauc_mrr_at_1_std": -0.059706,
        "nauc_mrr_at_1_diff1": 0.751096,
        "nauc_mrr_at_3_max": 0.260886,
        "nauc_mrr_at_3_std": -0.018845,
        "nauc_mrr_at_3_diff1": 0.506883,
        "nauc_mrr_at_5_max": 0.247246,
        "nauc_mrr_at_5_std": -0.003124,
        "nauc_mrr_at_5_diff1": 0.469353,
        "nauc_mrr_at_10_max": 0.232847,
        "nauc_mrr_at_10_std": -0.003399,
        "nauc_mrr_at_10_diff1": 0.448161,
        "nauc_mrr_at_20_max": 0.232587,
        "nauc_mrr_at_20_std": 0.003364,
        "nauc_mrr_at_20_diff1": 0.428384,
        "nauc_mrr_at_100_max": 0.231503,
        "nauc_mrr_at_100_std": 0.006283,
        "nauc_mrr_at_100_diff1": 0.42377,
        "nauc_mrr_at_1000_max": 0.232046,
        "nauc_mrr_at_1000_std": 0.006522,
        "nauc_mrr_at_1000_diff1": 0.424049,
        "main_score": 0.05496,
        "hf_subset": "default",
        "languages": [
          "tur-Latn"
        ]
      }
    ]
  },
  "evaluation_time": 5.317406892776489,
  "kg_co2_emissions": null
}