{
  "dataset_revision": "main",
  "task_name": "QuoraRetrievalTR",
  "mteb_version": "1.31.3",
  "scores": {
    "test": [
      {
        "ndcg_at_1": 0.89133,
        "ndcg_at_3": 0.94035,
        "ndcg_at_5": 0.9443,
        "ndcg_at_10": 0.94699,
        "ndcg_at_20": 0.94867,
        "ndcg_at_100": 0.94911,
        "ndcg_at_1000": 0.94926,
        "map_at_1": 0.89133,
        "map_at_3": 0.92911,
        "map_at_5": 0.93136,
        "map_at_10": 0.93249,
        "map_at_20": 0.93295,
        "map_at_100": 0.93303,
        "map_at_1000": 0.93303,
        "recall_at_1": 0.89133,
        "recall_at_3": 0.97256,
        "recall_at_5": 0.98189,
        "recall_at_10": 0.99012,
        "recall_at_20": 0.99671,
        "recall_at_100": 0.9989,
        "recall_at_1000": 1.0,
        "precision_at_1": 0.89133,
        "precision_at_3": 0.32419,
        "precision_at_5": 0.19638,
        "precision_at_10": 0.09901,
        "precision_at_20": 0.04984,
        "precision_at_100": 0.00999,
        "precision_at_1000": 0.001,
        "mrr_at_1": 0.890779,
        "mrr_at_3": 0.928833,
        "mrr_at_5": 0.931083,
        "mrr_at_10": 0.932211,
        "mrr_at_20": 0.932679,
        "mrr_at_100": 0.932753,
        "mrr_at_1000": 0.93276,
        "nauc_ndcg_at_1_max": 0.396801,
        "nauc_ndcg_at_1_std": -0.426787,
        "nauc_ndcg_at_1_diff1": 0.875232,
        "nauc_ndcg_at_3_max": 0.464715,
        "nauc_ndcg_at_3_std": -0.497415,
        "nauc_ndcg_at_3_diff1": 0.858854,
        "nauc_ndcg_at_5_max": 0.467052,
        "nauc_ndcg_at_5_std": -0.481067,
        "nauc_ndcg_at_5_diff1": 0.857286,
        "nauc_ndcg_at_10_max": 0.458952,
        "nauc_ndcg_at_10_std": -0.471765,
        "nauc_ndcg_at_10_diff1": 0.866794,
        "nauc_ndcg_at_20_max": 0.44861,
        "nauc_ndcg_at_20_std": -0.457515,
        "nauc_ndcg_at_20_diff1": 0.866842,
        "nauc_ndcg_at_100_max": 0.445514,
        "nauc_ndcg_at_100_std": -0.45865,
        "nauc_ndcg_at_100_diff1": 0.867254,
        "nauc_ndcg_at_1000_max": 0.443906,
        "nauc_ndcg_at_1000_std": -0.458878,
        "nauc_ndcg_at_1000_diff1": 0.866869,
        "nauc_map_at_1_max": 0.396801,
        "nauc_map_at_1_std": -0.426787,
        "nauc_map_at_1_diff1": 0.875232,
        "nauc_map_at_3_max": 0.442367,
        "nauc_map_at_3_std": -0.470993,
        "nauc_map_at_3_diff1": 0.865122,
        "nauc_map_at_5_max": 0.442921,
        "nauc_map_at_5_std": -0.462518,
        "nauc_map_at_5_diff1": 0.864531,
        "nauc_map_at_10_max": 0.439661,
        "nauc_map_at_10_std": -0.458835,
        "nauc_map_at_10_diff1": 0.867613,
        "nauc_map_at_20_max": 0.437466,
        "nauc_map_at_20_std": -0.455302,
        "nauc_map_at_20_diff1": 0.867659,
        "nauc_map_at_100_max": 0.437081,
        "nauc_map_at_100_std": -0.455454,
        "nauc_map_at_100_diff1": 0.867722,
        "nauc_map_at_1000_max": 0.437028,
        "nauc_map_at_1000_std": -0.455457,
        "nauc_map_at_1000_diff1": 0.867709,
        "nauc_recall_at_1_max": 0.396801,
        "nauc_recall_at_1_std": -0.426787,
        "nauc_recall_at_1_diff1": 0.875232,
        "nauc_recall_at_3_max": 0.627112,
        "nauc_recall_at_3_std": -0.693198,
        "nauc_recall_at_3_diff1": 0.812263,
        "nauc_recall_at_5_max": 0.724367,
        "nauc_recall_at_5_std": -0.67656,
        "nauc_recall_at_5_diff1": 0.778073,
        "nauc_recall_at_10_max": 0.813413,
        "nauc_recall_at_10_std": -0.697961,
        "nauc_recall_at_10_diff1": 0.872681,
        "nauc_recall_at_20_max": 0.871224,
        "nauc_recall_at_20_std": -0.344461,
        "nauc_recall_at_20_diff1": 0.882125,
        "nauc_recall_at_100_max": 1.0,
        "nauc_recall_at_100_std": -0.367222,
        "nauc_recall_at_100_diff1": 1.0,
        "nauc_recall_at_1000_max": NaN,
        "nauc_recall_at_1000_std": NaN,
        "nauc_recall_at_1000_diff1": NaN,
        "nauc_precision_at_1_max": 0.396801,
        "nauc_precision_at_1_std": -0.426787,
        "nauc_precision_at_1_diff1": 0.875232,
        "nauc_precision_at_3_max": 0.627112,
        "nauc_precision_at_3_std": -0.693198,
        "nauc_precision_at_3_diff1": 0.812263,
        "nauc_precision_at_5_max": 0.724367,
        "nauc_precision_at_5_std": -0.67656,
        "nauc_precision_at_5_diff1": 0.778073,
        "nauc_precision_at_10_max": 0.813413,
        "nauc_precision_at_10_std": -0.697961,
        "nauc_precision_at_10_diff1": 0.872681,
        "nauc_precision_at_20_max": 0.871224,
        "nauc_precision_at_20_std": -0.344461,
        "nauc_precision_at_20_diff1": 0.882125,
        "nauc_precision_at_100_max": 1.0,
        "nauc_precision_at_100_std": -0.367222,
        "nauc_precision_at_100_diff1": 1.0,
        "nauc_precision_at_1000_max": 1.0,
        "nauc_precision_at_1000_std": 1.0,
        "nauc_precision_at_1000_diff1": 1.0,
        "nauc_mrr_at_1_max": 0.392186,
        "nauc_mrr_at_1_std": -0.416301,
        "nauc_mrr_at_1_diff1": 0.876447,
        "nauc_mrr_at_3_max": 0.438681,
        "nauc_mrr_at_3_std": -0.462818,
        "nauc_mrr_at_3_diff1": 0.866087,
        "nauc_mrr_at_5_max": 0.439112,
        "nauc_mrr_at_5_std": -0.454103,
        "nauc_mrr_at_5_diff1": 0.865529,
        "nauc_mrr_at_10_max": 0.4358,
        "nauc_mrr_at_10_std": -0.450293,
        "nauc_mrr_at_10_diff1": 0.868617,
        "nauc_mrr_at_20_max": 0.433585,
        "nauc_mrr_at_20_std": -0.446712,
        "nauc_mrr_at_20_diff1": 0.86867,
        "nauc_mrr_at_100_max": 0.433197,
        "nauc_mrr_at_100_std": -0.446854,
        "nauc_mrr_at_100_diff1": 0.868733,
        "nauc_mrr_at_1000_max": 0.433144,
        "nauc_mrr_at_1000_std": -0.446856,
        "nauc_mrr_at_1000_diff1": 0.868721,
        "main_score": 0.94699,
        "hf_subset": "default",
        "languages": [
          "tur-Latn"
        ]
      }
    ]
  },
  "evaluation_time": 5.723634243011475,
  "kg_co2_emissions": null
}