{
  "dataset_revision": "main",
  "task_name": "SCIDOCSTR",
  "mteb_version": "1.31.3",
  "scores": {
    "test": [
      {
        "ndcg_at_1": 0.01003,
        "ndcg_at_3": 0.02323,
        "ndcg_at_5": 0.02773,
        "ndcg_at_10": 0.03178,
        "ndcg_at_20": 0.03649,
        "ndcg_at_100": 0.04528,
        "ndcg_at_1000": 0.09562,
        "map_at_1": 0.01003,
        "map_at_3": 0.02007,
        "map_at_5": 0.02252,
        "map_at_10": 0.02424,
        "map_at_20": 0.02549,
        "map_at_100": 0.02646,
        "map_at_1000": 0.02765,
        "recall_at_1": 0.01003,
        "recall_at_3": 0.03233,
        "recall_at_5": 0.04348,
        "recall_at_10": 0.05574,
        "recall_at_20": 0.07469,
        "recall_at_100": 0.12598,
        "recall_at_1000": 0.5641,
        "precision_at_1": 0.01003,
        "precision_at_3": 0.01078,
        "precision_at_5": 0.0087,
        "precision_at_10": 0.00557,
        "precision_at_20": 0.00373,
        "precision_at_100": 0.00126,
        "precision_at_1000": 0.00056,
        "mrr_at_1": 0.010033,
        "mrr_at_3": 0.020067,
        "mrr_at_5": 0.02252,
        "mrr_at_10": 0.024241,
        "mrr_at_20": 0.025486,
        "mrr_at_100": 0.02646,
        "mrr_at_1000": 0.027654,
        "nauc_ndcg_at_1_max": 0.16151,
        "nauc_ndcg_at_1_std": 0.09367,
        "nauc_ndcg_at_1_diff1": 0.345215,
        "nauc_ndcg_at_3_max": 0.124919,
        "nauc_ndcg_at_3_std": 0.189734,
        "nauc_ndcg_at_3_diff1": 0.133145,
        "nauc_ndcg_at_5_max": 0.101849,
        "nauc_ndcg_at_5_std": 0.160546,
        "nauc_ndcg_at_5_diff1": 0.116383,
        "nauc_ndcg_at_10_max": 0.054823,
        "nauc_ndcg_at_10_std": 0.140526,
        "nauc_ndcg_at_10_diff1": 0.07949,
        "nauc_ndcg_at_20_max": 0.047659,
        "nauc_ndcg_at_20_std": 0.11561,
        "nauc_ndcg_at_20_diff1": 0.05478,
        "nauc_ndcg_at_100_max": 0.040612,
        "nauc_ndcg_at_100_std": 0.086223,
        "nauc_ndcg_at_100_diff1": 0.029868,
        "nauc_ndcg_at_1000_max": 0.026471,
        "nauc_ndcg_at_1000_std": 0.062342,
        "nauc_ndcg_at_1000_diff1": 0.026258,
        "nauc_map_at_1_max": 0.16151,
        "nauc_map_at_1_std": 0.09367,
        "nauc_map_at_1_diff1": 0.345215,
        "nauc_map_at_3_max": 0.126652,
        "nauc_map_at_3_std": 0.179577,
        "nauc_map_at_3_diff1": 0.158448,
        "nauc_map_at_5_max": 0.110833,
        "nauc_map_at_5_std": 0.161316,
        "nauc_map_at_5_diff1": 0.144908,
        "nauc_map_at_10_max": 0.082973,
        "nauc_map_at_10_std": 0.148666,
        "nauc_map_at_10_diff1": 0.120466,
        "nauc_map_at_20_max": 0.07959,
        "nauc_map_at_20_std": 0.139343,
        "nauc_map_at_20_diff1": 0.109534,
        "nauc_map_at_100_max": 0.077617,
        "nauc_map_at_100_std": 0.13366,
        "nauc_map_at_100_diff1": 0.103103,
        "nauc_map_at_1000_max": 0.076575,
        "nauc_map_at_1000_std": 0.132066,
        "nauc_map_at_1000_diff1": 0.101082,
        "nauc_recall_at_1_max": 0.16151,
        "nauc_recall_at_1_std": 0.09367,
        "nauc_recall_at_1_diff1": 0.345215,
        "nauc_recall_at_3_max": 0.122501,
        "nauc_recall_at_3_std": 0.207561,
        "nauc_recall_at_3_diff1": 0.087891,
        "nauc_recall_at_5_max": 0.087102,
        "nauc_recall_at_5_std": 0.156543,
        "nauc_recall_at_5_diff1": 0.072097,
        "nauc_recall_at_10_max": 0.011444,
        "nauc_recall_at_10_std": 0.126185,
        "nauc_recall_at_10_diff1": 0.022273,
        "nauc_recall_at_20_max": 0.006545,
        "nauc_recall_at_20_std": 0.079369,
        "nauc_recall_at_20_diff1": -0.013096,
        "nauc_recall_at_100_max": 0.00495,
        "nauc_recall_at_100_std": 0.026592,
        "nauc_recall_at_100_diff1": -0.043127,
        "nauc_recall_at_1000_max": -0.017749,
        "nauc_recall_at_1000_std": -0.011796,
        "nauc_recall_at_1000_diff1": -0.016528,
        "nauc_precision_at_1_max": 0.16151,
        "nauc_precision_at_1_std": 0.09367,
        "nauc_precision_at_1_diff1": 0.345215,
        "nauc_precision_at_3_max": 0.122501,
        "nauc_precision_at_3_std": 0.207561,
        "nauc_precision_at_3_diff1": 0.087891,
        "nauc_precision_at_5_max": 0.087102,
        "nauc_precision_at_5_std": 0.156543,
        "nauc_precision_at_5_diff1": 0.072097,
        "nauc_precision_at_10_max": 0.011444,
        "nauc_precision_at_10_std": 0.126185,
        "nauc_precision_at_10_diff1": 0.022273,
        "nauc_precision_at_20_max": 0.006545,
        "nauc_precision_at_20_std": 0.079369,
        "nauc_precision_at_20_diff1": -0.013096,
        "nauc_precision_at_100_max": 0.00495,
        "nauc_precision_at_100_std": 0.026592,
        "nauc_precision_at_100_diff1": -0.043127,
        "nauc_precision_at_1000_max": -0.017749,
        "nauc_precision_at_1000_std": -0.011796,
        "nauc_precision_at_1000_diff1": -0.016528,
        "nauc_mrr_at_1_max": 0.16151,
        "nauc_mrr_at_1_std": 0.09367,
        "nauc_mrr_at_1_diff1": 0.345215,
        "nauc_mrr_at_3_max": 0.126652,
        "nauc_mrr_at_3_std": 0.179577,
        "nauc_mrr_at_3_diff1": 0.158448,
        "nauc_mrr_at_5_max": 0.110833,
        "nauc_mrr_at_5_std": 0.161316,
        "nauc_mrr_at_5_diff1": 0.144908,
        "nauc_mrr_at_10_max": 0.082973,
        "nauc_mrr_at_10_std": 0.148666,
        "nauc_mrr_at_10_diff1": 0.120466,
        "nauc_mrr_at_20_max": 0.07959,
        "nauc_mrr_at_20_std": 0.139343,
        "nauc_mrr_at_20_diff1": 0.109534,
        "nauc_mrr_at_100_max": 0.077617,
        "nauc_mrr_at_100_std": 0.13366,
        "nauc_mrr_at_100_diff1": 0.103103,
        "nauc_mrr_at_1000_max": 0.076575,
        "nauc_mrr_at_1000_std": 0.132066,
        "nauc_mrr_at_1000_diff1": 0.101082,
        "main_score": 0.03178,
        "hf_subset": "default",
        "languages": [
          "tur-Latn"
        ]
      }
    ]
  },
  "evaluation_time": 9.184911966323853,
  "kg_co2_emissions": null
}