{
  "dataset_revision": "main",
  "task_name": "SciFactTR",
  "mteb_version": "1.31.3",
  "scores": {
    "test": [
      {
        "ndcg_at_1": 0.50333,
        "ndcg_at_3": 0.58738,
        "ndcg_at_5": 0.60933,
        "ndcg_at_10": 0.63795,
        "ndcg_at_20": 0.65357,
        "ndcg_at_100": 0.67738,
        "ndcg_at_1000": 0.68195,
        "map_at_1": 0.50333,
        "map_at_3": 0.56889,
        "map_at_5": 0.58106,
        "map_at_10": 0.59322,
        "map_at_20": 0.5973,
        "map_at_100": 0.60095,
        "map_at_1000": 0.60117,
        "recall_at_1": 0.50333,
        "recall_at_3": 0.64,
        "recall_at_5": 0.69333,
        "recall_at_10": 0.78,
        "recall_at_20": 0.84333,
        "recall_at_100": 0.96667,
        "recall_at_1000": 1.0,
        "precision_at_1": 0.50333,
        "precision_at_3": 0.21333,
        "precision_at_5": 0.13867,
        "precision_at_10": 0.078,
        "precision_at_20": 0.04217,
        "precision_at_100": 0.00967,
        "precision_at_1000": 0.001,
        "mrr_at_1": 0.503333,
        "mrr_at_3": 0.568889,
        "mrr_at_5": 0.581056,
        "mrr_at_10": 0.593224,
        "mrr_at_20": 0.597303,
        "mrr_at_100": 0.60095,
        "mrr_at_1000": 0.601167,
        "nauc_ndcg_at_1_max": 0.349679,
        "nauc_ndcg_at_1_std": -0.006516,
        "nauc_ndcg_at_1_diff1": 0.687031,
        "nauc_ndcg_at_3_max": 0.410434,
        "nauc_ndcg_at_3_std": 0.021697,
        "nauc_ndcg_at_3_diff1": 0.639625,
        "nauc_ndcg_at_5_max": 0.406033,
        "nauc_ndcg_at_5_std": 0.021211,
        "nauc_ndcg_at_5_diff1": 0.624497,
        "nauc_ndcg_at_10_max": 0.424784,
        "nauc_ndcg_at_10_std": 0.032429,
        "nauc_ndcg_at_10_diff1": 0.622315,
        "nauc_ndcg_at_20_max": 0.412638,
        "nauc_ndcg_at_20_std": 0.025144,
        "nauc_ndcg_at_20_diff1": 0.618507,
        "nauc_ndcg_at_100_max": 0.403043,
        "nauc_ndcg_at_100_std": 0.025188,
        "nauc_ndcg_at_100_diff1": 0.627,
        "nauc_ndcg_at_1000_max": 0.400945,
        "nauc_ndcg_at_1000_std": 0.022415,
        "nauc_ndcg_at_1000_diff1": 0.63148,
        "nauc_map_at_1_max": 0.349679,
        "nauc_map_at_1_std": -0.006516,
        "nauc_map_at_1_diff1": 0.687031,
        "nauc_map_at_3_max": 0.394672,
        "nauc_map_at_3_std": 0.013661,
        "nauc_map_at_3_diff1": 0.650146,
        "nauc_map_at_5_max": 0.392169,
        "nauc_map_at_5_std": 0.013432,
        "nauc_map_at_5_diff1": 0.641938,
        "nauc_map_at_10_max": 0.39935,
        "nauc_map_at_10_std": 0.017745,
        "nauc_map_at_10_diff1": 0.641854,
        "nauc_map_at_20_max": 0.396455,
        "nauc_map_at_20_std": 0.016106,
        "nauc_map_at_20_diff1": 0.640982,
        "nauc_map_at_100_max": 0.394324,
        "nauc_map_at_100_std": 0.016411,
        "nauc_map_at_100_diff1": 0.641721,
        "nauc_map_at_1000_max": 0.394221,
        "nauc_map_at_1000_std": 0.0163,
        "nauc_map_at_1000_diff1": 0.641913,
        "nauc_recall_at_1_max": 0.349679,
        "nauc_recall_at_1_std": -0.006516,
        "nauc_recall_at_1_diff1": 0.687031,
        "nauc_recall_at_3_max": 0.460526,
        "nauc_recall_at_3_std": 0.047564,
        "nauc_recall_at_3_diff1": 0.607006,
        "nauc_recall_at_5_max": 0.452997,
        "nauc_recall_at_5_std": 0.048116,
        "nauc_recall_at_5_diff1": 0.563012,
        "nauc_recall_at_10_max": 0.5452,
        "nauc_recall_at_10_std": 0.102881,
        "nauc_recall_at_10_diff1": 0.53265,
        "nauc_recall_at_20_max": 0.495486,
        "nauc_recall_at_20_std": 0.071126,
        "nauc_recall_at_20_diff1": 0.476677,
        "nauc_recall_at_100_max": 0.508964,
        "nauc_recall_at_100_std": 0.172549,
        "nauc_recall_at_100_diff1": 0.392997,
        "nauc_recall_at_1000_max": NaN,
        "nauc_recall_at_1000_std": NaN,
        "nauc_recall_at_1000_diff1": NaN,
        "nauc_precision_at_1_max": 0.349679,
        "nauc_precision_at_1_std": -0.006516,
        "nauc_precision_at_1_diff1": 0.687031,
        "nauc_precision_at_3_max": 0.460526,
        "nauc_precision_at_3_std": 0.047564,
        "nauc_precision_at_3_diff1": 0.607006,
        "nauc_precision_at_5_max": 0.452997,
        "nauc_precision_at_5_std": 0.048116,
        "nauc_precision_at_5_diff1": 0.563012,
        "nauc_precision_at_10_max": 0.5452,
        "nauc_precision_at_10_std": 0.102881,
        "nauc_precision_at_10_diff1": 0.53265,
        "nauc_precision_at_20_max": 0.495486,
        "nauc_precision_at_20_std": 0.071126,
        "nauc_precision_at_20_diff1": 0.476677,
        "nauc_precision_at_100_max": 0.508964,
        "nauc_precision_at_100_std": 0.172549,
        "nauc_precision_at_100_diff1": 0.392997,
        "nauc_precision_at_1000_max": 1.0,
        "nauc_precision_at_1000_std": 1.0,
        "nauc_precision_at_1000_diff1": 1.0,
        "nauc_mrr_at_1_max": 0.349679,
        "nauc_mrr_at_1_std": -0.006516,
        "nauc_mrr_at_1_diff1": 0.687031,
        "nauc_mrr_at_3_max": 0.394672,
        "nauc_mrr_at_3_std": 0.013661,
        "nauc_mrr_at_3_diff1": 0.650146,
        "nauc_mrr_at_5_max": 0.392169,
        "nauc_mrr_at_5_std": 0.013432,
        "nauc_mrr_at_5_diff1": 0.641938,
        "nauc_mrr_at_10_max": 0.39935,
        "nauc_mrr_at_10_std": 0.017745,
        "nauc_mrr_at_10_diff1": 0.641854,
        "nauc_mrr_at_20_max": 0.396455,
        "nauc_mrr_at_20_std": 0.016106,
        "nauc_mrr_at_20_diff1": 0.640982,
        "nauc_mrr_at_100_max": 0.394324,
        "nauc_mrr_at_100_std": 0.016411,
        "nauc_mrr_at_100_diff1": 0.641721,
        "nauc_mrr_at_1000_max": 0.394221,
        "nauc_mrr_at_1000_std": 0.0163,
        "nauc_mrr_at_1000_diff1": 0.641913,
        "main_score": 0.63795,
        "hf_subset": "default",
        "languages": [
          "tur-Latn"
        ]
      }
    ]
  },
  "evaluation_time": 1.473834753036499,
  "kg_co2_emissions": null
}