{
  "dataset_revision": "main",
  "task_name": "TQuadRetrieval",
  "mteb_version": "1.31.3",
  "scores": {
    "test": [
      {
        "ndcg_at_1": 0.47758,
        "ndcg_at_3": 0.60033,
        "ndcg_at_5": 0.6327,
        "ndcg_at_10": 0.65891,
        "ndcg_at_20": 0.67199,
        "ndcg_at_100": 0.68757,
        "ndcg_at_1000": 0.6901,
        "map_at_1": 0.47758,
        "map_at_3": 0.57063,
        "map_at_5": 0.58834,
        "map_at_10": 0.59901,
        "map_at_20": 0.60262,
        "map_at_100": 0.60484,
        "map_at_1000": 0.60497,
        "recall_at_1": 0.47758,
        "recall_at_3": 0.6861,
        "recall_at_5": 0.7657,
        "recall_at_10": 0.84753,
        "recall_at_20": 0.8991,
        "recall_at_100": 0.98206,
        "recall_at_1000": 1.0,
        "precision_at_1": 0.47758,
        "precision_at_3": 0.2287,
        "precision_at_5": 0.15314,
        "precision_at_10": 0.08475,
        "precision_at_20": 0.04496,
        "precision_at_100": 0.00982,
        "precision_at_1000": 0.001,
        "mrr_at_1": 0.470852,
        "mrr_at_3": 0.567265,
        "mrr_at_5": 0.584978,
        "mrr_at_10": 0.595647,
        "mrr_at_20": 0.59926,
        "mrr_at_100": 0.601473,
        "mrr_at_1000": 0.601608,
        "nauc_ndcg_at_1_max": 0.259824,
        "nauc_ndcg_at_1_std": -0.17042,
        "nauc_ndcg_at_1_diff1": 0.528232,
        "nauc_ndcg_at_3_max": 0.273905,
        "nauc_ndcg_at_3_std": -0.221398,
        "nauc_ndcg_at_3_diff1": 0.467277,
        "nauc_ndcg_at_5_max": 0.296347,
        "nauc_ndcg_at_5_std": -0.236698,
        "nauc_ndcg_at_5_diff1": 0.47264,
        "nauc_ndcg_at_10_max": 0.317601,
        "nauc_ndcg_at_10_std": -0.220113,
        "nauc_ndcg_at_10_diff1": 0.480116,
        "nauc_ndcg_at_20_max": 0.313666,
        "nauc_ndcg_at_20_std": -0.207396,
        "nauc_ndcg_at_20_diff1": 0.484652,
        "nauc_ndcg_at_100_max": 0.301876,
        "nauc_ndcg_at_100_std": -0.201633,
        "nauc_ndcg_at_100_diff1": 0.48931,
        "nauc_ndcg_at_1000_max": 0.296254,
        "nauc_ndcg_at_1000_std": -0.206431,
        "nauc_ndcg_at_1000_diff1": 0.487674,
        "nauc_map_at_1_max": 0.259824,
        "nauc_map_at_1_std": -0.17042,
        "nauc_map_at_1_diff1": 0.528232,
        "nauc_map_at_3_max": 0.271227,
        "nauc_map_at_3_std": -0.207084,
        "nauc_map_at_3_diff1": 0.482824,
        "nauc_map_at_5_max": 0.282616,
        "nauc_map_at_5_std": -0.21468,
        "nauc_map_at_5_diff1": 0.486358,
        "nauc_map_at_10_max": 0.289074,
        "nauc_map_at_10_std": -0.208734,
        "nauc_map_at_10_diff1": 0.489019,
        "nauc_map_at_20_max": 0.287883,
        "nauc_map_at_20_std": -0.205685,
        "nauc_map_at_20_diff1": 0.490171,
        "nauc_map_at_100_max": 0.286581,
        "nauc_map_at_100_std": -0.204491,
        "nauc_map_at_100_diff1": 0.490951,
        "nauc_map_at_1000_max": 0.286342,
        "nauc_map_at_1000_std": -0.204672,
        "nauc_map_at_1000_diff1": 0.490887,
        "nauc_recall_at_1_max": 0.259824,
        "nauc_recall_at_1_std": -0.17042,
        "nauc_recall_at_1_diff1": 0.528232,
        "nauc_recall_at_3_max": 0.282519,
        "nauc_recall_at_3_std": -0.270635,
        "nauc_recall_at_3_diff1": 0.414536,
        "nauc_recall_at_5_max": 0.357295,
        "nauc_recall_at_5_std": -0.330943,
        "nauc_recall_at_5_diff1": 0.417144,
        "nauc_recall_at_10_max": 0.511978,
        "nauc_recall_at_10_std": -0.27436,
        "nauc_recall_at_10_diff1": 0.438224,
        "nauc_recall_at_20_max": 0.559558,
        "nauc_recall_at_20_std": -0.173378,
        "nauc_recall_at_20_diff1": 0.464264,
        "nauc_recall_at_100_max": 0.817664,
        "nauc_recall_at_100_std": 0.248792,
        "nauc_recall_at_100_diff1": 0.640367,
        "nauc_recall_at_1000_max": NaN,
        "nauc_recall_at_1000_std": NaN,
        "nauc_recall_at_1000_diff1": NaN,
        "nauc_precision_at_1_max": 0.259824,
        "nauc_precision_at_1_std": -0.17042,
        "nauc_precision_at_1_diff1": 0.528232,
        "nauc_precision_at_3_max": 0.282519,
        "nauc_precision_at_3_std": -0.270635,
        "nauc_precision_at_3_diff1": 0.414536,
        "nauc_precision_at_5_max": 0.357295,
        "nauc_precision_at_5_std": -0.330943,
        "nauc_precision_at_5_diff1": 0.417144,
        "nauc_precision_at_10_max": 0.511978,
        "nauc_precision_at_10_std": -0.27436,
        "nauc_precision_at_10_diff1": 0.438224,
        "nauc_precision_at_20_max": 0.559558,
        "nauc_precision_at_20_std": -0.173378,
        "nauc_precision_at_20_diff1": 0.464264,
        "nauc_precision_at_100_max": 0.817664,
        "nauc_precision_at_100_std": 0.248792,
        "nauc_precision_at_100_diff1": 0.640367,
        "nauc_precision_at_1000_max": NaN,
        "nauc_precision_at_1000_std": NaN,
        "nauc_precision_at_1000_diff1": NaN,
        "nauc_mrr_at_1_max": 0.25956,
        "nauc_mrr_at_1_std": -0.171626,
        "nauc_mrr_at_1_diff1": 0.546003,
        "nauc_mrr_at_3_max": 0.271064,
        "nauc_mrr_at_3_std": -0.20771,
        "nauc_mrr_at_3_diff1": 0.492817,
        "nauc_mrr_at_5_max": 0.282431,
        "nauc_mrr_at_5_std": -0.215321,
        "nauc_mrr_at_5_diff1": 0.496747,
        "nauc_mrr_at_10_max": 0.288875,
        "nauc_mrr_at_10_std": -0.209402,
        "nauc_mrr_at_10_diff1": 0.499702,
        "nauc_mrr_at_20_max": 0.287684,
        "nauc_mrr_at_20_std": -0.206365,
        "nauc_mrr_at_20_diff1": 0.500968,
        "nauc_mrr_at_100_max": 0.286382,
        "nauc_mrr_at_100_std": -0.205177,
        "nauc_mrr_at_100_diff1": 0.501829,
        "nauc_mrr_at_1000_max": 0.286143,
        "nauc_mrr_at_1000_std": -0.205358,
        "nauc_mrr_at_1000_diff1": 0.501769,
        "main_score": 0.65891,
        "hf_subset": "default",
        "languages": [
          "tur-Latn"
        ]
      }
    ]
  },
  "evaluation_time": 1.9604222774505615,
  "kg_co2_emissions": null
}