{
  "dataset_revision": "main",
  "task_name": "ArguAnaTR",
  "mteb_version": "1.31.3",
  "scores": {
    "test": [
      {
        "ndcg_at_1": 0.21266,
        "ndcg_at_3": 0.35137,
        "ndcg_at_5": 0.39817,
        "ndcg_at_10": 0.44802,
        "ndcg_at_20": 0.48202,
        "ndcg_at_100": 0.50228,
        "ndcg_at_1000": 0.50682,
        "map_at_1": 0.21266,
        "map_at_3": 0.31615,
        "map_at_5": 0.34189,
        "map_at_10": 0.36271,
        "map_at_20": 0.37232,
        "map_at_100": 0.37534,
        "map_at_1000": 0.37554,
        "recall_at_1": 0.21266,
        "recall_at_3": 0.45377,
        "recall_at_5": 0.56828,
        "recall_at_10": 0.72119,
        "recall_at_20": 0.85349,
        "recall_at_100": 0.95946,
        "recall_at_1000": 0.9936,
        "precision_at_1": 0.21266,
        "precision_at_3": 0.15126,
        "precision_at_5": 0.11366,
        "precision_at_10": 0.07212,
        "precision_at_20": 0.04267,
        "precision_at_100": 0.00959,
        "precision_at_1000": 0.00099,
        "mrr_at_1": 0.216216,
        "mrr_at_3": 0.316975,
        "mrr_at_5": 0.342899,
        "mrr_at_10": 0.363784,
        "mrr_at_20": 0.373334,
        "mrr_at_100": 0.376346,
        "mrr_at_1000": 0.376549,
        "nauc_ndcg_at_1_max": -0.056935,
        "nauc_ndcg_at_1_std": -0.099606,
        "nauc_ndcg_at_1_diff1": 0.095344,
        "nauc_ndcg_at_3_max": -0.025386,
        "nauc_ndcg_at_3_std": -0.042185,
        "nauc_ndcg_at_3_diff1": 0.073816,
        "nauc_ndcg_at_5_max": -0.015876,
        "nauc_ndcg_at_5_std": -0.02195,
        "nauc_ndcg_at_5_diff1": 0.078303,
        "nauc_ndcg_at_10_max": 0.002634,
        "nauc_ndcg_at_10_std": -0.012309,
        "nauc_ndcg_at_10_diff1": 0.083489,
        "nauc_ndcg_at_20_max": 0.009353,
        "nauc_ndcg_at_20_std": -0.011175,
        "nauc_ndcg_at_20_diff1": 0.092824,
        "nauc_ndcg_at_100_max": -0.000989,
        "nauc_ndcg_at_100_std": -0.018814,
        "nauc_ndcg_at_100_diff1": 0.093239,
        "nauc_ndcg_at_1000_max": -0.006783,
        "nauc_ndcg_at_1000_std": -0.025033,
        "nauc_ndcg_at_1000_diff1": 0.08924,
        "nauc_map_at_1_max": -0.056935,
        "nauc_map_at_1_std": -0.099606,
        "nauc_map_at_1_diff1": 0.095344,
        "nauc_map_at_3_max": -0.031861,
        "nauc_map_at_3_std": -0.054015,
        "nauc_map_at_3_diff1": 0.077542,
        "nauc_map_at_5_max": -0.027276,
        "nauc_map_at_5_std": -0.043144,
        "nauc_map_at_5_diff1": 0.080359,
        "nauc_map_at_10_max": -0.01958,
        "nauc_map_at_10_std": -0.040504,
        "nauc_map_at_10_diff1": 0.082807,
        "nauc_map_at_20_max": -0.018401,
        "nauc_map_at_20_std": -0.040856,
        "nauc_map_at_20_diff1": 0.085293,
        "nauc_map_at_100_max": -0.019732,
        "nauc_map_at_100_std": -0.041849,
        "nauc_map_at_100_diff1": 0.08544,
        "nauc_map_at_1000_max": -0.019889,
        "nauc_map_at_1000_std": -0.042036,
        "nauc_map_at_1000_diff1": 0.085325,
        "nauc_recall_at_1_max": -0.056935,
        "nauc_recall_at_1_std": -0.099606,
        "nauc_recall_at_1_diff1": 0.095344,
        "nauc_recall_at_3_max": -0.00845,
        "nauc_recall_at_3_std": -0.011222,
        "nauc_recall_at_3_diff1": 0.064351,
        "nauc_recall_at_5_max": 0.01834,
        "nauc_recall_at_5_std": 0.040937,
        "nauc_recall_at_5_diff1": 0.073281,
        "nauc_recall_at_10_max": 0.093748,
        "nauc_recall_at_10_std": 0.100856,
        "nauc_recall_at_10_diff1": 0.088766,
        "nauc_recall_at_20_max": 0.209896,
        "nauc_recall_at_20_std": 0.191483,
        "nauc_recall_at_20_diff1": 0.15951,
        "nauc_recall_at_100_max": 0.349603,
        "nauc_recall_at_100_std": 0.420048,
        "nauc_recall_at_100_diff1": 0.320022,
        "nauc_recall_at_1000_max": 0.414018,
        "nauc_recall_at_1000_std": 0.83295,
        "nauc_recall_at_1000_diff1": 0.294778,
        "nauc_precision_at_1_max": -0.056935,
        "nauc_precision_at_1_std": -0.099606,
        "nauc_precision_at_1_diff1": 0.095344,
        "nauc_precision_at_3_max": -0.00845,
        "nauc_precision_at_3_std": -0.011222,
        "nauc_precision_at_3_diff1": 0.064351,
        "nauc_precision_at_5_max": 0.01834,
        "nauc_precision_at_5_std": 0.040937,
        "nauc_precision_at_5_diff1": 0.073281,
        "nauc_precision_at_10_max": 0.093748,
        "nauc_precision_at_10_std": 0.100856,
        "nauc_precision_at_10_diff1": 0.088766,
        "nauc_precision_at_20_max": 0.209896,
        "nauc_precision_at_20_std": 0.191483,
        "nauc_precision_at_20_diff1": 0.15951,
        "nauc_precision_at_100_max": 0.349603,
        "nauc_precision_at_100_std": 0.420048,
        "nauc_precision_at_100_diff1": 0.320022,
        "nauc_precision_at_1000_max": 0.414018,
        "nauc_precision_at_1000_std": 0.83295,
        "nauc_precision_at_1000_diff1": 0.294778,
        "nauc_mrr_at_1_max": -0.049925,
        "nauc_mrr_at_1_std": -0.087782,
        "nauc_mrr_at_1_diff1": 0.082782,
        "nauc_mrr_at_3_max": -0.03213,
        "nauc_mrr_at_3_std": -0.050421,
        "nauc_mrr_at_3_diff1": 0.068361,
        "nauc_mrr_at_5_max": -0.027873,
        "nauc_mrr_at_5_std": -0.039912,
        "nauc_mrr_at_5_diff1": 0.07079,
        "nauc_mrr_at_10_max": -0.020503,
        "nauc_mrr_at_10_std": -0.037276,
        "nauc_mrr_at_10_diff1": 0.07259,
        "nauc_mrr_at_20_max": -0.019216,
        "nauc_mrr_at_20_std": -0.037474,
        "nauc_mrr_at_20_diff1": 0.074933,
        "nauc_mrr_at_100_max": -0.020551,
        "nauc_mrr_at_100_std": -0.038433,
        "nauc_mrr_at_100_diff1": 0.074984,
        "nauc_mrr_at_1000_max": -0.020709,
        "nauc_mrr_at_1000_std": -0.038617,
        "nauc_mrr_at_1000_diff1": 0.074861,
        "main_score": 0.44802,
        "hf_subset": "default",
        "languages": [
          "tur-Latn"
        ]
      }
    ]
  },
  "evaluation_time": 71.84395909309387,
  "kg_co2_emissions": null
}