{
  "dataset_revision": "main",
  "task_name": "CQADupstackGamingRetrievalTR",
  "mteb_version": "1.31.3",
  "scores": {
    "test": [
      {
        "ndcg_at_1": 0.33918,
        "ndcg_at_3": 0.39366,
        "ndcg_at_5": 0.41363,
        "ndcg_at_10": 0.43674,
        "ndcg_at_20": 0.45409,
        "ndcg_at_100": 0.48145,
        "ndcg_at_1000": 0.5016,
        "map_at_1": 0.29827,
        "map_at_3": 0.36524,
        "map_at_5": 0.37784,
        "map_at_10": 0.3887,
        "map_at_20": 0.39441,
        "map_at_100": 0.39883,
        "map_at_1000": 0.39966,
        "recall_at_1": 0.29827,
        "recall_at_3": 0.432,
        "recall_at_5": 0.48108,
        "recall_at_10": 0.54872,
        "recall_at_20": 0.612,
        "recall_at_100": 0.74635,
        "recall_at_1000": 0.89512,
        "precision_at_1": 0.33918,
        "precision_at_3": 0.17346,
        "precision_at_5": 0.11787,
        "precision_at_10": 0.06903,
        "precision_at_20": 0.03984,
        "precision_at_100": 0.01008,
        "precision_at_1000": 0.00124,
        "mrr_at_1": 0.339185,
        "mrr_at_3": 0.400522,
        "mrr_at_5": 0.412278,
        "mrr_at_10": 0.420918,
        "mrr_at_20": 0.425158,
        "mrr_at_100": 0.428509,
        "mrr_at_1000": 0.429037,
        "nauc_ndcg_at_1_max": 0.377766,
        "nauc_ndcg_at_1_std": 0.055539,
        "nauc_ndcg_at_1_diff1": 0.595139,
        "nauc_ndcg_at_3_max": 0.405418,
        "nauc_ndcg_at_3_std": 0.081124,
        "nauc_ndcg_at_3_diff1": 0.541421,
        "nauc_ndcg_at_5_max": 0.40702,
        "nauc_ndcg_at_5_std": 0.087708,
        "nauc_ndcg_at_5_diff1": 0.53059,
        "nauc_ndcg_at_10_max": 0.412854,
        "nauc_ndcg_at_10_std": 0.103066,
        "nauc_ndcg_at_10_diff1": 0.526305,
        "nauc_ndcg_at_20_max": 0.416057,
        "nauc_ndcg_at_20_std": 0.117626,
        "nauc_ndcg_at_20_diff1": 0.524455,
        "nauc_ndcg_at_100_max": 0.425723,
        "nauc_ndcg_at_100_std": 0.137418,
        "nauc_ndcg_at_100_diff1": 0.524337,
        "nauc_ndcg_at_1000_max": 0.423253,
        "nauc_ndcg_at_1000_std": 0.132278,
        "nauc_ndcg_at_1000_diff1": 0.525335,
        "nauc_map_at_1_max": 0.3518,
        "nauc_map_at_1_std": 0.033979,
        "nauc_map_at_1_diff1": 0.593426,
        "nauc_map_at_3_max": 0.392005,
        "nauc_map_at_3_std": 0.064544,
        "nauc_map_at_3_diff1": 0.553309,
        "nauc_map_at_5_max": 0.393944,
        "nauc_map_at_5_std": 0.069935,
        "nauc_map_at_5_diff1": 0.548095,
        "nauc_map_at_10_max": 0.398464,
        "nauc_map_at_10_std": 0.078262,
        "nauc_map_at_10_diff1": 0.547936,
        "nauc_map_at_20_max": 0.40134,
        "nauc_map_at_20_std": 0.084109,
        "nauc_map_at_20_diff1": 0.547519,
        "nauc_map_at_100_max": 0.403733,
        "nauc_map_at_100_std": 0.088393,
        "nauc_map_at_100_diff1": 0.547095,
        "nauc_map_at_1000_max": 0.403763,
        "nauc_map_at_1000_std": 0.088397,
        "nauc_map_at_1000_diff1": 0.547147,
        "nauc_recall_at_1_max": 0.3518,
        "nauc_recall_at_1_std": 0.033979,
        "nauc_recall_at_1_diff1": 0.593426,
        "nauc_recall_at_3_max": 0.404749,
        "nauc_recall_at_3_std": 0.085055,
        "nauc_recall_at_3_diff1": 0.496186,
        "nauc_recall_at_5_max": 0.404808,
        "nauc_recall_at_5_std": 0.102889,
        "nauc_recall_at_5_diff1": 0.469762,
        "nauc_recall_at_10_max": 0.418349,
        "nauc_recall_at_10_std": 0.147521,
        "nauc_recall_at_10_diff1": 0.449133,
        "nauc_recall_at_20_max": 0.428182,
        "nauc_recall_at_20_std": 0.206599,
        "nauc_recall_at_20_diff1": 0.435432,
        "nauc_recall_at_100_max": 0.485165,
        "nauc_recall_at_100_std": 0.351432,
        "nauc_recall_at_100_diff1": 0.411037,
        "nauc_recall_at_1000_max": 0.510524,
        "nauc_recall_at_1000_std": 0.468217,
        "nauc_recall_at_1000_diff1": 0.332858,
        "nauc_precision_at_1_max": 0.377766,
        "nauc_precision_at_1_std": 0.055539,
        "nauc_precision_at_1_diff1": 0.595139,
        "nauc_precision_at_3_max": 0.42326,
        "nauc_precision_at_3_std": 0.135518,
        "nauc_precision_at_3_diff1": 0.432761,
        "nauc_precision_at_5_max": 0.423488,
        "nauc_precision_at_5_std": 0.162728,
        "nauc_precision_at_5_diff1": 0.380461,
        "nauc_precision_at_10_max": 0.411687,
        "nauc_precision_at_10_std": 0.211172,
        "nauc_precision_at_10_diff1": 0.315284,
        "nauc_precision_at_20_max": 0.382719,
        "nauc_precision_at_20_std": 0.261848,
        "nauc_precision_at_20_diff1": 0.238608,
        "nauc_precision_at_100_max": 0.349748,
        "nauc_precision_at_100_std": 0.342411,
        "nauc_precision_at_100_diff1": 0.1086,
        "nauc_precision_at_1000_max": 0.208181,
        "nauc_precision_at_1000_std": 0.275233,
        "nauc_precision_at_1000_diff1": -0.038978,
        "nauc_mrr_at_1_max": 0.377766,
        "nauc_mrr_at_1_std": 0.055539,
        "nauc_mrr_at_1_diff1": 0.595139,
        "nauc_mrr_at_3_max": 0.407076,
        "nauc_mrr_at_3_std": 0.08655,
        "nauc_mrr_at_3_diff1": 0.551321,
        "nauc_mrr_at_5_max": 0.407787,
        "nauc_mrr_at_5_std": 0.090886,
        "nauc_mrr_at_5_diff1": 0.545285,
        "nauc_mrr_at_10_max": 0.409117,
        "nauc_mrr_at_10_std": 0.096035,
        "nauc_mrr_at_10_diff1": 0.542222,
        "nauc_mrr_at_20_max": 0.40934,
        "nauc_mrr_at_20_std": 0.098905,
        "nauc_mrr_at_20_diff1": 0.542782,
        "nauc_mrr_at_100_max": 0.409924,
        "nauc_mrr_at_100_std": 0.100719,
        "nauc_mrr_at_100_diff1": 0.542995,
        "nauc_mrr_at_1000_max": 0.409814,
        "nauc_mrr_at_1000_std": 0.100479,
        "nauc_mrr_at_1000_diff1": 0.543119,
        "main_score": 0.43674,
        "hf_subset": "default",
        "languages": [
          "tur-Latn"
        ]
      }
    ]
  },
  "evaluation_time": 444.7845640182495,
  "kg_co2_emissions": null
}