{
  "dataset_revision": "main",
  "task_name": "CQADupstackGamingRetrievalTR",
  "mteb_version": "1.31.3",
  "scores": {
    "test": [
      {
        "ndcg_at_1": 0.4413,
        "ndcg_at_3": 0.51151,
        "ndcg_at_5": 0.53442,
        "ndcg_at_10": 0.56045,
        "ndcg_at_20": 0.57399,
        "ndcg_at_100": 0.59814,
        "ndcg_at_1000": 0.61098,
        "map_at_1": 0.4413,
        "map_at_3": 0.49426,
        "map_at_5": 0.50688,
        "map_at_10": 0.51767,
        "map_at_20": 0.52142,
        "map_at_100": 0.5247,
        "map_at_1000": 0.52516,
        "recall_at_1": 0.4413,
        "recall_at_3": 0.5614,
        "recall_at_5": 0.61741,
        "recall_at_10": 0.69771,
        "recall_at_20": 0.75101,
        "recall_at_100": 0.88192,
        "recall_at_1000": 0.98381,
        "precision_at_1": 0.4413,
        "precision_at_3": 0.18713,
        "precision_at_5": 0.12348,
        "precision_at_10": 0.06977,
        "precision_at_20": 0.03755,
        "precision_at_100": 0.00882,
        "precision_at_1000": 0.00098,
        "mrr_at_1": 0.441296,
        "mrr_at_3": 0.494265,
        "mrr_at_5": 0.506883,
        "mrr_at_10": 0.517669,
        "mrr_at_20": 0.521419,
        "mrr_at_100": 0.524698,
        "mrr_at_1000": 0.525161,
        "nauc_ndcg_at_1_max": 0.479444,
        "nauc_ndcg_at_1_std": -0.06289,
        "nauc_ndcg_at_1_diff1": 0.693381,
        "nauc_ndcg_at_3_max": 0.488886,
        "nauc_ndcg_at_3_std": -0.039476,
        "nauc_ndcg_at_3_diff1": 0.648023,
        "nauc_ndcg_at_5_max": 0.48499,
        "nauc_ndcg_at_5_std": -0.028229,
        "nauc_ndcg_at_5_diff1": 0.640973,
        "nauc_ndcg_at_10_max": 0.48678,
        "nauc_ndcg_at_10_std": -0.014248,
        "nauc_ndcg_at_10_diff1": 0.634382,
        "nauc_ndcg_at_20_max": 0.492216,
        "nauc_ndcg_at_20_std": -0.009685,
        "nauc_ndcg_at_20_diff1": 0.636721,
        "nauc_ndcg_at_100_max": 0.491565,
        "nauc_ndcg_at_100_std": -0.006213,
        "nauc_ndcg_at_100_diff1": 0.638536,
        "nauc_ndcg_at_1000_max": 0.490821,
        "nauc_ndcg_at_1000_std": -0.015862,
        "nauc_ndcg_at_1000_diff1": 0.644896,
        "nauc_map_at_1_max": 0.479444,
        "nauc_map_at_1_std": -0.06289,
        "nauc_map_at_1_diff1": 0.693381,
        "nauc_map_at_3_max": 0.487612,
        "nauc_map_at_3_std": -0.045674,
        "nauc_map_at_3_diff1": 0.659461,
        "nauc_map_at_5_max": 0.485733,
        "nauc_map_at_5_std": -0.03984,
        "nauc_map_at_5_diff1": 0.655891,
        "nauc_map_at_10_max": 0.486607,
        "nauc_map_at_10_std": -0.034699,
        "nauc_map_at_10_diff1": 0.653492,
        "nauc_map_at_20_max": 0.488082,
        "nauc_map_at_20_std": -0.033644,
        "nauc_map_at_20_diff1": 0.654304,
        "nauc_map_at_100_max": 0.487887,
        "nauc_map_at_100_std": -0.033149,
        "nauc_map_at_100_diff1": 0.654537,
        "nauc_map_at_1000_max": 0.487895,
        "nauc_map_at_1000_std": -0.033442,
        "nauc_map_at_1000_diff1": 0.654745,
        "nauc_recall_at_1_max": 0.479444,
        "nauc_recall_at_1_std": -0.06289,
        "nauc_recall_at_1_diff1": 0.693381,
        "nauc_recall_at_3_max": 0.492285,
        "nauc_recall_at_3_std": -0.020501,
        "nauc_recall_at_3_diff1": 0.613239,
        "nauc_recall_at_5_max": 0.481112,
        "nauc_recall_at_5_std": 0.011363,
        "nauc_recall_at_5_diff1": 0.591636,
        "nauc_recall_at_10_max": 0.486134,
        "nauc_recall_at_10_std": 0.071656,
        "nauc_recall_at_10_diff1": 0.558929,
        "nauc_recall_at_20_max": 0.51467,
        "nauc_recall_at_20_std": 0.110681,
        "nauc_recall_at_20_diff1": 0.558045,
        "nauc_recall_at_100_max": 0.529097,
        "nauc_recall_at_100_std": 0.256362,
        "nauc_recall_at_100_diff1": 0.515143,
        "nauc_recall_at_1000_max": 0.628141,
        "nauc_recall_at_1000_std": 0.524617,
        "nauc_recall_at_1000_diff1": 0.62701,
        "nauc_precision_at_1_max": 0.479444,
        "nauc_precision_at_1_std": -0.06289,
        "nauc_precision_at_1_diff1": 0.693381,
        "nauc_precision_at_3_max": 0.492285,
        "nauc_precision_at_3_std": -0.020501,
        "nauc_precision_at_3_diff1": 0.613239,
        "nauc_precision_at_5_max": 0.481112,
        "nauc_precision_at_5_std": 0.011363,
        "nauc_precision_at_5_diff1": 0.591636,
        "nauc_precision_at_10_max": 0.486134,
        "nauc_precision_at_10_std": 0.071656,
        "nauc_precision_at_10_diff1": 0.558929,
        "nauc_precision_at_20_max": 0.51467,
        "nauc_precision_at_20_std": 0.110681,
        "nauc_precision_at_20_diff1": 0.558045,
        "nauc_precision_at_100_max": 0.529097,
        "nauc_precision_at_100_std": 0.256362,
        "nauc_precision_at_100_diff1": 0.515143,
        "nauc_precision_at_1000_max": 0.628141,
        "nauc_precision_at_1000_std": 0.524617,
        "nauc_precision_at_1000_diff1": 0.62701,
        "nauc_mrr_at_1_max": 0.479444,
        "nauc_mrr_at_1_std": -0.06289,
        "nauc_mrr_at_1_diff1": 0.693381,
        "nauc_mrr_at_3_max": 0.487612,
        "nauc_mrr_at_3_std": -0.045674,
        "nauc_mrr_at_3_diff1": 0.659461,
        "nauc_mrr_at_5_max": 0.485733,
        "nauc_mrr_at_5_std": -0.03984,
        "nauc_mrr_at_5_diff1": 0.655891,
        "nauc_mrr_at_10_max": 0.486607,
        "nauc_mrr_at_10_std": -0.034699,
        "nauc_mrr_at_10_diff1": 0.653492,
        "nauc_mrr_at_20_max": 0.488082,
        "nauc_mrr_at_20_std": -0.033644,
        "nauc_mrr_at_20_diff1": 0.654304,
        "nauc_mrr_at_100_max": 0.487887,
        "nauc_mrr_at_100_std": -0.033149,
        "nauc_mrr_at_100_diff1": 0.654537,
        "nauc_mrr_at_1000_max": 0.487895,
        "nauc_mrr_at_1000_std": -0.033442,
        "nauc_mrr_at_1000_diff1": 0.654745,
        "main_score": 0.56045,
        "hf_subset": "default",
        "languages": [
          "tur-Latn"
        ]
      }
    ]
  },
  "evaluation_time": 10.365867137908936,
  "kg_co2_emissions": null
}