{
  "dataset_revision": "main",
  "task_name": "FiQA2018TR",
  "mteb_version": "1.31.3",
  "scores": {
    "test": [
      {
        "ndcg_at_1": 0.17284,
        "ndcg_at_3": 0.16624,
        "ndcg_at_5": 0.17478,
        "ndcg_at_10": 0.19382,
        "ndcg_at_20": 0.21439,
        "ndcg_at_100": 0.25249,
        "ndcg_at_1000": 0.29486,
        "map_at_1": 0.08387,
        "map_at_3": 0.12129,
        "map_at_5": 0.13341,
        "map_at_10": 0.144,
        "map_at_20": 0.15043,
        "map_at_100": 0.15662,
        "map_at_1000": 0.15859,
        "recall_at_1": 0.08387,
        "recall_at_3": 0.15246,
        "recall_at_5": 0.19038,
        "recall_at_10": 0.2483,
        "recall_at_20": 0.31032,
        "recall_at_100": 0.47166,
        "recall_at_1000": 0.73149,
        "precision_at_1": 0.17284,
        "precision_at_3": 0.11265,
        "precision_at_5": 0.08519,
        "precision_at_10": 0.05633,
        "precision_at_20": 0.03681,
        "precision_at_100": 0.01162,
        "precision_at_1000": 0.0019,
        "mrr_at_1": 0.17284,
        "mrr_at_3": 0.217593,
        "mrr_at_5": 0.228935,
        "mrr_at_10": 0.239213,
        "mrr_at_20": 0.245375,
        "mrr_at_100": 0.249789,
        "mrr_at_1000": 0.250682,
        "nauc_ndcg_at_1_max": 0.229621,
        "nauc_ndcg_at_1_std": 0.051105,
        "nauc_ndcg_at_1_diff1": 0.307838,
        "nauc_ndcg_at_3_max": 0.221823,
        "nauc_ndcg_at_3_std": 0.05589,
        "nauc_ndcg_at_3_diff1": 0.252585,
        "nauc_ndcg_at_5_max": 0.211442,
        "nauc_ndcg_at_5_std": 0.053241,
        "nauc_ndcg_at_5_diff1": 0.246802,
        "nauc_ndcg_at_10_max": 0.193192,
        "nauc_ndcg_at_10_std": 0.06905,
        "nauc_ndcg_at_10_diff1": 0.236265,
        "nauc_ndcg_at_20_max": 0.19939,
        "nauc_ndcg_at_20_std": 0.081073,
        "nauc_ndcg_at_20_diff1": 0.223417,
        "nauc_ndcg_at_100_max": 0.209148,
        "nauc_ndcg_at_100_std": 0.122827,
        "nauc_ndcg_at_100_diff1": 0.231326,
        "nauc_ndcg_at_1000_max": 0.234871,
        "nauc_ndcg_at_1000_std": 0.145554,
        "nauc_ndcg_at_1000_diff1": 0.226336,
        "nauc_map_at_1_max": 0.227916,
        "nauc_map_at_1_std": 0.034752,
        "nauc_map_at_1_diff1": 0.319845,
        "nauc_map_at_3_max": 0.190771,
        "nauc_map_at_3_std": 0.027444,
        "nauc_map_at_3_diff1": 0.253978,
        "nauc_map_at_5_max": 0.201499,
        "nauc_map_at_5_std": 0.035758,
        "nauc_map_at_5_diff1": 0.256212,
        "nauc_map_at_10_max": 0.198594,
        "nauc_map_at_10_std": 0.048178,
        "nauc_map_at_10_diff1": 0.254624,
        "nauc_map_at_20_max": 0.20201,
        "nauc_map_at_20_std": 0.054228,
        "nauc_map_at_20_diff1": 0.251097,
        "nauc_map_at_100_max": 0.205055,
        "nauc_map_at_100_std": 0.064849,
        "nauc_map_at_100_diff1": 0.251761,
        "nauc_map_at_1000_max": 0.206676,
        "nauc_map_at_1000_std": 0.06656,
        "nauc_map_at_1000_diff1": 0.251754,
        "nauc_recall_at_1_max": 0.227916,
        "nauc_recall_at_1_std": 0.034752,
        "nauc_recall_at_1_diff1": 0.319845,
        "nauc_recall_at_3_max": 0.152635,
        "nauc_recall_at_3_std": 0.020315,
        "nauc_recall_at_3_diff1": 0.179987,
        "nauc_recall_at_5_max": 0.158375,
        "nauc_recall_at_5_std": 0.037995,
        "nauc_recall_at_5_diff1": 0.177799,
        "nauc_recall_at_10_max": 0.133169,
        "nauc_recall_at_10_std": 0.085233,
        "nauc_recall_at_10_diff1": 0.159531,
        "nauc_recall_at_20_max": 0.141048,
        "nauc_recall_at_20_std": 0.103168,
        "nauc_recall_at_20_diff1": 0.123205,
        "nauc_recall_at_100_max": 0.131885,
        "nauc_recall_at_100_std": 0.221355,
        "nauc_recall_at_100_diff1": 0.151622,
        "nauc_recall_at_1000_max": 0.236071,
        "nauc_recall_at_1000_std": 0.406515,
        "nauc_recall_at_1000_diff1": 0.079647,
        "nauc_precision_at_1_max": 0.229621,
        "nauc_precision_at_1_std": 0.051105,
        "nauc_precision_at_1_diff1": 0.307838,
        "nauc_precision_at_3_max": 0.237637,
        "nauc_precision_at_3_std": 0.080194,
        "nauc_precision_at_3_diff1": 0.236434,
        "nauc_precision_at_5_max": 0.256934,
        "nauc_precision_at_5_std": 0.110279,
        "nauc_precision_at_5_diff1": 0.245376,
        "nauc_precision_at_10_max": 0.232786,
        "nauc_precision_at_10_std": 0.138456,
        "nauc_precision_at_10_diff1": 0.234154,
        "nauc_precision_at_20_max": 0.241863,
        "nauc_precision_at_20_std": 0.175524,
        "nauc_precision_at_20_diff1": 0.188387,
        "nauc_precision_at_100_max": 0.265448,
        "nauc_precision_at_100_std": 0.254126,
        "nauc_precision_at_100_diff1": 0.148976,
        "nauc_precision_at_1000_max": 0.295181,
        "nauc_precision_at_1000_std": 0.245651,
        "nauc_precision_at_1000_diff1": 0.07307,
        "nauc_mrr_at_1_max": 0.229621,
        "nauc_mrr_at_1_std": 0.051105,
        "nauc_mrr_at_1_diff1": 0.307838,
        "nauc_mrr_at_3_max": 0.221217,
        "nauc_mrr_at_3_std": 0.054132,
        "nauc_mrr_at_3_diff1": 0.259499,
        "nauc_mrr_at_5_max": 0.221461,
        "nauc_mrr_at_5_std": 0.061601,
        "nauc_mrr_at_5_diff1": 0.258899,
        "nauc_mrr_at_10_max": 0.218065,
        "nauc_mrr_at_10_std": 0.069644,
        "nauc_mrr_at_10_diff1": 0.255494,
        "nauc_mrr_at_20_max": 0.219536,
        "nauc_mrr_at_20_std": 0.070472,
        "nauc_mrr_at_20_diff1": 0.252573,
        "nauc_mrr_at_100_max": 0.220504,
        "nauc_mrr_at_100_std": 0.072645,
        "nauc_mrr_at_100_diff1": 0.253692,
        "nauc_mrr_at_1000_max": 0.220836,
        "nauc_mrr_at_1000_std": 0.072791,
        "nauc_mrr_at_1000_diff1": 0.253598,
        "main_score": 0.19382,
        "hf_subset": "default",
        "languages": [
          "tur-Latn"
        ]
      }
    ]
  },
  "evaluation_time": 853.1253008842468,
  "kg_co2_emissions": null
}