{
  "dataset_revision": "main",
  "task_name": "FiQA2018TR",
  "mteb_version": "1.31.3",
  "scores": {
    "test": [
      {
        "ndcg_at_1": 0.22685,
        "ndcg_at_3": 0.31463,
        "ndcg_at_5": 0.34392,
        "ndcg_at_10": 0.37936,
        "ndcg_at_20": 0.39971,
        "ndcg_at_100": 0.43156,
        "ndcg_at_1000": 0.45264,
        "map_at_1": 0.22685,
        "map_at_3": 0.29321,
        "map_at_5": 0.30949,
        "map_at_10": 0.32412,
        "map_at_20": 0.32974,
        "map_at_100": 0.33406,
        "map_at_1000": 0.33481,
        "recall_at_1": 0.22685,
        "recall_at_3": 0.37654,
        "recall_at_5": 0.44753,
        "recall_at_10": 0.5571,
        "recall_at_20": 0.63735,
        "recall_at_100": 0.81019,
        "recall_at_1000": 0.9784,
        "precision_at_1": 0.22685,
        "precision_at_3": 0.12551,
        "precision_at_5": 0.08951,
        "precision_at_10": 0.05571,
        "precision_at_20": 0.03187,
        "precision_at_100": 0.0081,
        "precision_at_1000": 0.00098,
        "mrr_at_1": 0.226852,
        "mrr_at_3": 0.29321,
        "mrr_at_5": 0.309491,
        "mrr_at_10": 0.324124,
        "mrr_at_20": 0.329736,
        "mrr_at_100": 0.33406,
        "mrr_at_1000": 0.334811,
        "nauc_ndcg_at_1_max": 0.206162,
        "nauc_ndcg_at_1_std": -0.145876,
        "nauc_ndcg_at_1_diff1": 0.449546,
        "nauc_ndcg_at_3_max": 0.23061,
        "nauc_ndcg_at_3_std": -0.124492,
        "nauc_ndcg_at_3_diff1": 0.403721,
        "nauc_ndcg_at_5_max": 0.215459,
        "nauc_ndcg_at_5_std": -0.132079,
        "nauc_ndcg_at_5_diff1": 0.380251,
        "nauc_ndcg_at_10_max": 0.2198,
        "nauc_ndcg_at_10_std": -0.119474,
        "nauc_ndcg_at_10_diff1": 0.372838,
        "nauc_ndcg_at_20_max": 0.224634,
        "nauc_ndcg_at_20_std": -0.127108,
        "nauc_ndcg_at_20_diff1": 0.378113,
        "nauc_ndcg_at_100_max": 0.227995,
        "nauc_ndcg_at_100_std": -0.100292,
        "nauc_ndcg_at_100_diff1": 0.376898,
        "nauc_ndcg_at_1000_max": 0.22231,
        "nauc_ndcg_at_1000_std": -0.112697,
        "nauc_ndcg_at_1000_diff1": 0.380159,
        "nauc_map_at_1_max": 0.206162,
        "nauc_map_at_1_std": -0.145876,
        "nauc_map_at_1_diff1": 0.449546,
        "nauc_map_at_3_max": 0.225491,
        "nauc_map_at_3_std": -0.126535,
        "nauc_map_at_3_diff1": 0.412478,
        "nauc_map_at_5_max": 0.216814,
        "nauc_map_at_5_std": -0.130756,
        "nauc_map_at_5_diff1": 0.398727,
        "nauc_map_at_10_max": 0.217763,
        "nauc_map_at_10_std": -0.12673,
        "nauc_map_at_10_diff1": 0.395768,
        "nauc_map_at_20_max": 0.219076,
        "nauc_map_at_20_std": -0.128661,
        "nauc_map_at_20_diff1": 0.397116,
        "nauc_map_at_100_max": 0.2194,
        "nauc_map_at_100_std": -0.125016,
        "nauc_map_at_100_diff1": 0.39661,
        "nauc_map_at_1000_max": 0.219252,
        "nauc_map_at_1000_std": -0.125307,
        "nauc_map_at_1000_diff1": 0.39657,
        "nauc_recall_at_1_max": 0.206162,
        "nauc_recall_at_1_std": -0.145876,
        "nauc_recall_at_1_diff1": 0.449546,
        "nauc_recall_at_3_max": 0.244085,
        "nauc_recall_at_3_std": -0.120099,
        "nauc_recall_at_3_diff1": 0.381005,
        "nauc_recall_at_5_max": 0.209751,
        "nauc_recall_at_5_std": -0.137776,
        "nauc_recall_at_5_diff1": 0.328835,
        "nauc_recall_at_10_max": 0.227099,
        "nauc_recall_at_10_std": -0.09304,
        "nauc_recall_at_10_diff1": 0.30215,
        "nauc_recall_at_20_max": 0.248542,
        "nauc_recall_at_20_std": -0.124252,
        "nauc_recall_at_20_diff1": 0.318231,
        "nauc_recall_at_100_max": 0.29612,
        "nauc_recall_at_100_std": 0.115147,
        "nauc_recall_at_100_diff1": 0.281461,
        "nauc_recall_at_1000_max": 0.174824,
        "nauc_recall_at_1000_std": 0.27377,
        "nauc_recall_at_1000_diff1": 0.067387,
        "nauc_precision_at_1_max": 0.206162,
        "nauc_precision_at_1_std": -0.145876,
        "nauc_precision_at_1_diff1": 0.449546,
        "nauc_precision_at_3_max": 0.244085,
        "nauc_precision_at_3_std": -0.120099,
        "nauc_precision_at_3_diff1": 0.381005,
        "nauc_precision_at_5_max": 0.209751,
        "nauc_precision_at_5_std": -0.137776,
        "nauc_precision_at_5_diff1": 0.328835,
        "nauc_precision_at_10_max": 0.227099,
        "nauc_precision_at_10_std": -0.09304,
        "nauc_precision_at_10_diff1": 0.30215,
        "nauc_precision_at_20_max": 0.248542,
        "nauc_precision_at_20_std": -0.124252,
        "nauc_precision_at_20_diff1": 0.318231,
        "nauc_precision_at_100_max": 0.29612,
        "nauc_precision_at_100_std": 0.115147,
        "nauc_precision_at_100_diff1": 0.281461,
        "nauc_precision_at_1000_max": 0.174824,
        "nauc_precision_at_1000_std": 0.27377,
        "nauc_precision_at_1000_diff1": 0.067387,
        "nauc_mrr_at_1_max": 0.206162,
        "nauc_mrr_at_1_std": -0.145876,
        "nauc_mrr_at_1_diff1": 0.449546,
        "nauc_mrr_at_3_max": 0.225491,
        "nauc_mrr_at_3_std": -0.126535,
        "nauc_mrr_at_3_diff1": 0.412478,
        "nauc_mrr_at_5_max": 0.216814,
        "nauc_mrr_at_5_std": -0.130756,
        "nauc_mrr_at_5_diff1": 0.398727,
        "nauc_mrr_at_10_max": 0.217763,
        "nauc_mrr_at_10_std": -0.12673,
        "nauc_mrr_at_10_diff1": 0.395768,
        "nauc_mrr_at_20_max": 0.219076,
        "nauc_mrr_at_20_std": -0.128661,
        "nauc_mrr_at_20_diff1": 0.397116,
        "nauc_mrr_at_100_max": 0.2194,
        "nauc_mrr_at_100_std": -0.125016,
        "nauc_mrr_at_100_diff1": 0.39661,
        "nauc_mrr_at_1000_max": 0.219252,
        "nauc_mrr_at_1000_std": -0.125307,
        "nauc_mrr_at_1000_diff1": 0.39657,
        "main_score": 0.37936,
        "hf_subset": "default",
        "languages": [
          "tur-Latn"
        ]
      }
    ]
  },
  "evaluation_time": 13.129413604736328,
  "kg_co2_emissions": null
}