{
  "dataset_revision": "main",
  "task_name": "NFCorpusTR",
  "mteb_version": "1.31.3",
  "scores": {
    "test": [
      {
        "ndcg_at_1": 0.31734,
        "ndcg_at_3": 0.28233,
        "ndcg_at_5": 0.25819,
        "ndcg_at_10": 0.24108,
        "ndcg_at_20": 0.2237,
        "ndcg_at_100": 0.2182,
        "ndcg_at_1000": 0.30602,
        "map_at_1": 0.04185,
        "map_at_3": 0.06137,
        "map_at_5": 0.06874,
        "map_at_10": 0.08196,
        "map_at_20": 0.0907,
        "map_at_100": 0.10137,
        "map_at_1000": 0.11175,
        "recall_at_1": 0.04185,
        "recall_at_3": 0.07144,
        "recall_at_5": 0.08499,
        "recall_at_10": 0.11386,
        "recall_at_20": 0.14453,
        "recall_at_100": 0.22378,
        "recall_at_1000": 0.54582,
        "precision_at_1": 0.33437,
        "precision_at_3": 0.26213,
        "precision_at_5": 0.21796,
        "precision_at_10": 0.17957,
        "precision_at_20": 0.13235,
        "precision_at_100": 0.05647,
        "precision_at_1000": 0.01754,
        "mrr_at_1": 0.337461,
        "mrr_at_3": 0.399897,
        "mrr_at_5": 0.410733,
        "mrr_at_10": 0.420878,
        "mrr_at_20": 0.424698,
        "mrr_at_100": 0.427539,
        "mrr_at_1000": 0.428344,
        "nauc_ndcg_at_1_max": 0.334725,
        "nauc_ndcg_at_1_std": 0.304332,
        "nauc_ndcg_at_1_diff1": 0.163826,
        "nauc_ndcg_at_3_max": 0.314048,
        "nauc_ndcg_at_3_std": 0.319354,
        "nauc_ndcg_at_3_diff1": 0.15908,
        "nauc_ndcg_at_5_max": 0.333929,
        "nauc_ndcg_at_5_std": 0.369868,
        "nauc_ndcg_at_5_diff1": 0.148501,
        "nauc_ndcg_at_10_max": 0.323487,
        "nauc_ndcg_at_10_std": 0.368006,
        "nauc_ndcg_at_10_diff1": 0.148231,
        "nauc_ndcg_at_20_max": 0.322722,
        "nauc_ndcg_at_20_std": 0.361548,
        "nauc_ndcg_at_20_diff1": 0.166059,
        "nauc_ndcg_at_100_max": 0.368407,
        "nauc_ndcg_at_100_std": 0.359093,
        "nauc_ndcg_at_100_diff1": 0.193609,
        "nauc_ndcg_at_1000_max": 0.416449,
        "nauc_ndcg_at_1000_std": 0.408541,
        "nauc_ndcg_at_1000_diff1": 0.16174,
        "nauc_map_at_1_max": 0.199568,
        "nauc_map_at_1_std": -0.085548,
        "nauc_map_at_1_diff1": 0.46123,
        "nauc_map_at_3_max": 0.217909,
        "nauc_map_at_3_std": -0.011218,
        "nauc_map_at_3_diff1": 0.374216,
        "nauc_map_at_5_max": 0.237676,
        "nauc_map_at_5_std": 0.035725,
        "nauc_map_at_5_diff1": 0.326529,
        "nauc_map_at_10_max": 0.259396,
        "nauc_map_at_10_std": 0.111036,
        "nauc_map_at_10_diff1": 0.28732,
        "nauc_map_at_20_max": 0.266687,
        "nauc_map_at_20_std": 0.162195,
        "nauc_map_at_20_diff1": 0.26537,
        "nauc_map_at_100_max": 0.279178,
        "nauc_map_at_100_std": 0.21078,
        "nauc_map_at_100_diff1": 0.243783,
        "nauc_map_at_1000_max": 0.28676,
        "nauc_map_at_1000_std": 0.244796,
        "nauc_map_at_1000_diff1": 0.224693,
        "nauc_recall_at_1_max": 0.199568,
        "nauc_recall_at_1_std": -0.085548,
        "nauc_recall_at_1_diff1": 0.46123,
        "nauc_recall_at_3_max": 0.21047,
        "nauc_recall_at_3_std": -0.003205,
        "nauc_recall_at_3_diff1": 0.306331,
        "nauc_recall_at_5_max": 0.235918,
        "nauc_recall_at_5_std": 0.050336,
        "nauc_recall_at_5_diff1": 0.241337,
        "nauc_recall_at_10_max": 0.253713,
        "nauc_recall_at_10_std": 0.109664,
        "nauc_recall_at_10_diff1": 0.211138,
        "nauc_recall_at_20_max": 0.253254,
        "nauc_recall_at_20_std": 0.160125,
        "nauc_recall_at_20_diff1": 0.194166,
        "nauc_recall_at_100_max": 0.260502,
        "nauc_recall_at_100_std": 0.227394,
        "nauc_recall_at_100_diff1": 0.148336,
        "nauc_recall_at_1000_max": 0.212618,
        "nauc_recall_at_1000_std": 0.207998,
        "nauc_recall_at_1000_diff1": 0.065392,
        "nauc_precision_at_1_max": 0.382916,
        "nauc_precision_at_1_std": 0.335818,
        "nauc_precision_at_1_diff1": 0.172971,
        "nauc_precision_at_3_max": 0.326112,
        "nauc_precision_at_3_std": 0.374718,
        "nauc_precision_at_3_diff1": 0.10697,
        "nauc_precision_at_5_max": 0.347957,
        "nauc_precision_at_5_std": 0.485771,
        "nauc_precision_at_5_diff1": 0.040554,
        "nauc_precision_at_10_max": 0.291282,
        "nauc_precision_at_10_std": 0.493977,
        "nauc_precision_at_10_diff1": -0.011791,
        "nauc_precision_at_20_max": 0.249061,
        "nauc_precision_at_20_std": 0.518809,
        "nauc_precision_at_20_diff1": -0.030417,
        "nauc_precision_at_100_max": 0.189254,
        "nauc_precision_at_100_std": 0.523066,
        "nauc_precision_at_100_diff1": -0.081444,
        "nauc_precision_at_1000_max": 0.091084,
        "nauc_precision_at_1000_std": 0.389359,
        "nauc_precision_at_1000_diff1": -0.134674,
        "nauc_mrr_at_1_max": 0.387293,
        "nauc_mrr_at_1_std": 0.334237,
        "nauc_mrr_at_1_diff1": 0.163922,
        "nauc_mrr_at_3_max": 0.387598,
        "nauc_mrr_at_3_std": 0.34889,
        "nauc_mrr_at_3_diff1": 0.160598,
        "nauc_mrr_at_5_max": 0.400583,
        "nauc_mrr_at_5_std": 0.369664,
        "nauc_mrr_at_5_diff1": 0.162628,
        "nauc_mrr_at_10_max": 0.407007,
        "nauc_mrr_at_10_std": 0.365742,
        "nauc_mrr_at_10_diff1": 0.161757,
        "nauc_mrr_at_20_max": 0.409352,
        "nauc_mrr_at_20_std": 0.367954,
        "nauc_mrr_at_20_diff1": 0.163199,
        "nauc_mrr_at_100_max": 0.410004,
        "nauc_mrr_at_100_std": 0.367925,
        "nauc_mrr_at_100_diff1": 0.163475,
        "nauc_mrr_at_1000_max": 0.409591,
        "nauc_mrr_at_1000_std": 0.367451,
        "nauc_mrr_at_1000_diff1": 0.163228,
        "main_score": 0.24108,
        "hf_subset": "default",
        "languages": [
          "tur-Latn"
        ]
      }
    ]
  },
  "evaluation_time": 112.35880088806152,
  "kg_co2_emissions": null
}