{
  "dataset_revision": "main",
  "task_name": "NFCorpusTR",
  "mteb_version": "1.31.3",
  "scores": {
    "test": [
      {
        "ndcg_at_1": 0.05118,
        "ndcg_at_3": 0.06848,
        "ndcg_at_5": 0.07526,
        "ndcg_at_10": 0.08326,
        "ndcg_at_20": 0.0904,
        "ndcg_at_100": 0.11139,
        "ndcg_at_1000": 0.17663,
        "map_at_1": 0.05118,
        "map_at_3": 0.06365,
        "map_at_5": 0.06759,
        "map_at_10": 0.0711,
        "map_at_20": 0.07314,
        "map_at_100": 0.07572,
        "map_at_1000": 0.07744,
        "recall_at_1": 0.05118,
        "recall_at_3": 0.08268,
        "recall_at_5": 0.09843,
        "recall_at_10": 0.12205,
        "recall_at_20": 0.14961,
        "recall_at_100": 0.26772,
        "recall_at_1000": 0.82677,
        "precision_at_1": 0.05118,
        "precision_at_3": 0.02756,
        "precision_at_5": 0.01969,
        "precision_at_10": 0.0122,
        "precision_at_20": 0.00748,
        "precision_at_100": 0.00268,
        "precision_at_1000": 0.00083,
        "mrr_at_1": 0.051181,
        "mrr_at_3": 0.063648,
        "mrr_at_5": 0.067585,
        "mrr_at_10": 0.0711,
        "mrr_at_20": 0.073112,
        "mrr_at_100": 0.07569,
        "mrr_at_1000": 0.077407,
        "nauc_ndcg_at_1_max": 0.205111,
        "nauc_ndcg_at_1_std": -0.032157,
        "nauc_ndcg_at_1_diff1": 0.434013,
        "nauc_ndcg_at_3_max": 0.180997,
        "nauc_ndcg_at_3_std": 0.056854,
        "nauc_ndcg_at_3_diff1": 0.261478,
        "nauc_ndcg_at_5_max": 0.174269,
        "nauc_ndcg_at_5_std": 0.049931,
        "nauc_ndcg_at_5_diff1": 0.210822,
        "nauc_ndcg_at_10_max": 0.192641,
        "nauc_ndcg_at_10_std": 0.06222,
        "nauc_ndcg_at_10_diff1": 0.193653,
        "nauc_ndcg_at_20_max": 0.206735,
        "nauc_ndcg_at_20_std": 0.090964,
        "nauc_ndcg_at_20_diff1": 0.179041,
        "nauc_ndcg_at_100_max": 0.204034,
        "nauc_ndcg_at_100_std": 0.087382,
        "nauc_ndcg_at_100_diff1": 0.144523,
        "nauc_ndcg_at_1000_max": 0.212439,
        "nauc_ndcg_at_1000_std": 0.092345,
        "nauc_ndcg_at_1000_diff1": 0.143986,
        "nauc_map_at_1_max": 0.205111,
        "nauc_map_at_1_std": -0.032157,
        "nauc_map_at_1_diff1": 0.434013,
        "nauc_map_at_3_max": 0.187802,
        "nauc_map_at_3_std": 0.038308,
        "nauc_map_at_3_diff1": 0.299097,
        "nauc_map_at_5_max": 0.183057,
        "nauc_map_at_5_std": 0.034913,
        "nauc_map_at_5_diff1": 0.264163,
        "nauc_map_at_10_max": 0.192944,
        "nauc_map_at_10_std": 0.041445,
        "nauc_map_at_10_diff1": 0.254057,
        "nauc_map_at_20_max": 0.197607,
        "nauc_map_at_20_std": 0.051154,
        "nauc_map_at_20_diff1": 0.248316,
        "nauc_map_at_100_max": 0.198681,
        "nauc_map_at_100_std": 0.05096,
        "nauc_map_at_100_diff1": 0.243499,
        "nauc_map_at_1000_max": 0.197886,
        "nauc_map_at_1000_std": 0.050968,
        "nauc_map_at_1000_diff1": 0.242802,
        "nauc_recall_at_1_max": 0.205111,
        "nauc_recall_at_1_std": -0.032157,
        "nauc_recall_at_1_diff1": 0.434013,
        "nauc_recall_at_3_max": 0.165202,
        "nauc_recall_at_3_std": 0.098465,
        "nauc_recall_at_3_diff1": 0.176578,
        "nauc_recall_at_5_max": 0.155785,
        "nauc_recall_at_5_std": 0.079516,
        "nauc_recall_at_5_diff1": 0.100228,
        "nauc_recall_at_10_max": 0.193877,
        "nauc_recall_at_10_std": 0.101692,
        "nauc_recall_at_10_diff1": 0.078456,
        "nauc_recall_at_20_max": 0.229435,
        "nauc_recall_at_20_std": 0.169856,
        "nauc_recall_at_20_diff1": 0.056379,
        "nauc_recall_at_100_max": 0.207667,
        "nauc_recall_at_100_std": 0.138974,
        "nauc_recall_at_100_diff1": -0.018732,
        "nauc_recall_at_1000_max": 0.323252,
        "nauc_recall_at_1000_std": 0.229678,
        "nauc_recall_at_1000_diff1": -0.150925,
        "nauc_precision_at_1_max": 0.205111,
        "nauc_precision_at_1_std": -0.032157,
        "nauc_precision_at_1_diff1": 0.434013,
        "nauc_precision_at_3_max": 0.165202,
        "nauc_precision_at_3_std": 0.098465,
        "nauc_precision_at_3_diff1": 0.176578,
        "nauc_precision_at_5_max": 0.155785,
        "nauc_precision_at_5_std": 0.079516,
        "nauc_precision_at_5_diff1": 0.100228,
        "nauc_precision_at_10_max": 0.193877,
        "nauc_precision_at_10_std": 0.101692,
        "nauc_precision_at_10_diff1": 0.078456,
        "nauc_precision_at_20_max": 0.229435,
        "nauc_precision_at_20_std": 0.169856,
        "nauc_precision_at_20_diff1": 0.056379,
        "nauc_precision_at_100_max": 0.207667,
        "nauc_precision_at_100_std": 0.138974,
        "nauc_precision_at_100_diff1": -0.018732,
        "nauc_precision_at_1000_max": 0.323252,
        "nauc_precision_at_1000_std": 0.229678,
        "nauc_precision_at_1000_diff1": -0.150925,
        "nauc_mrr_at_1_max": 0.205111,
        "nauc_mrr_at_1_std": -0.032157,
        "nauc_mrr_at_1_diff1": 0.434013,
        "nauc_mrr_at_3_max": 0.187802,
        "nauc_mrr_at_3_std": 0.038308,
        "nauc_mrr_at_3_diff1": 0.299097,
        "nauc_mrr_at_5_max": 0.183057,
        "nauc_mrr_at_5_std": 0.034913,
        "nauc_mrr_at_5_diff1": 0.264163,
        "nauc_mrr_at_10_max": 0.192944,
        "nauc_mrr_at_10_std": 0.041445,
        "nauc_mrr_at_10_diff1": 0.254057,
        "nauc_mrr_at_20_max": 0.197526,
        "nauc_mrr_at_20_std": 0.051127,
        "nauc_mrr_at_20_diff1": 0.248109,
        "nauc_mrr_at_100_max": 0.198602,
        "nauc_mrr_at_100_std": 0.050934,
        "nauc_mrr_at_100_diff1": 0.243294,
        "nauc_mrr_at_1000_max": 0.197807,
        "nauc_mrr_at_1000_std": 0.050942,
        "nauc_mrr_at_1000_diff1": 0.242598,
        "main_score": 0.08326,
        "hf_subset": "default",
        "languages": [
          "tur-Latn"
        ]
      }
    ]
  },
  "evaluation_time": 16.433916330337524,
  "kg_co2_emissions": null
}