{
  "dataset_revision": "main",
  "task_name": "QuoraRetrievalTR",
  "mteb_version": "1.31.3",
  "scores": {
    "test": [
      {
        "ndcg_at_1": 0.90395,
        "ndcg_at_3": 0.94557,
        "ndcg_at_5": 0.95056,
        "ndcg_at_10": 0.95234,
        "ndcg_at_20": 0.95375,
        "ndcg_at_100": 0.95428,
        "ndcg_at_1000": 0.95442,
        "map_at_1": 0.90395,
        "map_at_3": 0.93597,
        "map_at_5": 0.93874,
        "map_at_10": 0.93949,
        "map_at_20": 0.93988,
        "map_at_100": 0.93996,
        "map_at_1000": 0.93997,
        "recall_at_1": 0.90395,
        "recall_at_3": 0.97311,
        "recall_at_5": 0.98518,
        "recall_at_10": 0.99067,
        "recall_at_20": 0.99616,
        "recall_at_100": 0.9989,
        "recall_at_1000": 1.0,
        "precision_at_1": 0.90395,
        "precision_at_3": 0.32437,
        "precision_at_5": 0.19704,
        "precision_at_10": 0.09907,
        "precision_at_20": 0.04981,
        "precision_at_100": 0.00999,
        "precision_at_1000": 0.001,
        "mrr_at_1": 0.903952,
        "mrr_at_3": 0.935968,
        "mrr_at_5": 0.938739,
        "mrr_at_10": 0.939486,
        "mrr_at_20": 0.939884,
        "mrr_at_100": 0.939962,
        "mrr_at_1000": 0.939968,
        "nauc_ndcg_at_1_max": 0.381925,
        "nauc_ndcg_at_1_std": -0.452537,
        "nauc_ndcg_at_1_diff1": 0.874466,
        "nauc_ndcg_at_3_max": 0.467745,
        "nauc_ndcg_at_3_std": -0.471862,
        "nauc_ndcg_at_3_diff1": 0.891359,
        "nauc_ndcg_at_5_max": 0.461127,
        "nauc_ndcg_at_5_std": -0.466418,
        "nauc_ndcg_at_5_diff1": 0.889563,
        "nauc_ndcg_at_10_max": 0.455257,
        "nauc_ndcg_at_10_std": -0.461321,
        "nauc_ndcg_at_10_diff1": 0.887466,
        "nauc_ndcg_at_20_max": 0.44585,
        "nauc_ndcg_at_20_std": -0.451379,
        "nauc_ndcg_at_20_diff1": 0.885665,
        "nauc_ndcg_at_100_max": 0.439816,
        "nauc_ndcg_at_100_std": -0.461804,
        "nauc_ndcg_at_100_diff1": 0.885408,
        "nauc_ndcg_at_1000_max": 0.438209,
        "nauc_ndcg_at_1000_std": -0.463675,
        "nauc_ndcg_at_1000_diff1": 0.885227,
        "nauc_map_at_1_max": 0.381925,
        "nauc_map_at_1_std": -0.452537,
        "nauc_map_at_1_diff1": 0.874466,
        "nauc_map_at_3_max": 0.439192,
        "nauc_map_at_3_std": -0.471419,
        "nauc_map_at_3_diff1": 0.886137,
        "nauc_map_at_5_max": 0.43519,
        "nauc_map_at_5_std": -0.469751,
        "nauc_map_at_5_diff1": 0.885157,
        "nauc_map_at_10_max": 0.433058,
        "nauc_map_at_10_std": -0.467358,
        "nauc_map_at_10_diff1": 0.884452,
        "nauc_map_at_20_max": 0.430792,
        "nauc_map_at_20_std": -0.465336,
        "nauc_map_at_20_diff1": 0.883991,
        "nauc_map_at_100_max": 0.43009,
        "nauc_map_at_100_std": -0.466578,
        "nauc_map_at_100_diff1": 0.883996,
        "nauc_map_at_1000_max": 0.430031,
        "nauc_map_at_1000_std": -0.466643,
        "nauc_map_at_1000_diff1": 0.883987,
        "nauc_recall_at_1_max": 0.381925,
        "nauc_recall_at_1_std": -0.452537,
        "nauc_recall_at_1_diff1": 0.874466,
        "nauc_recall_at_3_max": 0.661477,
        "nauc_recall_at_3_std": -0.468468,
        "nauc_recall_at_3_diff1": 0.926359,
        "nauc_recall_at_5_max": 0.761373,
        "nauc_recall_at_5_std": -0.408074,
        "nauc_recall_at_5_diff1": 0.939315,
        "nauc_recall_at_10_max": 0.842016,
        "nauc_recall_at_10_std": -0.319697,
        "nauc_recall_at_10_diff1": 0.934372,
        "nauc_recall_at_20_max": 0.962656,
        "nauc_recall_at_20_std": 0.35956,
        "nauc_recall_at_20_diff1": 0.922982,
        "nauc_recall_at_100_max": 0.934648,
        "nauc_recall_at_100_std": 0.12275,
        "nauc_recall_at_100_diff1": 0.934648,
        "nauc_recall_at_1000_max": NaN,
        "nauc_recall_at_1000_std": NaN,
        "nauc_recall_at_1000_diff1": NaN,
        "nauc_precision_at_1_max": 0.381925,
        "nauc_precision_at_1_std": -0.452537,
        "nauc_precision_at_1_diff1": 0.874466,
        "nauc_precision_at_3_max": 0.661477,
        "nauc_precision_at_3_std": -0.468468,
        "nauc_precision_at_3_diff1": 0.926359,
        "nauc_precision_at_5_max": 0.761373,
        "nauc_precision_at_5_std": -0.408074,
        "nauc_precision_at_5_diff1": 0.939315,
        "nauc_precision_at_10_max": 0.842016,
        "nauc_precision_at_10_std": -0.319697,
        "nauc_precision_at_10_diff1": 0.934372,
        "nauc_precision_at_20_max": 0.962656,
        "nauc_precision_at_20_std": 0.35956,
        "nauc_precision_at_20_diff1": 0.922982,
        "nauc_precision_at_100_max": 0.934648,
        "nauc_precision_at_100_std": 0.12275,
        "nauc_precision_at_100_diff1": 0.934648,
        "nauc_precision_at_1000_max": 1.0,
        "nauc_precision_at_1000_std": 1.0,
        "nauc_precision_at_1000_diff1": 1.0,
        "nauc_mrr_at_1_max": 0.381925,
        "nauc_mrr_at_1_std": -0.452537,
        "nauc_mrr_at_1_diff1": 0.874466,
        "nauc_mrr_at_3_max": 0.439192,
        "nauc_mrr_at_3_std": -0.471419,
        "nauc_mrr_at_3_diff1": 0.886137,
        "nauc_mrr_at_5_max": 0.43519,
        "nauc_mrr_at_5_std": -0.469751,
        "nauc_mrr_at_5_diff1": 0.885157,
        "nauc_mrr_at_10_max": 0.433058,
        "nauc_mrr_at_10_std": -0.467358,
        "nauc_mrr_at_10_diff1": 0.884452,
        "nauc_mrr_at_20_max": 0.430792,
        "nauc_mrr_at_20_std": -0.465336,
        "nauc_mrr_at_20_diff1": 0.883991,
        "nauc_mrr_at_100_max": 0.43009,
        "nauc_mrr_at_100_std": -0.466578,
        "nauc_mrr_at_100_diff1": 0.883996,
        "nauc_mrr_at_1000_max": 0.430031,
        "nauc_mrr_at_1000_std": -0.466643,
        "nauc_mrr_at_1000_diff1": 0.883987,
        "main_score": 0.95234,
        "hf_subset": "default",
        "languages": [
          "tur-Latn"
        ]
      }
    ]
  },
  "evaluation_time": 5.679863691329956,
  "kg_co2_emissions": null
}