{
  "dataset_revision": "main",
  "task_name": "SCIDOCSTR",
  "mteb_version": "1.31.3",
  "scores": {
    "test": [
      {
        "ndcg_at_1": 0.01449,
        "ndcg_at_3": 0.02458,
        "ndcg_at_5": 0.02683,
        "ndcg_at_10": 0.03069,
        "ndcg_at_20": 0.03434,
        "ndcg_at_100": 0.04706,
        "ndcg_at_1000": 0.09449,
        "map_at_1": 0.01449,
        "map_at_3": 0.02192,
        "map_at_5": 0.02315,
        "map_at_10": 0.02468,
        "map_at_20": 0.02567,
        "map_at_100": 0.02724,
        "map_at_1000": 0.02836,
        "recall_at_1": 0.01449,
        "recall_at_3": 0.03233,
        "recall_at_5": 0.0379,
        "recall_at_10": 0.05017,
        "recall_at_20": 0.06466,
        "recall_at_100": 0.13601,
        "recall_at_1000": 0.54961,
        "precision_at_1": 0.01449,
        "precision_at_3": 0.01078,
        "precision_at_5": 0.00758,
        "precision_at_10": 0.00502,
        "precision_at_20": 0.00323,
        "precision_at_100": 0.00136,
        "precision_at_1000": 0.00055,
        "mrr_at_1": 0.014493,
        "mrr_at_3": 0.021925,
        "mrr_at_5": 0.023151,
        "mrr_at_10": 0.024683,
        "mrr_at_20": 0.025673,
        "mrr_at_100": 0.027238,
        "mrr_at_1000": 0.028362,
        "nauc_ndcg_at_1_max": -0.020519,
        "nauc_ndcg_at_1_std": 0.062967,
        "nauc_ndcg_at_1_diff1": 0.160677,
        "nauc_ndcg_at_3_max": 0.060081,
        "nauc_ndcg_at_3_std": 0.190696,
        "nauc_ndcg_at_3_diff1": 0.085548,
        "nauc_ndcg_at_5_max": 0.079415,
        "nauc_ndcg_at_5_std": 0.211843,
        "nauc_ndcg_at_5_diff1": 0.075658,
        "nauc_ndcg_at_10_max": 0.08733,
        "nauc_ndcg_at_10_std": 0.222186,
        "nauc_ndcg_at_10_diff1": 0.093549,
        "nauc_ndcg_at_20_max": 0.077495,
        "nauc_ndcg_at_20_std": 0.186899,
        "nauc_ndcg_at_20_diff1": 0.073118,
        "nauc_ndcg_at_100_max": 0.082459,
        "nauc_ndcg_at_100_std": 0.125222,
        "nauc_ndcg_at_100_diff1": 0.081028,
        "nauc_ndcg_at_1000_max": 0.081544,
        "nauc_ndcg_at_1000_std": 0.11088,
        "nauc_ndcg_at_1000_diff1": 0.022106,
        "nauc_map_at_1_max": -0.020519,
        "nauc_map_at_1_std": 0.062967,
        "nauc_map_at_1_diff1": 0.160677,
        "nauc_map_at_3_max": 0.045484,
        "nauc_map_at_3_std": 0.170824,
        "nauc_map_at_3_diff1": 0.098012,
        "nauc_map_at_5_max": 0.059131,
        "nauc_map_at_5_std": 0.184499,
        "nauc_map_at_5_diff1": 0.09176,
        "nauc_map_at_10_max": 0.064391,
        "nauc_map_at_10_std": 0.192754,
        "nauc_map_at_10_diff1": 0.099466,
        "nauc_map_at_20_max": 0.062113,
        "nauc_map_at_20_std": 0.181424,
        "nauc_map_at_20_diff1": 0.092204,
        "nauc_map_at_100_max": 0.06465,
        "nauc_map_at_100_std": 0.167335,
        "nauc_map_at_100_diff1": 0.093569,
        "nauc_map_at_1000_max": 0.065035,
        "nauc_map_at_1000_std": 0.165613,
        "nauc_map_at_1000_diff1": 0.089989,
        "nauc_recall_at_1_max": -0.020519,
        "nauc_recall_at_1_std": 0.062967,
        "nauc_recall_at_1_diff1": 0.160677,
        "nauc_recall_at_3_max": 0.089136,
        "nauc_recall_at_3_std": 0.229451,
        "nauc_recall_at_3_diff1": 0.061018,
        "nauc_recall_at_5_max": 0.116985,
        "nauc_recall_at_5_std": 0.262574,
        "nauc_recall_at_5_diff1": 0.045682,
        "nauc_recall_at_10_max": 0.12287,
        "nauc_recall_at_10_std": 0.266331,
        "nauc_recall_at_10_diff1": 0.088054,
        "nauc_recall_at_20_max": 0.093008,
        "nauc_recall_at_20_std": 0.180839,
        "nauc_recall_at_20_diff1": 0.045091,
        "nauc_recall_at_100_max": 0.09209,
        "nauc_recall_at_100_std": 0.063906,
        "nauc_recall_at_100_diff1": 0.072229,
        "nauc_recall_at_1000_max": 0.084432,
        "nauc_recall_at_1000_std": 0.054878,
        "nauc_recall_at_1000_diff1": -0.063153,
        "nauc_precision_at_1_max": -0.020519,
        "nauc_precision_at_1_std": 0.062967,
        "nauc_precision_at_1_diff1": 0.160677,
        "nauc_precision_at_3_max": 0.089136,
        "nauc_precision_at_3_std": 0.229451,
        "nauc_precision_at_3_diff1": 0.061018,
        "nauc_precision_at_5_max": 0.116985,
        "nauc_precision_at_5_std": 0.262574,
        "nauc_precision_at_5_diff1": 0.045682,
        "nauc_precision_at_10_max": 0.12287,
        "nauc_precision_at_10_std": 0.266331,
        "nauc_precision_at_10_diff1": 0.088054,
        "nauc_precision_at_20_max": 0.093008,
        "nauc_precision_at_20_std": 0.180839,
        "nauc_precision_at_20_diff1": 0.045091,
        "nauc_precision_at_100_max": 0.09209,
        "nauc_precision_at_100_std": 0.063906,
        "nauc_precision_at_100_diff1": 0.072229,
        "nauc_precision_at_1000_max": 0.084432,
        "nauc_precision_at_1000_std": 0.054878,
        "nauc_precision_at_1000_diff1": -0.063153,
        "nauc_mrr_at_1_max": -0.020519,
        "nauc_mrr_at_1_std": 0.062967,
        "nauc_mrr_at_1_diff1": 0.160677,
        "nauc_mrr_at_3_max": 0.045484,
        "nauc_mrr_at_3_std": 0.170824,
        "nauc_mrr_at_3_diff1": 0.098012,
        "nauc_mrr_at_5_max": 0.059131,
        "nauc_mrr_at_5_std": 0.184499,
        "nauc_mrr_at_5_diff1": 0.09176,
        "nauc_mrr_at_10_max": 0.064391,
        "nauc_mrr_at_10_std": 0.192754,
        "nauc_mrr_at_10_diff1": 0.099466,
        "nauc_mrr_at_20_max": 0.062113,
        "nauc_mrr_at_20_std": 0.181424,
        "nauc_mrr_at_20_diff1": 0.092204,
        "nauc_mrr_at_100_max": 0.06465,
        "nauc_mrr_at_100_std": 0.167335,
        "nauc_mrr_at_100_diff1": 0.093569,
        "nauc_mrr_at_1000_max": 0.065035,
        "nauc_mrr_at_1000_std": 0.165613,
        "nauc_mrr_at_1000_diff1": 0.089989,
        "main_score": 0.03069,
        "hf_subset": "default",
        "languages": [
          "tur-Latn"
        ]
      }
    ]
  },
  "evaluation_time": 18.604209899902344,
  "kg_co2_emissions": null
}