{
  "dataset_revision": "main",
  "task_name": "SCIDOCSTR",
  "mteb_version": "1.31.3",
  "scores": {
    "test": [
      {
        "ndcg_at_1": 0.124,
        "ndcg_at_3": 0.10197,
        "ndcg_at_5": 0.09034,
        "ndcg_at_10": 0.10832,
        "ndcg_at_20": 0.12752,
        "ndcg_at_100": 0.16428,
        "ndcg_at_1000": 0.21395,
        "map_at_1": 0.02528,
        "map_at_3": 0.04424,
        "map_at_5": 0.05236,
        "map_at_10": 0.05977,
        "map_at_20": 0.06579,
        "map_at_100": 0.07195,
        "map_at_1000": 0.07415,
        "recall_at_1": 0.02528,
        "recall_at_3": 0.05828,
        "recall_at_5": 0.08142,
        "recall_at_10": 0.11465,
        "recall_at_20": 0.1596,
        "recall_at_100": 0.27907,
        "recall_at_1000": 0.52478,
        "precision_at_1": 0.124,
        "precision_at_3": 0.09567,
        "precision_at_5": 0.0802,
        "precision_at_10": 0.0564,
        "precision_at_20": 0.03935,
        "precision_at_100": 0.01375,
        "precision_at_1000": 0.00258,
        "mrr_at_1": 0.124,
        "mrr_at_3": 0.171,
        "mrr_at_5": 0.18625,
        "mrr_at_10": 0.197862,
        "mrr_at_20": 0.203924,
        "mrr_at_100": 0.208991,
        "mrr_at_1000": 0.209987,
        "nauc_ndcg_at_1_max": 0.271343,
        "nauc_ndcg_at_1_std": 0.147932,
        "nauc_ndcg_at_1_diff1": 0.167517,
        "nauc_ndcg_at_3_max": 0.309745,
        "nauc_ndcg_at_3_std": 0.209339,
        "nauc_ndcg_at_3_diff1": 0.13556,
        "nauc_ndcg_at_5_max": 0.3273,
        "nauc_ndcg_at_5_std": 0.226747,
        "nauc_ndcg_at_5_diff1": 0.135033,
        "nauc_ndcg_at_10_max": 0.335402,
        "nauc_ndcg_at_10_std": 0.250413,
        "nauc_ndcg_at_10_diff1": 0.134648,
        "nauc_ndcg_at_20_max": 0.34536,
        "nauc_ndcg_at_20_std": 0.297018,
        "nauc_ndcg_at_20_diff1": 0.154205,
        "nauc_ndcg_at_100_max": 0.358584,
        "nauc_ndcg_at_100_std": 0.350133,
        "nauc_ndcg_at_100_diff1": 0.14721,
        "nauc_ndcg_at_1000_max": 0.374106,
        "nauc_ndcg_at_1000_std": 0.363038,
        "nauc_ndcg_at_1000_diff1": 0.139717,
        "nauc_map_at_1_max": 0.267225,
        "nauc_map_at_1_std": 0.146237,
        "nauc_map_at_1_diff1": 0.166848,
        "nauc_map_at_3_max": 0.327768,
        "nauc_map_at_3_std": 0.204327,
        "nauc_map_at_3_diff1": 0.153176,
        "nauc_map_at_5_max": 0.350372,
        "nauc_map_at_5_std": 0.214927,
        "nauc_map_at_5_diff1": 0.149967,
        "nauc_map_at_10_max": 0.363225,
        "nauc_map_at_10_std": 0.243154,
        "nauc_map_at_10_diff1": 0.148043,
        "nauc_map_at_20_max": 0.369059,
        "nauc_map_at_20_std": 0.271585,
        "nauc_map_at_20_diff1": 0.15651,
        "nauc_map_at_100_max": 0.377431,
        "nauc_map_at_100_std": 0.295045,
        "nauc_map_at_100_diff1": 0.156588,
        "nauc_map_at_1000_max": 0.379087,
        "nauc_map_at_1000_std": 0.298622,
        "nauc_map_at_1000_diff1": 0.155506,
        "nauc_recall_at_1_max": 0.267225,
        "nauc_recall_at_1_std": 0.146237,
        "nauc_recall_at_1_diff1": 0.166848,
        "nauc_recall_at_3_max": 0.31998,
        "nauc_recall_at_3_std": 0.23241,
        "nauc_recall_at_3_diff1": 0.122498,
        "nauc_recall_at_5_max": 0.341257,
        "nauc_recall_at_5_std": 0.253041,
        "nauc_recall_at_5_diff1": 0.117852,
        "nauc_recall_at_10_max": 0.343192,
        "nauc_recall_at_10_std": 0.286248,
        "nauc_recall_at_10_diff1": 0.116647,
        "nauc_recall_at_20_max": 0.340226,
        "nauc_recall_at_20_std": 0.356275,
        "nauc_recall_at_20_diff1": 0.151498,
        "nauc_recall_at_100_max": 0.333475,
        "nauc_recall_at_100_std": 0.431524,
        "nauc_recall_at_100_diff1": 0.118628,
        "nauc_recall_at_1000_max": 0.334363,
        "nauc_recall_at_1000_std": 0.41291,
        "nauc_recall_at_1000_diff1": 0.08249,
        "nauc_precision_at_1_max": 0.271343,
        "nauc_precision_at_1_std": 0.147932,
        "nauc_precision_at_1_diff1": 0.167517,
        "nauc_precision_at_3_max": 0.322559,
        "nauc_precision_at_3_std": 0.235485,
        "nauc_precision_at_3_diff1": 0.119436,
        "nauc_precision_at_5_max": 0.342749,
        "nauc_precision_at_5_std": 0.254734,
        "nauc_precision_at_5_diff1": 0.115352,
        "nauc_precision_at_10_max": 0.34564,
        "nauc_precision_at_10_std": 0.286414,
        "nauc_precision_at_10_diff1": 0.115356,
        "nauc_precision_at_20_max": 0.341547,
        "nauc_precision_at_20_std": 0.356828,
        "nauc_precision_at_20_diff1": 0.149115,
        "nauc_precision_at_100_max": 0.335498,
        "nauc_precision_at_100_std": 0.432447,
        "nauc_precision_at_100_diff1": 0.116841,
        "nauc_precision_at_1000_max": 0.331676,
        "nauc_precision_at_1000_std": 0.407152,
        "nauc_precision_at_1000_diff1": 0.079939,
        "nauc_mrr_at_1_max": 0.271343,
        "nauc_mrr_at_1_std": 0.147932,
        "nauc_mrr_at_1_diff1": 0.167517,
        "nauc_mrr_at_3_max": 0.26932,
        "nauc_mrr_at_3_std": 0.183779,
        "nauc_mrr_at_3_diff1": 0.131682,
        "nauc_mrr_at_5_max": 0.272519,
        "nauc_mrr_at_5_std": 0.197113,
        "nauc_mrr_at_5_diff1": 0.130985,
        "nauc_mrr_at_10_max": 0.272834,
        "nauc_mrr_at_10_std": 0.197029,
        "nauc_mrr_at_10_diff1": 0.13311,
        "nauc_mrr_at_20_max": 0.275212,
        "nauc_mrr_at_20_std": 0.205044,
        "nauc_mrr_at_20_diff1": 0.13719,
        "nauc_mrr_at_100_max": 0.27472,
        "nauc_mrr_at_100_std": 0.205841,
        "nauc_mrr_at_100_diff1": 0.135866,
        "nauc_mrr_at_1000_max": 0.274877,
        "nauc_mrr_at_1000_std": 0.20552,
        "nauc_mrr_at_1000_diff1": 0.135888,
        "main_score": 0.10832,
        "hf_subset": "default",
        "languages": [
          "tur-Latn"
        ]
      }
    ]
  },
  "evaluation_time": 544.6420679092407,
  "kg_co2_emissions": null
}