{
  "dataset_revision": "main",
  "task_name": "SciFactTR",
  "mteb_version": "1.31.3",
  "scores": {
    "test": [
      {
        "ndcg_at_1": 0.48667,
        "ndcg_at_3": 0.57583,
        "ndcg_at_5": 0.60315,
        "ndcg_at_10": 0.62838,
        "ndcg_at_20": 0.63589,
        "ndcg_at_100": 0.64974,
        "ndcg_at_1000": 0.66157,
        "map_at_1": 0.46233,
        "map_at_3": 0.54347,
        "map_at_5": 0.56247,
        "map_at_10": 0.57477,
        "map_at_20": 0.57711,
        "map_at_100": 0.57906,
        "map_at_1000": 0.57956,
        "recall_at_1": 0.46233,
        "recall_at_3": 0.64028,
        "recall_at_5": 0.70678,
        "recall_at_10": 0.77844,
        "recall_at_20": 0.80622,
        "recall_at_100": 0.87922,
        "recall_at_1000": 0.97,
        "precision_at_1": 0.48667,
        "precision_at_3": 0.23111,
        "precision_at_5": 0.15667,
        "precision_at_10": 0.088,
        "precision_at_20": 0.04567,
        "precision_at_100": 0.00997,
        "precision_at_1000": 0.0011,
        "mrr_at_1": 0.486667,
        "mrr_at_3": 0.563889,
        "mrr_at_5": 0.578056,
        "mrr_at_10": 0.587058,
        "mrr_at_20": 0.589064,
        "mrr_at_100": 0.590971,
        "mrr_at_1000": 0.591369,
        "nauc_ndcg_at_1_max": 0.505517,
        "nauc_ndcg_at_1_std": 0.088328,
        "nauc_ndcg_at_1_diff1": 0.629645,
        "nauc_ndcg_at_3_max": 0.48825,
        "nauc_ndcg_at_3_std": 0.07699,
        "nauc_ndcg_at_3_diff1": 0.573908,
        "nauc_ndcg_at_5_max": 0.48869,
        "nauc_ndcg_at_5_std": 0.097174,
        "nauc_ndcg_at_5_diff1": 0.573645,
        "nauc_ndcg_at_10_max": 0.530708,
        "nauc_ndcg_at_10_std": 0.122867,
        "nauc_ndcg_at_10_diff1": 0.578997,
        "nauc_ndcg_at_20_max": 0.544309,
        "nauc_ndcg_at_20_std": 0.140504,
        "nauc_ndcg_at_20_diff1": 0.583068,
        "nauc_ndcg_at_100_max": 0.539595,
        "nauc_ndcg_at_100_std": 0.146131,
        "nauc_ndcg_at_100_diff1": 0.584013,
        "nauc_ndcg_at_1000_max": 0.535765,
        "nauc_ndcg_at_1000_std": 0.138338,
        "nauc_ndcg_at_1000_diff1": 0.587395,
        "nauc_map_at_1_max": 0.47,
        "nauc_map_at_1_std": 0.060158,
        "nauc_map_at_1_diff1": 0.629914,
        "nauc_map_at_3_max": 0.479963,
        "nauc_map_at_3_std": 0.06504,
        "nauc_map_at_3_diff1": 0.592551,
        "nauc_map_at_5_max": 0.487949,
        "nauc_map_at_5_std": 0.087164,
        "nauc_map_at_5_diff1": 0.59073,
        "nauc_map_at_10_max": 0.509901,
        "nauc_map_at_10_std": 0.102511,
        "nauc_map_at_10_diff1": 0.592442,
        "nauc_map_at_20_max": 0.514239,
        "nauc_map_at_20_std": 0.107824,
        "nauc_map_at_20_diff1": 0.594205,
        "nauc_map_at_100_max": 0.513795,
        "nauc_map_at_100_std": 0.108405,
        "nauc_map_at_100_diff1": 0.594466,
        "nauc_map_at_1000_max": 0.51356,
        "nauc_map_at_1000_std": 0.108043,
        "nauc_map_at_1000_diff1": 0.594513,
        "nauc_recall_at_1_max": 0.47,
        "nauc_recall_at_1_std": 0.060158,
        "nauc_recall_at_1_diff1": 0.629914,
        "nauc_recall_at_3_max": 0.460233,
        "nauc_recall_at_3_std": 0.050502,
        "nauc_recall_at_3_diff1": 0.514602,
        "nauc_recall_at_5_max": 0.455375,
        "nauc_recall_at_5_std": 0.097929,
        "nauc_recall_at_5_diff1": 0.505102,
        "nauc_recall_at_10_max": 0.598048,
        "nauc_recall_at_10_std": 0.183246,
        "nauc_recall_at_10_diff1": 0.512525,
        "nauc_recall_at_20_max": 0.673049,
        "nauc_recall_at_20_std": 0.283802,
        "nauc_recall_at_20_diff1": 0.519655,
        "nauc_recall_at_100_max": 0.680975,
        "nauc_recall_at_100_std": 0.428422,
        "nauc_recall_at_100_diff1": 0.496822,
        "nauc_recall_at_1000_max": 0.940087,
        "nauc_recall_at_1000_std": 0.79308,
        "nauc_recall_at_1000_diff1": 0.572674,
        "nauc_precision_at_1_max": 0.505517,
        "nauc_precision_at_1_std": 0.088328,
        "nauc_precision_at_1_diff1": 0.629645,
        "nauc_precision_at_3_max": 0.452254,
        "nauc_precision_at_3_std": 0.107817,
        "nauc_precision_at_3_diff1": 0.441374,
        "nauc_precision_at_5_max": 0.426771,
        "nauc_precision_at_5_std": 0.222693,
        "nauc_precision_at_5_diff1": 0.34414,
        "nauc_precision_at_10_max": 0.487254,
        "nauc_precision_at_10_std": 0.329687,
        "nauc_precision_at_10_diff1": 0.239868,
        "nauc_precision_at_20_max": 0.516122,
        "nauc_precision_at_20_std": 0.392584,
        "nauc_precision_at_20_diff1": 0.221572,
        "nauc_precision_at_100_max": 0.438759,
        "nauc_precision_at_100_std": 0.450685,
        "nauc_precision_at_100_diff1": 0.123889,
        "nauc_precision_at_1000_max": 0.299136,
        "nauc_precision_at_1000_std": 0.416629,
        "nauc_precision_at_1000_diff1": -0.019784,
        "nauc_mrr_at_1_max": 0.505517,
        "nauc_mrr_at_1_std": 0.088328,
        "nauc_mrr_at_1_diff1": 0.629645,
        "nauc_mrr_at_3_max": 0.508737,
        "nauc_mrr_at_3_std": 0.101517,
        "nauc_mrr_at_3_diff1": 0.58356,
        "nauc_mrr_at_5_max": 0.506236,
        "nauc_mrr_at_5_std": 0.107658,
        "nauc_mrr_at_5_diff1": 0.585264,
        "nauc_mrr_at_10_max": 0.518774,
        "nauc_mrr_at_10_std": 0.111117,
        "nauc_mrr_at_10_diff1": 0.589481,
        "nauc_mrr_at_20_max": 0.521712,
        "nauc_mrr_at_20_std": 0.115362,
        "nauc_mrr_at_20_diff1": 0.590398,
        "nauc_mrr_at_100_max": 0.521323,
        "nauc_mrr_at_100_std": 0.115759,
        "nauc_mrr_at_100_diff1": 0.590658,
        "nauc_mrr_at_1000_max": 0.52117,
        "nauc_mrr_at_1000_std": 0.115467,
        "nauc_mrr_at_1000_diff1": 0.590699,
        "main_score": 0.62838,
        "hf_subset": "default",
        "languages": [
          "tur-Latn"
        ]
      }
    ]
  },
  "evaluation_time": 149.62489080429077,
  "kg_co2_emissions": null
}