{
  "dataset_revision": "main",
  "task_name": "SciFactTR",
  "mteb_version": "1.31.3",
  "scores": {
    "test": [
      {
        "ndcg_at_1": 0.69333,
        "ndcg_at_3": 0.77309,
        "ndcg_at_5": 0.78443,
        "ndcg_at_10": 0.79753,
        "ndcg_at_20": 0.80745,
        "ndcg_at_100": 0.81788,
        "ndcg_at_1000": 0.81986,
        "map_at_1": 0.69333,
        "map_at_3": 0.75444,
        "map_at_5": 0.76094,
        "map_at_10": 0.76645,
        "map_at_20": 0.76906,
        "map_at_100": 0.77075,
        "map_at_1000": 0.77087,
        "recall_at_1": 0.69333,
        "recall_at_3": 0.82667,
        "recall_at_5": 0.85333,
        "recall_at_10": 0.89333,
        "recall_at_20": 0.93333,
        "recall_at_100": 0.98667,
        "recall_at_1000": 1.0,
        "precision_at_1": 0.69333,
        "precision_at_3": 0.27556,
        "precision_at_5": 0.17067,
        "precision_at_10": 0.08933,
        "precision_at_20": 0.04667,
        "precision_at_100": 0.00987,
        "precision_at_1000": 0.001,
        "mrr_at_1": 0.693333,
        "mrr_at_3": 0.754444,
        "mrr_at_5": 0.760944,
        "mrr_at_10": 0.766446,
        "mrr_at_20": 0.769061,
        "mrr_at_100": 0.770749,
        "mrr_at_1000": 0.770874,
        "nauc_ndcg_at_1_max": 0.663371,
        "nauc_ndcg_at_1_std": 0.123526,
        "nauc_ndcg_at_1_diff1": 0.798081,
        "nauc_ndcg_at_3_max": 0.725081,
        "nauc_ndcg_at_3_std": 0.246533,
        "nauc_ndcg_at_3_diff1": 0.79187,
        "nauc_ndcg_at_5_max": 0.729617,
        "nauc_ndcg_at_5_std": 0.237536,
        "nauc_ndcg_at_5_diff1": 0.800295,
        "nauc_ndcg_at_10_max": 0.736034,
        "nauc_ndcg_at_10_std": 0.239796,
        "nauc_ndcg_at_10_diff1": 0.800959,
        "nauc_ndcg_at_20_max": 0.727517,
        "nauc_ndcg_at_20_std": 0.235973,
        "nauc_ndcg_at_20_diff1": 0.797008,
        "nauc_ndcg_at_100_max": 0.718801,
        "nauc_ndcg_at_100_std": 0.221913,
        "nauc_ndcg_at_100_diff1": 0.796198,
        "nauc_ndcg_at_1000_max": 0.716207,
        "nauc_ndcg_at_1000_std": 0.215198,
        "nauc_ndcg_at_1000_diff1": 0.797187,
        "nauc_map_at_1_max": 0.663371,
        "nauc_map_at_1_std": 0.123526,
        "nauc_map_at_1_diff1": 0.798081,
        "nauc_map_at_3_max": 0.706067,
        "nauc_map_at_3_std": 0.210055,
        "nauc_map_at_3_diff1": 0.79276,
        "nauc_map_at_5_max": 0.708004,
        "nauc_map_at_5_std": 0.204009,
        "nauc_map_at_5_diff1": 0.797038,
        "nauc_map_at_10_max": 0.710482,
        "nauc_map_at_10_std": 0.204366,
        "nauc_map_at_10_diff1": 0.797558,
        "nauc_map_at_20_max": 0.708301,
        "nauc_map_at_20_std": 0.202771,
        "nauc_map_at_20_diff1": 0.796486,
        "nauc_map_at_100_max": 0.707106,
        "nauc_map_at_100_std": 0.200769,
        "nauc_map_at_100_diff1": 0.796485,
        "nauc_map_at_1000_max": 0.706971,
        "nauc_map_at_1000_std": 0.200424,
        "nauc_map_at_1000_diff1": 0.796538,
        "nauc_recall_at_1_max": 0.663371,
        "nauc_recall_at_1_std": 0.123526,
        "nauc_recall_at_1_diff1": 0.798081,
        "nauc_recall_at_3_max": 0.798706,
        "nauc_recall_at_3_std": 0.387041,
        "nauc_recall_at_3_diff1": 0.788955,
        "nauc_recall_at_5_max": 0.82517,
        "nauc_recall_at_5_std": 0.383237,
        "nauc_recall_at_5_diff1": 0.816856,
        "nauc_recall_at_10_max": 0.88409,
        "nauc_recall_at_10_std": 0.439986,
        "nauc_recall_at_10_diff1": 0.822017,
        "nauc_recall_at_20_max": 0.881069,
        "nauc_recall_at_20_std": 0.524697,
        "nauc_recall_at_20_diff1": 0.796452,
        "nauc_recall_at_100_max": 0.930556,
        "nauc_recall_at_100_std": 0.770075,
        "nauc_recall_at_100_diff1": 0.71697,
        "nauc_recall_at_1000_max": NaN,
        "nauc_recall_at_1000_std": NaN,
        "nauc_recall_at_1000_diff1": NaN,
        "nauc_precision_at_1_max": 0.663371,
        "nauc_precision_at_1_std": 0.123526,
        "nauc_precision_at_1_diff1": 0.798081,
        "nauc_precision_at_3_max": 0.798706,
        "nauc_precision_at_3_std": 0.387041,
        "nauc_precision_at_3_diff1": 0.788955,
        "nauc_precision_at_5_max": 0.82517,
        "nauc_precision_at_5_std": 0.383237,
        "nauc_precision_at_5_diff1": 0.816856,
        "nauc_precision_at_10_max": 0.88409,
        "nauc_precision_at_10_std": 0.439986,
        "nauc_precision_at_10_diff1": 0.822017,
        "nauc_precision_at_20_max": 0.881069,
        "nauc_precision_at_20_std": 0.524697,
        "nauc_precision_at_20_diff1": 0.796452,
        "nauc_precision_at_100_max": 0.930556,
        "nauc_precision_at_100_std": 0.770075,
        "nauc_precision_at_100_diff1": 0.71697,
        "nauc_precision_at_1000_max": 1.0,
        "nauc_precision_at_1000_std": 1.0,
        "nauc_precision_at_1000_diff1": 1.0,
        "nauc_mrr_at_1_max": 0.663371,
        "nauc_mrr_at_1_std": 0.123526,
        "nauc_mrr_at_1_diff1": 0.798081,
        "nauc_mrr_at_3_max": 0.706067,
        "nauc_mrr_at_3_std": 0.210055,
        "nauc_mrr_at_3_diff1": 0.79276,
        "nauc_mrr_at_5_max": 0.708004,
        "nauc_mrr_at_5_std": 0.204009,
        "nauc_mrr_at_5_diff1": 0.797038,
        "nauc_mrr_at_10_max": 0.710482,
        "nauc_mrr_at_10_std": 0.204366,
        "nauc_mrr_at_10_diff1": 0.797558,
        "nauc_mrr_at_20_max": 0.708301,
        "nauc_mrr_at_20_std": 0.202771,
        "nauc_mrr_at_20_diff1": 0.796486,
        "nauc_mrr_at_100_max": 0.707106,
        "nauc_mrr_at_100_std": 0.200769,
        "nauc_mrr_at_100_diff1": 0.796485,
        "nauc_mrr_at_1000_max": 0.706971,
        "nauc_mrr_at_1000_std": 0.200424,
        "nauc_mrr_at_1000_diff1": 0.796538,
        "main_score": 0.79753,
        "hf_subset": "default",
        "languages": [
          "tur-Latn"
        ]
      }
    ]
  },
  "evaluation_time": 3.7231101989746094,
  "kg_co2_emissions": null
}