{
  "dataset_revision": "main",
  "task_name": "SquadTRRetrieval",
  "mteb_version": "1.31.3",
  "scores": {
    "test": [
      {
        "ndcg_at_1": 0.63189,
        "ndcg_at_3": 0.73043,
        "ndcg_at_5": 0.7522,
        "ndcg_at_10": 0.76903,
        "ndcg_at_20": 0.77942,
        "ndcg_at_100": 0.78682,
        "ndcg_at_1000": 0.78894,
        "map_at_1": 0.63189,
        "map_at_3": 0.70669,
        "map_at_5": 0.7188,
        "map_at_10": 0.72586,
        "map_at_20": 0.72876,
        "map_at_100": 0.7298,
        "map_at_1000": 0.72988,
        "recall_at_1": 0.63189,
        "recall_at_3": 0.79894,
        "recall_at_5": 0.85165,
        "recall_at_10": 0.90315,
        "recall_at_20": 0.94379,
        "recall_at_100": 0.98348,
        "recall_at_1000": 0.99988,
        "precision_at_1": 0.63189,
        "precision_at_3": 0.26631,
        "precision_at_5": 0.17033,
        "precision_at_10": 0.09031,
        "precision_at_20": 0.04719,
        "precision_at_100": 0.00983,
        "precision_at_1000": 0.001,
        "mrr_at_1": 0.63189,
        "mrr_at_3": 0.70669,
        "mrr_at_5": 0.7188,
        "mrr_at_10": 0.725855,
        "mrr_at_20": 0.728758,
        "mrr_at_100": 0.729796,
        "mrr_at_1000": 0.729881,
        "nauc_ndcg_at_1_max": 0.391003,
        "nauc_ndcg_at_1_std": 0.030569,
        "nauc_ndcg_at_1_diff1": 0.716576,
        "nauc_ndcg_at_3_max": 0.442143,
        "nauc_ndcg_at_3_std": 0.069781,
        "nauc_ndcg_at_3_diff1": 0.686827,
        "nauc_ndcg_at_5_max": 0.452701,
        "nauc_ndcg_at_5_std": 0.082747,
        "nauc_ndcg_at_5_diff1": 0.684322,
        "nauc_ndcg_at_10_max": 0.461376,
        "nauc_ndcg_at_10_std": 0.09682,
        "nauc_ndcg_at_10_diff1": 0.686378,
        "nauc_ndcg_at_20_max": 0.459819,
        "nauc_ndcg_at_20_std": 0.09572,
        "nauc_ndcg_at_20_diff1": 0.691276,
        "nauc_ndcg_at_100_max": 0.44934,
        "nauc_ndcg_at_100_std": 0.086256,
        "nauc_ndcg_at_100_diff1": 0.692922,
        "nauc_ndcg_at_1000_max": 0.444255,
        "nauc_ndcg_at_1000_std": 0.07895,
        "nauc_ndcg_at_1000_diff1": 0.693352,
        "nauc_map_at_1_max": 0.391003,
        "nauc_map_at_1_std": 0.030569,
        "nauc_map_at_1_diff1": 0.716576,
        "nauc_map_at_3_max": 0.42769,
        "nauc_map_at_3_std": 0.05761,
        "nauc_map_at_3_diff1": 0.694807,
        "nauc_map_at_5_max": 0.432327,
        "nauc_map_at_5_std": 0.063449,
        "nauc_map_at_5_diff1": 0.693886,
        "nauc_map_at_10_max": 0.434891,
        "nauc_map_at_10_std": 0.068077,
        "nauc_map_at_10_diff1": 0.694847,
        "nauc_map_at_20_max": 0.434206,
        "nauc_map_at_20_std": 0.067434,
        "nauc_map_at_20_diff1": 0.696098,
        "nauc_map_at_100_max": 0.433085,
        "nauc_map_at_100_std": 0.066497,
        "nauc_map_at_100_diff1": 0.696306,
        "nauc_map_at_1000_max": 0.432924,
        "nauc_map_at_1000_std": 0.066272,
        "nauc_map_at_1000_diff1": 0.696323,
        "nauc_recall_at_1_max": 0.391003,
        "nauc_recall_at_1_std": 0.030569,
        "nauc_recall_at_1_diff1": 0.716576,
        "nauc_recall_at_3_max": 0.497233,
        "nauc_recall_at_3_std": 0.116778,
        "nauc_recall_at_3_diff1": 0.65665,
        "nauc_recall_at_5_max": 0.553547,
        "nauc_recall_at_5_std": 0.179994,
        "nauc_recall_at_5_diff1": 0.637938,
        "nauc_recall_at_10_max": 0.655416,
        "nauc_recall_at_10_std": 0.313004,
        "nauc_recall_at_10_diff1": 0.629684,
        "nauc_recall_at_20_max": 0.774975,
        "nauc_recall_at_20_std": 0.455655,
        "nauc_recall_at_20_diff1": 0.652749,
        "nauc_recall_at_100_max": 0.883139,
        "nauc_recall_at_100_std": 0.71401,
        "nauc_recall_at_100_diff1": 0.656074,
        "nauc_recall_at_1000_max": 1.0,
        "nauc_recall_at_1000_std": 1.0,
        "nauc_recall_at_1000_diff1": 0.55417,
        "nauc_precision_at_1_max": 0.391003,
        "nauc_precision_at_1_std": 0.030569,
        "nauc_precision_at_1_diff1": 0.716576,
        "nauc_precision_at_3_max": 0.497233,
        "nauc_precision_at_3_std": 0.116778,
        "nauc_precision_at_3_diff1": 0.65665,
        "nauc_precision_at_5_max": 0.553547,
        "nauc_precision_at_5_std": 0.179994,
        "nauc_precision_at_5_diff1": 0.637938,
        "nauc_precision_at_10_max": 0.655416,
        "nauc_precision_at_10_std": 0.313004,
        "nauc_precision_at_10_diff1": 0.629684,
        "nauc_precision_at_20_max": 0.774975,
        "nauc_precision_at_20_std": 0.455655,
        "nauc_precision_at_20_diff1": 0.652749,
        "nauc_precision_at_100_max": 0.883139,
        "nauc_precision_at_100_std": 0.71401,
        "nauc_precision_at_100_diff1": 0.656074,
        "nauc_precision_at_1000_max": 1.0,
        "nauc_precision_at_1000_std": 1.0,
        "nauc_precision_at_1000_diff1": 0.55417,
        "nauc_mrr_at_1_max": 0.391003,
        "nauc_mrr_at_1_std": 0.030569,
        "nauc_mrr_at_1_diff1": 0.716576,
        "nauc_mrr_at_3_max": 0.42769,
        "nauc_mrr_at_3_std": 0.05761,
        "nauc_mrr_at_3_diff1": 0.694807,
        "nauc_mrr_at_5_max": 0.432327,
        "nauc_mrr_at_5_std": 0.063449,
        "nauc_mrr_at_5_diff1": 0.693886,
        "nauc_mrr_at_10_max": 0.434891,
        "nauc_mrr_at_10_std": 0.068077,
        "nauc_mrr_at_10_diff1": 0.694847,
        "nauc_mrr_at_20_max": 0.434206,
        "nauc_mrr_at_20_std": 0.067434,
        "nauc_mrr_at_20_diff1": 0.696098,
        "nauc_mrr_at_100_max": 0.433085,
        "nauc_mrr_at_100_std": 0.066497,
        "nauc_mrr_at_100_diff1": 0.696306,
        "nauc_mrr_at_1000_max": 0.432924,
        "nauc_mrr_at_1000_std": 0.066272,
        "nauc_mrr_at_1000_diff1": 0.696323,
        "main_score": 0.76903,
        "hf_subset": "default",
        "languages": [
          "tur-Latn"
        ]
      }
    ]
  },
  "evaluation_time": 39.845134019851685,
  "kg_co2_emissions": null
}