{
  "dataset_revision": "main",
  "task_name": "TQuadRetrieval",
  "mteb_version": "1.31.3",
  "scores": {
    "test": [
      {
        "ndcg_at_1": 0.70964,
        "ndcg_at_3": 0.85101,
        "ndcg_at_5": 0.86356,
        "ndcg_at_10": 0.86917,
        "ndcg_at_20": 0.87086,
        "ndcg_at_100": 0.87131,
        "ndcg_at_1000": 0.87131,
        "map_at_1": 0.70964,
        "map_at_3": 0.81857,
        "map_at_5": 0.82558,
        "map_at_10": 0.828,
        "map_at_20": 0.82846,
        "map_at_100": 0.82853,
        "map_at_1000": 0.82853,
        "recall_at_1": 0.70964,
        "recall_at_3": 0.94395,
        "recall_at_5": 0.97422,
        "recall_at_10": 0.99103,
        "recall_at_20": 0.99776,
        "recall_at_100": 1.0,
        "recall_at_1000": 1.0,
        "precision_at_1": 0.70964,
        "precision_at_3": 0.31465,
        "precision_at_5": 0.19484,
        "precision_at_10": 0.0991,
        "precision_at_20": 0.04989,
        "precision_at_100": 0.01,
        "precision_at_1000": 0.001,
        "mrr_at_1": 0.710762,
        "mrr_at_3": 0.819133,
        "mrr_at_5": 0.82614,
        "mrr_at_10": 0.828563,
        "mrr_at_20": 0.82902,
        "mrr_at_100": 0.829095,
        "mrr_at_1000": 0.829095,
        "nauc_ndcg_at_1_max": 0.255575,
        "nauc_ndcg_at_1_std": -0.325058,
        "nauc_ndcg_at_1_diff1": 0.685537,
        "nauc_ndcg_at_3_max": 0.314804,
        "nauc_ndcg_at_3_std": -0.323699,
        "nauc_ndcg_at_3_diff1": 0.669486,
        "nauc_ndcg_at_5_max": 0.306632,
        "nauc_ndcg_at_5_std": -0.305312,
        "nauc_ndcg_at_5_diff1": 0.662261,
        "nauc_ndcg_at_10_max": 0.307355,
        "nauc_ndcg_at_10_std": -0.312825,
        "nauc_ndcg_at_10_diff1": 0.674596,
        "nauc_ndcg_at_20_max": 0.297481,
        "nauc_ndcg_at_20_std": -0.319154,
        "nauc_ndcg_at_20_diff1": 0.674872,
        "nauc_ndcg_at_100_max": 0.294737,
        "nauc_ndcg_at_100_std": -0.32126,
        "nauc_ndcg_at_100_diff1": 0.674212,
        "nauc_ndcg_at_1000_max": 0.294737,
        "nauc_ndcg_at_1000_std": -0.32126,
        "nauc_ndcg_at_1000_diff1": 0.674212,
        "nauc_map_at_1_max": 0.255575,
        "nauc_map_at_1_std": -0.325058,
        "nauc_map_at_1_diff1": 0.685537,
        "nauc_map_at_3_max": 0.296426,
        "nauc_map_at_3_std": -0.327849,
        "nauc_map_at_3_diff1": 0.674173,
        "nauc_map_at_5_max": 0.292327,
        "nauc_map_at_5_std": -0.319753,
        "nauc_map_at_5_diff1": 0.671425,
        "nauc_map_at_10_max": 0.292479,
        "nauc_map_at_10_std": -0.321914,
        "nauc_map_at_10_diff1": 0.675273,
        "nauc_map_at_20_max": 0.290412,
        "nauc_map_at_20_std": -0.323406,
        "nauc_map_at_20_diff1": 0.675321,
        "nauc_map_at_100_max": 0.290062,
        "nauc_map_at_100_std": -0.323607,
        "nauc_map_at_100_diff1": 0.675259,
        "nauc_map_at_1000_max": 0.290062,
        "nauc_map_at_1000_std": -0.323607,
        "nauc_map_at_1000_diff1": 0.675259,
        "nauc_recall_at_1_max": 0.255575,
        "nauc_recall_at_1_std": -0.325058,
        "nauc_recall_at_1_diff1": 0.685537,
        "nauc_recall_at_3_max": 0.463685,
        "nauc_recall_at_3_std": -0.284696,
        "nauc_recall_at_3_diff1": 0.631941,
        "nauc_recall_at_5_max": 0.53684,
        "nauc_recall_at_5_std": -0.033455,
        "nauc_recall_at_5_diff1": 0.499792,
        "nauc_recall_at_10_max": 0.983664,
        "nauc_recall_at_10_std": 0.136021,
        "nauc_recall_at_10_diff1": 0.705967,
        "nauc_recall_at_20_max": 1.0,
        "nauc_recall_at_20_std": 0.27555,
        "nauc_recall_at_20_diff1": 0.861169,
        "nauc_recall_at_100_max": NaN,
        "nauc_recall_at_100_std": NaN,
        "nauc_recall_at_100_diff1": NaN,
        "nauc_recall_at_1000_max": NaN,
        "nauc_recall_at_1000_std": NaN,
        "nauc_recall_at_1000_diff1": NaN,
        "nauc_precision_at_1_max": 0.255575,
        "nauc_precision_at_1_std": -0.325058,
        "nauc_precision_at_1_diff1": 0.685537,
        "nauc_precision_at_3_max": 0.463685,
        "nauc_precision_at_3_std": -0.284696,
        "nauc_precision_at_3_diff1": 0.631941,
        "nauc_precision_at_5_max": 0.53684,
        "nauc_precision_at_5_std": -0.033455,
        "nauc_precision_at_5_diff1": 0.499792,
        "nauc_precision_at_10_max": 0.983664,
        "nauc_precision_at_10_std": 0.136021,
        "nauc_precision_at_10_diff1": 0.705967,
        "nauc_precision_at_20_max": 1.0,
        "nauc_precision_at_20_std": 0.27555,
        "nauc_precision_at_20_diff1": 0.861169,
        "nauc_precision_at_100_max": NaN,
        "nauc_precision_at_100_std": NaN,
        "nauc_precision_at_100_diff1": NaN,
        "nauc_precision_at_1000_max": NaN,
        "nauc_precision_at_1000_std": NaN,
        "nauc_precision_at_1000_diff1": NaN,
        "nauc_mrr_at_1_max": 0.26154,
        "nauc_mrr_at_1_std": -0.320965,
        "nauc_mrr_at_1_diff1": 0.683285,
        "nauc_mrr_at_3_max": 0.30116,
        "nauc_mrr_at_3_std": -0.324677,
        "nauc_mrr_at_3_diff1": 0.672396,
        "nauc_mrr_at_5_max": 0.297266,
        "nauc_mrr_at_5_std": -0.316415,
        "nauc_mrr_at_5_diff1": 0.669559,
        "nauc_mrr_at_10_max": 0.297496,
        "nauc_mrr_at_10_std": -0.31853,
        "nauc_mrr_at_10_diff1": 0.673389,
        "nauc_mrr_at_20_max": 0.295439,
        "nauc_mrr_at_20_std": -0.320015,
        "nauc_mrr_at_20_diff1": 0.673431,
        "nauc_mrr_at_100_max": 0.295091,
        "nauc_mrr_at_100_std": -0.320215,
        "nauc_mrr_at_100_diff1": 0.673367,
        "nauc_mrr_at_1000_max": 0.295091,
        "nauc_mrr_at_1000_std": -0.320215,
        "nauc_mrr_at_1000_diff1": 0.673367,
        "main_score": 0.86917,
        "hf_subset": "default",
        "languages": [
          "tur-Latn"
        ]
      }
    ]
  },
  "evaluation_time": 7.936115026473999,
  "kg_co2_emissions": null
}