{
  "dataset_revision": "51adfef1c1287aab1d2d91b5bead9bcfb9c68583",
  "task_name": "XQuADRetrieval",
  "mteb_version": "1.31.3",
  "scores": {
    "validation": [
      {
        "ndcg_at_1": 0.89696,
        "ndcg_at_3": 0.94517,
        "ndcg_at_5": 0.95,
        "ndcg_at_10": 0.9511,
        "ndcg_at_20": 0.95197,
        "ndcg_at_100": 0.95291,
        "ndcg_at_1000": 0.95291,
        "map_at_1": 0.89696,
        "map_at_3": 0.93426,
        "map_at_5": 0.93692,
        "map_at_10": 0.93738,
        "map_at_20": 0.93762,
        "map_at_100": 0.93775,
        "map_at_1000": 0.93775,
        "recall_at_1": 0.89696,
        "recall_at_3": 0.97635,
        "recall_at_5": 0.98818,
        "recall_at_10": 0.99155,
        "recall_at_20": 0.99493,
        "recall_at_100": 1.0,
        "recall_at_1000": 1.0,
        "precision_at_1": 0.89696,
        "precision_at_3": 0.32545,
        "precision_at_5": 0.19764,
        "precision_at_10": 0.09916,
        "precision_at_20": 0.04975,
        "precision_at_100": 0.01,
        "precision_at_1000": 0.001,
        "mrr_at_1": 0.896959,
        "mrr_at_3": 0.934262,
        "mrr_at_5": 0.936923,
        "mrr_at_10": 0.937379,
        "mrr_at_20": 0.937622,
        "mrr_at_100": 0.937752,
        "mrr_at_1000": 0.937752,
        "nauc_ndcg_at_1_max": 0.648879,
        "nauc_ndcg_at_1_std": 0.157986,
        "nauc_ndcg_at_1_diff1": 0.913604,
        "nauc_ndcg_at_3_max": 0.721421,
        "nauc_ndcg_at_3_std": 0.262828,
        "nauc_ndcg_at_3_diff1": 0.909181,
        "nauc_ndcg_at_5_max": 0.711132,
        "nauc_ndcg_at_5_std": 0.271656,
        "nauc_ndcg_at_5_diff1": 0.907842,
        "nauc_ndcg_at_10_max": 0.705374,
        "nauc_ndcg_at_10_std": 0.258314,
        "nauc_ndcg_at_10_diff1": 0.907956,
        "nauc_ndcg_at_20_max": 0.702243,
        "nauc_ndcg_at_20_std": 0.249244,
        "nauc_ndcg_at_20_diff1": 0.91117,
        "nauc_ndcg_at_100_max": 0.696276,
        "nauc_ndcg_at_100_std": 0.2342,
        "nauc_ndcg_at_100_diff1": 0.910749,
        "nauc_ndcg_at_1000_max": 0.696276,
        "nauc_ndcg_at_1000_std": 0.2342,
        "nauc_ndcg_at_1000_diff1": 0.910749,
        "nauc_map_at_1_max": 0.648879,
        "nauc_map_at_1_std": 0.157986,
        "nauc_map_at_1_diff1": 0.913604,
        "nauc_map_at_3_max": 0.699356,
        "nauc_map_at_3_std": 0.228904,
        "nauc_map_at_3_diff1": 0.910771,
        "nauc_map_at_5_max": 0.693802,
        "nauc_map_at_5_std": 0.230875,
        "nauc_map_at_5_diff1": 0.910254,
        "nauc_map_at_10_max": 0.691818,
        "nauc_map_at_10_std": 0.22618,
        "nauc_map_at_10_diff1": 0.9103,
        "nauc_map_at_20_max": 0.69116,
        "nauc_map_at_20_std": 0.22416,
        "nauc_map_at_20_diff1": 0.911092,
        "nauc_map_at_100_max": 0.690513,
        "nauc_map_at_100_std": 0.222536,
        "nauc_map_at_100_diff1": 0.911064,
        "nauc_map_at_1000_max": 0.690513,
        "nauc_map_at_1000_std": 0.222536,
        "nauc_map_at_1000_diff1": 0.911064,
        "nauc_recall_at_1_max": 0.648879,
        "nauc_recall_at_1_std": 0.157986,
        "nauc_recall_at_1_diff1": 0.913604,
        "nauc_recall_at_3_max": 0.891733,
        "nauc_recall_at_3_std": 0.527551,
        "nauc_recall_at_3_diff1": 0.896564,
        "nauc_recall_at_5_max": 0.958825,
        "nauc_recall_at_5_std": 0.893129,
        "nauc_recall_at_5_diff1": 0.870143,
        "nauc_recall_at_10_max": 0.955421,
        "nauc_recall_at_10_std": 0.908026,
        "nauc_recall_at_10_diff1": 0.857401,
        "nauc_recall_at_20_max": 1.0,
        "nauc_recall_at_20_std": 1.0,
        "nauc_recall_at_20_diff1": 0.934665,
        "nauc_recall_at_100_max": NaN,
        "nauc_recall_at_100_std": NaN,
        "nauc_recall_at_100_diff1": NaN,
        "nauc_recall_at_1000_max": NaN,
        "nauc_recall_at_1000_std": NaN,
        "nauc_recall_at_1000_diff1": NaN,
        "nauc_precision_at_1_max": 0.648879,
        "nauc_precision_at_1_std": 0.157986,
        "nauc_precision_at_1_diff1": 0.913604,
        "nauc_precision_at_3_max": 0.891733,
        "nauc_precision_at_3_std": 0.527551,
        "nauc_precision_at_3_diff1": 0.896564,
        "nauc_precision_at_5_max": 0.958825,
        "nauc_precision_at_5_std": 0.893129,
        "nauc_precision_at_5_diff1": 0.870143,
        "nauc_precision_at_10_max": 0.955421,
        "nauc_precision_at_10_std": 0.908026,
        "nauc_precision_at_10_diff1": 0.857401,
        "nauc_precision_at_20_max": 1.0,
        "nauc_precision_at_20_std": 1.0,
        "nauc_precision_at_20_diff1": 0.934665,
        "nauc_precision_at_100_max": 1.0,
        "nauc_precision_at_100_std": 1.0,
        "nauc_precision_at_100_diff1": 1.0,
        "nauc_precision_at_1000_max": 1.0,
        "nauc_precision_at_1000_std": 1.0,
        "nauc_precision_at_1000_diff1": 1.0,
        "nauc_mrr_at_1_max": 0.648879,
        "nauc_mrr_at_1_std": 0.157986,
        "nauc_mrr_at_1_diff1": 0.913604,
        "nauc_mrr_at_3_max": 0.699356,
        "nauc_mrr_at_3_std": 0.228904,
        "nauc_mrr_at_3_diff1": 0.910771,
        "nauc_mrr_at_5_max": 0.693802,
        "nauc_mrr_at_5_std": 0.230875,
        "nauc_mrr_at_5_diff1": 0.910254,
        "nauc_mrr_at_10_max": 0.691818,
        "nauc_mrr_at_10_std": 0.22618,
        "nauc_mrr_at_10_diff1": 0.9103,
        "nauc_mrr_at_20_max": 0.69116,
        "nauc_mrr_at_20_std": 0.22416,
        "nauc_mrr_at_20_diff1": 0.911092,
        "nauc_mrr_at_100_max": 0.690513,
        "nauc_mrr_at_100_std": 0.222536,
        "nauc_mrr_at_100_diff1": 0.911064,
        "nauc_mrr_at_1000_max": 0.690513,
        "nauc_mrr_at_1000_std": 0.222536,
        "nauc_mrr_at_1000_diff1": 0.911064,
        "main_score": 0.9511,
        "hf_subset": "tr",
        "languages": [
          "tur-Latn"
        ]
      }
    ]
  },
  "evaluation_time": 2.7959723472595215,
  "kg_co2_emissions": null
}