{
  "dataset_revision": "main",
  "task_name": "MSMarcoTRRetrieval",
  "mteb_version": "1.31.3",
  "scores": {
    "test": [
      {
        "ndcg_at_1": 0.30962,
        "ndcg_at_3": 0.34599,
        "ndcg_at_5": 0.3542,
        "ndcg_at_10": 0.3639,
        "ndcg_at_20": 0.37104,
        "ndcg_at_100": 0.3823,
        "ndcg_at_1000": 0.39141,
        "map_at_1": 0.30962,
        "map_at_3": 0.33718,
        "map_at_5": 0.34169,
        "map_at_10": 0.34571,
        "map_at_20": 0.34763,
        "map_at_100": 0.34915,
        "map_at_1000": 0.34945,
        "recall_at_1": 0.30962,
        "recall_at_3": 0.37144,
        "recall_at_5": 0.39156,
        "recall_at_10": 0.42149,
        "recall_at_20": 0.44995,
        "recall_at_100": 0.51129,
        "recall_at_1000": 0.58587,
        "precision_at_1": 0.30962,
        "precision_at_3": 0.12381,
        "precision_at_5": 0.07831,
        "precision_at_10": 0.04215,
        "precision_at_20": 0.0225,
        "precision_at_100": 0.00511,
        "precision_at_1000": 0.00059,
        "mrr_at_1": 0.309617,
        "mrr_at_3": 0.337177,
        "mrr_at_5": 0.341691,
        "mrr_at_10": 0.345706,
        "mrr_at_20": 0.347634,
        "mrr_at_100": 0.349154,
        "mrr_at_1000": 0.349448,
        "nauc_ndcg_at_1_max": 0.253882,
        "nauc_ndcg_at_1_std": -0.254224,
        "nauc_ndcg_at_1_diff1": 0.804979,
        "nauc_ndcg_at_3_max": 0.235181,
        "nauc_ndcg_at_3_std": -0.262194,
        "nauc_ndcg_at_3_diff1": 0.751714,
        "nauc_ndcg_at_5_max": 0.230365,
        "nauc_ndcg_at_5_std": -0.259473,
        "nauc_ndcg_at_5_diff1": 0.740373,
        "nauc_ndcg_at_10_max": 0.220597,
        "nauc_ndcg_at_10_std": -0.260864,
        "nauc_ndcg_at_10_diff1": 0.732562,
        "nauc_ndcg_at_20_max": 0.214939,
        "nauc_ndcg_at_20_std": -0.260417,
        "nauc_ndcg_at_20_diff1": 0.724984,
        "nauc_ndcg_at_100_max": 0.209201,
        "nauc_ndcg_at_100_std": -0.254932,
        "nauc_ndcg_at_100_diff1": 0.714115,
        "nauc_ndcg_at_1000_max": 0.225298,
        "nauc_ndcg_at_1000_std": -0.237822,
        "nauc_ndcg_at_1000_diff1": 0.706072,
        "nauc_map_at_1_max": 0.253882,
        "nauc_map_at_1_std": -0.254224,
        "nauc_map_at_1_diff1": 0.804979,
        "nauc_map_at_3_max": 0.239688,
        "nauc_map_at_3_std": -0.260762,
        "nauc_map_at_3_diff1": 0.764877,
        "nauc_map_at_5_max": 0.237139,
        "nauc_map_at_5_std": -0.259233,
        "nauc_map_at_5_diff1": 0.758692,
        "nauc_map_at_10_max": 0.232941,
        "nauc_map_at_10_std": -0.259845,
        "nauc_map_at_10_diff1": 0.755344,
        "nauc_map_at_20_max": 0.231371,
        "nauc_map_at_20_std": -0.259809,
        "nauc_map_at_20_diff1": 0.753292,
        "nauc_map_at_100_max": 0.230381,
        "nauc_map_at_100_std": -0.259251,
        "nauc_map_at_100_diff1": 0.751846,
        "nauc_map_at_1000_max": 0.230704,
        "nauc_map_at_1000_std": -0.258878,
        "nauc_map_at_1000_diff1": 0.751592,
        "nauc_recall_at_1_max": 0.253882,
        "nauc_recall_at_1_std": -0.254224,
        "nauc_recall_at_1_diff1": 0.804979,
        "nauc_recall_at_3_max": 0.222364,
        "nauc_recall_at_3_std": -0.266071,
        "nauc_recall_at_3_diff1": 0.714153,
        "nauc_recall_at_5_max": 0.2104,
        "nauc_recall_at_5_std": -0.259595,
        "nauc_recall_at_5_diff1": 0.686753,
        "nauc_recall_at_10_max": 0.181315,
        "nauc_recall_at_10_std": -0.263673,
        "nauc_recall_at_10_diff1": 0.663344,
        "nauc_recall_at_20_max": 0.158832,
        "nauc_recall_at_20_std": -0.261344,
        "nauc_recall_at_20_diff1": 0.632761,
        "nauc_recall_at_100_max": 0.12922,
        "nauc_recall_at_100_std": -0.22801,
        "nauc_recall_at_100_diff1": 0.569976,
        "nauc_recall_at_1000_max": 0.279756,
        "nauc_recall_at_1000_std": -0.061176,
        "nauc_recall_at_1000_diff1": 0.486426,
        "nauc_precision_at_1_max": 0.253882,
        "nauc_precision_at_1_std": -0.254224,
        "nauc_precision_at_1_diff1": 0.804979,
        "nauc_precision_at_3_max": 0.222364,
        "nauc_precision_at_3_std": -0.266071,
        "nauc_precision_at_3_diff1": 0.714153,
        "nauc_precision_at_5_max": 0.2104,
        "nauc_precision_at_5_std": -0.259595,
        "nauc_precision_at_5_diff1": 0.686753,
        "nauc_precision_at_10_max": 0.181315,
        "nauc_precision_at_10_std": -0.263673,
        "nauc_precision_at_10_diff1": 0.663344,
        "nauc_precision_at_20_max": 0.158832,
        "nauc_precision_at_20_std": -0.261344,
        "nauc_precision_at_20_diff1": 0.632761,
        "nauc_precision_at_100_max": 0.12922,
        "nauc_precision_at_100_std": -0.22801,
        "nauc_precision_at_100_diff1": 0.569976,
        "nauc_precision_at_1000_max": 0.279756,
        "nauc_precision_at_1000_std": -0.061176,
        "nauc_precision_at_1000_diff1": 0.486426,
        "nauc_mrr_at_1_max": 0.253882,
        "nauc_mrr_at_1_std": -0.254224,
        "nauc_mrr_at_1_diff1": 0.804979,
        "nauc_mrr_at_3_max": 0.239688,
        "nauc_mrr_at_3_std": -0.260762,
        "nauc_mrr_at_3_diff1": 0.764877,
        "nauc_mrr_at_5_max": 0.237139,
        "nauc_mrr_at_5_std": -0.259233,
        "nauc_mrr_at_5_diff1": 0.758692,
        "nauc_mrr_at_10_max": 0.232941,
        "nauc_mrr_at_10_std": -0.259845,
        "nauc_mrr_at_10_diff1": 0.755344,
        "nauc_mrr_at_20_max": 0.231371,
        "nauc_mrr_at_20_std": -0.259809,
        "nauc_mrr_at_20_diff1": 0.753292,
        "nauc_mrr_at_100_max": 0.230381,
        "nauc_mrr_at_100_std": -0.259251,
        "nauc_mrr_at_100_diff1": 0.751846,
        "nauc_mrr_at_1000_max": 0.230704,
        "nauc_mrr_at_1000_std": -0.258878,
        "nauc_mrr_at_1000_diff1": 0.751592,
        "main_score": 0.3639,
        "hf_subset": "default",
        "languages": [
          "tur-Latn"
        ]
      }
    ]
  },
  "evaluation_time": 64.40418195724487,
  "kg_co2_emissions": null
}