{
  "dataset_revision": "2a2b8ddecf1189f530676244d0751e1d0a569e03",
  "task_name": "TurHistQuadRetrieval",
  "mteb_version": "1.31.3",
  "scores": {
    "test": [
      {
        "ndcg_at_1": 0.46191,
        "ndcg_at_3": 0.3454,
        "ndcg_at_5": 0.36163,
        "ndcg_at_10": 0.38365,
        "ndcg_at_20": 0.39947,
        "ndcg_at_100": 0.42456,
        "ndcg_at_1000": 0.48258,
        "map_at_1": 0.23096,
        "map_at_3": 0.27531,
        "map_at_5": 0.28444,
        "map_at_10": 0.29361,
        "map_at_20": 0.29842,
        "map_at_100": 0.30249,
        "map_at_1000": 0.30469,
        "recall_at_1": 0.23096,
        "recall_at_3": 0.31689,
        "recall_at_5": 0.34912,
        "recall_at_10": 0.4043,
        "recall_at_20": 0.45459,
        "recall_at_100": 0.56543,
        "recall_at_1000": 0.97217,
        "precision_at_1": 0.46191,
        "precision_at_3": 0.21126,
        "precision_at_5": 0.13965,
        "precision_at_10": 0.08086,
        "precision_at_20": 0.04546,
        "precision_at_100": 0.01131,
        "precision_at_1000": 0.00194,
        "mrr_at_1": 0.462891,
        "mrr_at_3": 0.527669,
        "mrr_at_5": 0.538704,
        "mrr_at_10": 0.550267,
        "mrr_at_20": 0.555181,
        "mrr_at_100": 0.55825,
        "mrr_at_1000": 0.558609,
        "nauc_ndcg_at_1_max": 0.178241,
        "nauc_ndcg_at_1_std": -0.011917,
        "nauc_ndcg_at_1_diff1": 0.648888,
        "nauc_ndcg_at_3_max": 0.142158,
        "nauc_ndcg_at_3_std": -0.032453,
        "nauc_ndcg_at_3_diff1": 0.568898,
        "nauc_ndcg_at_5_max": 0.128287,
        "nauc_ndcg_at_5_std": -0.036392,
        "nauc_ndcg_at_5_diff1": 0.550224,
        "nauc_ndcg_at_10_max": 0.137834,
        "nauc_ndcg_at_10_std": -0.044222,
        "nauc_ndcg_at_10_diff1": 0.547029,
        "nauc_ndcg_at_20_max": 0.126159,
        "nauc_ndcg_at_20_std": -0.044986,
        "nauc_ndcg_at_20_diff1": 0.540929,
        "nauc_ndcg_at_100_max": 0.108352,
        "nauc_ndcg_at_100_std": -0.051997,
        "nauc_ndcg_at_100_diff1": 0.528226,
        "nauc_ndcg_at_1000_max": 0.124724,
        "nauc_ndcg_at_1000_std": -0.041033,
        "nauc_ndcg_at_1000_diff1": 0.544452,
        "nauc_map_at_1_max": 0.178241,
        "nauc_map_at_1_std": -0.011917,
        "nauc_map_at_1_diff1": 0.648888,
        "nauc_map_at_3_max": 0.14814,
        "nauc_map_at_3_std": -0.036938,
        "nauc_map_at_3_diff1": 0.568634,
        "nauc_map_at_5_max": 0.141491,
        "nauc_map_at_5_std": -0.043886,
        "nauc_map_at_5_diff1": 0.554972,
        "nauc_map_at_10_max": 0.146067,
        "nauc_map_at_10_std": -0.046793,
        "nauc_map_at_10_diff1": 0.549538,
        "nauc_map_at_20_max": 0.141284,
        "nauc_map_at_20_std": -0.048391,
        "nauc_map_at_20_diff1": 0.546746,
        "nauc_map_at_100_max": 0.137617,
        "nauc_map_at_100_std": -0.050009,
        "nauc_map_at_100_diff1": 0.544154,
        "nauc_map_at_1000_max": 0.137884,
        "nauc_map_at_1000_std": -0.049806,
        "nauc_map_at_1000_diff1": 0.544668,
        "nauc_recall_at_1_max": 0.178241,
        "nauc_recall_at_1_std": -0.011917,
        "nauc_recall_at_1_diff1": 0.648888,
        "nauc_recall_at_3_max": 0.112904,
        "nauc_recall_at_3_std": -0.047246,
        "nauc_recall_at_3_diff1": 0.501825,
        "nauc_recall_at_5_max": 0.077208,
        "nauc_recall_at_5_std": -0.05687,
        "nauc_recall_at_5_diff1": 0.445711,
        "nauc_recall_at_10_max": 0.096673,
        "nauc_recall_at_10_std": -0.081711,
        "nauc_recall_at_10_diff1": 0.4079,
        "nauc_recall_at_20_max": 0.04232,
        "nauc_recall_at_20_std": -0.079961,
        "nauc_recall_at_20_diff1": 0.335378,
        "nauc_recall_at_100_max": -0.056585,
        "nauc_recall_at_100_std": -0.098727,
        "nauc_recall_at_100_diff1": 0.188446,
        "nauc_recall_at_1000_max": -0.00031,
        "nauc_recall_at_1000_std": 0.119094,
        "nauc_recall_at_1000_diff1": -0.03363,
        "nauc_precision_at_1_max": 0.178241,
        "nauc_precision_at_1_std": -0.011917,
        "nauc_precision_at_1_diff1": 0.648888,
        "nauc_precision_at_3_max": 0.112904,
        "nauc_precision_at_3_std": -0.047246,
        "nauc_precision_at_3_diff1": 0.501825,
        "nauc_precision_at_5_max": 0.077208,
        "nauc_precision_at_5_std": -0.05687,
        "nauc_precision_at_5_diff1": 0.445711,
        "nauc_precision_at_10_max": 0.096673,
        "nauc_precision_at_10_std": -0.081711,
        "nauc_precision_at_10_diff1": 0.4079,
        "nauc_precision_at_20_max": 0.04232,
        "nauc_precision_at_20_std": -0.079961,
        "nauc_precision_at_20_diff1": 0.335378,
        "nauc_precision_at_100_max": -0.056585,
        "nauc_precision_at_100_std": -0.098727,
        "nauc_precision_at_100_diff1": 0.188446,
        "nauc_precision_at_1000_max": -0.00031,
        "nauc_precision_at_1000_std": 0.119094,
        "nauc_precision_at_1000_diff1": -0.03363,
        "nauc_mrr_at_1_max": 0.179851,
        "nauc_mrr_at_1_std": -0.014312,
        "nauc_mrr_at_1_diff1": 0.646356,
        "nauc_mrr_at_3_max": 0.156043,
        "nauc_mrr_at_3_std": -0.017417,
        "nauc_mrr_at_3_diff1": 0.609868,
        "nauc_mrr_at_5_max": 0.147582,
        "nauc_mrr_at_5_std": -0.013372,
        "nauc_mrr_at_5_diff1": 0.604777,
        "nauc_mrr_at_10_max": 0.152008,
        "nauc_mrr_at_10_std": -0.01539,
        "nauc_mrr_at_10_diff1": 0.609942,
        "nauc_mrr_at_20_max": 0.150678,
        "nauc_mrr_at_20_std": -0.013504,
        "nauc_mrr_at_20_diff1": 0.610365,
        "nauc_mrr_at_100_max": 0.150132,
        "nauc_mrr_at_100_std": -0.013615,
        "nauc_mrr_at_100_diff1": 0.61055,
        "nauc_mrr_at_1000_max": 0.150352,
        "nauc_mrr_at_1000_std": -0.013625,
        "nauc_mrr_at_1000_diff1": 0.610657,
        "main_score": 0.38365,
        "hf_subset": "default",
        "languages": [
          "tur-Latn"
        ]
      }
    ]
  },
  "evaluation_time": 25.03152108192444,
  "kg_co2_emissions": null
}