{
  "dataset_revision": "main",
  "task_name": "CQADupstackGamingRetrievalTR",
  "mteb_version": "1.31.3",
  "scores": {
    "test": [
      {
        "ndcg_at_1": 0.31174,
        "ndcg_at_3": 0.39166,
        "ndcg_at_5": 0.41384,
        "ndcg_at_10": 0.44027,
        "ndcg_at_20": 0.46101,
        "ndcg_at_100": 0.49056,
        "ndcg_at_1000": 0.5105,
        "map_at_1": 0.31174,
        "map_at_3": 0.37236,
        "map_at_5": 0.38464,
        "map_at_10": 0.39555,
        "map_at_20": 0.40121,
        "map_at_100": 0.40528,
        "map_at_1000": 0.406,
        "recall_at_1": 0.31174,
        "recall_at_3": 0.44737,
        "recall_at_5": 0.50135,
        "recall_at_10": 0.583,
        "recall_at_20": 0.66532,
        "recall_at_100": 0.82456,
        "recall_at_1000": 0.98313,
        "precision_at_1": 0.31174,
        "precision_at_3": 0.14912,
        "precision_at_5": 0.10027,
        "precision_at_10": 0.0583,
        "precision_at_20": 0.03327,
        "precision_at_100": 0.00825,
        "precision_at_1000": 0.00098,
        "mrr_at_1": 0.311741,
        "mrr_at_3": 0.372357,
        "mrr_at_5": 0.384638,
        "mrr_at_10": 0.395554,
        "mrr_at_20": 0.401211,
        "mrr_at_100": 0.405285,
        "mrr_at_1000": 0.406,
        "nauc_ndcg_at_1_max": 0.303655,
        "nauc_ndcg_at_1_std": -0.026173,
        "nauc_ndcg_at_1_diff1": 0.528393,
        "nauc_ndcg_at_3_max": 0.289887,
        "nauc_ndcg_at_3_std": 0.008881,
        "nauc_ndcg_at_3_diff1": 0.464942,
        "nauc_ndcg_at_5_max": 0.289443,
        "nauc_ndcg_at_5_std": 0.011755,
        "nauc_ndcg_at_5_diff1": 0.457781,
        "nauc_ndcg_at_10_max": 0.286558,
        "nauc_ndcg_at_10_std": 0.015781,
        "nauc_ndcg_at_10_diff1": 0.460413,
        "nauc_ndcg_at_20_max": 0.289684,
        "nauc_ndcg_at_20_std": 0.026898,
        "nauc_ndcg_at_20_diff1": 0.453128,
        "nauc_ndcg_at_100_max": 0.29313,
        "nauc_ndcg_at_100_std": 0.031475,
        "nauc_ndcg_at_100_diff1": 0.455218,
        "nauc_ndcg_at_1000_max": 0.292966,
        "nauc_ndcg_at_1000_std": 0.022005,
        "nauc_ndcg_at_1000_diff1": 0.462695,
        "nauc_map_at_1_max": 0.303655,
        "nauc_map_at_1_std": -0.026173,
        "nauc_map_at_1_diff1": 0.528393,
        "nauc_map_at_3_max": 0.292767,
        "nauc_map_at_3_std": -8e-06,
        "nauc_map_at_3_diff1": 0.479921,
        "nauc_map_at_5_max": 0.292787,
        "nauc_map_at_5_std": 0.001393,
        "nauc_map_at_5_diff1": 0.476295,
        "nauc_map_at_10_max": 0.291608,
        "nauc_map_at_10_std": 0.002865,
        "nauc_map_at_10_diff1": 0.4775,
        "nauc_map_at_20_max": 0.292532,
        "nauc_map_at_20_std": 0.005805,
        "nauc_map_at_20_diff1": 0.475585,
        "nauc_map_at_100_max": 0.292806,
        "nauc_map_at_100_std": 0.006392,
        "nauc_map_at_100_diff1": 0.475763,
        "nauc_map_at_1000_max": 0.292818,
        "nauc_map_at_1000_std": 0.006146,
        "nauc_map_at_1000_diff1": 0.475993,
        "nauc_recall_at_1_max": 0.303655,
        "nauc_recall_at_1_std": -0.026173,
        "nauc_recall_at_1_diff1": 0.528393,
        "nauc_recall_at_3_max": 0.281823,
        "nauc_recall_at_3_std": 0.034495,
        "nauc_recall_at_3_diff1": 0.422208,
        "nauc_recall_at_5_max": 0.279523,
        "nauc_recall_at_5_std": 0.042644,
        "nauc_recall_at_5_diff1": 0.402752,
        "nauc_recall_at_10_max": 0.269382,
        "nauc_recall_at_10_std": 0.058939,
        "nauc_recall_at_10_diff1": 0.406799,
        "nauc_recall_at_20_max": 0.280943,
        "nauc_recall_at_20_std": 0.116767,
        "nauc_recall_at_20_diff1": 0.365654,
        "nauc_recall_at_100_max": 0.31444,
        "nauc_recall_at_100_std": 0.218371,
        "nauc_recall_at_100_diff1": 0.335419,
        "nauc_recall_at_1000_max": 0.448621,
        "nauc_recall_at_1000_std": 0.449401,
        "nauc_recall_at_1000_diff1": 0.346211,
        "nauc_precision_at_1_max": 0.303655,
        "nauc_precision_at_1_std": -0.026173,
        "nauc_precision_at_1_diff1": 0.528393,
        "nauc_precision_at_3_max": 0.281823,
        "nauc_precision_at_3_std": 0.034495,
        "nauc_precision_at_3_diff1": 0.422208,
        "nauc_precision_at_5_max": 0.279523,
        "nauc_precision_at_5_std": 0.042644,
        "nauc_precision_at_5_diff1": 0.402752,
        "nauc_precision_at_10_max": 0.269382,
        "nauc_precision_at_10_std": 0.058939,
        "nauc_precision_at_10_diff1": 0.406799,
        "nauc_precision_at_20_max": 0.280943,
        "nauc_precision_at_20_std": 0.116767,
        "nauc_precision_at_20_diff1": 0.365654,
        "nauc_precision_at_100_max": 0.31444,
        "nauc_precision_at_100_std": 0.218371,
        "nauc_precision_at_100_diff1": 0.335419,
        "nauc_precision_at_1000_max": 0.448621,
        "nauc_precision_at_1000_std": 0.449401,
        "nauc_precision_at_1000_diff1": 0.346211,
        "nauc_mrr_at_1_max": 0.303655,
        "nauc_mrr_at_1_std": -0.026173,
        "nauc_mrr_at_1_diff1": 0.528393,
        "nauc_mrr_at_3_max": 0.292767,
        "nauc_mrr_at_3_std": -8e-06,
        "nauc_mrr_at_3_diff1": 0.479921,
        "nauc_mrr_at_5_max": 0.292787,
        "nauc_mrr_at_5_std": 0.001393,
        "nauc_mrr_at_5_diff1": 0.476295,
        "nauc_mrr_at_10_max": 0.291608,
        "nauc_mrr_at_10_std": 0.002865,
        "nauc_mrr_at_10_diff1": 0.4775,
        "nauc_mrr_at_20_max": 0.292532,
        "nauc_mrr_at_20_std": 0.005805,
        "nauc_mrr_at_20_diff1": 0.475585,
        "nauc_mrr_at_100_max": 0.292806,
        "nauc_mrr_at_100_std": 0.006392,
        "nauc_mrr_at_100_diff1": 0.475763,
        "nauc_mrr_at_1000_max": 0.292818,
        "nauc_mrr_at_1000_std": 0.006146,
        "nauc_mrr_at_1000_diff1": 0.475993,
        "main_score": 0.44027,
        "hf_subset": "default",
        "languages": [
          "tur-Latn"
        ]
      }
    ]
  },
  "evaluation_time": 21.27989888191223,
  "kg_co2_emissions": null
}