{
  "dataset_revision": "main",
  "task_name": "NFCorpusTR",
  "mteb_version": "1.31.3",
  "scores": {
    "test": [
      {
        "ndcg_at_1": 0.02756,
        "ndcg_at_3": 0.03698,
        "ndcg_at_5": 0.04172,
        "ndcg_at_10": 0.04771,
        "ndcg_at_20": 0.05975,
        "ndcg_at_100": 0.07788,
        "ndcg_at_1000": 0.15237,
        "map_at_1": 0.02756,
        "map_at_3": 0.03478,
        "map_at_5": 0.03734,
        "map_at_10": 0.03959,
        "map_at_20": 0.04295,
        "map_at_100": 0.04489,
        "map_at_1000": 0.04676,
        "recall_at_1": 0.02756,
        "recall_at_3": 0.04331,
        "recall_at_5": 0.05512,
        "recall_at_10": 0.0748,
        "recall_at_20": 0.12205,
        "recall_at_100": 0.22835,
        "recall_at_1000": 0.87008,
        "precision_at_1": 0.02756,
        "precision_at_3": 0.01444,
        "precision_at_5": 0.01102,
        "precision_at_10": 0.00748,
        "precision_at_20": 0.0061,
        "precision_at_100": 0.00228,
        "precision_at_1000": 0.00087,
        "mrr_at_1": 0.027559,
        "mrr_at_3": 0.034777,
        "mrr_at_5": 0.037336,
        "mrr_at_10": 0.039589,
        "mrr_at_20": 0.042947,
        "mrr_at_100": 0.04489,
        "mrr_at_1000": 0.046764,
        "nauc_ndcg_at_1_max": 0.537248,
        "nauc_ndcg_at_1_std": -0.28663,
        "nauc_ndcg_at_1_diff1": 0.628664,
        "nauc_ndcg_at_3_max": 0.442315,
        "nauc_ndcg_at_3_std": -0.164125,
        "nauc_ndcg_at_3_diff1": 0.511034,
        "nauc_ndcg_at_5_max": 0.434396,
        "nauc_ndcg_at_5_std": -0.086493,
        "nauc_ndcg_at_5_diff1": 0.451798,
        "nauc_ndcg_at_10_max": 0.3757,
        "nauc_ndcg_at_10_std": -0.088766,
        "nauc_ndcg_at_10_diff1": 0.343606,
        "nauc_ndcg_at_20_max": 0.31449,
        "nauc_ndcg_at_20_std": -0.056177,
        "nauc_ndcg_at_20_diff1": 0.315394,
        "nauc_ndcg_at_100_max": 0.240487,
        "nauc_ndcg_at_100_std": -0.048035,
        "nauc_ndcg_at_100_diff1": 0.24017,
        "nauc_ndcg_at_1000_max": 0.274725,
        "nauc_ndcg_at_1000_std": -0.067142,
        "nauc_ndcg_at_1000_diff1": 0.28585,
        "nauc_map_at_1_max": 0.537248,
        "nauc_map_at_1_std": -0.28663,
        "nauc_map_at_1_diff1": 0.628664,
        "nauc_map_at_3_max": 0.456391,
        "nauc_map_at_3_std": -0.190125,
        "nauc_map_at_3_diff1": 0.537562,
        "nauc_map_at_5_max": 0.451473,
        "nauc_map_at_5_std": -0.140137,
        "nauc_map_at_5_diff1": 0.50033,
        "nauc_map_at_10_max": 0.424948,
        "nauc_map_at_10_std": -0.137961,
        "nauc_map_at_10_diff1": 0.448271,
        "nauc_map_at_20_max": 0.396713,
        "nauc_map_at_20_std": -0.122736,
        "nauc_map_at_20_diff1": 0.427972,
        "nauc_map_at_100_max": 0.382071,
        "nauc_map_at_100_std": -0.119072,
        "nauc_map_at_100_diff1": 0.410964,
        "nauc_map_at_1000_max": 0.382654,
        "nauc_map_at_1000_std": -0.120004,
        "nauc_map_at_1000_diff1": 0.41075,
        "nauc_recall_at_1_max": 0.537248,
        "nauc_recall_at_1_std": -0.28663,
        "nauc_recall_at_1_diff1": 0.628664,
        "nauc_recall_at_3_max": 0.411043,
        "nauc_recall_at_3_std": -0.103014,
        "nauc_recall_at_3_diff1": 0.448218,
        "nauc_recall_at_5_max": 0.400505,
        "nauc_recall_at_5_std": 0.026371,
        "nauc_recall_at_5_diff1": 0.349119,
        "nauc_recall_at_10_max": 0.283288,
        "nauc_recall_at_10_std": -0.008561,
        "nauc_recall_at_10_diff1": 0.15025,
        "nauc_recall_at_20_max": 0.198045,
        "nauc_recall_at_20_std": 0.030009,
        "nauc_recall_at_20_diff1": 0.167694,
        "nauc_recall_at_100_max": 0.067572,
        "nauc_recall_at_100_std": 0.015789,
        "nauc_recall_at_100_diff1": 0.050899,
        "nauc_recall_at_1000_max": 0.082479,
        "nauc_recall_at_1000_std": -0.018557,
        "nauc_recall_at_1000_diff1": 0.173296,
        "nauc_precision_at_1_max": 0.537248,
        "nauc_precision_at_1_std": -0.28663,
        "nauc_precision_at_1_diff1": 0.628664,
        "nauc_precision_at_3_max": 0.411043,
        "nauc_precision_at_3_std": -0.103014,
        "nauc_precision_at_3_diff1": 0.448218,
        "nauc_precision_at_5_max": 0.400505,
        "nauc_precision_at_5_std": 0.026371,
        "nauc_precision_at_5_diff1": 0.349119,
        "nauc_precision_at_10_max": 0.283288,
        "nauc_precision_at_10_std": -0.008561,
        "nauc_precision_at_10_diff1": 0.15025,
        "nauc_precision_at_20_max": 0.198045,
        "nauc_precision_at_20_std": 0.030009,
        "nauc_precision_at_20_diff1": 0.167694,
        "nauc_precision_at_100_max": 0.067572,
        "nauc_precision_at_100_std": 0.015789,
        "nauc_precision_at_100_diff1": 0.050899,
        "nauc_precision_at_1000_max": 0.082479,
        "nauc_precision_at_1000_std": -0.018557,
        "nauc_precision_at_1000_diff1": 0.173296,
        "nauc_mrr_at_1_max": 0.537248,
        "nauc_mrr_at_1_std": -0.28663,
        "nauc_mrr_at_1_diff1": 0.628664,
        "nauc_mrr_at_3_max": 0.456391,
        "nauc_mrr_at_3_std": -0.190125,
        "nauc_mrr_at_3_diff1": 0.537562,
        "nauc_mrr_at_5_max": 0.451473,
        "nauc_mrr_at_5_std": -0.140137,
        "nauc_mrr_at_5_diff1": 0.50033,
        "nauc_mrr_at_10_max": 0.424948,
        "nauc_mrr_at_10_std": -0.137961,
        "nauc_mrr_at_10_diff1": 0.448271,
        "nauc_mrr_at_20_max": 0.396713,
        "nauc_mrr_at_20_std": -0.122736,
        "nauc_mrr_at_20_diff1": 0.427972,
        "nauc_mrr_at_100_max": 0.382064,
        "nauc_mrr_at_100_std": -0.119072,
        "nauc_mrr_at_100_diff1": 0.410964,
        "nauc_mrr_at_1000_max": 0.382647,
        "nauc_mrr_at_1000_std": -0.120004,
        "nauc_mrr_at_1000_diff1": 0.410748,
        "main_score": 0.04771,
        "hf_subset": "default",
        "languages": [
          "tur-Latn"
        ]
      }
    ]
  },
  "evaluation_time": 41.871082067489624,
  "kg_co2_emissions": null
}