{
  "dataset_revision": "main",
  "task_name": "SCIDOCSTR",
  "mteb_version": "1.31.3",
  "scores": {
    "test": [
      {
        "ndcg_at_1": 0.01115,
        "ndcg_at_3": 0.01382,
        "ndcg_at_5": 0.01612,
        "ndcg_at_10": 0.0197,
        "ndcg_at_20": 0.02252,
        "ndcg_at_100": 0.03344,
        "ndcg_at_1000": 0.08119,
        "map_at_1": 0.01115,
        "map_at_3": 0.01319,
        "map_at_5": 0.01447,
        "map_at_10": 0.01594,
        "map_at_20": 0.01671,
        "map_at_100": 0.01807,
        "map_at_1000": 0.01914,
        "recall_at_1": 0.01115,
        "recall_at_3": 0.01561,
        "recall_at_5": 0.02118,
        "recall_at_10": 0.03233,
        "recall_at_20": 0.04348,
        "recall_at_100": 0.10479,
        "recall_at_1000": 0.52508,
        "precision_at_1": 0.01115,
        "precision_at_3": 0.0052,
        "precision_at_5": 0.00424,
        "precision_at_10": 0.00323,
        "precision_at_20": 0.00217,
        "precision_at_100": 0.00105,
        "precision_at_1000": 0.00053,
        "mrr_at_1": 0.011148,
        "mrr_at_3": 0.013192,
        "mrr_at_5": 0.014474,
        "mrr_at_10": 0.015942,
        "mrr_at_20": 0.01671,
        "mrr_at_100": 0.018067,
        "mrr_at_1000": 0.019141,
        "nauc_ndcg_at_1_max": -0.150496,
        "nauc_ndcg_at_1_std": -0.124243,
        "nauc_ndcg_at_1_diff1": 0.002345,
        "nauc_ndcg_at_3_max": -0.09229,
        "nauc_ndcg_at_3_std": -0.039594,
        "nauc_ndcg_at_3_diff1": 0.04539,
        "nauc_ndcg_at_5_max": -0.008017,
        "nauc_ndcg_at_5_std": 0.009278,
        "nauc_ndcg_at_5_diff1": 0.001539,
        "nauc_ndcg_at_10_max": 0.033684,
        "nauc_ndcg_at_10_std": -0.002562,
        "nauc_ndcg_at_10_diff1": 0.059586,
        "nauc_ndcg_at_20_max": 0.081958,
        "nauc_ndcg_at_20_std": 0.029685,
        "nauc_ndcg_at_20_diff1": 0.08162,
        "nauc_ndcg_at_100_max": 0.039169,
        "nauc_ndcg_at_100_std": 0.04583,
        "nauc_ndcg_at_100_diff1": 0.051076,
        "nauc_ndcg_at_1000_max": 0.015671,
        "nauc_ndcg_at_1000_std": 0.039851,
        "nauc_ndcg_at_1000_diff1": 0.019222,
        "nauc_map_at_1_max": -0.150496,
        "nauc_map_at_1_std": -0.124243,
        "nauc_map_at_1_diff1": 0.002345,
        "nauc_map_at_3_max": -0.106512,
        "nauc_map_at_3_std": -0.054273,
        "nauc_map_at_3_diff1": 0.038458,
        "nauc_map_at_5_max": -0.052991,
        "nauc_map_at_5_std": -0.024676,
        "nauc_map_at_5_diff1": 0.011799,
        "nauc_map_at_10_max": -0.027635,
        "nauc_map_at_10_std": -0.028096,
        "nauc_map_at_10_diff1": 0.041894,
        "nauc_map_at_20_max": -0.007464,
        "nauc_map_at_20_std": -0.014362,
        "nauc_map_at_20_diff1": 0.048281,
        "nauc_map_at_100_max": -0.011473,
        "nauc_map_at_100_std": -0.004404,
        "nauc_map_at_100_diff1": 0.046217,
        "nauc_map_at_1000_max": -0.012049,
        "nauc_map_at_1000_std": -0.002939,
        "nauc_map_at_1000_diff1": 0.044135,
        "nauc_recall_at_1_max": -0.150496,
        "nauc_recall_at_1_std": -0.124243,
        "nauc_recall_at_1_diff1": 0.002345,
        "nauc_recall_at_3_max": -0.056776,
        "nauc_recall_at_3_std": -0.004687,
        "nauc_recall_at_3_diff1": 0.061653,
        "nauc_recall_at_5_max": 0.089055,
        "nauc_recall_at_5_std": 0.081811,
        "nauc_recall_at_5_diff1": -0.023146,
        "nauc_recall_at_10_max": 0.134113,
        "nauc_recall_at_10_std": 0.035797,
        "nauc_recall_at_10_diff1": 0.090858,
        "nauc_recall_at_20_max": 0.208544,
        "nauc_recall_at_20_std": 0.09016,
        "nauc_recall_at_20_diff1": 0.135462,
        "nauc_recall_at_100_max": 0.061196,
        "nauc_recall_at_100_std": 0.076377,
        "nauc_recall_at_100_diff1": 0.042375,
        "nauc_recall_at_1000_max": 0.007198,
        "nauc_recall_at_1000_std": 0.0476,
        "nauc_recall_at_1000_diff1": -0.013456,
        "nauc_precision_at_1_max": -0.150496,
        "nauc_precision_at_1_std": -0.124243,
        "nauc_precision_at_1_diff1": 0.002345,
        "nauc_precision_at_3_max": -0.056776,
        "nauc_precision_at_3_std": -0.004687,
        "nauc_precision_at_3_diff1": 0.061653,
        "nauc_precision_at_5_max": 0.089055,
        "nauc_precision_at_5_std": 0.081811,
        "nauc_precision_at_5_diff1": -0.023146,
        "nauc_precision_at_10_max": 0.134113,
        "nauc_precision_at_10_std": 0.035797,
        "nauc_precision_at_10_diff1": 0.090858,
        "nauc_precision_at_20_max": 0.208544,
        "nauc_precision_at_20_std": 0.09016,
        "nauc_precision_at_20_diff1": 0.135462,
        "nauc_precision_at_100_max": 0.061196,
        "nauc_precision_at_100_std": 0.076377,
        "nauc_precision_at_100_diff1": 0.042375,
        "nauc_precision_at_1000_max": 0.007198,
        "nauc_precision_at_1000_std": 0.0476,
        "nauc_precision_at_1000_diff1": -0.013456,
        "nauc_mrr_at_1_max": -0.150496,
        "nauc_mrr_at_1_std": -0.124243,
        "nauc_mrr_at_1_diff1": 0.002345,
        "nauc_mrr_at_3_max": -0.106512,
        "nauc_mrr_at_3_std": -0.054273,
        "nauc_mrr_at_3_diff1": 0.038458,
        "nauc_mrr_at_5_max": -0.052991,
        "nauc_mrr_at_5_std": -0.024676,
        "nauc_mrr_at_5_diff1": 0.011799,
        "nauc_mrr_at_10_max": -0.027635,
        "nauc_mrr_at_10_std": -0.028096,
        "nauc_mrr_at_10_diff1": 0.041894,
        "nauc_mrr_at_20_max": -0.007464,
        "nauc_mrr_at_20_std": -0.014362,
        "nauc_mrr_at_20_diff1": 0.048281,
        "nauc_mrr_at_100_max": -0.011454,
        "nauc_mrr_at_100_std": -0.004381,
        "nauc_mrr_at_100_diff1": 0.046223,
        "nauc_mrr_at_1000_max": -0.01203,
        "nauc_mrr_at_1000_std": -0.002916,
        "nauc_mrr_at_1000_diff1": 0.044141,
        "main_score": 0.0197,
        "hf_subset": "default",
        "languages": [
          "tur-Latn"
        ]
      }
    ]
  },
  "evaluation_time": 56.652409076690674,
  "kg_co2_emissions": null
}