{
  "dataset_revision": "main",
  "task_name": "TQuadRetrieval",
  "mteb_version": "1.31.3",
  "scores": {
    "test": [
      {
        "ndcg_at_1": 0.36771,
        "ndcg_at_3": 0.51899,
        "ndcg_at_5": 0.56318,
        "ndcg_at_10": 0.60422,
        "ndcg_at_20": 0.62276,
        "ndcg_at_100": 0.63415,
        "ndcg_at_1000": 0.63478,
        "map_at_1": 0.36771,
        "map_at_3": 0.48075,
        "map_at_5": 0.50519,
        "map_at_10": 0.5226,
        "map_at_20": 0.52774,
        "map_at_100": 0.52937,
        "map_at_1000": 0.5294,
        "recall_at_1": 0.36771,
        "recall_at_3": 0.63004,
        "recall_at_5": 0.73767,
        "recall_at_10": 0.86211,
        "recall_at_20": 0.93498,
        "recall_at_100": 0.99552,
        "recall_at_1000": 1.0,
        "precision_at_1": 0.36771,
        "precision_at_3": 0.21001,
        "precision_at_5": 0.14753,
        "precision_at_10": 0.08621,
        "precision_at_20": 0.04675,
        "precision_at_100": 0.00996,
        "precision_at_1000": 0.001,
        "mrr_at_1": 0.368834,
        "mrr_at_3": 0.481129,
        "mrr_at_5": 0.505568,
        "mrr_at_10": 0.522985,
        "mrr_at_20": 0.528134,
        "mrr_at_100": 0.529756,
        "mrr_at_1000": 0.529788,
        "nauc_ndcg_at_1_max": 0.119709,
        "nauc_ndcg_at_1_std": -0.10042,
        "nauc_ndcg_at_1_diff1": 0.466596,
        "nauc_ndcg_at_3_max": 0.114314,
        "nauc_ndcg_at_3_std": -0.114721,
        "nauc_ndcg_at_3_diff1": 0.364777,
        "nauc_ndcg_at_5_max": 0.135747,
        "nauc_ndcg_at_5_std": -0.0821,
        "nauc_ndcg_at_5_diff1": 0.353528,
        "nauc_ndcg_at_10_max": 0.142473,
        "nauc_ndcg_at_10_std": -0.047368,
        "nauc_ndcg_at_10_diff1": 0.378064,
        "nauc_ndcg_at_20_max": 0.138522,
        "nauc_ndcg_at_20_std": -0.062333,
        "nauc_ndcg_at_20_diff1": 0.383784,
        "nauc_ndcg_at_100_max": 0.131592,
        "nauc_ndcg_at_100_std": -0.075653,
        "nauc_ndcg_at_100_diff1": 0.390775,
        "nauc_ndcg_at_1000_max": 0.129463,
        "nauc_ndcg_at_1000_std": -0.077626,
        "nauc_ndcg_at_1000_diff1": 0.39044,
        "nauc_map_at_1_max": 0.119709,
        "nauc_map_at_1_std": -0.10042,
        "nauc_map_at_1_diff1": 0.466596,
        "nauc_map_at_3_max": 0.112987,
        "nauc_map_at_3_std": -0.11067,
        "nauc_map_at_3_diff1": 0.390989,
        "nauc_map_at_5_max": 0.124177,
        "nauc_map_at_5_std": -0.093449,
        "nauc_map_at_5_diff1": 0.386314,
        "nauc_map_at_10_max": 0.126322,
        "nauc_map_at_10_std": -0.080991,
        "nauc_map_at_10_diff1": 0.396262,
        "nauc_map_at_20_max": 0.125223,
        "nauc_map_at_20_std": -0.084761,
        "nauc_map_at_20_diff1": 0.397922,
        "nauc_map_at_100_max": 0.124396,
        "nauc_map_at_100_std": -0.086189,
        "nauc_map_at_100_diff1": 0.398749,
        "nauc_map_at_1000_max": 0.12431,
        "nauc_map_at_1000_std": -0.08627,
        "nauc_map_at_1000_diff1": 0.398736,
        "nauc_recall_at_1_max": 0.119709,
        "nauc_recall_at_1_std": -0.10042,
        "nauc_recall_at_1_diff1": 0.466596,
        "nauc_recall_at_3_max": 0.119883,
        "nauc_recall_at_3_std": -0.128039,
        "nauc_recall_at_3_diff1": 0.279706,
        "nauc_recall_at_5_max": 0.1876,
        "nauc_recall_at_5_std": -0.030653,
        "nauc_recall_at_5_diff1": 0.220668,
        "nauc_recall_at_10_max": 0.264921,
        "nauc_recall_at_10_std": 0.21653,
        "nauc_recall_at_10_diff1": 0.277264,
        "nauc_recall_at_20_max": 0.330382,
        "nauc_recall_at_20_std": 0.260088,
        "nauc_recall_at_20_diff1": 0.255878,
        "nauc_recall_at_100_max": 0.934657,
        "nauc_recall_at_100_std": 0.66922,
        "nauc_recall_at_100_diff1": 0.518094,
        "nauc_recall_at_1000_max": NaN,
        "nauc_recall_at_1000_std": NaN,
        "nauc_recall_at_1000_diff1": NaN,
        "nauc_precision_at_1_max": 0.119709,
        "nauc_precision_at_1_std": -0.10042,
        "nauc_precision_at_1_diff1": 0.466596,
        "nauc_precision_at_3_max": 0.119883,
        "nauc_precision_at_3_std": -0.128039,
        "nauc_precision_at_3_diff1": 0.279706,
        "nauc_precision_at_5_max": 0.1876,
        "nauc_precision_at_5_std": -0.030653,
        "nauc_precision_at_5_diff1": 0.220668,
        "nauc_precision_at_10_max": 0.264921,
        "nauc_precision_at_10_std": 0.21653,
        "nauc_precision_at_10_diff1": 0.277264,
        "nauc_precision_at_20_max": 0.330382,
        "nauc_precision_at_20_std": 0.260088,
        "nauc_precision_at_20_diff1": 0.255878,
        "nauc_precision_at_100_max": 0.934657,
        "nauc_precision_at_100_std": 0.66922,
        "nauc_precision_at_100_diff1": 0.518094,
        "nauc_precision_at_1000_max": NaN,
        "nauc_precision_at_1000_std": NaN,
        "nauc_precision_at_1000_diff1": NaN,
        "nauc_mrr_at_1_max": 0.11975,
        "nauc_mrr_at_1_std": -0.098168,
        "nauc_mrr_at_1_diff1": 0.463208,
        "nauc_mrr_at_3_max": 0.113472,
        "nauc_mrr_at_3_std": -0.109245,
        "nauc_mrr_at_3_diff1": 0.389611,
        "nauc_mrr_at_5_max": 0.12468,
        "nauc_mrr_at_5_std": -0.091967,
        "nauc_mrr_at_5_diff1": 0.384875,
        "nauc_mrr_at_10_max": 0.126845,
        "nauc_mrr_at_10_std": -0.079424,
        "nauc_mrr_at_10_diff1": 0.394734,
        "nauc_mrr_at_20_max": 0.125755,
        "nauc_mrr_at_20_std": -0.083168,
        "nauc_mrr_at_20_diff1": 0.396369,
        "nauc_mrr_at_100_max": 0.124931,
        "nauc_mrr_at_100_std": -0.084587,
        "nauc_mrr_at_100_diff1": 0.397187,
        "nauc_mrr_at_1000_max": 0.124845,
        "nauc_mrr_at_1000_std": -0.084667,
        "nauc_mrr_at_1000_diff1": 0.397174,
        "main_score": 0.60422,
        "hf_subset": "default",
        "languages": [
          "tur-Latn"
        ]
      }
    ]
  },
  "evaluation_time": 5.248753070831299,
  "kg_co2_emissions": null
}