{
  "dataset_revision": "51adfef1c1287aab1d2d91b5bead9bcfb9c68583",
  "task_name": "XQuADRetrieval",
  "mteb_version": "1.31.3",
  "scores": {
    "validation": [
      {
        "ndcg_at_1": 0.56334,
        "ndcg_at_3": 0.70337,
        "ndcg_at_5": 0.73653,
        "ndcg_at_10": 0.75059,
        "ndcg_at_20": 0.75988,
        "ndcg_at_100": 0.76711,
        "ndcg_at_1000": 0.76771,
        "map_at_1": 0.56334,
        "map_at_3": 0.6699,
        "map_at_5": 0.68857,
        "map_at_10": 0.69445,
        "map_at_20": 0.69706,
        "map_at_100": 0.69817,
        "map_at_1000": 0.69821,
        "recall_at_1": 0.56334,
        "recall_at_3": 0.79983,
        "recall_at_5": 0.87922,
        "recall_at_10": 0.9223,
        "recall_at_20": 0.95861,
        "recall_at_100": 0.99578,
        "recall_at_1000": 1.0,
        "precision_at_1": 0.56334,
        "precision_at_3": 0.26661,
        "precision_at_5": 0.17584,
        "precision_at_10": 0.09223,
        "precision_at_20": 0.04793,
        "precision_at_100": 0.00996,
        "precision_at_1000": 0.001,
        "mrr_at_1": 0.563345,
        "mrr_at_3": 0.669904,
        "mrr_at_5": 0.68857,
        "mrr_at_10": 0.694455,
        "mrr_at_20": 0.69706,
        "mrr_at_100": 0.698174,
        "mrr_at_1000": 0.698208,
        "nauc_ndcg_at_1_max": 0.364746,
        "nauc_ndcg_at_1_std": 0.088955,
        "nauc_ndcg_at_1_diff1": 0.580693,
        "nauc_ndcg_at_3_max": 0.435153,
        "nauc_ndcg_at_3_std": 0.141553,
        "nauc_ndcg_at_3_diff1": 0.544193,
        "nauc_ndcg_at_5_max": 0.451772,
        "nauc_ndcg_at_5_std": 0.156818,
        "nauc_ndcg_at_5_diff1": 0.552282,
        "nauc_ndcg_at_10_max": 0.449498,
        "nauc_ndcg_at_10_std": 0.16227,
        "nauc_ndcg_at_10_diff1": 0.553202,
        "nauc_ndcg_at_20_max": 0.437014,
        "nauc_ndcg_at_20_std": 0.149996,
        "nauc_ndcg_at_20_diff1": 0.555342,
        "nauc_ndcg_at_100_max": 0.427741,
        "nauc_ndcg_at_100_std": 0.141225,
        "nauc_ndcg_at_100_diff1": 0.558018,
        "nauc_ndcg_at_1000_max": 0.425967,
        "nauc_ndcg_at_1000_std": 0.139018,
        "nauc_ndcg_at_1000_diff1": 0.557464,
        "nauc_map_at_1_max": 0.364746,
        "nauc_map_at_1_std": 0.088955,
        "nauc_map_at_1_diff1": 0.580693,
        "nauc_map_at_3_max": 0.414966,
        "nauc_map_at_3_std": 0.126049,
        "nauc_map_at_3_diff1": 0.553494,
        "nauc_map_at_5_max": 0.421748,
        "nauc_map_at_5_std": 0.13235,
        "nauc_map_at_5_diff1": 0.55814,
        "nauc_map_at_10_max": 0.420907,
        "nauc_map_at_10_std": 0.134646,
        "nauc_map_at_10_diff1": 0.558627,
        "nauc_map_at_20_max": 0.417926,
        "nauc_map_at_20_std": 0.131568,
        "nauc_map_at_20_diff1": 0.559422,
        "nauc_map_at_100_max": 0.416627,
        "nauc_map_at_100_std": 0.130389,
        "nauc_map_at_100_diff1": 0.55965,
        "nauc_map_at_1000_max": 0.416547,
        "nauc_map_at_1000_std": 0.130289,
        "nauc_map_at_1000_diff1": 0.559626,
        "nauc_recall_at_1_max": 0.364746,
        "nauc_recall_at_1_std": 0.088955,
        "nauc_recall_at_1_diff1": 0.580693,
        "nauc_recall_at_3_max": 0.517509,
        "nauc_recall_at_3_std": 0.205062,
        "nauc_recall_at_3_diff1": 0.506959,
        "nauc_recall_at_5_max": 0.639029,
        "nauc_recall_at_5_std": 0.31069,
        "nauc_recall_at_5_diff1": 0.519999,
        "nauc_recall_at_10_max": 0.707724,
        "nauc_recall_at_10_std": 0.418794,
        "nauc_recall_at_10_diff1": 0.510131,
        "nauc_recall_at_20_max": 0.699026,
        "nauc_recall_at_20_std": 0.419132,
        "nauc_recall_at_20_diff1": 0.500689,
        "nauc_recall_at_100_max": 0.973866,
        "nauc_recall_at_100_std": 0.816053,
        "nauc_recall_at_100_diff1": 0.73018,
        "nauc_recall_at_1000_max": NaN,
        "nauc_recall_at_1000_std": NaN,
        "nauc_recall_at_1000_diff1": NaN,
        "nauc_precision_at_1_max": 0.364746,
        "nauc_precision_at_1_std": 0.088955,
        "nauc_precision_at_1_diff1": 0.580693,
        "nauc_precision_at_3_max": 0.517509,
        "nauc_precision_at_3_std": 0.205062,
        "nauc_precision_at_3_diff1": 0.506959,
        "nauc_precision_at_5_max": 0.639029,
        "nauc_precision_at_5_std": 0.31069,
        "nauc_precision_at_5_diff1": 0.519999,
        "nauc_precision_at_10_max": 0.707724,
        "nauc_precision_at_10_std": 0.418794,
        "nauc_precision_at_10_diff1": 0.510131,
        "nauc_precision_at_20_max": 0.699026,
        "nauc_precision_at_20_std": 0.419132,
        "nauc_precision_at_20_diff1": 0.500689,
        "nauc_precision_at_100_max": 0.973866,
        "nauc_precision_at_100_std": 0.816053,
        "nauc_precision_at_100_diff1": 0.73018,
        "nauc_precision_at_1000_max": 1.0,
        "nauc_precision_at_1000_std": 1.0,
        "nauc_precision_at_1000_diff1": 1.0,
        "nauc_mrr_at_1_max": 0.364746,
        "nauc_mrr_at_1_std": 0.088955,
        "nauc_mrr_at_1_diff1": 0.580693,
        "nauc_mrr_at_3_max": 0.414966,
        "nauc_mrr_at_3_std": 0.126049,
        "nauc_mrr_at_3_diff1": 0.553494,
        "nauc_mrr_at_5_max": 0.421748,
        "nauc_mrr_at_5_std": 0.13235,
        "nauc_mrr_at_5_diff1": 0.55814,
        "nauc_mrr_at_10_max": 0.420907,
        "nauc_mrr_at_10_std": 0.134646,
        "nauc_mrr_at_10_diff1": 0.558627,
        "nauc_mrr_at_20_max": 0.417926,
        "nauc_mrr_at_20_std": 0.131568,
        "nauc_mrr_at_20_diff1": 0.559422,
        "nauc_mrr_at_100_max": 0.416627,
        "nauc_mrr_at_100_std": 0.130389,
        "nauc_mrr_at_100_diff1": 0.55965,
        "nauc_mrr_at_1000_max": 0.416547,
        "nauc_mrr_at_1000_std": 0.130289,
        "nauc_mrr_at_1000_diff1": 0.559626,
        "main_score": 0.75059,
        "hf_subset": "tr",
        "languages": [
          "tur-Latn"
        ]
      }
    ]
  },
  "evaluation_time": 5.67471170425415,
  "kg_co2_emissions": null
}