{
  "dataset_revision": "main",
  "task_name": "ArguAnaTR",
  "mteb_version": "1.31.3",
  "scores": {
    "test": [
      {
        "ndcg_at_1": 0.0377,
        "ndcg_at_3": 0.0631,
        "ndcg_at_5": 0.07188,
        "ndcg_at_10": 0.08377,
        "ndcg_at_20": 0.09525,
        "ndcg_at_100": 0.11829,
        "ndcg_at_1000": 0.15034,
        "map_at_1": 0.0377,
        "map_at_3": 0.05666,
        "map_at_5": 0.06153,
        "map_at_10": 0.0664,
        "map_at_20": 0.06953,
        "map_at_100": 0.07252,
        "map_at_1000": 0.07349,
        "recall_at_1": 0.0377,
        "recall_at_3": 0.08179,
        "recall_at_5": 0.10313,
        "recall_at_10": 0.14011,
        "recall_at_20": 0.18563,
        "recall_at_100": 0.31294,
        "recall_at_1000": 0.57895,
        "precision_at_1": 0.0377,
        "precision_at_3": 0.02726,
        "precision_at_5": 0.02063,
        "precision_at_10": 0.01401,
        "precision_at_20": 0.00928,
        "precision_at_100": 0.00313,
        "precision_at_1000": 0.00058,
        "mrr_at_1": 0.039829,
        "mrr_at_3": 0.057492,
        "mrr_at_5": 0.062364,
        "mrr_at_10": 0.067168,
        "mrr_at_20": 0.070364,
        "mrr_at_100": 0.073353,
        "mrr_at_1000": 0.074323,
        "nauc_ndcg_at_1_max": 0.068002,
        "nauc_ndcg_at_1_std": 0.174759,
        "nauc_ndcg_at_1_diff1": 0.313431,
        "nauc_ndcg_at_3_max": 0.110895,
        "nauc_ndcg_at_3_std": 0.116009,
        "nauc_ndcg_at_3_diff1": 0.229879,
        "nauc_ndcg_at_5_max": 0.116936,
        "nauc_ndcg_at_5_std": 0.124624,
        "nauc_ndcg_at_5_diff1": 0.207732,
        "nauc_ndcg_at_10_max": 0.117131,
        "nauc_ndcg_at_10_std": 0.14113,
        "nauc_ndcg_at_10_diff1": 0.205197,
        "nauc_ndcg_at_20_max": 0.099154,
        "nauc_ndcg_at_20_std": 0.176683,
        "nauc_ndcg_at_20_diff1": 0.187157,
        "nauc_ndcg_at_100_max": 0.100242,
        "nauc_ndcg_at_100_std": 0.204039,
        "nauc_ndcg_at_100_diff1": 0.173817,
        "nauc_ndcg_at_1000_max": 0.100717,
        "nauc_ndcg_at_1000_std": 0.215066,
        "nauc_ndcg_at_1000_diff1": 0.16385,
        "nauc_map_at_1_max": 0.068002,
        "nauc_map_at_1_std": 0.174759,
        "nauc_map_at_1_diff1": 0.313431,
        "nauc_map_at_3_max": 0.103988,
        "nauc_map_at_3_std": 0.126594,
        "nauc_map_at_3_diff1": 0.244184,
        "nauc_map_at_5_max": 0.10941,
        "nauc_map_at_5_std": 0.131565,
        "nauc_map_at_5_diff1": 0.229143,
        "nauc_map_at_10_max": 0.110122,
        "nauc_map_at_10_std": 0.1395,
        "nauc_map_at_10_diff1": 0.226981,
        "nauc_map_at_20_max": 0.103658,
        "nauc_map_at_20_std": 0.15249,
        "nauc_map_at_20_diff1": 0.219736,
        "nauc_map_at_100_max": 0.103862,
        "nauc_map_at_100_std": 0.159194,
        "nauc_map_at_100_diff1": 0.217668,
        "nauc_map_at_1000_max": 0.103992,
        "nauc_map_at_1000_std": 0.159765,
        "nauc_map_at_1000_diff1": 0.217119,
        "nauc_recall_at_1_max": 0.068002,
        "nauc_recall_at_1_std": 0.174759,
        "nauc_recall_at_1_diff1": 0.313431,
        "nauc_recall_at_3_max": 0.12471,
        "nauc_recall_at_3_std": 0.094516,
        "nauc_recall_at_3_diff1": 0.201024,
        "nauc_recall_at_5_max": 0.129766,
        "nauc_recall_at_5_std": 0.112933,
        "nauc_recall_at_5_diff1": 0.168208,
        "nauc_recall_at_10_max": 0.127094,
        "nauc_recall_at_10_std": 0.147523,
        "nauc_recall_at_10_diff1": 0.17052,
        "nauc_recall_at_20_max": 0.086539,
        "nauc_recall_at_20_std": 0.223709,
        "nauc_recall_at_20_diff1": 0.138093,
        "nauc_recall_at_100_max": 0.091857,
        "nauc_recall_at_100_std": 0.278656,
        "nauc_recall_at_100_diff1": 0.109132,
        "nauc_recall_at_1000_max": 0.08927,
        "nauc_recall_at_1000_std": 0.329235,
        "nauc_recall_at_1000_diff1": 0.064388,
        "nauc_precision_at_1_max": 0.068002,
        "nauc_precision_at_1_std": 0.174759,
        "nauc_precision_at_1_diff1": 0.313431,
        "nauc_precision_at_3_max": 0.12471,
        "nauc_precision_at_3_std": 0.094516,
        "nauc_precision_at_3_diff1": 0.201024,
        "nauc_precision_at_5_max": 0.129766,
        "nauc_precision_at_5_std": 0.112933,
        "nauc_precision_at_5_diff1": 0.168208,
        "nauc_precision_at_10_max": 0.127094,
        "nauc_precision_at_10_std": 0.147523,
        "nauc_precision_at_10_diff1": 0.17052,
        "nauc_precision_at_20_max": 0.086539,
        "nauc_precision_at_20_std": 0.223709,
        "nauc_precision_at_20_diff1": 0.138093,
        "nauc_precision_at_100_max": 0.091857,
        "nauc_precision_at_100_std": 0.278656,
        "nauc_precision_at_100_diff1": 0.109132,
        "nauc_precision_at_1000_max": 0.08927,
        "nauc_precision_at_1000_std": 0.329235,
        "nauc_precision_at_1000_diff1": 0.064388,
        "nauc_mrr_at_1_max": 0.08374,
        "nauc_mrr_at_1_std": 0.15304,
        "nauc_mrr_at_1_diff1": 0.265829,
        "nauc_mrr_at_3_max": 0.105077,
        "nauc_mrr_at_3_std": 0.120777,
        "nauc_mrr_at_3_diff1": 0.225863,
        "nauc_mrr_at_5_max": 0.110345,
        "nauc_mrr_at_5_std": 0.12612,
        "nauc_mrr_at_5_diff1": 0.212402,
        "nauc_mrr_at_10_max": 0.110064,
        "nauc_mrr_at_10_std": 0.134361,
        "nauc_mrr_at_10_diff1": 0.21022,
        "nauc_mrr_at_20_max": 0.104571,
        "nauc_mrr_at_20_std": 0.147197,
        "nauc_mrr_at_20_diff1": 0.204405,
        "nauc_mrr_at_100_max": 0.104738,
        "nauc_mrr_at_100_std": 0.153908,
        "nauc_mrr_at_100_diff1": 0.202599,
        "nauc_mrr_at_1000_max": 0.104864,
        "nauc_mrr_at_1000_std": 0.154474,
        "nauc_mrr_at_1000_diff1": 0.202057,
        "main_score": 0.08377,
        "hf_subset": "default",
        "languages": [
          "tur-Latn"
        ]
      }
    ]
  },
  "evaluation_time": 2.6340010166168213,
  "kg_co2_emissions": null
}