{
  "dataset_revision": "main",
  "task_name": "CQADupstackGamingRetrievalTR",
  "mteb_version": "1.31.3",
  "scores": {
    "test": [
      {
        "ndcg_at_1": 0.04138,
        "ndcg_at_3": 0.04909,
        "ndcg_at_5": 0.05442,
        "ndcg_at_10": 0.06152,
        "ndcg_at_20": 0.06753,
        "ndcg_at_100": 0.08201,
        "ndcg_at_1000": 0.1022,
        "map_at_1": 0.03772,
        "map_at_3": 0.04495,
        "map_at_5": 0.04801,
        "map_at_10": 0.05111,
        "map_at_20": 0.05278,
        "map_at_100": 0.05463,
        "map_at_1000": 0.05528,
        "recall_at_1": 0.03772,
        "recall_at_3": 0.05497,
        "recall_at_5": 0.06791,
        "recall_at_10": 0.08869,
        "recall_at_20": 0.11117,
        "recall_at_100": 0.18709,
        "recall_at_1000": 0.34362,
        "precision_at_1": 0.04138,
        "precision_at_3": 0.02153,
        "precision_at_5": 0.01605,
        "precision_at_10": 0.01078,
        "precision_at_20": 0.00687,
        "precision_at_100": 0.00234,
        "precision_at_1000": 0.00045,
        "mrr_at_1": 0.041379,
        "mrr_at_3": 0.050052,
        "mrr_at_5": 0.053312,
        "mrr_at_10": 0.056309,
        "mrr_at_20": 0.058192,
        "mrr_at_100": 0.060201,
        "mrr_at_1000": 0.060849,
        "nauc_ndcg_at_1_max": 0.072935,
        "nauc_ndcg_at_1_std": -0.068822,
        "nauc_ndcg_at_1_diff1": 0.375571,
        "nauc_ndcg_at_3_max": 0.066849,
        "nauc_ndcg_at_3_std": -0.04712,
        "nauc_ndcg_at_3_diff1": 0.286684,
        "nauc_ndcg_at_5_max": 0.056863,
        "nauc_ndcg_at_5_std": -0.04405,
        "nauc_ndcg_at_5_diff1": 0.267242,
        "nauc_ndcg_at_10_max": 0.051988,
        "nauc_ndcg_at_10_std": -0.032727,
        "nauc_ndcg_at_10_diff1": 0.234048,
        "nauc_ndcg_at_20_max": 0.052777,
        "nauc_ndcg_at_20_std": -0.037237,
        "nauc_ndcg_at_20_diff1": 0.209524,
        "nauc_ndcg_at_100_max": 0.030873,
        "nauc_ndcg_at_100_std": -0.015937,
        "nauc_ndcg_at_100_diff1": 0.183694,
        "nauc_ndcg_at_1000_max": 0.016748,
        "nauc_ndcg_at_1000_std": 0.011551,
        "nauc_ndcg_at_1000_diff1": 0.184311,
        "nauc_map_at_1_max": 0.089625,
        "nauc_map_at_1_std": -0.068691,
        "nauc_map_at_1_diff1": 0.354388,
        "nauc_map_at_3_max": 0.072232,
        "nauc_map_at_3_std": -0.050616,
        "nauc_map_at_3_diff1": 0.300363,
        "nauc_map_at_5_max": 0.065287,
        "nauc_map_at_5_std": -0.048703,
        "nauc_map_at_5_diff1": 0.287863,
        "nauc_map_at_10_max": 0.064062,
        "nauc_map_at_10_std": -0.043004,
        "nauc_map_at_10_diff1": 0.269917,
        "nauc_map_at_20_max": 0.064063,
        "nauc_map_at_20_std": -0.044103,
        "nauc_map_at_20_diff1": 0.260561,
        "nauc_map_at_100_max": 0.059615,
        "nauc_map_at_100_std": -0.039797,
        "nauc_map_at_100_diff1": 0.25453,
        "nauc_map_at_1000_max": 0.058411,
        "nauc_map_at_1000_std": -0.038128,
        "nauc_map_at_1000_diff1": 0.254198,
        "nauc_recall_at_1_max": 0.089625,
        "nauc_recall_at_1_std": -0.068691,
        "nauc_recall_at_1_diff1": 0.354388,
        "nauc_recall_at_3_max": 0.056532,
        "nauc_recall_at_3_std": -0.039461,
        "nauc_recall_at_3_diff1": 0.250232,
        "nauc_recall_at_5_max": 0.038092,
        "nauc_recall_at_5_std": -0.033853,
        "nauc_recall_at_5_diff1": 0.2205,
        "nauc_recall_at_10_max": 0.029359,
        "nauc_recall_at_10_std": -0.009967,
        "nauc_recall_at_10_diff1": 0.165927,
        "nauc_recall_at_20_max": 0.03263,
        "nauc_recall_at_20_std": -0.02435,
        "nauc_recall_at_20_diff1": 0.11623,
        "nauc_recall_at_100_max": -0.014174,
        "nauc_recall_at_100_std": 0.024119,
        "nauc_recall_at_100_diff1": 0.080076,
        "nauc_recall_at_1000_max": -0.043229,
        "nauc_recall_at_1000_std": 0.096892,
        "nauc_recall_at_1000_diff1": 0.103124,
        "nauc_precision_at_1_max": 0.072935,
        "nauc_precision_at_1_std": -0.068822,
        "nauc_precision_at_1_diff1": 0.375571,
        "nauc_precision_at_3_max": 0.051136,
        "nauc_precision_at_3_std": -0.035036,
        "nauc_precision_at_3_diff1": 0.258382,
        "nauc_precision_at_5_max": 0.042194,
        "nauc_precision_at_5_std": -0.028231,
        "nauc_precision_at_5_diff1": 0.223578,
        "nauc_precision_at_10_max": 0.035959,
        "nauc_precision_at_10_std": -0.010813,
        "nauc_precision_at_10_diff1": 0.156603,
        "nauc_precision_at_20_max": 0.04756,
        "nauc_precision_at_20_std": -0.025534,
        "nauc_precision_at_20_diff1": 0.114917,
        "nauc_precision_at_100_max": -0.003743,
        "nauc_precision_at_100_std": 0.019679,
        "nauc_precision_at_100_diff1": 0.070317,
        "nauc_precision_at_1000_max": -0.039133,
        "nauc_precision_at_1000_std": 0.095162,
        "nauc_precision_at_1000_diff1": 0.079478,
        "nauc_mrr_at_1_max": 0.072935,
        "nauc_mrr_at_1_std": -0.068822,
        "nauc_mrr_at_1_diff1": 0.375571,
        "nauc_mrr_at_3_max": 0.065489,
        "nauc_mrr_at_3_std": -0.052248,
        "nauc_mrr_at_3_diff1": 0.311137,
        "nauc_mrr_at_5_max": 0.061841,
        "nauc_mrr_at_5_std": -0.049734,
        "nauc_mrr_at_5_diff1": 0.295398,
        "nauc_mrr_at_10_max": 0.058853,
        "nauc_mrr_at_10_std": -0.045919,
        "nauc_mrr_at_10_diff1": 0.277328,
        "nauc_mrr_at_20_max": 0.058935,
        "nauc_mrr_at_20_std": -0.046918,
        "nauc_mrr_at_20_diff1": 0.268674,
        "nauc_mrr_at_100_max": 0.054015,
        "nauc_mrr_at_100_std": -0.042054,
        "nauc_mrr_at_100_diff1": 0.263583,
        "nauc_mrr_at_1000_max": 0.05318,
        "nauc_mrr_at_1000_std": -0.040678,
        "nauc_mrr_at_1000_diff1": 0.263166,
        "main_score": 0.06152,
        "hf_subset": "default",
        "languages": [
          "tur-Latn"
        ]
      }
    ]
  },
  "evaluation_time": 4.689789056777954,
  "kg_co2_emissions": null
}