{
  "dataset_revision": "main",
  "task_name": "CQADupstackGamingRetrievalTR",
  "mteb_version": "1.31.3",
  "scores": {
    "test": [
      {
        "ndcg_at_1": 0.09582,
        "ndcg_at_3": 0.13104,
        "ndcg_at_5": 0.15,
        "ndcg_at_10": 0.16427,
        "ndcg_at_20": 0.1794,
        "ndcg_at_100": 0.20595,
        "ndcg_at_1000": 0.25026,
        "map_at_1": 0.09582,
        "map_at_3": 0.12224,
        "map_at_5": 0.13264,
        "map_at_10": 0.13844,
        "map_at_20": 0.14258,
        "map_at_100": 0.14597,
        "map_at_1000": 0.14729,
        "recall_at_1": 0.09582,
        "recall_at_3": 0.15655,
        "recall_at_5": 0.2031,
        "recall_at_10": 0.24764,
        "recall_at_20": 0.30769,
        "recall_at_100": 0.45479,
        "recall_at_1000": 0.82456,
        "precision_at_1": 0.09582,
        "precision_at_3": 0.05218,
        "precision_at_5": 0.04062,
        "precision_at_10": 0.02476,
        "precision_at_20": 0.01538,
        "precision_at_100": 0.00455,
        "precision_at_1000": 0.00082,
        "mrr_at_1": 0.095816,
        "mrr_at_3": 0.121907,
        "mrr_at_5": 0.132299,
        "mrr_at_10": 0.138107,
        "mrr_at_20": 0.142184,
        "mrr_at_100": 0.1456,
        "mrr_at_1000": 0.146916,
        "nauc_ndcg_at_1_max": 0.073678,
        "nauc_ndcg_at_1_std": -0.138199,
        "nauc_ndcg_at_1_diff1": 0.371807,
        "nauc_ndcg_at_3_max": 0.075153,
        "nauc_ndcg_at_3_std": -0.122284,
        "nauc_ndcg_at_3_diff1": 0.299492,
        "nauc_ndcg_at_5_max": 0.057531,
        "nauc_ndcg_at_5_std": -0.109198,
        "nauc_ndcg_at_5_diff1": 0.281553,
        "nauc_ndcg_at_10_max": 0.055,
        "nauc_ndcg_at_10_std": -0.098978,
        "nauc_ndcg_at_10_diff1": 0.286653,
        "nauc_ndcg_at_20_max": 0.0507,
        "nauc_ndcg_at_20_std": -0.090855,
        "nauc_ndcg_at_20_diff1": 0.285071,
        "nauc_ndcg_at_100_max": 0.046143,
        "nauc_ndcg_at_100_std": -0.086896,
        "nauc_ndcg_at_100_diff1": 0.275603,
        "nauc_ndcg_at_1000_max": 0.042085,
        "nauc_ndcg_at_1000_std": -0.088607,
        "nauc_ndcg_at_1000_diff1": 0.287046,
        "nauc_map_at_1_max": 0.073678,
        "nauc_map_at_1_std": -0.138199,
        "nauc_map_at_1_diff1": 0.371807,
        "nauc_map_at_3_max": 0.076306,
        "nauc_map_at_3_std": -0.12699,
        "nauc_map_at_3_diff1": 0.312963,
        "nauc_map_at_5_max": 0.065627,
        "nauc_map_at_5_std": -0.119022,
        "nauc_map_at_5_diff1": 0.300686,
        "nauc_map_at_10_max": 0.06483,
        "nauc_map_at_10_std": -0.114132,
        "nauc_map_at_10_diff1": 0.303259,
        "nauc_map_at_20_max": 0.06316,
        "nauc_map_at_20_std": -0.111289,
        "nauc_map_at_20_diff1": 0.302305,
        "nauc_map_at_100_max": 0.062186,
        "nauc_map_at_100_std": -0.110846,
        "nauc_map_at_100_diff1": 0.300884,
        "nauc_map_at_1000_max": 0.061947,
        "nauc_map_at_1000_std": -0.110776,
        "nauc_map_at_1000_diff1": 0.301359,
        "nauc_recall_at_1_max": 0.073678,
        "nauc_recall_at_1_std": -0.138199,
        "nauc_recall_at_1_diff1": 0.371807,
        "nauc_recall_at_3_max": 0.071894,
        "nauc_recall_at_3_std": -0.110508,
        "nauc_recall_at_3_diff1": 0.267639,
        "nauc_recall_at_5_max": 0.038368,
        "nauc_recall_at_5_std": -0.086749,
        "nauc_recall_at_5_diff1": 0.240755,
        "nauc_recall_at_10_max": 0.032289,
        "nauc_recall_at_10_std": -0.064847,
        "nauc_recall_at_10_diff1": 0.254025,
        "nauc_recall_at_20_max": 0.023284,
        "nauc_recall_at_20_std": -0.045742,
        "nauc_recall_at_20_diff1": 0.25382,
        "nauc_recall_at_100_max": 0.009611,
        "nauc_recall_at_100_std": -0.030318,
        "nauc_recall_at_100_diff1": 0.218125,
        "nauc_recall_at_1000_max": -0.06931,
        "nauc_recall_at_1000_std": -0.001441,
        "nauc_recall_at_1000_diff1": 0.278048,
        "nauc_precision_at_1_max": 0.073678,
        "nauc_precision_at_1_std": -0.138199,
        "nauc_precision_at_1_diff1": 0.371807,
        "nauc_precision_at_3_max": 0.071894,
        "nauc_precision_at_3_std": -0.110508,
        "nauc_precision_at_3_diff1": 0.267639,
        "nauc_precision_at_5_max": 0.038368,
        "nauc_precision_at_5_std": -0.086749,
        "nauc_precision_at_5_diff1": 0.240755,
        "nauc_precision_at_10_max": 0.032289,
        "nauc_precision_at_10_std": -0.064847,
        "nauc_precision_at_10_diff1": 0.254025,
        "nauc_precision_at_20_max": 0.023284,
        "nauc_precision_at_20_std": -0.045742,
        "nauc_precision_at_20_diff1": 0.25382,
        "nauc_precision_at_100_max": 0.009611,
        "nauc_precision_at_100_std": -0.030318,
        "nauc_precision_at_100_diff1": 0.218125,
        "nauc_precision_at_1000_max": -0.06931,
        "nauc_precision_at_1000_std": -0.001441,
        "nauc_precision_at_1000_diff1": 0.278048,
        "nauc_mrr_at_1_max": 0.073678,
        "nauc_mrr_at_1_std": -0.138199,
        "nauc_mrr_at_1_diff1": 0.371807,
        "nauc_mrr_at_3_max": 0.078159,
        "nauc_mrr_at_3_std": -0.125536,
        "nauc_mrr_at_3_diff1": 0.315281,
        "nauc_mrr_at_5_max": 0.067332,
        "nauc_mrr_at_5_std": -0.117589,
        "nauc_mrr_at_5_diff1": 0.302738,
        "nauc_mrr_at_10_max": 0.066508,
        "nauc_mrr_at_10_std": -0.112714,
        "nauc_mrr_at_10_diff1": 0.305283,
        "nauc_mrr_at_20_max": 0.065081,
        "nauc_mrr_at_20_std": -0.109622,
        "nauc_mrr_at_20_diff1": 0.30454,
        "nauc_mrr_at_100_max": 0.063988,
        "nauc_mrr_at_100_std": -0.109295,
        "nauc_mrr_at_100_diff1": 0.303,
        "nauc_mrr_at_1000_max": 0.063791,
        "nauc_mrr_at_1000_std": -0.109182,
        "nauc_mrr_at_1000_diff1": 0.303518,
        "main_score": 0.16427,
        "hf_subset": "default",
        "languages": [
          "tur-Latn"
        ]
      }
    ]
  },
  "evaluation_time": 1.5012290477752686,
  "kg_co2_emissions": null
}