{
  "dataset_revision": "main",
  "task_name": "FiQA2018TR",
  "mteb_version": "1.31.3",
  "scores": {
    "test": [
      {
        "ndcg_at_1": 0.04475,
        "ndcg_at_3": 0.07056,
        "ndcg_at_5": 0.08059,
        "ndcg_at_10": 0.0955,
        "ndcg_at_20": 0.11207,
        "ndcg_at_100": 0.14318,
        "ndcg_at_1000": 0.19972,
        "map_at_1": 0.04475,
        "map_at_3": 0.06404,
        "map_at_5": 0.06952,
        "map_at_10": 0.07564,
        "map_at_20": 0.08008,
        "map_at_100": 0.08404,
        "map_at_1000": 0.08579,
        "recall_at_1": 0.04475,
        "recall_at_3": 0.08951,
        "recall_at_5": 0.1142,
        "recall_at_10": 0.16049,
        "recall_at_20": 0.22685,
        "recall_at_100": 0.39969,
        "recall_at_1000": 0.86728,
        "precision_at_1": 0.04475,
        "precision_at_3": 0.02984,
        "precision_at_5": 0.02284,
        "precision_at_10": 0.01605,
        "precision_at_20": 0.01134,
        "precision_at_100": 0.004,
        "precision_at_1000": 0.00087,
        "mrr_at_1": 0.044753,
        "mrr_at_3": 0.064043,
        "mrr_at_5": 0.069522,
        "mrr_at_10": 0.075638,
        "mrr_at_20": 0.080082,
        "mrr_at_100": 0.084064,
        "mrr_at_1000": 0.085806,
        "nauc_ndcg_at_1_max": 0.054913,
        "nauc_ndcg_at_1_std": -0.012394,
        "nauc_ndcg_at_1_diff1": 0.200264,
        "nauc_ndcg_at_3_max": 0.028261,
        "nauc_ndcg_at_3_std": -0.001801,
        "nauc_ndcg_at_3_diff1": 0.157928,
        "nauc_ndcg_at_5_max": 0.026957,
        "nauc_ndcg_at_5_std": -0.014267,
        "nauc_ndcg_at_5_diff1": 0.151029,
        "nauc_ndcg_at_10_max": 0.050598,
        "nauc_ndcg_at_10_std": -0.018279,
        "nauc_ndcg_at_10_diff1": 0.128099,
        "nauc_ndcg_at_20_max": 0.050608,
        "nauc_ndcg_at_20_std": -0.019409,
        "nauc_ndcg_at_20_diff1": 0.113891,
        "nauc_ndcg_at_100_max": 0.049117,
        "nauc_ndcg_at_100_std": 0.014615,
        "nauc_ndcg_at_100_diff1": 0.101914,
        "nauc_ndcg_at_1000_max": 0.047567,
        "nauc_ndcg_at_1000_std": 0.028045,
        "nauc_ndcg_at_1000_diff1": 0.104926,
        "nauc_map_at_1_max": 0.054913,
        "nauc_map_at_1_std": -0.012394,
        "nauc_map_at_1_diff1": 0.200264,
        "nauc_map_at_3_max": 0.03581,
        "nauc_map_at_3_std": -0.004599,
        "nauc_map_at_3_diff1": 0.165041,
        "nauc_map_at_5_max": 0.034122,
        "nauc_map_at_5_std": -0.012786,
        "nauc_map_at_5_diff1": 0.160601,
        "nauc_map_at_10_max": 0.047249,
        "nauc_map_at_10_std": -0.015642,
        "nauc_map_at_10_diff1": 0.148179,
        "nauc_map_at_20_max": 0.048041,
        "nauc_map_at_20_std": -0.016676,
        "nauc_map_at_20_diff1": 0.142044,
        "nauc_map_at_100_max": 0.04823,
        "nauc_map_at_100_std": -0.009354,
        "nauc_map_at_100_diff1": 0.138409,
        "nauc_map_at_1000_max": 0.047942,
        "nauc_map_at_1000_std": -0.008754,
        "nauc_map_at_1000_diff1": 0.138717,
        "nauc_recall_at_1_max": 0.054913,
        "nauc_recall_at_1_std": -0.012394,
        "nauc_recall_at_1_diff1": 0.200264,
        "nauc_recall_at_3_max": 0.011768,
        "nauc_recall_at_3_std": 0.004277,
        "nauc_recall_at_3_diff1": 0.143247,
        "nauc_recall_at_5_max": 0.013432,
        "nauc_recall_at_5_std": -0.017499,
        "nauc_recall_at_5_diff1": 0.132768,
        "nauc_recall_at_10_max": 0.058308,
        "nauc_recall_at_10_std": -0.022735,
        "nauc_recall_at_10_diff1": 0.092879,
        "nauc_recall_at_20_max": 0.054612,
        "nauc_recall_at_20_std": -0.02259,
        "nauc_recall_at_20_diff1": 0.070018,
        "nauc_recall_at_100_max": 0.04845,
        "nauc_recall_at_100_std": 0.064954,
        "nauc_recall_at_100_diff1": 0.049956,
        "nauc_recall_at_1000_max": 0.048321,
        "nauc_recall_at_1000_std": 0.277984,
        "nauc_recall_at_1000_diff1": -0.01215,
        "nauc_precision_at_1_max": 0.054913,
        "nauc_precision_at_1_std": -0.012394,
        "nauc_precision_at_1_diff1": 0.200264,
        "nauc_precision_at_3_max": 0.011768,
        "nauc_precision_at_3_std": 0.004277,
        "nauc_precision_at_3_diff1": 0.143247,
        "nauc_precision_at_5_max": 0.013432,
        "nauc_precision_at_5_std": -0.017499,
        "nauc_precision_at_5_diff1": 0.132768,
        "nauc_precision_at_10_max": 0.058308,
        "nauc_precision_at_10_std": -0.022735,
        "nauc_precision_at_10_diff1": 0.092879,
        "nauc_precision_at_20_max": 0.054612,
        "nauc_precision_at_20_std": -0.02259,
        "nauc_precision_at_20_diff1": 0.070018,
        "nauc_precision_at_100_max": 0.04845,
        "nauc_precision_at_100_std": 0.064954,
        "nauc_precision_at_100_diff1": 0.049956,
        "nauc_precision_at_1000_max": 0.048321,
        "nauc_precision_at_1000_std": 0.277984,
        "nauc_precision_at_1000_diff1": -0.01215,
        "nauc_mrr_at_1_max": 0.054913,
        "nauc_mrr_at_1_std": -0.012394,
        "nauc_mrr_at_1_diff1": 0.200264,
        "nauc_mrr_at_3_max": 0.03581,
        "nauc_mrr_at_3_std": -0.004599,
        "nauc_mrr_at_3_diff1": 0.165041,
        "nauc_mrr_at_5_max": 0.034122,
        "nauc_mrr_at_5_std": -0.012786,
        "nauc_mrr_at_5_diff1": 0.160601,
        "nauc_mrr_at_10_max": 0.047249,
        "nauc_mrr_at_10_std": -0.015642,
        "nauc_mrr_at_10_diff1": 0.148179,
        "nauc_mrr_at_20_max": 0.048041,
        "nauc_mrr_at_20_std": -0.016676,
        "nauc_mrr_at_20_diff1": 0.142044,
        "nauc_mrr_at_100_max": 0.048077,
        "nauc_mrr_at_100_std": -0.009508,
        "nauc_mrr_at_100_diff1": 0.138256,
        "nauc_mrr_at_1000_max": 0.047855,
        "nauc_mrr_at_1000_std": -0.008842,
        "nauc_mrr_at_1000_diff1": 0.138631,
        "main_score": 0.0955,
        "hf_subset": "default",
        "languages": [
          "tur-Latn"
        ]
      }
    ]
  },
  "evaluation_time": 0.739952802658081,
  "kg_co2_emissions": null
}