{
  "dataset_revision": "main",
  "task_name": "MSMarcoTRRetrieval",
  "mteb_version": "1.31.3",
  "scores": {
    "test": [
      {
        "ndcg_at_1": 0.13741,
        "ndcg_at_3": 0.17692,
        "ndcg_at_5": 0.19026,
        "ndcg_at_10": 0.20474,
        "ndcg_at_20": 0.21724,
        "ndcg_at_100": 0.2365,
        "ndcg_at_1000": 0.25508,
        "map_at_1": 0.13741,
        "map_at_3": 0.1674,
        "map_at_5": 0.17471,
        "map_at_10": 0.18064,
        "map_at_20": 0.18402,
        "map_at_100": 0.18666,
        "map_at_1000": 0.18726,
        "recall_at_1": 0.13741,
        "recall_at_3": 0.2044,
        "recall_at_5": 0.23716,
        "recall_at_10": 0.28215,
        "recall_at_20": 0.33203,
        "recall_at_100": 0.43619,
        "recall_at_1000": 0.58875,
        "precision_at_1": 0.13741,
        "precision_at_3": 0.06813,
        "precision_at_5": 0.04743,
        "precision_at_10": 0.02822,
        "precision_at_20": 0.0166,
        "precision_at_100": 0.00436,
        "precision_at_1000": 0.00059,
        "mrr_at_1": 0.137408,
        "mrr_at_3": 0.1674,
        "mrr_at_5": 0.174711,
        "mrr_at_10": 0.180641,
        "mrr_at_20": 0.184013,
        "mrr_at_100": 0.186672,
        "mrr_at_1000": 0.187274,
        "nauc_ndcg_at_1_max": 0.245123,
        "nauc_ndcg_at_1_std": 0.133556,
        "nauc_ndcg_at_1_diff1": 0.506137,
        "nauc_ndcg_at_3_max": 0.229152,
        "nauc_ndcg_at_3_std": 0.143841,
        "nauc_ndcg_at_3_diff1": 0.408107,
        "nauc_ndcg_at_5_max": 0.220391,
        "nauc_ndcg_at_5_std": 0.149453,
        "nauc_ndcg_at_5_diff1": 0.395541,
        "nauc_ndcg_at_10_max": 0.209346,
        "nauc_ndcg_at_10_std": 0.158106,
        "nauc_ndcg_at_10_diff1": 0.385264,
        "nauc_ndcg_at_20_max": 0.206682,
        "nauc_ndcg_at_20_std": 0.168288,
        "nauc_ndcg_at_20_diff1": 0.38135,
        "nauc_ndcg_at_100_max": 0.201872,
        "nauc_ndcg_at_100_std": 0.169658,
        "nauc_ndcg_at_100_diff1": 0.375119,
        "nauc_ndcg_at_1000_max": 0.19103,
        "nauc_ndcg_at_1000_std": 0.155457,
        "nauc_ndcg_at_1000_diff1": 0.363198,
        "nauc_map_at_1_max": 0.245123,
        "nauc_map_at_1_std": 0.133556,
        "nauc_map_at_1_diff1": 0.506137,
        "nauc_map_at_3_max": 0.233041,
        "nauc_map_at_3_std": 0.141936,
        "nauc_map_at_3_diff1": 0.427399,
        "nauc_map_at_5_max": 0.227965,
        "nauc_map_at_5_std": 0.145526,
        "nauc_map_at_5_diff1": 0.419671,
        "nauc_map_at_10_max": 0.223324,
        "nauc_map_at_10_std": 0.149335,
        "nauc_map_at_10_diff1": 0.414769,
        "nauc_map_at_20_max": 0.222032,
        "nauc_map_at_20_std": 0.152255,
        "nauc_map_at_20_diff1": 0.41324,
        "nauc_map_at_100_max": 0.221291,
        "nauc_map_at_100_std": 0.15299,
        "nauc_map_at_100_diff1": 0.412144,
        "nauc_map_at_1000_max": 0.22096,
        "nauc_map_at_1000_std": 0.152668,
        "nauc_map_at_1000_diff1": 0.411881,
        "nauc_recall_at_1_max": 0.245123,
        "nauc_recall_at_1_std": 0.133556,
        "nauc_recall_at_1_diff1": 0.506137,
        "nauc_recall_at_3_max": 0.219307,
        "nauc_recall_at_3_std": 0.14848,
        "nauc_recall_at_3_diff1": 0.360658,
        "nauc_recall_at_5_max": 0.201067,
        "nauc_recall_at_5_std": 0.159079,
        "nauc_recall_at_5_diff1": 0.337248,
        "nauc_recall_at_10_max": 0.172931,
        "nauc_recall_at_10_std": 0.18076,
        "nauc_recall_at_10_diff1": 0.315603,
        "nauc_recall_at_20_max": 0.168509,
        "nauc_recall_at_20_std": 0.212801,
        "nauc_recall_at_20_diff1": 0.307528,
        "nauc_recall_at_100_max": 0.148901,
        "nauc_recall_at_100_std": 0.212838,
        "nauc_recall_at_100_diff1": 0.283994,
        "nauc_recall_at_1000_max": 0.062481,
        "nauc_recall_at_1000_std": 0.108193,
        "nauc_recall_at_1000_diff1": 0.18109,
        "nauc_precision_at_1_max": 0.245123,
        "nauc_precision_at_1_std": 0.133556,
        "nauc_precision_at_1_diff1": 0.506137,
        "nauc_precision_at_3_max": 0.219307,
        "nauc_precision_at_3_std": 0.14848,
        "nauc_precision_at_3_diff1": 0.360658,
        "nauc_precision_at_5_max": 0.201067,
        "nauc_precision_at_5_std": 0.159079,
        "nauc_precision_at_5_diff1": 0.337248,
        "nauc_precision_at_10_max": 0.172931,
        "nauc_precision_at_10_std": 0.18076,
        "nauc_precision_at_10_diff1": 0.315603,
        "nauc_precision_at_20_max": 0.168509,
        "nauc_precision_at_20_std": 0.212801,
        "nauc_precision_at_20_diff1": 0.307528,
        "nauc_precision_at_100_max": 0.148901,
        "nauc_precision_at_100_std": 0.212838,
        "nauc_precision_at_100_diff1": 0.283994,
        "nauc_precision_at_1000_max": 0.062481,
        "nauc_precision_at_1000_std": 0.108193,
        "nauc_precision_at_1000_diff1": 0.18109,
        "nauc_mrr_at_1_max": 0.245123,
        "nauc_mrr_at_1_std": 0.133556,
        "nauc_mrr_at_1_diff1": 0.506137,
        "nauc_mrr_at_3_max": 0.233041,
        "nauc_mrr_at_3_std": 0.141936,
        "nauc_mrr_at_3_diff1": 0.427399,
        "nauc_mrr_at_5_max": 0.227965,
        "nauc_mrr_at_5_std": 0.145526,
        "nauc_mrr_at_5_diff1": 0.419671,
        "nauc_mrr_at_10_max": 0.223324,
        "nauc_mrr_at_10_std": 0.149335,
        "nauc_mrr_at_10_diff1": 0.414769,
        "nauc_mrr_at_20_max": 0.222068,
        "nauc_mrr_at_20_std": 0.15229,
        "nauc_mrr_at_20_diff1": 0.413276,
        "nauc_mrr_at_100_max": 0.221245,
        "nauc_mrr_at_100_std": 0.152944,
        "nauc_mrr_at_100_diff1": 0.412101,
        "nauc_mrr_at_1000_max": 0.220898,
        "nauc_mrr_at_1000_std": 0.152604,
        "nauc_mrr_at_1000_diff1": 0.411822,
        "main_score": 0.20474,
        "hf_subset": "default",
        "languages": [
          "tur-Latn"
        ]
      }
    ]
  },
  "evaluation_time": 1.8437891006469727,
  "kg_co2_emissions": null
}