{
  "dataset_revision": "main",
  "task_name": "MSMarcoTRRetrieval",
  "mteb_version": "1.31.3",
  "scores": {
    "test": [
      {
        "ndcg_at_1": 0.13395,
        "ndcg_at_3": 0.17086,
        "ndcg_at_5": 0.18302,
        "ndcg_at_10": 0.1975,
        "ndcg_at_20": 0.20905,
        "ndcg_at_100": 0.22552,
        "ndcg_at_1000": 0.24541,
        "map_at_1": 0.13395,
        "map_at_3": 0.1616,
        "map_at_5": 0.16837,
        "map_at_10": 0.17436,
        "map_at_20": 0.17754,
        "map_at_100": 0.17975,
        "map_at_1000": 0.18036,
        "recall_at_1": 0.13395,
        "recall_at_3": 0.19774,
        "recall_at_5": 0.22718,
        "recall_at_10": 0.27184,
        "recall_at_20": 0.31747,
        "recall_at_100": 0.40726,
        "recall_at_1000": 0.57262,
        "precision_at_1": 0.13395,
        "precision_at_3": 0.06591,
        "precision_at_5": 0.04544,
        "precision_at_10": 0.02718,
        "precision_at_20": 0.01587,
        "precision_at_100": 0.00407,
        "precision_at_1000": 0.00057,
        "mrr_at_1": 0.133955,
        "mrr_at_3": 0.161596,
        "mrr_at_5": 0.168368,
        "mrr_at_10": 0.17442,
        "mrr_at_20": 0.1776,
        "mrr_at_100": 0.179812,
        "mrr_at_1000": 0.180418,
        "nauc_ndcg_at_1_max": 0.246855,
        "nauc_ndcg_at_1_std": 0.171301,
        "nauc_ndcg_at_1_diff1": 0.506968,
        "nauc_ndcg_at_3_max": 0.232836,
        "nauc_ndcg_at_3_std": 0.192008,
        "nauc_ndcg_at_3_diff1": 0.421963,
        "nauc_ndcg_at_5_max": 0.22661,
        "nauc_ndcg_at_5_std": 0.191864,
        "nauc_ndcg_at_5_diff1": 0.406887,
        "nauc_ndcg_at_10_max": 0.220354,
        "nauc_ndcg_at_10_std": 0.199082,
        "nauc_ndcg_at_10_diff1": 0.379818,
        "nauc_ndcg_at_20_max": 0.215338,
        "nauc_ndcg_at_20_std": 0.196853,
        "nauc_ndcg_at_20_diff1": 0.369839,
        "nauc_ndcg_at_100_max": 0.213294,
        "nauc_ndcg_at_100_std": 0.199947,
        "nauc_ndcg_at_100_diff1": 0.358031,
        "nauc_ndcg_at_1000_max": 0.206934,
        "nauc_ndcg_at_1000_std": 0.185035,
        "nauc_ndcg_at_1000_diff1": 0.34768,
        "nauc_map_at_1_max": 0.246855,
        "nauc_map_at_1_std": 0.171301,
        "nauc_map_at_1_diff1": 0.506968,
        "nauc_map_at_3_max": 0.236755,
        "nauc_map_at_3_std": 0.188479,
        "nauc_map_at_3_diff1": 0.439893,
        "nauc_map_at_5_max": 0.233094,
        "nauc_map_at_5_std": 0.188477,
        "nauc_map_at_5_diff1": 0.430515,
        "nauc_map_at_10_max": 0.230113,
        "nauc_map_at_10_std": 0.191804,
        "nauc_map_at_10_diff1": 0.41805,
        "nauc_map_at_20_max": 0.228527,
        "nauc_map_at_20_std": 0.191127,
        "nauc_map_at_20_diff1": 0.414862,
        "nauc_map_at_100_max": 0.228192,
        "nauc_map_at_100_std": 0.191798,
        "nauc_map_at_100_diff1": 0.413128,
        "nauc_map_at_1000_max": 0.228108,
        "nauc_map_at_1000_std": 0.191571,
        "nauc_map_at_1000_diff1": 0.412895,
        "nauc_recall_at_1_max": 0.246855,
        "nauc_recall_at_1_std": 0.171301,
        "nauc_recall_at_1_diff1": 0.506968,
        "nauc_recall_at_3_max": 0.222826,
        "nauc_recall_at_3_std": 0.200426,
        "nauc_recall_at_3_diff1": 0.377707,
        "nauc_recall_at_5_max": 0.21018,
        "nauc_recall_at_5_std": 0.199547,
        "nauc_recall_at_5_diff1": 0.349531,
        "nauc_recall_at_10_max": 0.196021,
        "nauc_recall_at_10_std": 0.216982,
        "nauc_recall_at_10_diff1": 0.285707,
        "nauc_recall_at_20_max": 0.181774,
        "nauc_recall_at_20_std": 0.209356,
        "nauc_recall_at_20_diff1": 0.259484,
        "nauc_recall_at_100_max": 0.174403,
        "nauc_recall_at_100_std": 0.219354,
        "nauc_recall_at_100_diff1": 0.213425,
        "nauc_recall_at_1000_max": 0.119906,
        "nauc_recall_at_1000_std": 0.104639,
        "nauc_recall_at_1000_diff1": 0.119611,
        "nauc_precision_at_1_max": 0.246855,
        "nauc_precision_at_1_std": 0.171301,
        "nauc_precision_at_1_diff1": 0.506968,
        "nauc_precision_at_3_max": 0.222826,
        "nauc_precision_at_3_std": 0.200426,
        "nauc_precision_at_3_diff1": 0.377707,
        "nauc_precision_at_5_max": 0.21018,
        "nauc_precision_at_5_std": 0.199547,
        "nauc_precision_at_5_diff1": 0.349531,
        "nauc_precision_at_10_max": 0.196021,
        "nauc_precision_at_10_std": 0.216982,
        "nauc_precision_at_10_diff1": 0.285707,
        "nauc_precision_at_20_max": 0.181774,
        "nauc_precision_at_20_std": 0.209356,
        "nauc_precision_at_20_diff1": 0.259484,
        "nauc_precision_at_100_max": 0.174403,
        "nauc_precision_at_100_std": 0.219354,
        "nauc_precision_at_100_diff1": 0.213425,
        "nauc_precision_at_1000_max": 0.119906,
        "nauc_precision_at_1000_std": 0.104639,
        "nauc_precision_at_1000_diff1": 0.119611,
        "nauc_mrr_at_1_max": 0.246855,
        "nauc_mrr_at_1_std": 0.171301,
        "nauc_mrr_at_1_diff1": 0.506968,
        "nauc_mrr_at_3_max": 0.236755,
        "nauc_mrr_at_3_std": 0.188479,
        "nauc_mrr_at_3_diff1": 0.439893,
        "nauc_mrr_at_5_max": 0.233094,
        "nauc_mrr_at_5_std": 0.188477,
        "nauc_mrr_at_5_diff1": 0.430515,
        "nauc_mrr_at_10_max": 0.229863,
        "nauc_mrr_at_10_std": 0.191559,
        "nauc_mrr_at_10_diff1": 0.417777,
        "nauc_mrr_at_20_max": 0.228283,
        "nauc_mrr_at_20_std": 0.190886,
        "nauc_mrr_at_20_diff1": 0.414603,
        "nauc_mrr_at_100_max": 0.227947,
        "nauc_mrr_at_100_std": 0.191564,
        "nauc_mrr_at_100_diff1": 0.412874,
        "nauc_mrr_at_1000_max": 0.227856,
        "nauc_mrr_at_1000_std": 0.191329,
        "nauc_mrr_at_1000_diff1": 0.412634,
        "main_score": 0.1975,
        "hf_subset": "default",
        "languages": [
          "tur-Latn"
        ]
      }
    ]
  },
  "evaluation_time": 1.9858489036560059,
  "kg_co2_emissions": null
}