{
  "dataset_revision": "main",
  "task_name": "NFCorpusTR",
  "mteb_version": "1.31.3",
  "scores": {
    "test": [
      {
        "ndcg_at_1": 0.00394,
        "ndcg_at_3": 0.0089,
        "ndcg_at_5": 0.0089,
        "ndcg_at_10": 0.01136,
        "ndcg_at_20": 0.02325,
        "ndcg_at_100": 0.04469,
        "ndcg_at_1000": 0.11826,
        "map_at_1": 0.00394,
        "map_at_3": 0.00787,
        "map_at_5": 0.00787,
        "map_at_10": 0.00883,
        "map_at_20": 0.01206,
        "map_at_100": 0.01486,
        "map_at_1000": 0.0167,
        "recall_at_1": 0.00394,
        "recall_at_3": 0.01181,
        "recall_at_5": 0.01181,
        "recall_at_10": 0.01969,
        "recall_at_20": 0.06693,
        "recall_at_100": 0.18504,
        "recall_at_1000": 0.8189,
        "precision_at_1": 0.00394,
        "precision_at_3": 0.00394,
        "precision_at_5": 0.00236,
        "precision_at_10": 0.00197,
        "precision_at_20": 0.00335,
        "precision_at_100": 0.00185,
        "precision_at_1000": 0.00082,
        "mrr_at_1": 0.003937,
        "mrr_at_3": 0.009843,
        "mrr_at_5": 0.009843,
        "mrr_at_10": 0.010799,
        "mrr_at_20": 0.013746,
        "mrr_at_100": 0.015952,
        "mrr_at_1000": 0.017729,
        "nauc_ndcg_at_1_max": 0.322583,
        "nauc_ndcg_at_1_std": 0.322583,
        "nauc_ndcg_at_1_diff1": 0.657938,
        "nauc_ndcg_at_3_max": 0.213037,
        "nauc_ndcg_at_3_std": 0.605089,
        "nauc_ndcg_at_3_diff1": 0.454847,
        "nauc_ndcg_at_5_max": 0.213037,
        "nauc_ndcg_at_5_std": 0.605089,
        "nauc_ndcg_at_5_diff1": 0.454847,
        "nauc_ndcg_at_10_max": 0.153172,
        "nauc_ndcg_at_10_std": 0.582883,
        "nauc_ndcg_at_10_diff1": 0.398965,
        "nauc_ndcg_at_20_max": 0.18565,
        "nauc_ndcg_at_20_std": 0.429319,
        "nauc_ndcg_at_20_diff1": 0.448105,
        "nauc_ndcg_at_100_max": 0.123586,
        "nauc_ndcg_at_100_std": 0.297189,
        "nauc_ndcg_at_100_diff1": 0.324381,
        "nauc_ndcg_at_1000_max": 0.146235,
        "nauc_ndcg_at_1000_std": 0.281476,
        "nauc_ndcg_at_1000_diff1": 0.261395,
        "nauc_map_at_1_max": 0.322583,
        "nauc_map_at_1_std": 0.322583,
        "nauc_map_at_1_diff1": 0.657938,
        "nauc_map_at_3_max": 0.224404,
        "nauc_map_at_3_std": 0.575776,
        "nauc_map_at_3_diff1": 0.47592,
        "nauc_map_at_5_max": 0.224404,
        "nauc_map_at_5_std": 0.575776,
        "nauc_map_at_5_diff1": 0.47592,
        "nauc_map_at_10_max": 0.191409,
        "nauc_map_at_10_std": 0.569721,
        "nauc_map_at_10_diff1": 0.440677,
        "nauc_map_at_20_max": 0.194541,
        "nauc_map_at_20_std": 0.496769,
        "nauc_map_at_20_diff1": 0.459046,
        "nauc_map_at_100_max": 0.172598,
        "nauc_map_at_100_std": 0.429489,
        "nauc_map_at_100_diff1": 0.403535,
        "nauc_map_at_1000_max": 0.173224,
        "nauc_map_at_1000_std": 0.426695,
        "nauc_map_at_1000_diff1": 0.39492,
        "nauc_recall_at_1_max": 0.322583,
        "nauc_recall_at_1_std": 0.322583,
        "nauc_recall_at_1_diff1": 0.657938,
        "nauc_recall_at_3_max": 0.191677,
        "nauc_recall_at_3_std": 0.660174,
        "nauc_recall_at_3_diff1": 0.415247,
        "nauc_recall_at_5_max": 0.191677,
        "nauc_recall_at_5_std": 0.660174,
        "nauc_recall_at_5_diff1": 0.415247,
        "nauc_recall_at_10_max": 0.093554,
        "nauc_recall_at_10_std": 0.592209,
        "nauc_recall_at_10_diff1": 0.339775,
        "nauc_recall_at_20_max": 0.18526,
        "nauc_recall_at_20_std": 0.368969,
        "nauc_recall_at_20_diff1": 0.444848,
        "nauc_recall_at_100_max": 0.095493,
        "nauc_recall_at_100_std": 0.229301,
        "nauc_recall_at_100_diff1": 0.284384,
        "nauc_recall_at_1000_max": 0.153498,
        "nauc_recall_at_1000_std": 0.154287,
        "nauc_recall_at_1000_diff1": 0.109728,
        "nauc_precision_at_1_max": 0.322583,
        "nauc_precision_at_1_std": 0.322583,
        "nauc_precision_at_1_diff1": 0.657938,
        "nauc_precision_at_3_max": 0.191677,
        "nauc_precision_at_3_std": 0.660174,
        "nauc_precision_at_3_diff1": 0.415247,
        "nauc_precision_at_5_max": 0.191677,
        "nauc_precision_at_5_std": 0.660174,
        "nauc_precision_at_5_diff1": 0.415247,
        "nauc_precision_at_10_max": 0.093554,
        "nauc_precision_at_10_std": 0.592209,
        "nauc_precision_at_10_diff1": 0.339775,
        "nauc_precision_at_20_max": 0.18526,
        "nauc_precision_at_20_std": 0.368969,
        "nauc_precision_at_20_diff1": 0.444848,
        "nauc_precision_at_100_max": 0.095493,
        "nauc_precision_at_100_std": 0.229301,
        "nauc_precision_at_100_diff1": 0.284384,
        "nauc_precision_at_1000_max": 0.153498,
        "nauc_precision_at_1000_std": 0.154287,
        "nauc_precision_at_1000_diff1": 0.109728,
        "nauc_mrr_at_1_max": 0.322583,
        "nauc_mrr_at_1_std": 0.322583,
        "nauc_mrr_at_1_diff1": 0.657938,
        "nauc_mrr_at_3_max": 0.079991,
        "nauc_mrr_at_3_std": 0.377939,
        "nauc_mrr_at_3_diff1": 0.281204,
        "nauc_mrr_at_5_max": 0.079991,
        "nauc_mrr_at_5_std": 0.377939,
        "nauc_mrr_at_5_diff1": 0.281204,
        "nauc_mrr_at_10_max": 0.065798,
        "nauc_mrr_at_10_std": 0.390504,
        "nauc_mrr_at_10_diff1": 0.269626,
        "nauc_mrr_at_20_max": 0.1025,
        "nauc_mrr_at_20_std": 0.383803,
        "nauc_mrr_at_20_diff1": 0.338243,
        "nauc_mrr_at_100_max": 0.112061,
        "nauc_mrr_at_100_std": 0.362034,
        "nauc_mrr_at_100_diff1": 0.329169,
        "nauc_mrr_at_1000_max": 0.115682,
        "nauc_mrr_at_1000_std": 0.360422,
        "nauc_mrr_at_1000_diff1": 0.322607,
        "main_score": 0.01136,
        "hf_subset": "default",
        "languages": [
          "tur-Latn"
        ]
      }
    ]
  },
  "evaluation_time": 0.40436887741088867,
  "kg_co2_emissions": null
}