{
  "dataset_revision": "main",
  "task_name": "QuoraRetrievalTR",
  "mteb_version": "1.31.3",
  "scores": {
    "test": [
      {
        "ndcg_at_1": 0.48244,
        "ndcg_at_3": 0.53673,
        "ndcg_at_5": 0.55208,
        "ndcg_at_10": 0.56742,
        "ndcg_at_20": 0.57869,
        "ndcg_at_100": 0.59717,
        "ndcg_at_1000": 0.61361,
        "map_at_1": 0.48244,
        "map_at_3": 0.5236,
        "map_at_5": 0.53211,
        "map_at_10": 0.53847,
        "map_at_20": 0.54165,
        "map_at_100": 0.54402,
        "map_at_1000": 0.54458,
        "recall_at_1": 0.48244,
        "recall_at_3": 0.57464,
        "recall_at_5": 0.61196,
        "recall_at_10": 0.65917,
        "recall_at_20": 0.70307,
        "recall_at_100": 0.80571,
        "recall_at_1000": 0.93798,
        "precision_at_1": 0.48244,
        "precision_at_3": 0.19155,
        "precision_at_5": 0.12239,
        "precision_at_10": 0.06592,
        "precision_at_20": 0.03515,
        "precision_at_100": 0.00806,
        "precision_at_1000": 0.00094,
        "mrr_at_1": 0.481888,
        "mrr_at_3": 0.524058,
        "mrr_at_5": 0.531824,
        "mrr_at_10": 0.538322,
        "mrr_at_20": 0.541291,
        "mrr_at_100": 0.543724,
        "mrr_at_1000": 0.544294,
        "nauc_ndcg_at_1_max": 0.270499,
        "nauc_ndcg_at_1_std": -0.184297,
        "nauc_ndcg_at_1_diff1": 0.751598,
        "nauc_ndcg_at_3_max": 0.265977,
        "nauc_ndcg_at_3_std": -0.201776,
        "nauc_ndcg_at_3_diff1": 0.715419,
        "nauc_ndcg_at_5_max": 0.26439,
        "nauc_ndcg_at_5_std": -0.198373,
        "nauc_ndcg_at_5_diff1": 0.708334,
        "nauc_ndcg_at_10_max": 0.26104,
        "nauc_ndcg_at_10_std": -0.198104,
        "nauc_ndcg_at_10_diff1": 0.698625,
        "nauc_ndcg_at_20_max": 0.262484,
        "nauc_ndcg_at_20_std": -0.196494,
        "nauc_ndcg_at_20_diff1": 0.696248,
        "nauc_ndcg_at_100_max": 0.264628,
        "nauc_ndcg_at_100_std": -0.183574,
        "nauc_ndcg_at_100_diff1": 0.699108,
        "nauc_ndcg_at_1000_max": 0.262998,
        "nauc_ndcg_at_1000_std": -0.185658,
        "nauc_ndcg_at_1000_diff1": 0.70319,
        "nauc_map_at_1_max": 0.270499,
        "nauc_map_at_1_std": -0.184297,
        "nauc_map_at_1_diff1": 0.751598,
        "nauc_map_at_3_max": 0.267433,
        "nauc_map_at_3_std": -0.197265,
        "nauc_map_at_3_diff1": 0.724278,
        "nauc_map_at_5_max": 0.266585,
        "nauc_map_at_5_std": -0.195283,
        "nauc_map_at_5_diff1": 0.7205,
        "nauc_map_at_10_max": 0.265376,
        "nauc_map_at_10_std": -0.195001,
        "nauc_map_at_10_diff1": 0.716594,
        "nauc_map_at_20_max": 0.265786,
        "nauc_map_at_20_std": -0.194528,
        "nauc_map_at_20_diff1": 0.716058,
        "nauc_map_at_100_max": 0.265965,
        "nauc_map_at_100_std": -0.193215,
        "nauc_map_at_100_diff1": 0.71649,
        "nauc_map_at_1000_max": 0.265965,
        "nauc_map_at_1000_std": -0.193167,
        "nauc_map_at_1000_diff1": 0.7166,
        "nauc_recall_at_1_max": 0.270499,
        "nauc_recall_at_1_std": -0.184297,
        "nauc_recall_at_1_diff1": 0.751598,
        "nauc_recall_at_3_max": 0.261423,
        "nauc_recall_at_3_std": -0.215503,
        "nauc_recall_at_3_diff1": 0.688657,
        "nauc_recall_at_5_max": 0.257076,
        "nauc_recall_at_5_std": -0.20776,
        "nauc_recall_at_5_diff1": 0.66899,
        "nauc_recall_at_10_max": 0.243902,
        "nauc_recall_at_10_std": -0.208636,
        "nauc_recall_at_10_diff1": 0.632262,
        "nauc_recall_at_20_max": 0.249163,
        "nauc_recall_at_20_std": -0.202189,
        "nauc_recall_at_20_diff1": 0.614477,
        "nauc_recall_at_100_max": 0.265124,
        "nauc_recall_at_100_std": -0.081044,
        "nauc_recall_at_100_diff1": 0.607145,
        "nauc_recall_at_1000_max": 0.193133,
        "nauc_recall_at_1000_std": 0.000116,
        "nauc_recall_at_1000_diff1": 0.593207,
        "nauc_precision_at_1_max": 0.270499,
        "nauc_precision_at_1_std": -0.184297,
        "nauc_precision_at_1_diff1": 0.751598,
        "nauc_precision_at_3_max": 0.261423,
        "nauc_precision_at_3_std": -0.215503,
        "nauc_precision_at_3_diff1": 0.688657,
        "nauc_precision_at_5_max": 0.257076,
        "nauc_precision_at_5_std": -0.20776,
        "nauc_precision_at_5_diff1": 0.66899,
        "nauc_precision_at_10_max": 0.243902,
        "nauc_precision_at_10_std": -0.208636,
        "nauc_precision_at_10_diff1": 0.632262,
        "nauc_precision_at_20_max": 0.249163,
        "nauc_precision_at_20_std": -0.202189,
        "nauc_precision_at_20_diff1": 0.614477,
        "nauc_precision_at_100_max": 0.265124,
        "nauc_precision_at_100_std": -0.081044,
        "nauc_precision_at_100_diff1": 0.607145,
        "nauc_precision_at_1000_max": 0.193133,
        "nauc_precision_at_1000_std": 0.000116,
        "nauc_precision_at_1000_diff1": 0.593207,
        "nauc_mrr_at_1_max": 0.282327,
        "nauc_mrr_at_1_std": -0.178608,
        "nauc_mrr_at_1_diff1": 0.753215,
        "nauc_mrr_at_3_max": 0.27809,
        "nauc_mrr_at_3_std": -0.190461,
        "nauc_mrr_at_3_diff1": 0.725083,
        "nauc_mrr_at_5_max": 0.274343,
        "nauc_mrr_at_5_std": -0.190802,
        "nauc_mrr_at_5_diff1": 0.721237,
        "nauc_mrr_at_10_max": 0.274043,
        "nauc_mrr_at_10_std": -0.190201,
        "nauc_mrr_at_10_diff1": 0.717084,
        "nauc_mrr_at_20_max": 0.273562,
        "nauc_mrr_at_20_std": -0.190422,
        "nauc_mrr_at_20_diff1": 0.716805,
        "nauc_mrr_at_100_max": 0.274338,
        "nauc_mrr_at_100_std": -0.188763,
        "nauc_mrr_at_100_diff1": 0.717171,
        "nauc_mrr_at_1000_max": 0.274349,
        "nauc_mrr_at_1000_std": -0.188713,
        "nauc_mrr_at_1000_diff1": 0.717285,
        "main_score": 0.56742,
        "hf_subset": "default",
        "languages": [
          "tur-Latn"
        ]
      }
    ]
  },
  "evaluation_time": 1.6452419757843018,
  "kg_co2_emissions": null
}