{
  "dataset_revision": "main",
  "task_name": "QuoraRetrievalTR",
  "mteb_version": "1.31.3",
  "scores": {
    "test": [
      {
        "ndcg_at_1": 0.2357,
        "ndcg_at_3": 0.26293,
        "ndcg_at_5": 0.27626,
        "ndcg_at_10": 0.29112,
        "ndcg_at_20": 0.3031,
        "ndcg_at_100": 0.32479,
        "ndcg_at_1000": 0.3431,
        "map_at_1": 0.20369,
        "map_at_3": 0.24192,
        "map_at_5": 0.25094,
        "map_at_10": 0.25803,
        "map_at_20": 0.26175,
        "map_at_100": 0.26505,
        "map_at_1000": 0.26576,
        "recall_at_1": 0.20369,
        "recall_at_3": 0.28232,
        "recall_at_5": 0.31704,
        "recall_at_10": 0.3616,
        "recall_at_20": 0.40615,
        "recall_at_100": 0.51408,
        "recall_at_1000": 0.64807,
        "precision_at_1": 0.2357,
        "precision_at_3": 0.11493,
        "precision_at_5": 0.07922,
        "precision_at_10": 0.04672,
        "precision_at_20": 0.02688,
        "precision_at_100": 0.00714,
        "precision_at_1000": 0.00094,
        "mrr_at_1": 0.2364,
        "mrr_at_3": 0.273533,
        "mrr_at_5": 0.281963,
        "mrr_at_10": 0.288426,
        "mrr_at_20": 0.291654,
        "mrr_at_100": 0.294347,
        "mrr_at_1000": 0.294864,
        "nauc_ndcg_at_1_max": 0.091715,
        "nauc_ndcg_at_1_std": -0.040955,
        "nauc_ndcg_at_1_diff1": 0.601004,
        "nauc_ndcg_at_3_max": 0.075206,
        "nauc_ndcg_at_3_std": -0.036503,
        "nauc_ndcg_at_3_diff1": 0.537499,
        "nauc_ndcg_at_5_max": 0.073627,
        "nauc_ndcg_at_5_std": -0.028156,
        "nauc_ndcg_at_5_diff1": 0.525908,
        "nauc_ndcg_at_10_max": 0.071321,
        "nauc_ndcg_at_10_std": -0.01634,
        "nauc_ndcg_at_10_diff1": 0.515335,
        "nauc_ndcg_at_20_max": 0.070653,
        "nauc_ndcg_at_20_std": -0.006105,
        "nauc_ndcg_at_20_diff1": 0.509448,
        "nauc_ndcg_at_100_max": 0.070516,
        "nauc_ndcg_at_100_std": 0.015769,
        "nauc_ndcg_at_100_diff1": 0.501925,
        "nauc_ndcg_at_1000_max": 0.0704,
        "nauc_ndcg_at_1000_std": 0.029615,
        "nauc_ndcg_at_1000_diff1": 0.500725,
        "nauc_map_at_1_max": 0.084461,
        "nauc_map_at_1_std": -0.047988,
        "nauc_map_at_1_diff1": 0.606178,
        "nauc_map_at_3_max": 0.077302,
        "nauc_map_at_3_std": -0.042011,
        "nauc_map_at_3_diff1": 0.553486,
        "nauc_map_at_5_max": 0.076747,
        "nauc_map_at_5_std": -0.037225,
        "nauc_map_at_5_diff1": 0.544806,
        "nauc_map_at_10_max": 0.076241,
        "nauc_map_at_10_std": -0.031436,
        "nauc_map_at_10_diff1": 0.539349,
        "nauc_map_at_20_max": 0.0763,
        "nauc_map_at_20_std": -0.02823,
        "nauc_map_at_20_diff1": 0.537247,
        "nauc_map_at_100_max": 0.076357,
        "nauc_map_at_100_std": -0.024783,
        "nauc_map_at_100_diff1": 0.535928,
        "nauc_map_at_1000_max": 0.076383,
        "nauc_map_at_1000_std": -0.024126,
        "nauc_map_at_1000_diff1": 0.535877,
        "nauc_recall_at_1_max": 0.084461,
        "nauc_recall_at_1_std": -0.047988,
        "nauc_recall_at_1_diff1": 0.606178,
        "nauc_recall_at_3_max": 0.065823,
        "nauc_recall_at_3_std": -0.031602,
        "nauc_recall_at_3_diff1": 0.502078,
        "nauc_recall_at_5_max": 0.060324,
        "nauc_recall_at_5_std": -0.013172,
        "nauc_recall_at_5_diff1": 0.467476,
        "nauc_recall_at_10_max": 0.054525,
        "nauc_recall_at_10_std": 0.016694,
        "nauc_recall_at_10_diff1": 0.437813,
        "nauc_recall_at_20_max": 0.050422,
        "nauc_recall_at_20_std": 0.050461,
        "nauc_recall_at_20_diff1": 0.41253,
        "nauc_recall_at_100_max": 0.048125,
        "nauc_recall_at_100_std": 0.156917,
        "nauc_recall_at_100_diff1": 0.36719,
        "nauc_recall_at_1000_max": 0.042422,
        "nauc_recall_at_1000_std": 0.289181,
        "nauc_recall_at_1000_diff1": 0.33119,
        "nauc_precision_at_1_max": 0.091715,
        "nauc_precision_at_1_std": -0.040955,
        "nauc_precision_at_1_diff1": 0.601004,
        "nauc_precision_at_3_max": 0.075542,
        "nauc_precision_at_3_std": -0.021632,
        "nauc_precision_at_3_diff1": 0.45359,
        "nauc_precision_at_5_max": 0.075574,
        "nauc_precision_at_5_std": -0.000938,
        "nauc_precision_at_5_diff1": 0.405735,
        "nauc_precision_at_10_max": 0.065593,
        "nauc_precision_at_10_std": 0.037768,
        "nauc_precision_at_10_diff1": 0.350573,
        "nauc_precision_at_20_max": 0.064757,
        "nauc_precision_at_20_std": 0.076331,
        "nauc_precision_at_20_diff1": 0.302852,
        "nauc_precision_at_100_max": 0.058017,
        "nauc_precision_at_100_std": 0.159312,
        "nauc_precision_at_100_diff1": 0.204075,
        "nauc_precision_at_1000_max": 0.044348,
        "nauc_precision_at_1000_std": 0.212769,
        "nauc_precision_at_1000_diff1": 0.113302,
        "nauc_mrr_at_1_max": 0.086725,
        "nauc_mrr_at_1_std": -0.041958,
        "nauc_mrr_at_1_diff1": 0.596941,
        "nauc_mrr_at_3_max": 0.077543,
        "nauc_mrr_at_3_std": -0.031689,
        "nauc_mrr_at_3_diff1": 0.551969,
        "nauc_mrr_at_5_max": 0.075398,
        "nauc_mrr_at_5_std": -0.0272,
        "nauc_mrr_at_5_diff1": 0.54484,
        "nauc_mrr_at_10_max": 0.074731,
        "nauc_mrr_at_10_std": -0.023152,
        "nauc_mrr_at_10_diff1": 0.540186,
        "nauc_mrr_at_20_max": 0.074552,
        "nauc_mrr_at_20_std": -0.02029,
        "nauc_mrr_at_20_diff1": 0.538426,
        "nauc_mrr_at_100_max": 0.074158,
        "nauc_mrr_at_100_std": -0.017958,
        "nauc_mrr_at_100_diff1": 0.537662,
        "nauc_mrr_at_1000_max": 0.074132,
        "nauc_mrr_at_1000_std": -0.017582,
        "nauc_mrr_at_1000_diff1": 0.537672,
        "main_score": 0.29112,
        "hf_subset": "default",
        "languages": [
          "tur-Latn"
        ]
      }
    ]
  },
  "evaluation_time": 91.03750109672546,
  "kg_co2_emissions": null
}