{
  "dataset_revision": "main",
  "task_name": "SCIDOCSTR",
  "mteb_version": "1.31.3",
  "scores": {
    "test": [
      {
        "ndcg_at_1": 0.00334,
        "ndcg_at_3": 0.00572,
        "ndcg_at_5": 0.00615,
        "ndcg_at_10": 0.00909,
        "ndcg_at_20": 0.01104,
        "ndcg_at_100": 0.0195,
        "ndcg_at_1000": 0.0654,
        "map_at_1": 0.00334,
        "map_at_3": 0.00502,
        "map_at_5": 0.00524,
        "map_at_10": 0.00648,
        "map_at_20": 0.007,
        "map_at_100": 0.00794,
        "map_at_1000": 0.00898,
        "recall_at_1": 0.00334,
        "recall_at_3": 0.0078,
        "recall_at_5": 0.00892,
        "recall_at_10": 0.01784,
        "recall_at_20": 0.02564,
        "recall_at_100": 0.07469,
        "recall_at_1000": 0.47826,
        "precision_at_1": 0.00334,
        "precision_at_3": 0.0026,
        "precision_at_5": 0.00178,
        "precision_at_10": 0.00178,
        "precision_at_20": 0.00128,
        "precision_at_100": 0.00075,
        "precision_at_1000": 0.00048,
        "mrr_at_1": 0.00223,
        "mrr_at_3": 0.003902,
        "mrr_at_5": 0.004348,
        "mrr_at_10": 0.005416,
        "mrr_at_20": 0.005869,
        "mrr_at_100": 0.006829,
        "mrr_at_1000": 0.007929,
        "nauc_ndcg_at_1_max": 0.190476,
        "nauc_ndcg_at_1_std": -0.051881,
        "nauc_ndcg_at_1_diff1": -0.202481,
        "nauc_ndcg_at_3_max": 0.136914,
        "nauc_ndcg_at_3_std": 0.091955,
        "nauc_ndcg_at_3_diff1": -0.068665,
        "nauc_ndcg_at_5_max": 0.150022,
        "nauc_ndcg_at_5_std": 0.108214,
        "nauc_ndcg_at_5_diff1": -0.041144,
        "nauc_ndcg_at_10_max": 0.103925,
        "nauc_ndcg_at_10_std": 0.187246,
        "nauc_ndcg_at_10_diff1": -0.036243,
        "nauc_ndcg_at_20_max": 0.093581,
        "nauc_ndcg_at_20_std": 0.267862,
        "nauc_ndcg_at_20_diff1": -0.031061,
        "nauc_ndcg_at_100_max": 0.098609,
        "nauc_ndcg_at_100_std": 0.207756,
        "nauc_ndcg_at_100_diff1": 0.035559,
        "nauc_ndcg_at_1000_max": 0.03294,
        "nauc_ndcg_at_1000_std": 0.169135,
        "nauc_ndcg_at_1000_diff1": 0.025621,
        "nauc_map_at_1_max": 0.190476,
        "nauc_map_at_1_std": -0.051881,
        "nauc_map_at_1_diff1": -0.202481,
        "nauc_map_at_3_max": 0.145154,
        "nauc_map_at_3_std": 0.057121,
        "nauc_map_at_3_diff1": -0.095457,
        "nauc_map_at_5_max": 0.152759,
        "nauc_map_at_5_std": 0.068472,
        "nauc_map_at_5_diff1": -0.077613,
        "nauc_map_at_10_max": 0.125142,
        "nauc_map_at_10_std": 0.125167,
        "nauc_map_at_10_diff1": -0.06331,
        "nauc_map_at_20_max": 0.120162,
        "nauc_map_at_20_std": 0.164094,
        "nauc_map_at_20_diff1": -0.058808,
        "nauc_map_at_100_max": 0.120195,
        "nauc_map_at_100_std": 0.15764,
        "nauc_map_at_100_diff1": -0.036809,
        "nauc_map_at_1000_max": 0.110558,
        "nauc_map_at_1000_std": 0.157647,
        "nauc_map_at_1000_diff1": -0.033669,
        "nauc_recall_at_1_max": 0.190476,
        "nauc_recall_at_1_std": -0.051881,
        "nauc_recall_at_1_diff1": -0.202481,
        "nauc_recall_at_3_max": 0.121727,
        "nauc_recall_at_3_std": 0.159685,
        "nauc_recall_at_3_diff1": -0.017561,
        "nauc_recall_at_5_max": 0.146995,
        "nauc_recall_at_5_std": 0.180208,
        "nauc_recall_at_5_diff1": 0.025118,
        "nauc_recall_at_10_max": 0.07683,
        "nauc_recall_at_10_std": 0.262626,
        "nauc_recall_at_10_diff1": -0.008517,
        "nauc_recall_at_20_max": 0.06526,
        "nauc_recall_at_20_std": 0.37778,
        "nauc_recall_at_20_diff1": -0.008704,
        "nauc_recall_at_100_max": 0.088479,
        "nauc_recall_at_100_std": 0.21915,
        "nauc_recall_at_100_diff1": 0.077219,
        "nauc_recall_at_1000_max": -0.00105,
        "nauc_recall_at_1000_std": 0.152091,
        "nauc_recall_at_1000_diff1": 0.035124,
        "nauc_precision_at_1_max": 0.190476,
        "nauc_precision_at_1_std": -0.051881,
        "nauc_precision_at_1_diff1": -0.202481,
        "nauc_precision_at_3_max": 0.121727,
        "nauc_precision_at_3_std": 0.159685,
        "nauc_precision_at_3_diff1": -0.017561,
        "nauc_precision_at_5_max": 0.146995,
        "nauc_precision_at_5_std": 0.180208,
        "nauc_precision_at_5_diff1": 0.025118,
        "nauc_precision_at_10_max": 0.07683,
        "nauc_precision_at_10_std": 0.262626,
        "nauc_precision_at_10_diff1": -0.008517,
        "nauc_precision_at_20_max": 0.06526,
        "nauc_precision_at_20_std": 0.37778,
        "nauc_precision_at_20_diff1": -0.008704,
        "nauc_precision_at_100_max": 0.088479,
        "nauc_precision_at_100_std": 0.21915,
        "nauc_precision_at_100_diff1": 0.077219,
        "nauc_precision_at_1000_max": -0.00105,
        "nauc_precision_at_1000_std": 0.152091,
        "nauc_precision_at_1000_diff1": 0.035124,
        "nauc_mrr_at_1_max": 0.493373,
        "nauc_mrr_at_1_std": 0.172094,
        "nauc_mrr_at_1_diff1": -0.053806,
        "nauc_mrr_at_3_max": 0.305288,
        "nauc_mrr_at_3_std": 0.216251,
        "nauc_mrr_at_3_diff1": 0.020079,
        "nauc_mrr_at_5_max": 0.261097,
        "nauc_mrr_at_5_std": 0.181191,
        "nauc_mrr_at_5_diff1": 0.008996,
        "nauc_mrr_at_10_max": 0.222399,
        "nauc_mrr_at_10_std": 0.241758,
        "nauc_mrr_at_10_diff1": 0.023145,
        "nauc_mrr_at_20_max": 0.215936,
        "nauc_mrr_at_20_std": 0.286179,
        "nauc_mrr_at_20_diff1": 0.027561,
        "nauc_mrr_at_100_max": 0.202464,
        "nauc_mrr_at_100_std": 0.261002,
        "nauc_mrr_at_100_diff1": 0.041079,
        "nauc_mrr_at_1000_max": 0.181081,
        "nauc_mrr_at_1000_std": 0.248427,
        "nauc_mrr_at_1000_diff1": 0.034495,
        "main_score": 0.00909,
        "hf_subset": "default",
        "languages": [
          "tur-Latn"
        ]
      }
    ]
  },
  "evaluation_time": 1.0029079914093018,
  "kg_co2_emissions": null
}