{
  "dataset_revision": "main",
  "task_name": "SCIDOCSTR",
  "mteb_version": "1.31.3",
  "scores": {
    "test": [
      {
        "ndcg_at_1": 0.023,
        "ndcg_at_3": 0.01663,
        "ndcg_at_5": 0.01364,
        "ndcg_at_10": 0.01721,
        "ndcg_at_20": 0.0203,
        "ndcg_at_100": 0.0294,
        "ndcg_at_1000": 0.04829,
        "map_at_1": 0.00478,
        "map_at_3": 0.0069,
        "map_at_5": 0.00763,
        "map_at_10": 0.00885,
        "map_at_20": 0.0095,
        "map_at_100": 0.01063,
        "map_at_1000": 0.01125,
        "recall_at_1": 0.00478,
        "recall_at_3": 0.00923,
        "recall_at_5": 0.01128,
        "recall_at_10": 0.01778,
        "recall_at_20": 0.02498,
        "recall_at_100": 0.05533,
        "recall_at_1000": 0.14977,
        "precision_at_1": 0.023,
        "precision_at_3": 0.015,
        "precision_at_5": 0.011,
        "precision_at_10": 0.0087,
        "precision_at_20": 0.00615,
        "precision_at_100": 0.00269,
        "precision_at_1000": 0.00073,
        "mrr_at_1": 0.023,
        "mrr_at_3": 0.030833,
        "mrr_at_5": 0.031733,
        "mrr_at_10": 0.034861,
        "mrr_at_20": 0.036794,
        "mrr_at_100": 0.038666,
        "mrr_at_1000": 0.039374,
        "nauc_ndcg_at_1_max": 0.161186,
        "nauc_ndcg_at_1_std": 0.268487,
        "nauc_ndcg_at_1_diff1": 0.48554,
        "nauc_ndcg_at_3_max": 0.130064,
        "nauc_ndcg_at_3_std": 0.267376,
        "nauc_ndcg_at_3_diff1": 0.418034,
        "nauc_ndcg_at_5_max": 0.124729,
        "nauc_ndcg_at_5_std": 0.281562,
        "nauc_ndcg_at_5_diff1": 0.410527,
        "nauc_ndcg_at_10_max": 0.116187,
        "nauc_ndcg_at_10_std": 0.265133,
        "nauc_ndcg_at_10_diff1": 0.409721,
        "nauc_ndcg_at_20_max": 0.094191,
        "nauc_ndcg_at_20_std": 0.251979,
        "nauc_ndcg_at_20_diff1": 0.393426,
        "nauc_ndcg_at_100_max": 0.078,
        "nauc_ndcg_at_100_std": 0.282872,
        "nauc_ndcg_at_100_diff1": 0.383471,
        "nauc_ndcg_at_1000_max": 0.079058,
        "nauc_ndcg_at_1000_std": 0.332756,
        "nauc_ndcg_at_1000_diff1": 0.40596,
        "nauc_map_at_1_max": 0.157015,
        "nauc_map_at_1_std": 0.270609,
        "nauc_map_at_1_diff1": 0.492301,
        "nauc_map_at_3_max": 0.136007,
        "nauc_map_at_3_std": 0.265357,
        "nauc_map_at_3_diff1": 0.440627,
        "nauc_map_at_5_max": 0.131272,
        "nauc_map_at_5_std": 0.270986,
        "nauc_map_at_5_diff1": 0.426393,
        "nauc_map_at_10_max": 0.122755,
        "nauc_map_at_10_std": 0.26657,
        "nauc_map_at_10_diff1": 0.426321,
        "nauc_map_at_20_max": 0.113564,
        "nauc_map_at_20_std": 0.260538,
        "nauc_map_at_20_diff1": 0.419002,
        "nauc_map_at_100_max": 0.108496,
        "nauc_map_at_100_std": 0.276269,
        "nauc_map_at_100_diff1": 0.415517,
        "nauc_map_at_1000_max": 0.106473,
        "nauc_map_at_1000_std": 0.286023,
        "nauc_map_at_1000_diff1": 0.41721,
        "nauc_recall_at_1_max": 0.157015,
        "nauc_recall_at_1_std": 0.270609,
        "nauc_recall_at_1_diff1": 0.492301,
        "nauc_recall_at_3_max": 0.117571,
        "nauc_recall_at_3_std": 0.271189,
        "nauc_recall_at_3_diff1": 0.395251,
        "nauc_recall_at_5_max": 0.111954,
        "nauc_recall_at_5_std": 0.297536,
        "nauc_recall_at_5_diff1": 0.380282,
        "nauc_recall_at_10_max": 0.102114,
        "nauc_recall_at_10_std": 0.263938,
        "nauc_recall_at_10_diff1": 0.389757,
        "nauc_recall_at_20_max": 0.064528,
        "nauc_recall_at_20_std": 0.239075,
        "nauc_recall_at_20_diff1": 0.364449,
        "nauc_recall_at_100_max": 0.044246,
        "nauc_recall_at_100_std": 0.296998,
        "nauc_recall_at_100_diff1": 0.358428,
        "nauc_recall_at_1000_max": 0.061555,
        "nauc_recall_at_1000_std": 0.36319,
        "nauc_recall_at_1000_diff1": 0.397353,
        "nauc_precision_at_1_max": 0.161186,
        "nauc_precision_at_1_std": 0.268487,
        "nauc_precision_at_1_diff1": 0.48554,
        "nauc_precision_at_3_max": 0.117753,
        "nauc_precision_at_3_std": 0.272766,
        "nauc_precision_at_3_diff1": 0.390216,
        "nauc_precision_at_5_max": 0.113428,
        "nauc_precision_at_5_std": 0.296192,
        "nauc_precision_at_5_diff1": 0.377125,
        "nauc_precision_at_10_max": 0.103393,
        "nauc_precision_at_10_std": 0.260254,
        "nauc_precision_at_10_diff1": 0.38538,
        "nauc_precision_at_20_max": 0.064847,
        "nauc_precision_at_20_std": 0.236082,
        "nauc_precision_at_20_diff1": 0.360959,
        "nauc_precision_at_100_max": 0.045888,
        "nauc_precision_at_100_std": 0.291353,
        "nauc_precision_at_100_diff1": 0.353928,
        "nauc_precision_at_1000_max": 0.061511,
        "nauc_precision_at_1000_std": 0.359283,
        "nauc_precision_at_1000_diff1": 0.393171,
        "nauc_mrr_at_1_max": 0.161186,
        "nauc_mrr_at_1_std": 0.268487,
        "nauc_mrr_at_1_diff1": 0.48554,
        "nauc_mrr_at_3_max": 0.133923,
        "nauc_mrr_at_3_std": 0.265314,
        "nauc_mrr_at_3_diff1": 0.427407,
        "nauc_mrr_at_5_max": 0.131799,
        "nauc_mrr_at_5_std": 0.277841,
        "nauc_mrr_at_5_diff1": 0.427133,
        "nauc_mrr_at_10_max": 0.126124,
        "nauc_mrr_at_10_std": 0.261481,
        "nauc_mrr_at_10_diff1": 0.419459,
        "nauc_mrr_at_20_max": 0.117052,
        "nauc_mrr_at_20_std": 0.258149,
        "nauc_mrr_at_20_diff1": 0.412796,
        "nauc_mrr_at_100_max": 0.115176,
        "nauc_mrr_at_100_std": 0.262248,
        "nauc_mrr_at_100_diff1": 0.409007,
        "nauc_mrr_at_1000_max": 0.115629,
        "nauc_mrr_at_1000_std": 0.263738,
        "nauc_mrr_at_1000_diff1": 0.410249,
        "main_score": 0.01721,
        "hf_subset": "default",
        "languages": [
          "tur-Latn"
        ]
      }
    ]
  },
  "evaluation_time": 4.725592851638794,
  "kg_co2_emissions": null
}