{
  "dataset_revision": "main",
  "task_name": "SciFactTR",
  "mteb_version": "1.31.3",
  "scores": {
    "test": [
      {
        "ndcg_at_1": 0.07,
        "ndcg_at_3": 0.09493,
        "ndcg_at_5": 0.1069,
        "ndcg_at_10": 0.12469,
        "ndcg_at_20": 0.13959,
        "ndcg_at_100": 0.1684,
        "ndcg_at_1000": 0.20352,
        "map_at_1": 0.06833,
        "map_at_3": 0.08875,
        "map_at_5": 0.09537,
        "map_at_10": 0.10267,
        "map_at_20": 0.10671,
        "map_at_100": 0.11047,
        "map_at_1000": 0.11151,
        "recall_at_1": 0.06833,
        "recall_at_3": 0.10917,
        "recall_at_5": 0.13667,
        "recall_at_10": 0.1925,
        "recall_at_20": 0.25083,
        "recall_at_100": 0.40639,
        "recall_at_1000": 0.69367,
        "precision_at_1": 0.07,
        "precision_at_3": 0.03778,
        "precision_at_5": 0.02933,
        "precision_at_10": 0.02067,
        "precision_at_20": 0.0135,
        "precision_at_100": 0.0045,
        "precision_at_1000": 0.00077,
        "mrr_at_1": 0.07,
        "mrr_at_3": 0.091667,
        "mrr_at_5": 0.099667,
        "mrr_at_10": 0.106132,
        "mrr_at_20": 0.110235,
        "mrr_at_100": 0.113674,
        "mrr_at_1000": 0.114715,
        "nauc_ndcg_at_1_max": 0.186899,
        "nauc_ndcg_at_1_std": -0.125915,
        "nauc_ndcg_at_1_diff1": 0.625973,
        "nauc_ndcg_at_3_max": 0.150662,
        "nauc_ndcg_at_3_std": -0.075354,
        "nauc_ndcg_at_3_diff1": 0.387646,
        "nauc_ndcg_at_5_max": 0.126156,
        "nauc_ndcg_at_5_std": -0.047452,
        "nauc_ndcg_at_5_diff1": 0.342044,
        "nauc_ndcg_at_10_max": 0.112502,
        "nauc_ndcg_at_10_std": -0.028557,
        "nauc_ndcg_at_10_diff1": 0.314957,
        "nauc_ndcg_at_20_max": 0.114179,
        "nauc_ndcg_at_20_std": -0.048079,
        "nauc_ndcg_at_20_diff1": 0.289228,
        "nauc_ndcg_at_100_max": 0.161187,
        "nauc_ndcg_at_100_std": -0.050491,
        "nauc_ndcg_at_100_diff1": 0.256607,
        "nauc_ndcg_at_1000_max": 0.150442,
        "nauc_ndcg_at_1000_std": -0.013374,
        "nauc_ndcg_at_1000_diff1": 0.265255,
        "nauc_map_at_1_max": 0.183558,
        "nauc_map_at_1_std": -0.123967,
        "nauc_map_at_1_diff1": 0.625096,
        "nauc_map_at_3_max": 0.151675,
        "nauc_map_at_3_std": -0.080644,
        "nauc_map_at_3_diff1": 0.423809,
        "nauc_map_at_5_max": 0.135926,
        "nauc_map_at_5_std": -0.06356,
        "nauc_map_at_5_diff1": 0.396464,
        "nauc_map_at_10_max": 0.130535,
        "nauc_map_at_10_std": -0.05399,
        "nauc_map_at_10_diff1": 0.382117,
        "nauc_map_at_20_max": 0.130085,
        "nauc_map_at_20_std": -0.06019,
        "nauc_map_at_20_diff1": 0.37246,
        "nauc_map_at_100_max": 0.139571,
        "nauc_map_at_100_std": -0.060814,
        "nauc_map_at_100_diff1": 0.365447,
        "nauc_map_at_1000_max": 0.138984,
        "nauc_map_at_1000_std": -0.059565,
        "nauc_map_at_1000_diff1": 0.36562,
        "nauc_recall_at_1_max": 0.183558,
        "nauc_recall_at_1_std": -0.123967,
        "nauc_recall_at_1_diff1": 0.625096,
        "nauc_recall_at_3_max": 0.130329,
        "nauc_recall_at_3_std": -0.052304,
        "nauc_recall_at_3_diff1": 0.29188,
        "nauc_recall_at_5_max": 0.085054,
        "nauc_recall_at_5_std": -0.007631,
        "nauc_recall_at_5_diff1": 0.225939,
        "nauc_recall_at_10_max": 0.060211,
        "nauc_recall_at_10_std": 0.023859,
        "nauc_recall_at_10_diff1": 0.192164,
        "nauc_recall_at_20_max": 0.067336,
        "nauc_recall_at_20_std": -0.029091,
        "nauc_recall_at_20_diff1": 0.140435,
        "nauc_recall_at_100_max": 0.208719,
        "nauc_recall_at_100_std": -0.03698,
        "nauc_recall_at_100_diff1": 0.055986,
        "nauc_recall_at_1000_max": 0.157885,
        "nauc_recall_at_1000_std": 0.198346,
        "nauc_recall_at_1000_diff1": 0.040431,
        "nauc_precision_at_1_max": 0.186899,
        "nauc_precision_at_1_std": -0.125915,
        "nauc_precision_at_1_diff1": 0.625973,
        "nauc_precision_at_3_max": 0.154958,
        "nauc_precision_at_3_std": -0.067333,
        "nauc_precision_at_3_diff1": 0.309826,
        "nauc_precision_at_5_max": 0.128885,
        "nauc_precision_at_5_std": -0.013154,
        "nauc_precision_at_5_diff1": 0.215821,
        "nauc_precision_at_10_max": 0.110191,
        "nauc_precision_at_10_std": 0.020479,
        "nauc_precision_at_10_diff1": 0.182001,
        "nauc_precision_at_20_max": 0.136174,
        "nauc_precision_at_20_std": -0.040146,
        "nauc_precision_at_20_diff1": 0.134684,
        "nauc_precision_at_100_max": 0.2954,
        "nauc_precision_at_100_std": -0.036216,
        "nauc_precision_at_100_diff1": 0.043138,
        "nauc_precision_at_1000_max": 0.253969,
        "nauc_precision_at_1000_std": 0.162831,
        "nauc_precision_at_1000_diff1": 0.031805,
        "nauc_mrr_at_1_max": 0.186899,
        "nauc_mrr_at_1_std": -0.125915,
        "nauc_mrr_at_1_diff1": 0.625973,
        "nauc_mrr_at_3_max": 0.167461,
        "nauc_mrr_at_3_std": -0.090265,
        "nauc_mrr_at_3_diff1": 0.433579,
        "nauc_mrr_at_5_max": 0.157961,
        "nauc_mrr_at_5_std": -0.070111,
        "nauc_mrr_at_5_diff1": 0.396276,
        "nauc_mrr_at_10_max": 0.148155,
        "nauc_mrr_at_10_std": -0.060744,
        "nauc_mrr_at_10_diff1": 0.382463,
        "nauc_mrr_at_20_max": 0.148128,
        "nauc_mrr_at_20_std": -0.066683,
        "nauc_mrr_at_20_diff1": 0.371694,
        "nauc_mrr_at_100_max": 0.154686,
        "nauc_mrr_at_100_std": -0.067288,
        "nauc_mrr_at_100_diff1": 0.368102,
        "nauc_mrr_at_1000_max": 0.154119,
        "nauc_mrr_at_1000_std": -0.066145,
        "nauc_mrr_at_1000_diff1": 0.368289,
        "main_score": 0.12469,
        "hf_subset": "default",
        "languages": [
          "tur-Latn"
        ]
      }
    ]
  },
  "evaluation_time": 1.0187292098999023,
  "kg_co2_emissions": null
}