{
  "dataset_revision": "main",
  "task_name": "SciFactTR",
  "mteb_version": "1.31.3",
  "scores": {
    "test": [
      {
        "ndcg_at_1": 0.19333,
        "ndcg_at_3": 0.27012,
        "ndcg_at_5": 0.29365,
        "ndcg_at_10": 0.31785,
        "ndcg_at_20": 0.33986,
        "ndcg_at_100": 0.38765,
        "ndcg_at_1000": 0.41398,
        "map_at_1": 0.19333,
        "map_at_3": 0.25167,
        "map_at_5": 0.26483,
        "map_at_10": 0.27447,
        "map_at_20": 0.28012,
        "map_at_100": 0.28632,
        "map_at_1000": 0.28763,
        "recall_at_1": 0.19333,
        "recall_at_3": 0.32333,
        "recall_at_5": 0.38,
        "recall_at_10": 0.45667,
        "recall_at_20": 0.54667,
        "recall_at_100": 0.81,
        "recall_at_1000": 1.0,
        "precision_at_1": 0.19333,
        "precision_at_3": 0.10778,
        "precision_at_5": 0.076,
        "precision_at_10": 0.04567,
        "precision_at_20": 0.02733,
        "precision_at_100": 0.0081,
        "precision_at_1000": 0.001,
        "mrr_at_1": 0.193333,
        "mrr_at_3": 0.251667,
        "mrr_at_5": 0.264167,
        "mrr_at_10": 0.273806,
        "mrr_at_20": 0.279456,
        "mrr_at_100": 0.285649,
        "mrr_at_1000": 0.28698,
        "nauc_ndcg_at_1_max": 0.10364,
        "nauc_ndcg_at_1_std": -0.060585,
        "nauc_ndcg_at_1_diff1": 0.376182,
        "nauc_ndcg_at_3_max": 0.158235,
        "nauc_ndcg_at_3_std": -0.024072,
        "nauc_ndcg_at_3_diff1": 0.250577,
        "nauc_ndcg_at_5_max": 0.153576,
        "nauc_ndcg_at_5_std": -0.031959,
        "nauc_ndcg_at_5_diff1": 0.23132,
        "nauc_ndcg_at_10_max": 0.170678,
        "nauc_ndcg_at_10_std": -0.031697,
        "nauc_ndcg_at_10_diff1": 0.230016,
        "nauc_ndcg_at_20_max": 0.179015,
        "nauc_ndcg_at_20_std": -0.029341,
        "nauc_ndcg_at_20_diff1": 0.224721,
        "nauc_ndcg_at_100_max": 0.175116,
        "nauc_ndcg_at_100_std": -0.029997,
        "nauc_ndcg_at_100_diff1": 0.242762,
        "nauc_ndcg_at_1000_max": 0.165183,
        "nauc_ndcg_at_1000_std": -0.031638,
        "nauc_ndcg_at_1000_diff1": 0.249876,
        "nauc_map_at_1_max": 0.10364,
        "nauc_map_at_1_std": -0.060585,
        "nauc_map_at_1_diff1": 0.376182,
        "nauc_map_at_3_max": 0.150048,
        "nauc_map_at_3_std": -0.030791,
        "nauc_map_at_3_diff1": 0.277251,
        "nauc_map_at_5_max": 0.148286,
        "nauc_map_at_5_std": -0.034383,
        "nauc_map_at_5_diff1": 0.266149,
        "nauc_map_at_10_max": 0.155055,
        "nauc_map_at_10_std": -0.034209,
        "nauc_map_at_10_diff1": 0.265324,
        "nauc_map_at_20_max": 0.15732,
        "nauc_map_at_20_std": -0.033656,
        "nauc_map_at_20_diff1": 0.263701,
        "nauc_map_at_100_max": 0.156457,
        "nauc_map_at_100_std": -0.033393,
        "nauc_map_at_100_diff1": 0.266776,
        "nauc_map_at_1000_max": 0.155918,
        "nauc_map_at_1000_std": -0.033683,
        "nauc_map_at_1000_diff1": 0.267138,
        "nauc_recall_at_1_max": 0.10364,
        "nauc_recall_at_1_std": -0.060585,
        "nauc_recall_at_1_diff1": 0.376182,
        "nauc_recall_at_3_max": 0.17806,
        "nauc_recall_at_3_std": -0.007133,
        "nauc_recall_at_3_diff1": 0.181786,
        "nauc_recall_at_5_max": 0.164124,
        "nauc_recall_at_5_std": -0.028254,
        "nauc_recall_at_5_diff1": 0.14057,
        "nauc_recall_at_10_max": 0.214994,
        "nauc_recall_at_10_std": -0.027821,
        "nauc_recall_at_10_diff1": 0.137551,
        "nauc_recall_at_20_max": 0.249725,
        "nauc_recall_at_20_std": -0.017951,
        "nauc_recall_at_20_diff1": 0.113389,
        "nauc_recall_at_100_max": 0.281497,
        "nauc_recall_at_100_std": -0.025067,
        "nauc_recall_at_100_diff1": 0.163,
        "nauc_recall_at_1000_max": NaN,
        "nauc_recall_at_1000_std": NaN,
        "nauc_recall_at_1000_diff1": NaN,
        "nauc_precision_at_1_max": 0.10364,
        "nauc_precision_at_1_std": -0.060585,
        "nauc_precision_at_1_diff1": 0.376182,
        "nauc_precision_at_3_max": 0.17806,
        "nauc_precision_at_3_std": -0.007133,
        "nauc_precision_at_3_diff1": 0.181786,
        "nauc_precision_at_5_max": 0.164124,
        "nauc_precision_at_5_std": -0.028254,
        "nauc_precision_at_5_diff1": 0.14057,
        "nauc_precision_at_10_max": 0.214994,
        "nauc_precision_at_10_std": -0.027821,
        "nauc_precision_at_10_diff1": 0.137551,
        "nauc_precision_at_20_max": 0.249725,
        "nauc_precision_at_20_std": -0.017951,
        "nauc_precision_at_20_diff1": 0.113389,
        "nauc_precision_at_100_max": 0.281497,
        "nauc_precision_at_100_std": -0.025067,
        "nauc_precision_at_100_diff1": 0.163,
        "nauc_precision_at_1000_max": 1.0,
        "nauc_precision_at_1000_std": 1.0,
        "nauc_precision_at_1000_diff1": 1.0,
        "nauc_mrr_at_1_max": 0.10364,
        "nauc_mrr_at_1_std": -0.060585,
        "nauc_mrr_at_1_diff1": 0.376182,
        "nauc_mrr_at_3_max": 0.150048,
        "nauc_mrr_at_3_std": -0.030791,
        "nauc_mrr_at_3_diff1": 0.277251,
        "nauc_mrr_at_5_max": 0.150453,
        "nauc_mrr_at_5_std": -0.032281,
        "nauc_mrr_at_5_diff1": 0.268359,
        "nauc_mrr_at_10_max": 0.157157,
        "nauc_mrr_at_10_std": -0.032092,
        "nauc_mrr_at_10_diff1": 0.267417,
        "nauc_mrr_at_20_max": 0.159407,
        "nauc_mrr_at_20_std": -0.031525,
        "nauc_mrr_at_20_diff1": 0.265763,
        "nauc_mrr_at_100_max": 0.158547,
        "nauc_mrr_at_100_std": -0.031236,
        "nauc_mrr_at_100_diff1": 0.268828,
        "nauc_mrr_at_1000_max": 0.157975,
        "nauc_mrr_at_1000_std": -0.031566,
        "nauc_mrr_at_1000_diff1": 0.26916,
        "main_score": 0.31785,
        "hf_subset": "default",
        "languages": [
          "tur-Latn"
        ]
      }
    ]
  },
  "evaluation_time": 0.13553285598754883,
  "kg_co2_emissions": null
}