{
  "dataset_revision": "main",
  "task_name": "TQuadRetrieval",
  "mteb_version": "1.31.3",
  "scores": {
    "test": [
      {
        "ndcg_at_1": 0.26009,
        "ndcg_at_3": 0.36153,
        "ndcg_at_5": 0.3968,
        "ndcg_at_10": 0.4255,
        "ndcg_at_20": 0.44734,
        "ndcg_at_100": 0.48155,
        "ndcg_at_1000": 0.49825,
        "map_at_1": 0.26009,
        "map_at_3": 0.33688,
        "map_at_5": 0.35656,
        "map_at_10": 0.36866,
        "map_at_20": 0.37465,
        "map_at_100": 0.37944,
        "map_at_1000": 0.38018,
        "recall_at_1": 0.26009,
        "recall_at_3": 0.43274,
        "recall_at_5": 0.51794,
        "recall_at_10": 0.60538,
        "recall_at_20": 0.6917,
        "recall_at_100": 0.87556,
        "recall_at_1000": 1.0,
        "precision_at_1": 0.26009,
        "precision_at_3": 0.14425,
        "precision_at_5": 0.10359,
        "precision_at_10": 0.06054,
        "precision_at_20": 0.03459,
        "precision_at_100": 0.00876,
        "precision_at_1000": 0.001,
        "mrr_at_1": 0.257848,
        "mrr_at_3": 0.335762,
        "mrr_at_5": 0.354652,
        "mrr_at_10": 0.367303,
        "mrr_at_20": 0.373815,
        "mrr_at_100": 0.378581,
        "mrr_at_1000": 0.379265,
        "nauc_ndcg_at_1_max": 0.234611,
        "nauc_ndcg_at_1_std": 0.129485,
        "nauc_ndcg_at_1_diff1": 0.360854,
        "nauc_ndcg_at_3_max": 0.255219,
        "nauc_ndcg_at_3_std": 0.169269,
        "nauc_ndcg_at_3_diff1": 0.307255,
        "nauc_ndcg_at_5_max": 0.246037,
        "nauc_ndcg_at_5_std": 0.162358,
        "nauc_ndcg_at_5_diff1": 0.301219,
        "nauc_ndcg_at_10_max": 0.237215,
        "nauc_ndcg_at_10_std": 0.149615,
        "nauc_ndcg_at_10_diff1": 0.313277,
        "nauc_ndcg_at_20_max": 0.235421,
        "nauc_ndcg_at_20_std": 0.14648,
        "nauc_ndcg_at_20_diff1": 0.30675,
        "nauc_ndcg_at_100_max": 0.241977,
        "nauc_ndcg_at_100_std": 0.154664,
        "nauc_ndcg_at_100_diff1": 0.308377,
        "nauc_ndcg_at_1000_max": 0.239971,
        "nauc_ndcg_at_1000_std": 0.150335,
        "nauc_ndcg_at_1000_diff1": 0.313763,
        "nauc_map_at_1_max": 0.234611,
        "nauc_map_at_1_std": 0.129485,
        "nauc_map_at_1_diff1": 0.360854,
        "nauc_map_at_3_max": 0.250586,
        "nauc_map_at_3_std": 0.16087,
        "nauc_map_at_3_diff1": 0.318425,
        "nauc_map_at_5_max": 0.245097,
        "nauc_map_at_5_std": 0.156557,
        "nauc_map_at_5_diff1": 0.314963,
        "nauc_map_at_10_max": 0.241112,
        "nauc_map_at_10_std": 0.150801,
        "nauc_map_at_10_diff1": 0.320369,
        "nauc_map_at_20_max": 0.240073,
        "nauc_map_at_20_std": 0.149505,
        "nauc_map_at_20_diff1": 0.318809,
        "nauc_map_at_100_max": 0.2408,
        "nauc_map_at_100_std": 0.150029,
        "nauc_map_at_100_diff1": 0.319743,
        "nauc_map_at_1000_max": 0.24079,
        "nauc_map_at_1000_std": 0.149926,
        "nauc_map_at_1000_diff1": 0.319881,
        "nauc_recall_at_1_max": 0.234611,
        "nauc_recall_at_1_std": 0.129485,
        "nauc_recall_at_1_diff1": 0.360854,
        "nauc_recall_at_3_max": 0.267887,
        "nauc_recall_at_3_std": 0.192024,
        "nauc_recall_at_3_diff1": 0.277057,
        "nauc_recall_at_5_max": 0.247727,
        "nauc_recall_at_5_std": 0.177954,
        "nauc_recall_at_5_diff1": 0.262122,
        "nauc_recall_at_10_max": 0.221216,
        "nauc_recall_at_10_std": 0.140755,
        "nauc_recall_at_10_diff1": 0.295662,
        "nauc_recall_at_20_max": 0.215472,
        "nauc_recall_at_20_std": 0.128748,
        "nauc_recall_at_20_diff1": 0.260621,
        "nauc_recall_at_100_max": 0.282886,
        "nauc_recall_at_100_std": 0.234616,
        "nauc_recall_at_100_diff1": 0.207486,
        "nauc_recall_at_1000_max": NaN,
        "nauc_recall_at_1000_std": NaN,
        "nauc_recall_at_1000_diff1": NaN,
        "nauc_precision_at_1_max": 0.234611,
        "nauc_precision_at_1_std": 0.129485,
        "nauc_precision_at_1_diff1": 0.360854,
        "nauc_precision_at_3_max": 0.267887,
        "nauc_precision_at_3_std": 0.192024,
        "nauc_precision_at_3_diff1": 0.277057,
        "nauc_precision_at_5_max": 0.247727,
        "nauc_precision_at_5_std": 0.177954,
        "nauc_precision_at_5_diff1": 0.262122,
        "nauc_precision_at_10_max": 0.221216,
        "nauc_precision_at_10_std": 0.140755,
        "nauc_precision_at_10_diff1": 0.295662,
        "nauc_precision_at_20_max": 0.215472,
        "nauc_precision_at_20_std": 0.128748,
        "nauc_precision_at_20_diff1": 0.260621,
        "nauc_precision_at_100_max": 0.282886,
        "nauc_precision_at_100_std": 0.234616,
        "nauc_precision_at_100_diff1": 0.207486,
        "nauc_precision_at_1000_max": NaN,
        "nauc_precision_at_1000_std": NaN,
        "nauc_precision_at_1000_diff1": NaN,
        "nauc_mrr_at_1_max": 0.235892,
        "nauc_mrr_at_1_std": 0.135411,
        "nauc_mrr_at_1_diff1": 0.369242,
        "nauc_mrr_at_3_max": 0.251222,
        "nauc_mrr_at_3_std": 0.16373,
        "nauc_mrr_at_3_diff1": 0.322312,
        "nauc_mrr_at_5_max": 0.245568,
        "nauc_mrr_at_5_std": 0.159481,
        "nauc_mrr_at_5_diff1": 0.319411,
        "nauc_mrr_at_10_max": 0.242033,
        "nauc_mrr_at_10_std": 0.154023,
        "nauc_mrr_at_10_diff1": 0.324136,
        "nauc_mrr_at_20_max": 0.239402,
        "nauc_mrr_at_20_std": 0.151183,
        "nauc_mrr_at_20_diff1": 0.321279,
        "nauc_mrr_at_100_max": 0.24025,
        "nauc_mrr_at_100_std": 0.151832,
        "nauc_mrr_at_100_diff1": 0.322388,
        "nauc_mrr_at_1000_max": 0.240376,
        "nauc_mrr_at_1000_std": 0.151881,
        "nauc_mrr_at_1000_diff1": 0.32266,
        "main_score": 0.4255,
        "hf_subset": "default",
        "languages": [
          "tur-Latn"
        ]
      }
    ]
  },
  "evaluation_time": 0.38562583923339844,
  "kg_co2_emissions": null
}