{
  "dataset_revision": "51adfef1c1287aab1d2d91b5bead9bcfb9c68583",
  "task_name": "XQuADRetrieval",
  "mteb_version": "1.31.3",
  "scores": {
    "validation": [
      {
        "ndcg_at_1": 0.36486,
        "ndcg_at_3": 0.45371,
        "ndcg_at_5": 0.48224,
        "ndcg_at_10": 0.50599,
        "ndcg_at_20": 0.52427,
        "ndcg_at_100": 0.55845,
        "ndcg_at_1000": 0.56973,
        "map_at_1": 0.36486,
        "map_at_3": 0.43187,
        "map_at_5": 0.44771,
        "map_at_10": 0.45767,
        "map_at_20": 0.46265,
        "map_at_100": 0.46719,
        "map_at_1000": 0.46774,
        "recall_at_1": 0.36486,
        "recall_at_3": 0.51689,
        "recall_at_5": 0.58615,
        "recall_at_10": 0.65878,
        "recall_at_20": 0.73142,
        "recall_at_100": 0.91807,
        "recall_at_1000": 1.0,
        "precision_at_1": 0.36486,
        "precision_at_3": 0.1723,
        "precision_at_5": 0.11723,
        "precision_at_10": 0.06588,
        "precision_at_20": 0.03657,
        "precision_at_100": 0.00918,
        "precision_at_1000": 0.001,
        "mrr_at_1": 0.365709,
        "mrr_at_3": 0.432714,
        "mrr_at_5": 0.44855,
        "mrr_at_10": 0.458515,
        "mrr_at_20": 0.463544,
        "mrr_at_100": 0.468046,
        "mrr_at_1000": 0.468572,
        "nauc_ndcg_at_1_max": 0.181032,
        "nauc_ndcg_at_1_std": 0.151596,
        "nauc_ndcg_at_1_diff1": 0.531569,
        "nauc_ndcg_at_3_max": 0.189585,
        "nauc_ndcg_at_3_std": 0.183733,
        "nauc_ndcg_at_3_diff1": 0.469421,
        "nauc_ndcg_at_5_max": 0.178742,
        "nauc_ndcg_at_5_std": 0.183932,
        "nauc_ndcg_at_5_diff1": 0.461713,
        "nauc_ndcg_at_10_max": 0.177751,
        "nauc_ndcg_at_10_std": 0.207612,
        "nauc_ndcg_at_10_diff1": 0.467755,
        "nauc_ndcg_at_20_max": 0.180059,
        "nauc_ndcg_at_20_std": 0.20287,
        "nauc_ndcg_at_20_diff1": 0.466083,
        "nauc_ndcg_at_100_max": 0.174962,
        "nauc_ndcg_at_100_std": 0.196605,
        "nauc_ndcg_at_100_diff1": 0.470451,
        "nauc_ndcg_at_1000_max": 0.178455,
        "nauc_ndcg_at_1000_std": 0.191321,
        "nauc_ndcg_at_1000_diff1": 0.475089,
        "nauc_map_at_1_max": 0.181032,
        "nauc_map_at_1_std": 0.151596,
        "nauc_map_at_1_diff1": 0.531569,
        "nauc_map_at_3_max": 0.186488,
        "nauc_map_at_3_std": 0.174563,
        "nauc_map_at_3_diff1": 0.484847,
        "nauc_map_at_5_max": 0.180299,
        "nauc_map_at_5_std": 0.174338,
        "nauc_map_at_5_diff1": 0.480953,
        "nauc_map_at_10_max": 0.179692,
        "nauc_map_at_10_std": 0.183916,
        "nauc_map_at_10_diff1": 0.483639,
        "nauc_map_at_20_max": 0.180182,
        "nauc_map_at_20_std": 0.182565,
        "nauc_map_at_20_diff1": 0.483199,
        "nauc_map_at_100_max": 0.179621,
        "nauc_map_at_100_std": 0.181872,
        "nauc_map_at_100_diff1": 0.483755,
        "nauc_map_at_1000_max": 0.179739,
        "nauc_map_at_1000_std": 0.181666,
        "nauc_map_at_1000_diff1": 0.483965,
        "nauc_recall_at_1_max": 0.181032,
        "nauc_recall_at_1_std": 0.151596,
        "nauc_recall_at_1_diff1": 0.531569,
        "nauc_recall_at_3_max": 0.199151,
        "nauc_recall_at_3_std": 0.211359,
        "nauc_recall_at_3_diff1": 0.423781,
        "nauc_recall_at_5_max": 0.172937,
        "nauc_recall_at_5_std": 0.214843,
        "nauc_recall_at_5_diff1": 0.400097,
        "nauc_recall_at_10_max": 0.170036,
        "nauc_recall_at_10_std": 0.302012,
        "nauc_recall_at_10_diff1": 0.413509,
        "nauc_recall_at_20_max": 0.181925,
        "nauc_recall_at_20_std": 0.294225,
        "nauc_recall_at_20_diff1": 0.396044,
        "nauc_recall_at_100_max": 0.085213,
        "nauc_recall_at_100_std": 0.331203,
        "nauc_recall_at_100_diff1": 0.356684,
        "nauc_recall_at_1000_max": NaN,
        "nauc_recall_at_1000_std": NaN,
        "nauc_recall_at_1000_diff1": NaN,
        "nauc_precision_at_1_max": 0.181032,
        "nauc_precision_at_1_std": 0.151596,
        "nauc_precision_at_1_diff1": 0.531569,
        "nauc_precision_at_3_max": 0.199151,
        "nauc_precision_at_3_std": 0.211359,
        "nauc_precision_at_3_diff1": 0.423781,
        "nauc_precision_at_5_max": 0.172937,
        "nauc_precision_at_5_std": 0.214843,
        "nauc_precision_at_5_diff1": 0.400097,
        "nauc_precision_at_10_max": 0.170036,
        "nauc_precision_at_10_std": 0.302012,
        "nauc_precision_at_10_diff1": 0.413509,
        "nauc_precision_at_20_max": 0.181925,
        "nauc_precision_at_20_std": 0.294225,
        "nauc_precision_at_20_diff1": 0.396044,
        "nauc_precision_at_100_max": 0.085213,
        "nauc_precision_at_100_std": 0.331203,
        "nauc_precision_at_100_diff1": 0.356684,
        "nauc_precision_at_1000_max": 1.0,
        "nauc_precision_at_1000_std": 1.0,
        "nauc_precision_at_1000_diff1": 1.0,
        "nauc_mrr_at_1_max": 0.178591,
        "nauc_mrr_at_1_std": 0.149167,
        "nauc_mrr_at_1_diff1": 0.528986,
        "nauc_mrr_at_3_max": 0.184114,
        "nauc_mrr_at_3_std": 0.172188,
        "nauc_mrr_at_3_diff1": 0.482512,
        "nauc_mrr_at_5_max": 0.177885,
        "nauc_mrr_at_5_std": 0.171923,
        "nauc_mrr_at_5_diff1": 0.478579,
        "nauc_mrr_at_10_max": 0.177256,
        "nauc_mrr_at_10_std": 0.181482,
        "nauc_mrr_at_10_diff1": 0.481269,
        "nauc_mrr_at_20_max": 0.177593,
        "nauc_mrr_at_20_std": 0.179977,
        "nauc_mrr_at_20_diff1": 0.480718,
        "nauc_mrr_at_100_max": 0.177117,
        "nauc_mrr_at_100_std": 0.179368,
        "nauc_mrr_at_100_diff1": 0.481338,
        "nauc_mrr_at_1000_max": 0.177284,
        "nauc_mrr_at_1000_std": 0.179211,
        "nauc_mrr_at_1000_diff1": 0.481577,
        "main_score": 0.50599,
        "hf_subset": "tr",
        "languages": [
          "tur-Latn"
        ]
      }
    ]
  },
  "evaluation_time": 0.32692384719848633,
  "kg_co2_emissions": null
}