{
  "dataset_revision": "main",
  "task_name": "ArguAnaTR",
  "mteb_version": "1.31.3",
  "scores": {
    "test": [
      {
        "ndcg_at_1": 0.10384,
        "ndcg_at_3": 0.15393,
        "ndcg_at_5": 0.17508,
        "ndcg_at_10": 0.20617,
        "ndcg_at_20": 0.22693,
        "ndcg_at_100": 0.25869,
        "ndcg_at_1000": 0.28389,
        "map_at_1": 0.10384,
        "map_at_3": 0.1413,
        "map_at_5": 0.15307,
        "map_at_10": 0.16592,
        "map_at_20": 0.17156,
        "map_at_100": 0.17589,
        "map_at_1000": 0.17671,
        "recall_at_1": 0.10384,
        "recall_at_3": 0.19061,
        "recall_at_5": 0.24182,
        "recall_at_10": 0.33784,
        "recall_at_20": 0.42034,
        "recall_at_100": 0.59246,
        "recall_at_1000": 0.79801,
        "precision_at_1": 0.10384,
        "precision_at_3": 0.06354,
        "precision_at_5": 0.04836,
        "precision_at_10": 0.03378,
        "precision_at_20": 0.02102,
        "precision_at_100": 0.00592,
        "precision_at_1000": 0.0008,
        "mrr_at_1": 0.105263,
        "mrr_at_3": 0.141655,
        "mrr_at_5": 0.153604,
        "mrr_at_10": 0.166455,
        "mrr_at_20": 0.172098,
        "mrr_at_100": 0.176424,
        "mrr_at_1000": 0.177248,
        "nauc_ndcg_at_1_max": -0.056082,
        "nauc_ndcg_at_1_std": 0.065358,
        "nauc_ndcg_at_1_diff1": 0.141325,
        "nauc_ndcg_at_3_max": 0.003771,
        "nauc_ndcg_at_3_std": 0.083889,
        "nauc_ndcg_at_3_diff1": 0.111696,
        "nauc_ndcg_at_5_max": 0.022643,
        "nauc_ndcg_at_5_std": 0.081811,
        "nauc_ndcg_at_5_diff1": 0.114647,
        "nauc_ndcg_at_10_max": 0.022318,
        "nauc_ndcg_at_10_std": 0.090992,
        "nauc_ndcg_at_10_diff1": 0.110514,
        "nauc_ndcg_at_20_max": 0.034013,
        "nauc_ndcg_at_20_std": 0.103301,
        "nauc_ndcg_at_20_diff1": 0.123463,
        "nauc_ndcg_at_100_max": 0.03706,
        "nauc_ndcg_at_100_std": 0.129418,
        "nauc_ndcg_at_100_diff1": 0.126179,
        "nauc_ndcg_at_1000_max": 0.030204,
        "nauc_ndcg_at_1000_std": 0.133131,
        "nauc_ndcg_at_1000_diff1": 0.124726,
        "nauc_map_at_1_max": -0.056082,
        "nauc_map_at_1_std": 0.065358,
        "nauc_map_at_1_diff1": 0.141325,
        "nauc_map_at_3_max": -0.006648,
        "nauc_map_at_3_std": 0.080475,
        "nauc_map_at_3_diff1": 0.11742,
        "nauc_map_at_5_max": 0.005187,
        "nauc_map_at_5_std": 0.079457,
        "nauc_map_at_5_diff1": 0.11898,
        "nauc_map_at_10_max": 0.005422,
        "nauc_map_at_10_std": 0.083969,
        "nauc_map_at_10_diff1": 0.117506,
        "nauc_map_at_20_max": 0.009043,
        "nauc_map_at_20_std": 0.087841,
        "nauc_map_at_20_diff1": 0.12152,
        "nauc_map_at_100_max": 0.009486,
        "nauc_map_at_100_std": 0.091763,
        "nauc_map_at_100_diff1": 0.121909,
        "nauc_map_at_1000_max": 0.009041,
        "nauc_map_at_1000_std": 0.091782,
        "nauc_map_at_1000_diff1": 0.121723,
        "nauc_recall_at_1_max": -0.056082,
        "nauc_recall_at_1_std": 0.065358,
        "nauc_recall_at_1_diff1": 0.141325,
        "nauc_recall_at_3_max": 0.027305,
        "nauc_recall_at_3_std": 0.09167,
        "nauc_recall_at_3_diff1": 0.098558,
        "nauc_recall_at_5_max": 0.061264,
        "nauc_recall_at_5_std": 0.08641,
        "nauc_recall_at_5_diff1": 0.105818,
        "nauc_recall_at_10_max": 0.056337,
        "nauc_recall_at_10_std": 0.106317,
        "nauc_recall_at_10_diff1": 0.095306,
        "nauc_recall_at_20_max": 0.089917,
        "nauc_recall_at_20_std": 0.14168,
        "nauc_recall_at_20_diff1": 0.133268,
        "nauc_recall_at_100_max": 0.110138,
        "nauc_recall_at_100_std": 0.260174,
        "nauc_recall_at_100_diff1": 0.14621,
        "nauc_recall_at_1000_max": 0.098054,
        "nauc_recall_at_1000_std": 0.388325,
        "nauc_recall_at_1000_diff1": 0.151085,
        "nauc_precision_at_1_max": -0.056082,
        "nauc_precision_at_1_std": 0.065358,
        "nauc_precision_at_1_diff1": 0.141325,
        "nauc_precision_at_3_max": 0.027305,
        "nauc_precision_at_3_std": 0.09167,
        "nauc_precision_at_3_diff1": 0.098558,
        "nauc_precision_at_5_max": 0.061264,
        "nauc_precision_at_5_std": 0.08641,
        "nauc_precision_at_5_diff1": 0.105818,
        "nauc_precision_at_10_max": 0.056337,
        "nauc_precision_at_10_std": 0.106317,
        "nauc_precision_at_10_diff1": 0.095306,
        "nauc_precision_at_20_max": 0.089917,
        "nauc_precision_at_20_std": 0.14168,
        "nauc_precision_at_20_diff1": 0.133268,
        "nauc_precision_at_100_max": 0.110138,
        "nauc_precision_at_100_std": 0.260174,
        "nauc_precision_at_100_diff1": 0.14621,
        "nauc_precision_at_1000_max": 0.098054,
        "nauc_precision_at_1000_std": 0.388325,
        "nauc_precision_at_1000_diff1": 0.151085,
        "nauc_mrr_at_1_max": -0.050344,
        "nauc_mrr_at_1_std": 0.069214,
        "nauc_mrr_at_1_diff1": 0.13214,
        "nauc_mrr_at_3_max": -0.008614,
        "nauc_mrr_at_3_std": 0.080527,
        "nauc_mrr_at_3_diff1": 0.109991,
        "nauc_mrr_at_5_max": 0.004608,
        "nauc_mrr_at_5_std": 0.07957,
        "nauc_mrr_at_5_diff1": 0.11305,
        "nauc_mrr_at_10_max": 0.004729,
        "nauc_mrr_at_10_std": 0.084042,
        "nauc_mrr_at_10_diff1": 0.111598,
        "nauc_mrr_at_20_max": 0.008277,
        "nauc_mrr_at_20_std": 0.087909,
        "nauc_mrr_at_20_diff1": 0.115559,
        "nauc_mrr_at_100_max": 0.008708,
        "nauc_mrr_at_100_std": 0.091819,
        "nauc_mrr_at_100_diff1": 0.115914,
        "nauc_mrr_at_1000_max": 0.008263,
        "nauc_mrr_at_1000_std": 0.091838,
        "nauc_mrr_at_1000_diff1": 0.115716,
        "main_score": 0.20617,
        "hf_subset": "default",
        "languages": [
          "tur-Latn"
        ]
      }
    ]
  },
  "evaluation_time": 177.95775532722473,
  "kg_co2_emissions": null
}