{
  "dataset_revision": "main",
  "task_name": "ArguAnaTR",
  "mteb_version": "1.31.3",
  "scores": {
    "test": [
      {
        "ndcg_at_1": 0.10384,
        "ndcg_at_3": 0.15393,
        "ndcg_at_5": 0.17508,
        "ndcg_at_10": 0.20617,
        "ndcg_at_20": 0.22693,
        "ndcg_at_100": 0.2587,
        "ndcg_at_1000": 0.28389,
        "map_at_1": 0.10384,
        "map_at_3": 0.1413,
        "map_at_5": 0.15307,
        "map_at_10": 0.16592,
        "map_at_20": 0.17156,
        "map_at_100": 0.17589,
        "map_at_1000": 0.17671,
        "recall_at_1": 0.10384,
        "recall_at_3": 0.19061,
        "recall_at_5": 0.24182,
        "recall_at_10": 0.33784,
        "recall_at_20": 0.42034,
        "recall_at_100": 0.59246,
        "recall_at_1000": 0.79801,
        "precision_at_1": 0.10384,
        "precision_at_3": 0.06354,
        "precision_at_5": 0.04836,
        "precision_at_10": 0.03378,
        "precision_at_20": 0.02102,
        "precision_at_100": 0.00592,
        "precision_at_1000": 0.0008,
        "mrr_at_1": 0.104552,
        "mrr_at_3": 0.141536,
        "mrr_at_5": 0.153307,
        "mrr_at_10": 0.166156,
        "mrr_at_20": 0.171799,
        "mrr_at_100": 0.176126,
        "mrr_at_1000": 0.17695,
        "nauc_ndcg_at_1_max": -0.056082,
        "nauc_ndcg_at_1_std": 0.065358,
        "nauc_ndcg_at_1_diff1": 0.141325,
        "nauc_ndcg_at_3_max": 0.003771,
        "nauc_ndcg_at_3_std": 0.083889,
        "nauc_ndcg_at_3_diff1": 0.111696,
        "nauc_ndcg_at_5_max": 0.022643,
        "nauc_ndcg_at_5_std": 0.081811,
        "nauc_ndcg_at_5_diff1": 0.114647,
        "nauc_ndcg_at_10_max": 0.022318,
        "nauc_ndcg_at_10_std": 0.090992,
        "nauc_ndcg_at_10_diff1": 0.110514,
        "nauc_ndcg_at_20_max": 0.034013,
        "nauc_ndcg_at_20_std": 0.103301,
        "nauc_ndcg_at_20_diff1": 0.123463,
        "nauc_ndcg_at_100_max": 0.037056,
        "nauc_ndcg_at_100_std": 0.129414,
        "nauc_ndcg_at_100_diff1": 0.126153,
        "nauc_ndcg_at_1000_max": 0.0302,
        "nauc_ndcg_at_1000_std": 0.133127,
        "nauc_ndcg_at_1000_diff1": 0.124699,
        "nauc_map_at_1_max": -0.056082,
        "nauc_map_at_1_std": 0.065358,
        "nauc_map_at_1_diff1": 0.141325,
        "nauc_map_at_3_max": -0.006648,
        "nauc_map_at_3_std": 0.080475,
        "nauc_map_at_3_diff1": 0.11742,
        "nauc_map_at_5_max": 0.005187,
        "nauc_map_at_5_std": 0.079457,
        "nauc_map_at_5_diff1": 0.11898,
        "nauc_map_at_10_max": 0.005422,
        "nauc_map_at_10_std": 0.083969,
        "nauc_map_at_10_diff1": 0.117506,
        "nauc_map_at_20_max": 0.009043,
        "nauc_map_at_20_std": 0.087841,
        "nauc_map_at_20_diff1": 0.12152,
        "nauc_map_at_100_max": 0.009482,
        "nauc_map_at_100_std": 0.09176,
        "nauc_map_at_100_diff1": 0.121893,
        "nauc_map_at_1000_max": 0.009038,
        "nauc_map_at_1000_std": 0.091779,
        "nauc_map_at_1000_diff1": 0.121708,
        "nauc_recall_at_1_max": -0.056082,
        "nauc_recall_at_1_std": 0.065358,
        "nauc_recall_at_1_diff1": 0.141325,
        "nauc_recall_at_3_max": 0.027305,
        "nauc_recall_at_3_std": 0.09167,
        "nauc_recall_at_3_diff1": 0.098558,
        "nauc_recall_at_5_max": 0.061264,
        "nauc_recall_at_5_std": 0.08641,
        "nauc_recall_at_5_diff1": 0.105818,
        "nauc_recall_at_10_max": 0.056337,
        "nauc_recall_at_10_std": 0.106317,
        "nauc_recall_at_10_diff1": 0.095306,
        "nauc_recall_at_20_max": 0.089917,
        "nauc_recall_at_20_std": 0.14168,
        "nauc_recall_at_20_diff1": 0.133268,
        "nauc_recall_at_100_max": 0.110138,
        "nauc_recall_at_100_std": 0.260174,
        "nauc_recall_at_100_diff1": 0.14621,
        "nauc_recall_at_1000_max": 0.098054,
        "nauc_recall_at_1000_std": 0.388325,
        "nauc_recall_at_1000_diff1": 0.151085,
        "nauc_precision_at_1_max": -0.056082,
        "nauc_precision_at_1_std": 0.065358,
        "nauc_precision_at_1_diff1": 0.141325,
        "nauc_precision_at_3_max": 0.027305,
        "nauc_precision_at_3_std": 0.09167,
        "nauc_precision_at_3_diff1": 0.098558,
        "nauc_precision_at_5_max": 0.061264,
        "nauc_precision_at_5_std": 0.08641,
        "nauc_precision_at_5_diff1": 0.105818,
        "nauc_precision_at_10_max": 0.056337,
        "nauc_precision_at_10_std": 0.106317,
        "nauc_precision_at_10_diff1": 0.095306,
        "nauc_precision_at_20_max": 0.089917,
        "nauc_precision_at_20_std": 0.14168,
        "nauc_precision_at_20_diff1": 0.133268,
        "nauc_precision_at_100_max": 0.110138,
        "nauc_precision_at_100_std": 0.260174,
        "nauc_precision_at_100_diff1": 0.14621,
        "nauc_precision_at_1000_max": 0.098054,
        "nauc_precision_at_1000_std": 0.388325,
        "nauc_precision_at_1000_diff1": 0.151085,
        "nauc_mrr_at_1_max": -0.055145,
        "nauc_mrr_at_1_std": 0.067294,
        "nauc_mrr_at_1_diff1": 0.136712,
        "nauc_mrr_at_3_max": -0.007294,
        "nauc_mrr_at_3_std": 0.080664,
        "nauc_mrr_at_3_diff1": 0.114744,
        "nauc_mrr_at_5_max": 0.00455,
        "nauc_mrr_at_5_std": 0.07964,
        "nauc_mrr_at_5_diff1": 0.116395,
        "nauc_mrr_at_10_max": 0.004799,
        "nauc_mrr_at_10_std": 0.084143,
        "nauc_mrr_at_10_diff1": 0.114984,
        "nauc_mrr_at_20_max": 0.008392,
        "nauc_mrr_at_20_std": 0.088015,
        "nauc_mrr_at_20_diff1": 0.118945,
        "nauc_mrr_at_100_max": 0.008825,
        "nauc_mrr_at_100_std": 0.09193,
        "nauc_mrr_at_100_diff1": 0.119305,
        "nauc_mrr_at_1000_max": 0.00838,
        "nauc_mrr_at_1000_std": 0.09195,
        "nauc_mrr_at_1000_diff1": 0.119115,
        "main_score": 0.20617,
        "hf_subset": "default",
        "languages": [
          "tur-Latn"
        ]
      }
    ]
  },
  "evaluation_time": 78.47151350975037,
  "kg_co2_emissions": null
}