{
  "dataset_revision": "main",
  "task_name": "ArguAnaTR",
  "mteb_version": "1.31.3",
  "scores": {
    "test": [
      {
        "ndcg_at_1": 0.10455,
        "ndcg_at_3": 0.1541,
        "ndcg_at_5": 0.17525,
        "ndcg_at_10": 0.20634,
        "ndcg_at_20": 0.2271,
        "ndcg_at_100": 0.25887,
        "ndcg_at_1000": 0.28406,
        "map_at_1": 0.10455,
        "map_at_3": 0.14154,
        "map_at_5": 0.15331,
        "map_at_10": 0.16616,
        "map_at_20": 0.1718,
        "map_at_100": 0.17613,
        "map_at_1000": 0.17695,
        "recall_at_1": 0.10455,
        "recall_at_3": 0.19061,
        "recall_at_5": 0.24182,
        "recall_at_10": 0.33784,
        "recall_at_20": 0.42034,
        "recall_at_100": 0.59246,
        "recall_at_1000": 0.79801,
        "precision_at_1": 0.10455,
        "precision_at_3": 0.06354,
        "precision_at_5": 0.04836,
        "precision_at_10": 0.03378,
        "precision_at_20": 0.02102,
        "precision_at_100": 0.00592,
        "precision_at_1000": 0.0008,
        "mrr_at_1": 0.105263,
        "mrr_at_3": 0.141773,
        "mrr_at_5": 0.153544,
        "mrr_at_10": 0.166393,
        "mrr_at_20": 0.172036,
        "mrr_at_100": 0.176364,
        "mrr_at_1000": 0.177188,
        "nauc_ndcg_at_1_max": -0.051255,
        "nauc_ndcg_at_1_std": 0.06963,
        "nauc_ndcg_at_1_diff1": 0.136712,
        "nauc_ndcg_at_3_max": 0.004362,
        "nauc_ndcg_at_3_std": 0.084645,
        "nauc_ndcg_at_3_diff1": 0.109808,
        "nauc_ndcg_at_5_max": 0.023186,
        "nauc_ndcg_at_5_std": 0.082526,
        "nauc_ndcg_at_5_diff1": 0.112864,
        "nauc_ndcg_at_10_max": 0.022834,
        "nauc_ndcg_at_10_std": 0.091665,
        "nauc_ndcg_at_10_diff1": 0.108823,
        "nauc_ndcg_at_20_max": 0.034468,
        "nauc_ndcg_at_20_std": 0.103964,
        "nauc_ndcg_at_20_diff1": 0.12173,
        "nauc_ndcg_at_100_max": 0.037522,
        "nauc_ndcg_at_100_std": 0.130076,
        "nauc_ndcg_at_100_diff1": 0.124386,
        "nauc_ndcg_at_1000_max": 0.030701,
        "nauc_ndcg_at_1000_std": 0.133829,
        "nauc_ndcg_at_1000_diff1": 0.122819,
        "nauc_map_at_1_max": -0.051255,
        "nauc_map_at_1_std": 0.06963,
        "nauc_map_at_1_diff1": 0.136712,
        "nauc_map_at_3_max": -0.005722,
        "nauc_map_at_3_std": 0.081607,
        "nauc_map_at_3_diff1": 0.114744,
        "nauc_map_at_5_max": 0.006067,
        "nauc_map_at_5_std": 0.08055,
        "nauc_map_at_5_diff1": 0.116395,
        "nauc_map_at_10_max": 0.00628,
        "nauc_map_at_10_std": 0.085032,
        "nauc_map_at_10_diff1": 0.114984,
        "nauc_map_at_20_max": 0.009849,
        "nauc_map_at_20_std": 0.088901,
        "nauc_map_at_20_diff1": 0.118958,
        "nauc_map_at_100_max": 0.010291,
        "nauc_map_at_100_std": 0.092819,
        "nauc_map_at_100_diff1": 0.119331,
        "nauc_map_at_1000_max": 0.009849,
        "nauc_map_at_1000_std": 0.092841,
        "nauc_map_at_1000_diff1": 0.11914,
        "nauc_recall_at_1_max": -0.051255,
        "nauc_recall_at_1_std": 0.06963,
        "nauc_recall_at_1_diff1": 0.136712,
        "nauc_recall_at_3_max": 0.027305,
        "nauc_recall_at_3_std": 0.09167,
        "nauc_recall_at_3_diff1": 0.098558,
        "nauc_recall_at_5_max": 0.061264,
        "nauc_recall_at_5_std": 0.08641,
        "nauc_recall_at_5_diff1": 0.105818,
        "nauc_recall_at_10_max": 0.056337,
        "nauc_recall_at_10_std": 0.106317,
        "nauc_recall_at_10_diff1": 0.095306,
        "nauc_recall_at_20_max": 0.089917,
        "nauc_recall_at_20_std": 0.14168,
        "nauc_recall_at_20_diff1": 0.133268,
        "nauc_recall_at_100_max": 0.110138,
        "nauc_recall_at_100_std": 0.260174,
        "nauc_recall_at_100_diff1": 0.14621,
        "nauc_recall_at_1000_max": 0.098054,
        "nauc_recall_at_1000_std": 0.388325,
        "nauc_recall_at_1000_diff1": 0.151085,
        "nauc_precision_at_1_max": -0.051255,
        "nauc_precision_at_1_std": 0.06963,
        "nauc_precision_at_1_diff1": 0.136712,
        "nauc_precision_at_3_max": 0.027305,
        "nauc_precision_at_3_std": 0.09167,
        "nauc_precision_at_3_diff1": 0.098558,
        "nauc_precision_at_5_max": 0.061264,
        "nauc_precision_at_5_std": 0.08641,
        "nauc_precision_at_5_diff1": 0.105818,
        "nauc_precision_at_10_max": 0.056337,
        "nauc_precision_at_10_std": 0.106317,
        "nauc_precision_at_10_diff1": 0.095306,
        "nauc_precision_at_20_max": 0.089917,
        "nauc_precision_at_20_std": 0.14168,
        "nauc_precision_at_20_diff1": 0.133268,
        "nauc_precision_at_100_max": 0.110138,
        "nauc_precision_at_100_std": 0.260174,
        "nauc_precision_at_100_diff1": 0.14621,
        "nauc_precision_at_1000_max": 0.098054,
        "nauc_precision_at_1000_std": 0.388325,
        "nauc_precision_at_1000_diff1": 0.151085,
        "nauc_mrr_at_1_max": -0.050344,
        "nauc_mrr_at_1_std": 0.071538,
        "nauc_mrr_at_1_diff1": 0.13214,
        "nauc_mrr_at_3_max": -0.006368,
        "nauc_mrr_at_3_std": 0.081794,
        "nauc_mrr_at_3_diff1": 0.112074,
        "nauc_mrr_at_5_max": 0.005429,
        "nauc_mrr_at_5_std": 0.080732,
        "nauc_mrr_at_5_diff1": 0.113816,
        "nauc_mrr_at_10_max": 0.005657,
        "nauc_mrr_at_10_std": 0.085204,
        "nauc_mrr_at_10_diff1": 0.112469,
        "nauc_mrr_at_20_max": 0.009198,
        "nauc_mrr_at_20_std": 0.089074,
        "nauc_mrr_at_20_diff1": 0.116388,
        "nauc_mrr_at_100_max": 0.009634,
        "nauc_mrr_at_100_std": 0.092988,
        "nauc_mrr_at_100_diff1": 0.116749,
        "nauc_mrr_at_1000_max": 0.009191,
        "nauc_mrr_at_1000_std": 0.09301,
        "nauc_mrr_at_1000_diff1": 0.116553,
        "main_score": 0.20634,
        "hf_subset": "default",
        "languages": [
          "tur-Latn"
        ]
      }
    ]
  },
  "evaluation_time": 151.2511281967163,
  "kg_co2_emissions": null
}