{
  "dataset_revision": "main",
  "task_name": "CQADupstackGamingRetrievalTR",
  "mteb_version": "1.31.3",
  "scores": {
    "test": [
      {
        "ndcg_at_1": 0.14103,
        "ndcg_at_3": 0.19791,
        "ndcg_at_5": 0.21473,
        "ndcg_at_10": 0.23358,
        "ndcg_at_20": 0.25212,
        "ndcg_at_100": 0.28188,
        "ndcg_at_1000": 0.32228,
        "map_at_1": 0.14103,
        "map_at_3": 0.18399,
        "map_at_5": 0.1934,
        "map_at_10": 0.20123,
        "map_at_20": 0.2063,
        "map_at_100": 0.21008,
        "map_at_1000": 0.2114,
        "recall_at_1": 0.14103,
        "recall_at_3": 0.23819,
        "recall_at_5": 0.27868,
        "recall_at_10": 0.33671,
        "recall_at_20": 0.41026,
        "recall_at_100": 0.57557,
        "recall_at_1000": 0.90553,
        "precision_at_1": 0.14103,
        "precision_at_3": 0.0794,
        "precision_at_5": 0.05574,
        "precision_at_10": 0.03367,
        "precision_at_20": 0.02051,
        "precision_at_100": 0.00576,
        "precision_at_1000": 0.00091,
        "mrr_at_1": 0.141026,
        "mrr_at_3": 0.183986,
        "mrr_at_5": 0.193399,
        "mrr_at_10": 0.201231,
        "mrr_at_20": 0.206296,
        "mrr_at_100": 0.210079,
        "mrr_at_1000": 0.211397,
        "nauc_ndcg_at_1_max": 0.238163,
        "nauc_ndcg_at_1_std": -0.045504,
        "nauc_ndcg_at_1_diff1": 0.387241,
        "nauc_ndcg_at_3_max": 0.221334,
        "nauc_ndcg_at_3_std": -0.035901,
        "nauc_ndcg_at_3_diff1": 0.281124,
        "nauc_ndcg_at_5_max": 0.212035,
        "nauc_ndcg_at_5_std": -0.025868,
        "nauc_ndcg_at_5_diff1": 0.271011,
        "nauc_ndcg_at_10_max": 0.216219,
        "nauc_ndcg_at_10_std": -0.01133,
        "nauc_ndcg_at_10_diff1": 0.267167,
        "nauc_ndcg_at_20_max": 0.206945,
        "nauc_ndcg_at_20_std": -0.002022,
        "nauc_ndcg_at_20_diff1": 0.258083,
        "nauc_ndcg_at_100_max": 0.206805,
        "nauc_ndcg_at_100_std": -0.007255,
        "nauc_ndcg_at_100_diff1": 0.255632,
        "nauc_ndcg_at_1000_max": 0.210334,
        "nauc_ndcg_at_1000_std": -0.01241,
        "nauc_ndcg_at_1000_diff1": 0.260093,
        "nauc_map_at_1_max": 0.238163,
        "nauc_map_at_1_std": -0.045504,
        "nauc_map_at_1_diff1": 0.387241,
        "nauc_map_at_3_max": 0.223436,
        "nauc_map_at_3_std": -0.038035,
        "nauc_map_at_3_diff1": 0.302055,
        "nauc_map_at_5_max": 0.217976,
        "nauc_map_at_5_std": -0.031999,
        "nauc_map_at_5_diff1": 0.296198,
        "nauc_map_at_10_max": 0.220157,
        "nauc_map_at_10_std": -0.025714,
        "nauc_map_at_10_diff1": 0.293781,
        "nauc_map_at_20_max": 0.217273,
        "nauc_map_at_20_std": -0.023074,
        "nauc_map_at_20_diff1": 0.290916,
        "nauc_map_at_100_max": 0.217225,
        "nauc_map_at_100_std": -0.023768,
        "nauc_map_at_100_diff1": 0.290209,
        "nauc_map_at_1000_max": 0.217173,
        "nauc_map_at_1000_std": -0.023931,
        "nauc_map_at_1000_diff1": 0.290317,
        "nauc_recall_at_1_max": 0.238163,
        "nauc_recall_at_1_std": -0.045504,
        "nauc_recall_at_1_diff1": 0.387241,
        "nauc_recall_at_3_max": 0.216662,
        "nauc_recall_at_3_std": -0.030625,
        "nauc_recall_at_3_diff1": 0.230237,
        "nauc_recall_at_5_max": 0.197508,
        "nauc_recall_at_5_std": -0.01047,
        "nauc_recall_at_5_diff1": 0.211039,
        "nauc_recall_at_10_max": 0.20744,
        "nauc_recall_at_10_std": 0.026785,
        "nauc_recall_at_10_diff1": 0.206156,
        "nauc_recall_at_20_max": 0.178587,
        "nauc_recall_at_20_std": 0.056582,
        "nauc_recall_at_20_diff1": 0.179259,
        "nauc_recall_at_100_max": 0.175227,
        "nauc_recall_at_100_std": 0.036426,
        "nauc_recall_at_100_diff1": 0.162687,
        "nauc_recall_at_1000_max": 0.209273,
        "nauc_recall_at_1000_std": 0.01663,
        "nauc_recall_at_1000_diff1": 0.051476,
        "nauc_precision_at_1_max": 0.238163,
        "nauc_precision_at_1_std": -0.045504,
        "nauc_precision_at_1_diff1": 0.387241,
        "nauc_precision_at_3_max": 0.216662,
        "nauc_precision_at_3_std": -0.030625,
        "nauc_precision_at_3_diff1": 0.230237,
        "nauc_precision_at_5_max": 0.197508,
        "nauc_precision_at_5_std": -0.01047,
        "nauc_precision_at_5_diff1": 0.211039,
        "nauc_precision_at_10_max": 0.20744,
        "nauc_precision_at_10_std": 0.026785,
        "nauc_precision_at_10_diff1": 0.206156,
        "nauc_precision_at_20_max": 0.178587,
        "nauc_precision_at_20_std": 0.056582,
        "nauc_precision_at_20_diff1": 0.179259,
        "nauc_precision_at_100_max": 0.175227,
        "nauc_precision_at_100_std": 0.036426,
        "nauc_precision_at_100_diff1": 0.162687,
        "nauc_precision_at_1000_max": 0.209273,
        "nauc_precision_at_1000_std": 0.01663,
        "nauc_precision_at_1000_diff1": 0.051476,
        "nauc_mrr_at_1_max": 0.238163,
        "nauc_mrr_at_1_std": -0.045504,
        "nauc_mrr_at_1_diff1": 0.387241,
        "nauc_mrr_at_3_max": 0.223436,
        "nauc_mrr_at_3_std": -0.038035,
        "nauc_mrr_at_3_diff1": 0.302055,
        "nauc_mrr_at_5_max": 0.217976,
        "nauc_mrr_at_5_std": -0.031999,
        "nauc_mrr_at_5_diff1": 0.296198,
        "nauc_mrr_at_10_max": 0.220157,
        "nauc_mrr_at_10_std": -0.025714,
        "nauc_mrr_at_10_diff1": 0.293781,
        "nauc_mrr_at_20_max": 0.217273,
        "nauc_mrr_at_20_std": -0.023074,
        "nauc_mrr_at_20_diff1": 0.290916,
        "nauc_mrr_at_100_max": 0.217225,
        "nauc_mrr_at_100_std": -0.023768,
        "nauc_mrr_at_100_diff1": 0.290209,
        "nauc_mrr_at_1000_max": 0.217173,
        "nauc_mrr_at_1000_std": -0.023931,
        "nauc_mrr_at_1000_diff1": 0.290317,
        "main_score": 0.23358,
        "hf_subset": "default",
        "languages": [
          "tur-Latn"
        ]
      }
    ]
  },
  "evaluation_time": 21.1664080619812,
  "kg_co2_emissions": null
}