{
  "dataset_revision": "main",
  "task_name": "FiQA2018TR",
  "mteb_version": "1.31.3",
  "scores": {
    "test": [
      {
        "ndcg_at_1": 0.05093,
        "ndcg_at_3": 0.08489,
        "ndcg_at_5": 0.09558,
        "ndcg_at_10": 0.11211,
        "ndcg_at_20": 0.12983,
        "ndcg_at_100": 0.17088,
        "ndcg_at_1000": 0.22517,
        "map_at_1": 0.05093,
        "map_at_3": 0.07639,
        "map_at_5": 0.08225,
        "map_at_10": 0.08911,
        "map_at_20": 0.09385,
        "map_at_100": 0.09918,
        "map_at_1000": 0.10094,
        "recall_at_1": 0.05093,
        "recall_at_3": 0.10957,
        "recall_at_5": 0.1358,
        "recall_at_10": 0.18673,
        "recall_at_20": 0.25772,
        "recall_at_100": 0.48457,
        "recall_at_1000": 0.92747,
        "precision_at_1": 0.05093,
        "precision_at_3": 0.03652,
        "precision_at_5": 0.02716,
        "precision_at_10": 0.01867,
        "precision_at_20": 0.01289,
        "precision_at_100": 0.00485,
        "precision_at_1000": 0.00093,
        "mrr_at_1": 0.050926,
        "mrr_at_3": 0.076389,
        "mrr_at_5": 0.082253,
        "mrr_at_10": 0.089107,
        "mrr_at_20": 0.093855,
        "mrr_at_100": 0.099182,
        "mrr_at_1000": 0.100938,
        "nauc_ndcg_at_1_max": 0.196017,
        "nauc_ndcg_at_1_std": -0.024302,
        "nauc_ndcg_at_1_diff1": 0.17208,
        "nauc_ndcg_at_3_max": 0.120389,
        "nauc_ndcg_at_3_std": -0.019831,
        "nauc_ndcg_at_3_diff1": 0.095214,
        "nauc_ndcg_at_5_max": 0.107601,
        "nauc_ndcg_at_5_std": -0.025028,
        "nauc_ndcg_at_5_diff1": 0.100281,
        "nauc_ndcg_at_10_max": 0.091908,
        "nauc_ndcg_at_10_std": -0.025041,
        "nauc_ndcg_at_10_diff1": 0.101654,
        "nauc_ndcg_at_20_max": 0.102533,
        "nauc_ndcg_at_20_std": -0.02368,
        "nauc_ndcg_at_20_diff1": 0.111989,
        "nauc_ndcg_at_100_max": 0.103807,
        "nauc_ndcg_at_100_std": -0.008031,
        "nauc_ndcg_at_100_diff1": 0.108602,
        "nauc_ndcg_at_1000_max": 0.104439,
        "nauc_ndcg_at_1000_std": -0.005324,
        "nauc_ndcg_at_1000_diff1": 0.110173,
        "nauc_map_at_1_max": 0.196017,
        "nauc_map_at_1_std": -0.024302,
        "nauc_map_at_1_diff1": 0.17208,
        "nauc_map_at_3_max": 0.134277,
        "nauc_map_at_3_std": -0.018261,
        "nauc_map_at_3_diff1": 0.106439,
        "nauc_map_at_5_max": 0.125834,
        "nauc_map_at_5_std": -0.022329,
        "nauc_map_at_5_diff1": 0.109611,
        "nauc_map_at_10_max": 0.117415,
        "nauc_map_at_10_std": -0.023784,
        "nauc_map_at_10_diff1": 0.108368,
        "nauc_map_at_20_max": 0.12055,
        "nauc_map_at_20_std": -0.023736,
        "nauc_map_at_20_diff1": 0.111587,
        "nauc_map_at_100_max": 0.120396,
        "nauc_map_at_100_std": -0.020245,
        "nauc_map_at_100_diff1": 0.111192,
        "nauc_map_at_1000_max": 0.120924,
        "nauc_map_at_1000_std": -0.020333,
        "nauc_map_at_1000_diff1": 0.111402,
        "nauc_recall_at_1_max": 0.196017,
        "nauc_recall_at_1_std": -0.024302,
        "nauc_recall_at_1_diff1": 0.17208,
        "nauc_recall_at_3_max": 0.091563,
        "nauc_recall_at_3_std": -0.02371,
        "nauc_recall_at_3_diff1": 0.072665,
        "nauc_recall_at_5_max": 0.07205,
        "nauc_recall_at_5_std": -0.030523,
        "nauc_recall_at_5_diff1": 0.083451,
        "nauc_recall_at_10_max": 0.047191,
        "nauc_recall_at_10_std": -0.025678,
        "nauc_recall_at_10_diff1": 0.093816,
        "nauc_recall_at_20_max": 0.07839,
        "nauc_recall_at_20_std": -0.021096,
        "nauc_recall_at_20_diff1": 0.119498,
        "nauc_recall_at_100_max": 0.086628,
        "nauc_recall_at_100_std": 0.020466,
        "nauc_recall_at_100_diff1": 0.106523,
        "nauc_recall_at_1000_max": -0.015083,
        "nauc_recall_at_1000_std": 0.186809,
        "nauc_recall_at_1000_diff1": 0.118027,
        "nauc_precision_at_1_max": 0.196017,
        "nauc_precision_at_1_std": -0.024302,
        "nauc_precision_at_1_diff1": 0.17208,
        "nauc_precision_at_3_max": 0.091563,
        "nauc_precision_at_3_std": -0.02371,
        "nauc_precision_at_3_diff1": 0.072665,
        "nauc_precision_at_5_max": 0.07205,
        "nauc_precision_at_5_std": -0.030523,
        "nauc_precision_at_5_diff1": 0.083451,
        "nauc_precision_at_10_max": 0.047191,
        "nauc_precision_at_10_std": -0.025678,
        "nauc_precision_at_10_diff1": 0.093816,
        "nauc_precision_at_20_max": 0.07839,
        "nauc_precision_at_20_std": -0.021096,
        "nauc_precision_at_20_diff1": 0.119498,
        "nauc_precision_at_100_max": 0.086628,
        "nauc_precision_at_100_std": 0.020466,
        "nauc_precision_at_100_diff1": 0.106523,
        "nauc_precision_at_1000_max": -0.015083,
        "nauc_precision_at_1000_std": 0.186809,
        "nauc_precision_at_1000_diff1": 0.118027,
        "nauc_mrr_at_1_max": 0.196017,
        "nauc_mrr_at_1_std": -0.024302,
        "nauc_mrr_at_1_diff1": 0.17208,
        "nauc_mrr_at_3_max": 0.134277,
        "nauc_mrr_at_3_std": -0.018261,
        "nauc_mrr_at_3_diff1": 0.106439,
        "nauc_mrr_at_5_max": 0.125834,
        "nauc_mrr_at_5_std": -0.022329,
        "nauc_mrr_at_5_diff1": 0.109611,
        "nauc_mrr_at_10_max": 0.117415,
        "nauc_mrr_at_10_std": -0.023784,
        "nauc_mrr_at_10_diff1": 0.108368,
        "nauc_mrr_at_20_max": 0.12055,
        "nauc_mrr_at_20_std": -0.023736,
        "nauc_mrr_at_20_diff1": 0.111587,
        "nauc_mrr_at_100_max": 0.120396,
        "nauc_mrr_at_100_std": -0.020245,
        "nauc_mrr_at_100_diff1": 0.111192,
        "nauc_mrr_at_1000_max": 0.120924,
        "nauc_mrr_at_1000_std": -0.020333,
        "nauc_mrr_at_1000_diff1": 0.111402,
        "main_score": 0.11211,
        "hf_subset": "default",
        "languages": [
          "tur-Latn"
        ]
      }
    ]
  },
  "evaluation_time": 13.567742824554443,
  "kg_co2_emissions": null
}