{
  "dataset_revision": "main",
  "task_name": "MSMarcoTRRetrieval",
  "mteb_version": "1.31.3",
  "scores": {
    "test": [
      {
        "ndcg_at_1": 0.26895,
        "ndcg_at_3": 0.31722,
        "ndcg_at_5": 0.33187,
        "ndcg_at_10": 0.34681,
        "ndcg_at_20": 0.35558,
        "ndcg_at_100": 0.36855,
        "ndcg_at_1000": 0.37638,
        "map_at_1": 0.26895,
        "map_at_3": 0.30505,
        "map_at_5": 0.31327,
        "map_at_10": 0.31948,
        "map_at_20": 0.32194,
        "map_at_100": 0.32381,
        "map_at_1000": 0.3241,
        "recall_at_1": 0.26895,
        "recall_at_3": 0.35257,
        "recall_at_5": 0.38778,
        "recall_at_10": 0.43374,
        "recall_at_20": 0.46797,
        "recall_at_100": 0.53692,
        "recall_at_1000": 0.59902,
        "precision_at_1": 0.26895,
        "precision_at_3": 0.11752,
        "precision_at_5": 0.07756,
        "precision_at_10": 0.04337,
        "precision_at_20": 0.0234,
        "precision_at_100": 0.00537,
        "precision_at_1000": 0.0006,
        "mrr_at_1": 0.268949,
        "mrr_at_3": 0.305053,
        "mrr_at_5": 0.313268,
        "mrr_at_10": 0.319477,
        "mrr_at_20": 0.321939,
        "mrr_at_100": 0.323808,
        "mrr_at_1000": 0.324095,
        "nauc_ndcg_at_1_max": 0.392627,
        "nauc_ndcg_at_1_std": -0.002803,
        "nauc_ndcg_at_1_diff1": 0.595157,
        "nauc_ndcg_at_3_max": 0.374168,
        "nauc_ndcg_at_3_std": 0.026304,
        "nauc_ndcg_at_3_diff1": 0.527519,
        "nauc_ndcg_at_5_max": 0.365936,
        "nauc_ndcg_at_5_std": 0.028685,
        "nauc_ndcg_at_5_diff1": 0.510371,
        "nauc_ndcg_at_10_max": 0.36409,
        "nauc_ndcg_at_10_std": 0.042759,
        "nauc_ndcg_at_10_diff1": 0.498617,
        "nauc_ndcg_at_20_max": 0.359585,
        "nauc_ndcg_at_20_std": 0.044158,
        "nauc_ndcg_at_20_diff1": 0.49414,
        "nauc_ndcg_at_100_max": 0.357172,
        "nauc_ndcg_at_100_std": 0.045847,
        "nauc_ndcg_at_100_diff1": 0.487974,
        "nauc_ndcg_at_1000_max": 0.352495,
        "nauc_ndcg_at_1000_std": 0.045053,
        "nauc_ndcg_at_1000_diff1": 0.485213,
        "nauc_map_at_1_max": 0.392627,
        "nauc_map_at_1_std": -0.002803,
        "nauc_map_at_1_diff1": 0.595157,
        "nauc_map_at_3_max": 0.378636,
        "nauc_map_at_3_std": 0.019942,
        "nauc_map_at_3_diff1": 0.543214,
        "nauc_map_at_5_max": 0.373915,
        "nauc_map_at_5_std": 0.021231,
        "nauc_map_at_5_diff1": 0.53341,
        "nauc_map_at_10_max": 0.373012,
        "nauc_map_at_10_std": 0.02699,
        "nauc_map_at_10_diff1": 0.528305,
        "nauc_map_at_20_max": 0.371649,
        "nauc_map_at_20_std": 0.027413,
        "nauc_map_at_20_diff1": 0.527065,
        "nauc_map_at_100_max": 0.371265,
        "nauc_map_at_100_std": 0.027566,
        "nauc_map_at_100_diff1": 0.526098,
        "nauc_map_at_1000_max": 0.371114,
        "nauc_map_at_1000_std": 0.027505,
        "nauc_map_at_1000_diff1": 0.526009,
        "nauc_recall_at_1_max": 0.392627,
        "nauc_recall_at_1_std": -0.002803,
        "nauc_recall_at_1_diff1": 0.595157,
        "nauc_recall_at_3_max": 0.36172,
        "nauc_recall_at_3_std": 0.043769,
        "nauc_recall_at_3_diff1": 0.484049,
        "nauc_recall_at_5_max": 0.342995,
        "nauc_recall_at_5_std": 0.049332,
        "nauc_recall_at_5_diff1": 0.44512,
        "nauc_recall_at_10_max": 0.338006,
        "nauc_recall_at_10_std": 0.092049,
        "nauc_recall_at_10_diff1": 0.410746,
        "nauc_recall_at_20_max": 0.321247,
        "nauc_recall_at_20_std": 0.097723,
        "nauc_recall_at_20_diff1": 0.392604,
        "nauc_recall_at_100_max": 0.30715,
        "nauc_recall_at_100_std": 0.110592,
        "nauc_recall_at_100_diff1": 0.355704,
        "nauc_recall_at_1000_max": 0.262823,
        "nauc_recall_at_1000_std": 0.109402,
        "nauc_recall_at_1000_diff1": 0.323156,
        "nauc_precision_at_1_max": 0.392627,
        "nauc_precision_at_1_std": -0.002803,
        "nauc_precision_at_1_diff1": 0.595157,
        "nauc_precision_at_3_max": 0.36172,
        "nauc_precision_at_3_std": 0.043769,
        "nauc_precision_at_3_diff1": 0.484049,
        "nauc_precision_at_5_max": 0.342995,
        "nauc_precision_at_5_std": 0.049332,
        "nauc_precision_at_5_diff1": 0.44512,
        "nauc_precision_at_10_max": 0.338006,
        "nauc_precision_at_10_std": 0.092049,
        "nauc_precision_at_10_diff1": 0.410746,
        "nauc_precision_at_20_max": 0.321247,
        "nauc_precision_at_20_std": 0.097723,
        "nauc_precision_at_20_diff1": 0.392604,
        "nauc_precision_at_100_max": 0.30715,
        "nauc_precision_at_100_std": 0.110592,
        "nauc_precision_at_100_diff1": 0.355704,
        "nauc_precision_at_1000_max": 0.262823,
        "nauc_precision_at_1000_std": 0.109402,
        "nauc_precision_at_1000_diff1": 0.323156,
        "nauc_mrr_at_1_max": 0.392627,
        "nauc_mrr_at_1_std": -0.002803,
        "nauc_mrr_at_1_diff1": 0.595157,
        "nauc_mrr_at_3_max": 0.378636,
        "nauc_mrr_at_3_std": 0.019942,
        "nauc_mrr_at_3_diff1": 0.543214,
        "nauc_mrr_at_5_max": 0.373915,
        "nauc_mrr_at_5_std": 0.021231,
        "nauc_mrr_at_5_diff1": 0.53341,
        "nauc_mrr_at_10_max": 0.373012,
        "nauc_mrr_at_10_std": 0.02699,
        "nauc_mrr_at_10_diff1": 0.528305,
        "nauc_mrr_at_20_max": 0.371649,
        "nauc_mrr_at_20_std": 0.027413,
        "nauc_mrr_at_20_diff1": 0.527065,
        "nauc_mrr_at_100_max": 0.371265,
        "nauc_mrr_at_100_std": 0.027566,
        "nauc_mrr_at_100_diff1": 0.526098,
        "nauc_mrr_at_1000_max": 0.371114,
        "nauc_mrr_at_1000_std": 0.027505,
        "nauc_mrr_at_1000_diff1": 0.526009,
        "main_score": 0.34681,
        "hf_subset": "default",
        "languages": [
          "tur-Latn"
        ]
      }
    ]
  },
  "evaluation_time": 8.227757453918457,
  "kg_co2_emissions": null
}