{
  "dataset_revision": "main",
  "task_name": "NFCorpusTR",
  "mteb_version": "1.31.3",
  "scores": {
    "test": [
      {
        "ndcg_at_1": 0.01181,
        "ndcg_at_3": 0.01875,
        "ndcg_at_5": 0.02197,
        "ndcg_at_10": 0.0258,
        "ndcg_at_20": 0.02875,
        "ndcg_at_100": 0.05048,
        "ndcg_at_1000": 0.12187,
        "map_at_1": 0.01181,
        "map_at_3": 0.01706,
        "map_at_5": 0.01883,
        "map_at_10": 0.02042,
        "map_at_20": 0.02122,
        "map_at_100": 0.02394,
        "map_at_1000": 0.02583,
        "recall_at_1": 0.01181,
        "recall_at_3": 0.02362,
        "recall_at_5": 0.0315,
        "recall_at_10": 0.04331,
        "recall_at_20": 0.05512,
        "recall_at_100": 0.17717,
        "recall_at_1000": 0.7874,
        "precision_at_1": 0.01181,
        "precision_at_3": 0.00787,
        "precision_at_5": 0.0063,
        "precision_at_10": 0.00433,
        "precision_at_20": 0.00276,
        "precision_at_100": 0.00177,
        "precision_at_1000": 0.00079,
        "mrr_at_1": 0.011811,
        "mrr_at_3": 0.01706,
        "mrr_at_5": 0.018832,
        "mrr_at_10": 0.020418,
        "mrr_at_20": 0.021219,
        "mrr_at_100": 0.023936,
        "mrr_at_1000": 0.025834,
        "nauc_ndcg_at_1_max": 0.036776,
        "nauc_ndcg_at_1_std": 0.528863,
        "nauc_ndcg_at_1_diff1": 0.500779,
        "nauc_ndcg_at_3_max": -0.024871,
        "nauc_ndcg_at_3_std": 0.473345,
        "nauc_ndcg_at_3_diff1": 0.430635,
        "nauc_ndcg_at_5_max": -0.048642,
        "nauc_ndcg_at_5_std": 0.34357,
        "nauc_ndcg_at_5_diff1": 0.421062,
        "nauc_ndcg_at_10_max": -0.12233,
        "nauc_ndcg_at_10_std": 0.282445,
        "nauc_ndcg_at_10_diff1": 0.341038,
        "nauc_ndcg_at_20_max": -0.138374,
        "nauc_ndcg_at_20_std": 0.255449,
        "nauc_ndcg_at_20_diff1": 0.268092,
        "nauc_ndcg_at_100_max": -0.098147,
        "nauc_ndcg_at_100_std": 0.202216,
        "nauc_ndcg_at_100_diff1": 0.103612,
        "nauc_ndcg_at_1000_max": -0.049111,
        "nauc_ndcg_at_1000_std": 0.186587,
        "nauc_ndcg_at_1000_diff1": 0.131841,
        "nauc_map_at_1_max": 0.036776,
        "nauc_map_at_1_std": 0.528863,
        "nauc_map_at_1_diff1": 0.500779,
        "nauc_map_at_3_max": -0.021058,
        "nauc_map_at_3_std": 0.486777,
        "nauc_map_at_3_diff1": 0.455273,
        "nauc_map_at_5_max": -0.036011,
        "nauc_map_at_5_std": 0.401704,
        "nauc_map_at_5_diff1": 0.44355,
        "nauc_map_at_10_max": -0.075265,
        "nauc_map_at_10_std": 0.365766,
        "nauc_map_at_10_diff1": 0.397791,
        "nauc_map_at_20_max": -0.083523,
        "nauc_map_at_20_std": 0.350931,
        "nauc_map_at_20_diff1": 0.367961,
        "nauc_map_at_100_max": -0.086731,
        "nauc_map_at_100_std": 0.322681,
        "nauc_map_at_100_diff1": 0.321068,
        "nauc_map_at_1000_max": -0.087595,
        "nauc_map_at_1000_std": 0.319561,
        "nauc_map_at_1000_diff1": 0.32105,
        "nauc_recall_at_1_max": 0.036776,
        "nauc_recall_at_1_std": 0.528863,
        "nauc_recall_at_1_diff1": 0.500779,
        "nauc_recall_at_3_max": -0.030884,
        "nauc_recall_at_3_std": 0.444109,
        "nauc_recall_at_3_diff1": 0.375429,
        "nauc_recall_at_5_max": -0.071596,
        "nauc_recall_at_5_std": 0.231208,
        "nauc_recall_at_5_diff1": 0.380971,
        "nauc_recall_at_10_max": -0.201375,
        "nauc_recall_at_10_std": 0.148304,
        "nauc_recall_at_10_diff1": 0.250194,
        "nauc_recall_at_20_max": -0.216332,
        "nauc_recall_at_20_std": 0.126225,
        "nauc_recall_at_20_diff1": 0.120477,
        "nauc_recall_at_100_max": -0.076718,
        "nauc_recall_at_100_std": 0.129696,
        "nauc_recall_at_100_diff1": -0.077633,
        "nauc_recall_at_1000_max": 0.132156,
        "nauc_recall_at_1000_std": 0.068383,
        "nauc_recall_at_1000_diff1": -0.050808,
        "nauc_precision_at_1_max": 0.036776,
        "nauc_precision_at_1_std": 0.528863,
        "nauc_precision_at_1_diff1": 0.500779,
        "nauc_precision_at_3_max": -0.030884,
        "nauc_precision_at_3_std": 0.444109,
        "nauc_precision_at_3_diff1": 0.375429,
        "nauc_precision_at_5_max": -0.071596,
        "nauc_precision_at_5_std": 0.231208,
        "nauc_precision_at_5_diff1": 0.380971,
        "nauc_precision_at_10_max": -0.201375,
        "nauc_precision_at_10_std": 0.148304,
        "nauc_precision_at_10_diff1": 0.250194,
        "nauc_precision_at_20_max": -0.216332,
        "nauc_precision_at_20_std": 0.126225,
        "nauc_precision_at_20_diff1": 0.120477,
        "nauc_precision_at_100_max": -0.076718,
        "nauc_precision_at_100_std": 0.129696,
        "nauc_precision_at_100_diff1": -0.077633,
        "nauc_precision_at_1000_max": 0.132156,
        "nauc_precision_at_1000_std": 0.068383,
        "nauc_precision_at_1000_diff1": -0.050808,
        "nauc_mrr_at_1_max": 0.036776,
        "nauc_mrr_at_1_std": 0.528863,
        "nauc_mrr_at_1_diff1": 0.500779,
        "nauc_mrr_at_3_max": -0.021058,
        "nauc_mrr_at_3_std": 0.486777,
        "nauc_mrr_at_3_diff1": 0.455273,
        "nauc_mrr_at_5_max": -0.036011,
        "nauc_mrr_at_5_std": 0.401704,
        "nauc_mrr_at_5_diff1": 0.44355,
        "nauc_mrr_at_10_max": -0.075265,
        "nauc_mrr_at_10_std": 0.365766,
        "nauc_mrr_at_10_diff1": 0.397791,
        "nauc_mrr_at_20_max": -0.083523,
        "nauc_mrr_at_20_std": 0.350931,
        "nauc_mrr_at_20_diff1": 0.367961,
        "nauc_mrr_at_100_max": -0.086731,
        "nauc_mrr_at_100_std": 0.322681,
        "nauc_mrr_at_100_diff1": 0.321068,
        "nauc_mrr_at_1000_max": -0.087596,
        "nauc_mrr_at_1000_std": 0.319561,
        "nauc_mrr_at_1000_diff1": 0.32105,
        "main_score": 0.0258,
        "hf_subset": "default",
        "languages": [
          "tur-Latn"
        ]
      }
    ]
  },
  "evaluation_time": 33.589863538742065,
  "kg_co2_emissions": null
}