{
  "dataset_revision": "main",
  "task_name": "QuoraRetrievalTR",
  "mteb_version": "1.31.3",
  "scores": {
    "test": [
      {
        "ndcg_at_1": 0.78101,
        "ndcg_at_3": 0.841,
        "ndcg_at_5": 0.85222,
        "ndcg_at_10": 0.86226,
        "ndcg_at_20": 0.86788,
        "ndcg_at_100": 0.87279,
        "ndcg_at_1000": 0.87422,
        "map_at_1": 0.78101,
        "map_at_3": 0.82693,
        "map_at_5": 0.8331,
        "map_at_10": 0.83721,
        "map_at_20": 0.83879,
        "map_at_100": 0.83948,
        "map_at_1000": 0.83954,
        "recall_at_1": 0.78101,
        "recall_at_3": 0.88145,
        "recall_at_5": 0.90889,
        "recall_at_10": 0.94018,
        "recall_at_20": 0.96213,
        "recall_at_100": 0.98847,
        "recall_at_1000": 0.99945,
        "precision_at_1": 0.78101,
        "precision_at_3": 0.29382,
        "precision_at_5": 0.18178,
        "precision_at_10": 0.09402,
        "precision_at_20": 0.04811,
        "precision_at_100": 0.00988,
        "precision_at_1000": 0.001,
        "mrr_at_1": 0.780461,
        "mrr_at_3": 0.826656,
        "mrr_at_5": 0.83283,
        "mrr_at_10": 0.836935,
        "mrr_at_20": 0.838512,
        "mrr_at_100": 0.839203,
        "mrr_at_1000": 0.839263,
        "nauc_ndcg_at_1_max": 0.532848,
        "nauc_ndcg_at_1_std": -0.236692,
        "nauc_ndcg_at_1_diff1": 0.821833,
        "nauc_ndcg_at_3_max": 0.556528,
        "nauc_ndcg_at_3_std": -0.267653,
        "nauc_ndcg_at_3_diff1": 0.816719,
        "nauc_ndcg_at_5_max": 0.553929,
        "nauc_ndcg_at_5_std": -0.281802,
        "nauc_ndcg_at_5_diff1": 0.817803,
        "nauc_ndcg_at_10_max": 0.558275,
        "nauc_ndcg_at_10_std": -0.263841,
        "nauc_ndcg_at_10_diff1": 0.818607,
        "nauc_ndcg_at_20_max": 0.555557,
        "nauc_ndcg_at_20_std": -0.268978,
        "nauc_ndcg_at_20_diff1": 0.816985,
        "nauc_ndcg_at_100_max": 0.554822,
        "nauc_ndcg_at_100_std": -0.256798,
        "nauc_ndcg_at_100_diff1": 0.816641,
        "nauc_ndcg_at_1000_max": 0.553356,
        "nauc_ndcg_at_1000_std": -0.259019,
        "nauc_ndcg_at_1000_diff1": 0.817909,
        "nauc_map_at_1_max": 0.532848,
        "nauc_map_at_1_std": -0.236692,
        "nauc_map_at_1_diff1": 0.821833,
        "nauc_map_at_3_max": 0.550758,
        "nauc_map_at_3_std": -0.258172,
        "nauc_map_at_3_diff1": 0.818283,
        "nauc_map_at_5_max": 0.549384,
        "nauc_map_at_5_std": -0.264424,
        "nauc_map_at_5_diff1": 0.818785,
        "nauc_map_at_10_max": 0.550708,
        "nauc_map_at_10_std": -0.257914,
        "nauc_map_at_10_diff1": 0.81916,
        "nauc_map_at_20_max": 0.550082,
        "nauc_map_at_20_std": -0.259205,
        "nauc_map_at_20_diff1": 0.818766,
        "nauc_map_at_100_max": 0.55015,
        "nauc_map_at_100_std": -0.257301,
        "nauc_map_at_100_diff1": 0.818772,
        "nauc_map_at_1000_max": 0.550098,
        "nauc_map_at_1000_std": -0.257383,
        "nauc_map_at_1000_diff1": 0.818813,
        "nauc_recall_at_1_max": 0.532848,
        "nauc_recall_at_1_std": -0.236692,
        "nauc_recall_at_1_diff1": 0.821833,
        "nauc_recall_at_3_max": 0.579028,
        "nauc_recall_at_3_std": -0.305984,
        "nauc_recall_at_3_diff1": 0.810395,
        "nauc_recall_at_5_max": 0.574626,
        "nauc_recall_at_5_std": -0.372402,
        "nauc_recall_at_5_diff1": 0.813358,
        "nauc_recall_at_10_max": 0.615855,
        "nauc_recall_at_10_std": -0.295097,
        "nauc_recall_at_10_diff1": 0.815637,
        "nauc_recall_at_20_max": 0.611764,
        "nauc_recall_at_20_std": -0.374026,
        "nauc_recall_at_20_diff1": 0.793894,
        "nauc_recall_at_100_max": 0.661958,
        "nauc_recall_at_100_std": -0.041542,
        "nauc_recall_at_100_diff1": 0.714212,
        "nauc_recall_at_1000_max": 0.358044,
        "nauc_recall_at_1000_std": 0.869297,
        "nauc_recall_at_1000_diff1": 0.722279,
        "nauc_precision_at_1_max": 0.532848,
        "nauc_precision_at_1_std": -0.236692,
        "nauc_precision_at_1_diff1": 0.821833,
        "nauc_precision_at_3_max": 0.579028,
        "nauc_precision_at_3_std": -0.305984,
        "nauc_precision_at_3_diff1": 0.810395,
        "nauc_precision_at_5_max": 0.574626,
        "nauc_precision_at_5_std": -0.372402,
        "nauc_precision_at_5_diff1": 0.813358,
        "nauc_precision_at_10_max": 0.615855,
        "nauc_precision_at_10_std": -0.295097,
        "nauc_precision_at_10_diff1": 0.815637,
        "nauc_precision_at_20_max": 0.611764,
        "nauc_precision_at_20_std": -0.374026,
        "nauc_precision_at_20_diff1": 0.793894,
        "nauc_precision_at_100_max": 0.661958,
        "nauc_precision_at_100_std": -0.041542,
        "nauc_precision_at_100_diff1": 0.714212,
        "nauc_precision_at_1000_max": 0.358044,
        "nauc_precision_at_1000_std": 0.869297,
        "nauc_precision_at_1000_diff1": 0.722279,
        "nauc_mrr_at_1_max": 0.528651,
        "nauc_mrr_at_1_std": -0.236693,
        "nauc_mrr_at_1_diff1": 0.822942,
        "nauc_mrr_at_3_max": 0.548137,
        "nauc_mrr_at_3_std": -0.258147,
        "nauc_mrr_at_3_diff1": 0.818975,
        "nauc_mrr_at_5_max": 0.546671,
        "nauc_mrr_at_5_std": -0.264389,
        "nauc_mrr_at_5_diff1": 0.819501,
        "nauc_mrr_at_10_max": 0.547921,
        "nauc_mrr_at_10_std": -0.257887,
        "nauc_mrr_at_10_diff1": 0.819895,
        "nauc_mrr_at_20_max": 0.547266,
        "nauc_mrr_at_20_std": -0.259176,
        "nauc_mrr_at_20_diff1": 0.819509,
        "nauc_mrr_at_100_max": 0.547322,
        "nauc_mrr_at_100_std": -0.257274,
        "nauc_mrr_at_100_diff1": 0.819518,
        "nauc_mrr_at_1000_max": 0.547269,
        "nauc_mrr_at_1000_std": -0.257357,
        "nauc_mrr_at_1000_diff1": 0.819559,
        "main_score": 0.86226,
        "hf_subset": "default",
        "languages": [
          "tur-Latn"
        ]
      }
    ]
  },
  "evaluation_time": 5.8059186935424805,
  "kg_co2_emissions": null
}