{
  "dataset_revision": "main",
  "task_name": "SCIDOCSTR",
  "mteb_version": "1.31.3",
  "scores": {
    "test": [
      {
        "ndcg_at_1": 0.00334,
        "ndcg_at_3": 0.00587,
        "ndcg_at_5": 0.00678,
        "ndcg_at_10": 0.01037,
        "ndcg_at_20": 0.01309,
        "ndcg_at_100": 0.02271,
        "ndcg_at_1000": 0.07636,
        "map_at_1": 0.00334,
        "map_at_3": 0.0052,
        "map_at_5": 0.0057,
        "map_at_10": 0.00718,
        "map_at_20": 0.00787,
        "map_at_100": 0.00902,
        "map_at_1000": 0.01028,
        "recall_at_1": 0.00334,
        "recall_at_3": 0.0078,
        "recall_at_5": 0.01003,
        "recall_at_10": 0.02118,
        "recall_at_20": 0.03233,
        "recall_at_100": 0.08696,
        "recall_at_1000": 0.5563,
        "precision_at_1": 0.00334,
        "precision_at_3": 0.0026,
        "precision_at_5": 0.00201,
        "precision_at_10": 0.00212,
        "precision_at_20": 0.00162,
        "precision_at_100": 0.00087,
        "precision_at_1000": 0.00056,
        "mrr_at_1": 0.003344,
        "mrr_at_3": 0.005203,
        "mrr_at_5": 0.005704,
        "mrr_at_10": 0.007176,
        "mrr_at_20": 0.007871,
        "mrr_at_100": 0.009019,
        "mrr_at_1000": 0.010283,
        "nauc_ndcg_at_1_max": -0.272288,
        "nauc_ndcg_at_1_std": 0.417708,
        "nauc_ndcg_at_1_diff1": 0.560437,
        "nauc_ndcg_at_3_max": -0.218997,
        "nauc_ndcg_at_3_std": 0.371379,
        "nauc_ndcg_at_3_diff1": 0.535475,
        "nauc_ndcg_at_5_max": -0.161976,
        "nauc_ndcg_at_5_std": 0.305115,
        "nauc_ndcg_at_5_diff1": 0.534063,
        "nauc_ndcg_at_10_max": -0.088988,
        "nauc_ndcg_at_10_std": 0.238554,
        "nauc_ndcg_at_10_diff1": 0.229196,
        "nauc_ndcg_at_20_max": -0.051879,
        "nauc_ndcg_at_20_std": 0.231983,
        "nauc_ndcg_at_20_diff1": 0.150114,
        "nauc_ndcg_at_100_max": -0.041984,
        "nauc_ndcg_at_100_std": 0.129207,
        "nauc_ndcg_at_100_diff1": 0.07671,
        "nauc_ndcg_at_1000_max": -0.02162,
        "nauc_ndcg_at_1000_std": 0.067466,
        "nauc_ndcg_at_1000_diff1": 0.097281,
        "nauc_map_at_1_max": -0.272288,
        "nauc_map_at_1_std": 0.417708,
        "nauc_map_at_1_diff1": 0.560437,
        "nauc_map_at_3_max": -0.218661,
        "nauc_map_at_3_std": 0.37969,
        "nauc_map_at_3_diff1": 0.556627,
        "nauc_map_at_5_max": -0.181968,
        "nauc_map_at_5_std": 0.334568,
        "nauc_map_at_5_diff1": 0.551563,
        "nauc_map_at_10_max": -0.13548,
        "nauc_map_at_10_std": 0.293107,
        "nauc_map_at_10_diff1": 0.363485,
        "nauc_map_at_20_max": -0.113904,
        "nauc_map_at_20_std": 0.287549,
        "nauc_map_at_20_diff1": 0.321,
        "nauc_map_at_100_max": -0.101107,
        "nauc_map_at_100_std": 0.2502,
        "nauc_map_at_100_diff1": 0.28074,
        "nauc_map_at_1000_max": -0.095345,
        "nauc_map_at_1000_std": 0.2345,
        "nauc_map_at_1000_diff1": 0.268669,
        "nauc_recall_at_1_max": -0.272288,
        "nauc_recall_at_1_std": 0.417708,
        "nauc_recall_at_1_diff1": 0.560437,
        "nauc_recall_at_3_max": -0.222012,
        "nauc_recall_at_3_std": 0.355078,
        "nauc_recall_at_3_diff1": 0.490022,
        "nauc_recall_at_5_max": -0.12577,
        "nauc_recall_at_5_std": 0.251682,
        "nauc_recall_at_5_diff1": 0.50316,
        "nauc_recall_at_10_max": -0.032569,
        "nauc_recall_at_10_std": 0.171656,
        "nauc_recall_at_10_diff1": 0.063086,
        "nauc_recall_at_20_max": 0.006119,
        "nauc_recall_at_20_std": 0.179842,
        "nauc_recall_at_20_diff1": -0.016359,
        "nauc_recall_at_100_max": -0.018401,
        "nauc_recall_at_100_std": 0.059411,
        "nauc_recall_at_100_diff1": -0.026741,
        "nauc_recall_at_1000_max": 0.000899,
        "nauc_recall_at_1000_std": 0.006414,
        "nauc_recall_at_1000_diff1": 0.071468,
        "nauc_precision_at_1_max": -0.272288,
        "nauc_precision_at_1_std": 0.417708,
        "nauc_precision_at_1_diff1": 0.560437,
        "nauc_precision_at_3_max": -0.222012,
        "nauc_precision_at_3_std": 0.355078,
        "nauc_precision_at_3_diff1": 0.490022,
        "nauc_precision_at_5_max": -0.12577,
        "nauc_precision_at_5_std": 0.251682,
        "nauc_precision_at_5_diff1": 0.50316,
        "nauc_precision_at_10_max": -0.032569,
        "nauc_precision_at_10_std": 0.171656,
        "nauc_precision_at_10_diff1": 0.063086,
        "nauc_precision_at_20_max": 0.006119,
        "nauc_precision_at_20_std": 0.179842,
        "nauc_precision_at_20_diff1": -0.016359,
        "nauc_precision_at_100_max": -0.018401,
        "nauc_precision_at_100_std": 0.059411,
        "nauc_precision_at_100_diff1": -0.026741,
        "nauc_precision_at_1000_max": 0.000899,
        "nauc_precision_at_1000_std": 0.006414,
        "nauc_precision_at_1000_diff1": 0.071468,
        "nauc_mrr_at_1_max": -0.272288,
        "nauc_mrr_at_1_std": 0.417708,
        "nauc_mrr_at_1_diff1": 0.560437,
        "nauc_mrr_at_3_max": -0.218661,
        "nauc_mrr_at_3_std": 0.37969,
        "nauc_mrr_at_3_diff1": 0.556627,
        "nauc_mrr_at_5_max": -0.181968,
        "nauc_mrr_at_5_std": 0.334568,
        "nauc_mrr_at_5_diff1": 0.551563,
        "nauc_mrr_at_10_max": -0.13548,
        "nauc_mrr_at_10_std": 0.293107,
        "nauc_mrr_at_10_diff1": 0.363485,
        "nauc_mrr_at_20_max": -0.113904,
        "nauc_mrr_at_20_std": 0.287549,
        "nauc_mrr_at_20_diff1": 0.321,
        "nauc_mrr_at_100_max": -0.101107,
        "nauc_mrr_at_100_std": 0.2502,
        "nauc_mrr_at_100_diff1": 0.28074,
        "nauc_mrr_at_1000_max": -0.095345,
        "nauc_mrr_at_1000_std": 0.2345,
        "nauc_mrr_at_1000_diff1": 0.268669,
        "main_score": 0.01037,
        "hf_subset": "default",
        "languages": [
          "tur-Latn"
        ]
      }
    ]
  },
  "evaluation_time": 35.186010122299194,
  "kg_co2_emissions": null
}