{
  "dataset_revision": "main",
  "task_name": "SciFactTR",
  "mteb_version": "1.31.3",
  "scores": {
    "test": [
      {
        "ndcg_at_1": 0.16333,
        "ndcg_at_3": 0.21742,
        "ndcg_at_5": 0.23406,
        "ndcg_at_10": 0.25866,
        "ndcg_at_20": 0.29315,
        "ndcg_at_100": 0.35797,
        "ndcg_at_1000": 0.37774,
        "map_at_1": 0.16333,
        "map_at_3": 0.20389,
        "map_at_5": 0.21322,
        "map_at_10": 0.22326,
        "map_at_20": 0.2327,
        "map_at_100": 0.24163,
        "map_at_1000": 0.2427,
        "recall_at_1": 0.16333,
        "recall_at_3": 0.25667,
        "recall_at_5": 0.29667,
        "recall_at_10": 0.37333,
        "recall_at_20": 0.51,
        "recall_at_100": 0.86,
        "recall_at_1000": 1.0,
        "precision_at_1": 0.16333,
        "precision_at_3": 0.08556,
        "precision_at_5": 0.05933,
        "precision_at_10": 0.03733,
        "precision_at_20": 0.0255,
        "precision_at_100": 0.0086,
        "precision_at_1000": 0.001,
        "mrr_at_1": 0.163333,
        "mrr_at_3": 0.203889,
        "mrr_at_5": 0.213222,
        "mrr_at_10": 0.223257,
        "mrr_at_20": 0.232696,
        "mrr_at_100": 0.241634,
        "mrr_at_1000": 0.242695,
        "nauc_ndcg_at_1_max": 0.035933,
        "nauc_ndcg_at_1_std": -0.053698,
        "nauc_ndcg_at_1_diff1": 0.36525,
        "nauc_ndcg_at_3_max": 0.080368,
        "nauc_ndcg_at_3_std": 0.068108,
        "nauc_ndcg_at_3_diff1": 0.301617,
        "nauc_ndcg_at_5_max": 0.078636,
        "nauc_ndcg_at_5_std": 0.063936,
        "nauc_ndcg_at_5_diff1": 0.284573,
        "nauc_ndcg_at_10_max": 0.075276,
        "nauc_ndcg_at_10_std": 0.055243,
        "nauc_ndcg_at_10_diff1": 0.268085,
        "nauc_ndcg_at_20_max": 0.070936,
        "nauc_ndcg_at_20_std": 0.046293,
        "nauc_ndcg_at_20_diff1": 0.26099,
        "nauc_ndcg_at_100_max": 0.074347,
        "nauc_ndcg_at_100_std": 0.064159,
        "nauc_ndcg_at_100_diff1": 0.264914,
        "nauc_ndcg_at_1000_max": 0.07247,
        "nauc_ndcg_at_1000_std": 0.045988,
        "nauc_ndcg_at_1000_diff1": 0.279308,
        "nauc_map_at_1_max": 0.035933,
        "nauc_map_at_1_std": -0.053698,
        "nauc_map_at_1_diff1": 0.36525,
        "nauc_map_at_3_max": 0.070979,
        "nauc_map_at_3_std": 0.040548,
        "nauc_map_at_3_diff1": 0.315058,
        "nauc_map_at_5_max": 0.069797,
        "nauc_map_at_5_std": 0.038178,
        "nauc_map_at_5_diff1": 0.30487,
        "nauc_map_at_10_max": 0.068322,
        "nauc_map_at_10_std": 0.03372,
        "nauc_map_at_10_diff1": 0.297492,
        "nauc_map_at_20_max": 0.06721,
        "nauc_map_at_20_std": 0.030257,
        "nauc_map_at_20_diff1": 0.295365,
        "nauc_map_at_100_max": 0.067725,
        "nauc_map_at_100_std": 0.032756,
        "nauc_map_at_100_diff1": 0.295893,
        "nauc_map_at_1000_max": 0.067746,
        "nauc_map_at_1000_std": 0.031902,
        "nauc_map_at_1000_diff1": 0.296681,
        "nauc_recall_at_1_max": 0.035933,
        "nauc_recall_at_1_std": -0.053698,
        "nauc_recall_at_1_diff1": 0.36525,
        "nauc_recall_at_3_max": 0.104028,
        "nauc_recall_at_3_std": 0.138219,
        "nauc_recall_at_3_diff1": 0.267749,
        "nauc_recall_at_5_max": 0.09999,
        "nauc_recall_at_5_std": 0.126296,
        "nauc_recall_at_5_diff1": 0.233798,
        "nauc_recall_at_10_max": 0.090603,
        "nauc_recall_at_10_std": 0.104331,
        "nauc_recall_at_10_diff1": 0.192535,
        "nauc_recall_at_20_max": 0.075163,
        "nauc_recall_at_20_std": 0.080297,
        "nauc_recall_at_20_diff1": 0.166386,
        "nauc_recall_at_100_max": 0.109579,
        "nauc_recall_at_100_std": 0.306891,
        "nauc_recall_at_100_diff1": 0.079269,
        "nauc_recall_at_1000_max": NaN,
        "nauc_recall_at_1000_std": NaN,
        "nauc_recall_at_1000_diff1": NaN,
        "nauc_precision_at_1_max": 0.035933,
        "nauc_precision_at_1_std": -0.053698,
        "nauc_precision_at_1_diff1": 0.36525,
        "nauc_precision_at_3_max": 0.104028,
        "nauc_precision_at_3_std": 0.138219,
        "nauc_precision_at_3_diff1": 0.267749,
        "nauc_precision_at_5_max": 0.09999,
        "nauc_precision_at_5_std": 0.126296,
        "nauc_precision_at_5_diff1": 0.233798,
        "nauc_precision_at_10_max": 0.090603,
        "nauc_precision_at_10_std": 0.104331,
        "nauc_precision_at_10_diff1": 0.192535,
        "nauc_precision_at_20_max": 0.075163,
        "nauc_precision_at_20_std": 0.080297,
        "nauc_precision_at_20_diff1": 0.166386,
        "nauc_precision_at_100_max": 0.109579,
        "nauc_precision_at_100_std": 0.306891,
        "nauc_precision_at_100_diff1": 0.079269,
        "nauc_precision_at_1000_max": 1.0,
        "nauc_precision_at_1000_std": 1.0,
        "nauc_precision_at_1000_diff1": 1.0,
        "nauc_mrr_at_1_max": 0.035933,
        "nauc_mrr_at_1_std": -0.053698,
        "nauc_mrr_at_1_diff1": 0.36525,
        "nauc_mrr_at_3_max": 0.070979,
        "nauc_mrr_at_3_std": 0.040548,
        "nauc_mrr_at_3_diff1": 0.315058,
        "nauc_mrr_at_5_max": 0.069797,
        "nauc_mrr_at_5_std": 0.038178,
        "nauc_mrr_at_5_diff1": 0.30487,
        "nauc_mrr_at_10_max": 0.068322,
        "nauc_mrr_at_10_std": 0.03372,
        "nauc_mrr_at_10_diff1": 0.297492,
        "nauc_mrr_at_20_max": 0.06721,
        "nauc_mrr_at_20_std": 0.030257,
        "nauc_mrr_at_20_diff1": 0.295365,
        "nauc_mrr_at_100_max": 0.067725,
        "nauc_mrr_at_100_std": 0.032756,
        "nauc_mrr_at_100_diff1": 0.295893,
        "nauc_mrr_at_1000_max": 0.067746,
        "nauc_mrr_at_1000_std": 0.031902,
        "nauc_mrr_at_1000_diff1": 0.296681,
        "main_score": 0.25866,
        "hf_subset": "default",
        "languages": [
          "tur-Latn"
        ]
      }
    ]
  },
  "evaluation_time": 10.073246002197266,
  "kg_co2_emissions": null
}