{
  "dataset_revision": "main",
  "task_name": "SquadTRRetrieval",
  "mteb_version": "1.31.3",
  "scores": {
    "test": [
      {
        "ndcg_at_1": 0.28814,
        "ndcg_at_3": 0.37931,
        "ndcg_at_5": 0.41065,
        "ndcg_at_10": 0.44493,
        "ndcg_at_20": 0.46787,
        "ndcg_at_100": 0.49976,
        "ndcg_at_1000": 0.51325,
        "map_at_1": 0.28814,
        "map_at_3": 0.35681,
        "map_at_5": 0.37422,
        "map_at_10": 0.38833,
        "map_at_20": 0.39456,
        "map_at_100": 0.399,
        "map_at_1000": 0.39952,
        "recall_at_1": 0.28814,
        "recall_at_3": 0.44446,
        "recall_at_5": 0.52044,
        "recall_at_10": 0.6267,
        "recall_at_20": 0.71789,
        "recall_at_100": 0.88928,
        "recall_at_1000": 0.99493,
        "precision_at_1": 0.28814,
        "precision_at_3": 0.14815,
        "precision_at_5": 0.10409,
        "precision_at_10": 0.06267,
        "precision_at_20": 0.03589,
        "precision_at_100": 0.00889,
        "precision_at_1000": 0.00099,
        "mrr_at_1": 0.288144,
        "mrr_at_3": 0.356813,
        "mrr_at_5": 0.374223,
        "mrr_at_10": 0.388325,
        "mrr_at_20": 0.394559,
        "mrr_at_100": 0.399002,
        "mrr_at_1000": 0.399515,
        "nauc_ndcg_at_1_max": 0.290973,
        "nauc_ndcg_at_1_std": 0.033978,
        "nauc_ndcg_at_1_diff1": 0.435375,
        "nauc_ndcg_at_3_max": 0.316869,
        "nauc_ndcg_at_3_std": 0.059142,
        "nauc_ndcg_at_3_diff1": 0.359508,
        "nauc_ndcg_at_5_max": 0.324142,
        "nauc_ndcg_at_5_std": 0.071153,
        "nauc_ndcg_at_5_diff1": 0.347363,
        "nauc_ndcg_at_10_max": 0.332847,
        "nauc_ndcg_at_10_std": 0.08591,
        "nauc_ndcg_at_10_diff1": 0.344265,
        "nauc_ndcg_at_20_max": 0.337573,
        "nauc_ndcg_at_20_std": 0.093597,
        "nauc_ndcg_at_20_diff1": 0.347307,
        "nauc_ndcg_at_100_max": 0.336104,
        "nauc_ndcg_at_100_std": 0.095251,
        "nauc_ndcg_at_100_diff1": 0.35477,
        "nauc_ndcg_at_1000_max": 0.328492,
        "nauc_ndcg_at_1000_std": 0.082302,
        "nauc_ndcg_at_1000_diff1": 0.359785,
        "nauc_map_at_1_max": 0.290973,
        "nauc_map_at_1_std": 0.033978,
        "nauc_map_at_1_diff1": 0.435375,
        "nauc_map_at_3_max": 0.31073,
        "nauc_map_at_3_std": 0.052829,
        "nauc_map_at_3_diff1": 0.377233,
        "nauc_map_at_5_max": 0.314864,
        "nauc_map_at_5_std": 0.059437,
        "nauc_map_at_5_diff1": 0.370658,
        "nauc_map_at_10_max": 0.318248,
        "nauc_map_at_10_std": 0.065125,
        "nauc_map_at_10_diff1": 0.369702,
        "nauc_map_at_20_max": 0.319299,
        "nauc_map_at_20_std": 0.066854,
        "nauc_map_at_20_diff1": 0.370787,
        "nauc_map_at_100_max": 0.318999,
        "nauc_map_at_100_std": 0.067011,
        "nauc_map_at_100_diff1": 0.371849,
        "nauc_map_at_1000_max": 0.318745,
        "nauc_map_at_1000_std": 0.066627,
        "nauc_map_at_1000_diff1": 0.372028,
        "nauc_recall_at_1_max": 0.290973,
        "nauc_recall_at_1_std": 0.033978,
        "nauc_recall_at_1_diff1": 0.435375,
        "nauc_recall_at_3_max": 0.334186,
        "nauc_recall_at_3_std": 0.07709,
        "nauc_recall_at_3_diff1": 0.309614,
        "nauc_recall_at_5_max": 0.352009,
        "nauc_recall_at_5_std": 0.107144,
        "nauc_recall_at_5_diff1": 0.277892,
        "nauc_recall_at_10_max": 0.385617,
        "nauc_recall_at_10_std": 0.163142,
        "nauc_recall_at_10_diff1": 0.257831,
        "nauc_recall_at_20_max": 0.421456,
        "nauc_recall_at_20_std": 0.219634,
        "nauc_recall_at_20_diff1": 0.254319,
        "nauc_recall_at_100_max": 0.501539,
        "nauc_recall_at_100_std": 0.390344,
        "nauc_recall_at_100_diff1": 0.24942,
        "nauc_recall_at_1000_max": 0.562917,
        "nauc_recall_at_1000_std": 0.612258,
        "nauc_recall_at_1000_diff1": 0.283628,
        "nauc_precision_at_1_max": 0.290973,
        "nauc_precision_at_1_std": 0.033978,
        "nauc_precision_at_1_diff1": 0.435375,
        "nauc_precision_at_3_max": 0.334186,
        "nauc_precision_at_3_std": 0.07709,
        "nauc_precision_at_3_diff1": 0.309614,
        "nauc_precision_at_5_max": 0.352009,
        "nauc_precision_at_5_std": 0.107144,
        "nauc_precision_at_5_diff1": 0.277892,
        "nauc_precision_at_10_max": 0.385617,
        "nauc_precision_at_10_std": 0.163142,
        "nauc_precision_at_10_diff1": 0.257831,
        "nauc_precision_at_20_max": 0.421456,
        "nauc_precision_at_20_std": 0.219634,
        "nauc_precision_at_20_diff1": 0.254319,
        "nauc_precision_at_100_max": 0.501539,
        "nauc_precision_at_100_std": 0.390344,
        "nauc_precision_at_100_diff1": 0.24942,
        "nauc_precision_at_1000_max": 0.562917,
        "nauc_precision_at_1000_std": 0.612258,
        "nauc_precision_at_1000_diff1": 0.283628,
        "nauc_mrr_at_1_max": 0.290973,
        "nauc_mrr_at_1_std": 0.033978,
        "nauc_mrr_at_1_diff1": 0.435375,
        "nauc_mrr_at_3_max": 0.31073,
        "nauc_mrr_at_3_std": 0.052829,
        "nauc_mrr_at_3_diff1": 0.377233,
        "nauc_mrr_at_5_max": 0.314864,
        "nauc_mrr_at_5_std": 0.059437,
        "nauc_mrr_at_5_diff1": 0.370658,
        "nauc_mrr_at_10_max": 0.318248,
        "nauc_mrr_at_10_std": 0.065125,
        "nauc_mrr_at_10_diff1": 0.369702,
        "nauc_mrr_at_20_max": 0.319299,
        "nauc_mrr_at_20_std": 0.066854,
        "nauc_mrr_at_20_diff1": 0.370787,
        "nauc_mrr_at_100_max": 0.318999,
        "nauc_mrr_at_100_std": 0.067011,
        "nauc_mrr_at_100_diff1": 0.371849,
        "nauc_mrr_at_1000_max": 0.318745,
        "nauc_mrr_at_1000_std": 0.066627,
        "nauc_mrr_at_1000_diff1": 0.372028,
        "main_score": 0.44493,
        "hf_subset": "default",
        "languages": [
          "tur-Latn"
        ]
      }
    ]
  },
  "evaluation_time": 46.14454698562622,
  "kg_co2_emissions": null
}