{
  "dataset_revision": "main",
  "task_name": "TQuadRetrieval",
  "mteb_version": "1.31.3",
  "scores": {
    "test": [
      {
        "ndcg_at_1": 0.44507,
        "ndcg_at_3": 0.54153,
        "ndcg_at_5": 0.57091,
        "ndcg_at_10": 0.60556,
        "ndcg_at_20": 0.62776,
        "ndcg_at_100": 0.64685,
        "ndcg_at_1000": 0.65008,
        "map_at_1": 0.44507,
        "map_at_3": 0.51756,
        "map_at_5": 0.53376,
        "map_at_10": 0.54819,
        "map_at_20": 0.55432,
        "map_at_100": 0.55719,
        "map_at_1000": 0.55734,
        "recall_at_1": 0.44507,
        "recall_at_3": 0.61099,
        "recall_at_5": 0.68274,
        "recall_at_10": 0.78924,
        "recall_at_20": 0.87668,
        "recall_at_100": 0.97646,
        "recall_at_1000": 1.0,
        "precision_at_1": 0.44507,
        "precision_at_3": 0.20366,
        "precision_at_5": 0.13655,
        "precision_at_10": 0.07892,
        "precision_at_20": 0.04383,
        "precision_at_100": 0.00976,
        "precision_at_1000": 0.001,
        "mrr_at_1": 0.446188,
        "mrr_at_3": 0.518124,
        "mrr_at_5": 0.534324,
        "mrr_at_10": 0.548749,
        "mrr_at_20": 0.554884,
        "mrr_at_100": 0.557748,
        "mrr_at_1000": 0.557904,
        "nauc_ndcg_at_1_max": 0.310905,
        "nauc_ndcg_at_1_std": -0.040759,
        "nauc_ndcg_at_1_diff1": 0.483841,
        "nauc_ndcg_at_3_max": 0.316353,
        "nauc_ndcg_at_3_std": -0.0404,
        "nauc_ndcg_at_3_diff1": 0.402575,
        "nauc_ndcg_at_5_max": 0.330084,
        "nauc_ndcg_at_5_std": -0.012522,
        "nauc_ndcg_at_5_diff1": 0.392768,
        "nauc_ndcg_at_10_max": 0.346048,
        "nauc_ndcg_at_10_std": 0.010914,
        "nauc_ndcg_at_10_diff1": 0.398182,
        "nauc_ndcg_at_20_max": 0.338548,
        "nauc_ndcg_at_20_std": 0.015034,
        "nauc_ndcg_at_20_diff1": 0.399119,
        "nauc_ndcg_at_100_max": 0.338231,
        "nauc_ndcg_at_100_std": 0.003526,
        "nauc_ndcg_at_100_diff1": 0.405877,
        "nauc_ndcg_at_1000_max": 0.332947,
        "nauc_ndcg_at_1000_std": -0.006213,
        "nauc_ndcg_at_1000_diff1": 0.412578,
        "nauc_map_at_1_max": 0.310905,
        "nauc_map_at_1_std": -0.040759,
        "nauc_map_at_1_diff1": 0.483841,
        "nauc_map_at_3_max": 0.315494,
        "nauc_map_at_3_std": -0.040355,
        "nauc_map_at_3_diff1": 0.424034,
        "nauc_map_at_5_max": 0.322352,
        "nauc_map_at_5_std": -0.025788,
        "nauc_map_at_5_diff1": 0.419001,
        "nauc_map_at_10_max": 0.328691,
        "nauc_map_at_10_std": -0.017038,
        "nauc_map_at_10_diff1": 0.422377,
        "nauc_map_at_20_max": 0.326581,
        "nauc_map_at_20_std": -0.016503,
        "nauc_map_at_20_diff1": 0.422901,
        "nauc_map_at_100_max": 0.326684,
        "nauc_map_at_100_std": -0.018028,
        "nauc_map_at_100_diff1": 0.423899,
        "nauc_map_at_1000_max": 0.326474,
        "nauc_map_at_1000_std": -0.018405,
        "nauc_map_at_1000_diff1": 0.424161,
        "nauc_recall_at_1_max": 0.310905,
        "nauc_recall_at_1_std": -0.040759,
        "nauc_recall_at_1_diff1": 0.483841,
        "nauc_recall_at_3_max": 0.318819,
        "nauc_recall_at_3_std": -0.040605,
        "nauc_recall_at_3_diff1": 0.334631,
        "nauc_recall_at_5_max": 0.360083,
        "nauc_recall_at_5_std": 0.039402,
        "nauc_recall_at_5_diff1": 0.298929,
        "nauc_recall_at_10_max": 0.439669,
        "nauc_recall_at_10_std": 0.163659,
        "nauc_recall_at_10_diff1": 0.283684,
        "nauc_recall_at_20_max": 0.431521,
        "nauc_recall_at_20_std": 0.294031,
        "nauc_recall_at_20_diff1": 0.2228,
        "nauc_recall_at_100_max": 0.746115,
        "nauc_recall_at_100_std": 0.759633,
        "nauc_recall_at_100_diff1": -0.11228,
        "nauc_recall_at_1000_max": NaN,
        "nauc_recall_at_1000_std": NaN,
        "nauc_recall_at_1000_diff1": NaN,
        "nauc_precision_at_1_max": 0.310905,
        "nauc_precision_at_1_std": -0.040759,
        "nauc_precision_at_1_diff1": 0.483841,
        "nauc_precision_at_3_max": 0.318819,
        "nauc_precision_at_3_std": -0.040605,
        "nauc_precision_at_3_diff1": 0.334631,
        "nauc_precision_at_5_max": 0.360083,
        "nauc_precision_at_5_std": 0.039402,
        "nauc_precision_at_5_diff1": 0.298929,
        "nauc_precision_at_10_max": 0.439669,
        "nauc_precision_at_10_std": 0.163659,
        "nauc_precision_at_10_diff1": 0.283684,
        "nauc_precision_at_20_max": 0.431521,
        "nauc_precision_at_20_std": 0.294031,
        "nauc_precision_at_20_diff1": 0.2228,
        "nauc_precision_at_100_max": 0.746115,
        "nauc_precision_at_100_std": 0.759633,
        "nauc_precision_at_100_diff1": -0.11228,
        "nauc_precision_at_1000_max": NaN,
        "nauc_precision_at_1000_std": NaN,
        "nauc_precision_at_1000_diff1": NaN,
        "nauc_mrr_at_1_max": 0.307833,
        "nauc_mrr_at_1_std": -0.039008,
        "nauc_mrr_at_1_diff1": 0.480888,
        "nauc_mrr_at_3_max": 0.313867,
        "nauc_mrr_at_3_std": -0.039426,
        "nauc_mrr_at_3_diff1": 0.422456,
        "nauc_mrr_at_5_max": 0.320683,
        "nauc_mrr_at_5_std": -0.024831,
        "nauc_mrr_at_5_diff1": 0.417379,
        "nauc_mrr_at_10_max": 0.32697,
        "nauc_mrr_at_10_std": -0.01605,
        "nauc_mrr_at_10_diff1": 0.420706,
        "nauc_mrr_at_20_max": 0.324831,
        "nauc_mrr_at_20_std": -0.015498,
        "nauc_mrr_at_20_diff1": 0.421202,
        "nauc_mrr_at_100_max": 0.324919,
        "nauc_mrr_at_100_std": -0.017014,
        "nauc_mrr_at_100_diff1": 0.422185,
        "nauc_mrr_at_1000_max": 0.324708,
        "nauc_mrr_at_1000_std": -0.017391,
        "nauc_mrr_at_1000_diff1": 0.422446,
        "main_score": 0.60556,
        "hf_subset": "default",
        "languages": [
          "tur-Latn"
        ]
      }
    ]
  },
  "evaluation_time": 2.5244717597961426,
  "kg_co2_emissions": null
}