{
  "dataset_revision": "51adfef1c1287aab1d2d91b5bead9bcfb9c68583",
  "task_name": "XQuADRetrieval",
  "mteb_version": "1.31.3",
  "scores": {
    "validation": [
      {
        "ndcg_at_1": 0.56419,
        "ndcg_at_3": 0.6759,
        "ndcg_at_5": 0.70149,
        "ndcg_at_10": 0.72374,
        "ndcg_at_20": 0.73519,
        "ndcg_at_100": 0.74576,
        "ndcg_at_1000": 0.74752,
        "map_at_1": 0.56419,
        "map_at_3": 0.64879,
        "map_at_5": 0.66289,
        "map_at_10": 0.67232,
        "map_at_20": 0.67541,
        "map_at_100": 0.67683,
        "map_at_1000": 0.67692,
        "recall_at_1": 0.56419,
        "recall_at_3": 0.75422,
        "recall_at_5": 0.81672,
        "recall_at_10": 0.88429,
        "recall_at_20": 0.9299,
        "recall_at_100": 0.98733,
        "recall_at_1000": 1.0,
        "precision_at_1": 0.56419,
        "precision_at_3": 0.25141,
        "precision_at_5": 0.16334,
        "precision_at_10": 0.08843,
        "precision_at_20": 0.04649,
        "precision_at_100": 0.00987,
        "precision_at_1000": 0.001,
        "mrr_at_1": 0.564189,
        "mrr_at_3": 0.648789,
        "mrr_at_5": 0.662894,
        "mrr_at_10": 0.672317,
        "mrr_at_20": 0.675413,
        "mrr_at_100": 0.676835,
        "mrr_at_1000": 0.676925,
        "nauc_ndcg_at_1_max": 0.430251,
        "nauc_ndcg_at_1_std": 0.143012,
        "nauc_ndcg_at_1_diff1": 0.643895,
        "nauc_ndcg_at_3_max": 0.427344,
        "nauc_ndcg_at_3_std": 0.152143,
        "nauc_ndcg_at_3_diff1": 0.601521,
        "nauc_ndcg_at_5_max": 0.440754,
        "nauc_ndcg_at_5_std": 0.153998,
        "nauc_ndcg_at_5_diff1": 0.592575,
        "nauc_ndcg_at_10_max": 0.447941,
        "nauc_ndcg_at_10_std": 0.169431,
        "nauc_ndcg_at_10_diff1": 0.598049,
        "nauc_ndcg_at_20_max": 0.443866,
        "nauc_ndcg_at_20_std": 0.17097,
        "nauc_ndcg_at_20_diff1": 0.600444,
        "nauc_ndcg_at_100_max": 0.44255,
        "nauc_ndcg_at_100_std": 0.163719,
        "nauc_ndcg_at_100_diff1": 0.606381,
        "nauc_ndcg_at_1000_max": 0.439802,
        "nauc_ndcg_at_1000_std": 0.160752,
        "nauc_ndcg_at_1000_diff1": 0.606474,
        "nauc_map_at_1_max": 0.430251,
        "nauc_map_at_1_std": 0.143012,
        "nauc_map_at_1_diff1": 0.643895,
        "nauc_map_at_3_max": 0.427728,
        "nauc_map_at_3_std": 0.149432,
        "nauc_map_at_3_diff1": 0.611986,
        "nauc_map_at_5_max": 0.434852,
        "nauc_map_at_5_std": 0.149893,
        "nauc_map_at_5_diff1": 0.607707,
        "nauc_map_at_10_max": 0.437444,
        "nauc_map_at_10_std": 0.155498,
        "nauc_map_at_10_diff1": 0.6103,
        "nauc_map_at_20_max": 0.436461,
        "nauc_map_at_20_std": 0.155662,
        "nauc_map_at_20_diff1": 0.610817,
        "nauc_map_at_100_max": 0.436329,
        "nauc_map_at_100_std": 0.155093,
        "nauc_map_at_100_diff1": 0.611502,
        "nauc_map_at_1000_max": 0.436222,
        "nauc_map_at_1000_std": 0.154976,
        "nauc_map_at_1000_diff1": 0.611501,
        "nauc_recall_at_1_max": 0.430251,
        "nauc_recall_at_1_std": 0.143012,
        "nauc_recall_at_1_diff1": 0.643895,
        "nauc_recall_at_3_max": 0.426156,
        "nauc_recall_at_3_std": 0.162213,
        "nauc_recall_at_3_diff1": 0.563708,
        "nauc_recall_at_5_max": 0.470086,
        "nauc_recall_at_5_std": 0.17381,
        "nauc_recall_at_5_diff1": 0.523416,
        "nauc_recall_at_10_max": 0.527059,
        "nauc_recall_at_10_std": 0.276491,
        "nauc_recall_at_10_diff1": 0.519179,
        "nauc_recall_at_20_max": 0.524556,
        "nauc_recall_at_20_std": 0.36236,
        "nauc_recall_at_20_diff1": 0.503999,
        "nauc_recall_at_100_max": 0.763693,
        "nauc_recall_at_100_std": 0.509599,
        "nauc_recall_at_100_diff1": 0.590622,
        "nauc_recall_at_1000_max": NaN,
        "nauc_recall_at_1000_std": NaN,
        "nauc_recall_at_1000_diff1": NaN,
        "nauc_precision_at_1_max": 0.430251,
        "nauc_precision_at_1_std": 0.143012,
        "nauc_precision_at_1_diff1": 0.643895,
        "nauc_precision_at_3_max": 0.426156,
        "nauc_precision_at_3_std": 0.162213,
        "nauc_precision_at_3_diff1": 0.563708,
        "nauc_precision_at_5_max": 0.470086,
        "nauc_precision_at_5_std": 0.17381,
        "nauc_precision_at_5_diff1": 0.523416,
        "nauc_precision_at_10_max": 0.527059,
        "nauc_precision_at_10_std": 0.276491,
        "nauc_precision_at_10_diff1": 0.519179,
        "nauc_precision_at_20_max": 0.524556,
        "nauc_precision_at_20_std": 0.36236,
        "nauc_precision_at_20_diff1": 0.503999,
        "nauc_precision_at_100_max": 0.763693,
        "nauc_precision_at_100_std": 0.509599,
        "nauc_precision_at_100_diff1": 0.590622,
        "nauc_precision_at_1000_max": 1.0,
        "nauc_precision_at_1000_std": 1.0,
        "nauc_precision_at_1000_diff1": 1.0,
        "nauc_mrr_at_1_max": 0.430251,
        "nauc_mrr_at_1_std": 0.143012,
        "nauc_mrr_at_1_diff1": 0.643895,
        "nauc_mrr_at_3_max": 0.427728,
        "nauc_mrr_at_3_std": 0.149432,
        "nauc_mrr_at_3_diff1": 0.611986,
        "nauc_mrr_at_5_max": 0.434852,
        "nauc_mrr_at_5_std": 0.149893,
        "nauc_mrr_at_5_diff1": 0.607707,
        "nauc_mrr_at_10_max": 0.437444,
        "nauc_mrr_at_10_std": 0.155498,
        "nauc_mrr_at_10_diff1": 0.6103,
        "nauc_mrr_at_20_max": 0.436461,
        "nauc_mrr_at_20_std": 0.155662,
        "nauc_mrr_at_20_diff1": 0.610817,
        "nauc_mrr_at_100_max": 0.436329,
        "nauc_mrr_at_100_std": 0.155093,
        "nauc_mrr_at_100_diff1": 0.611502,
        "nauc_mrr_at_1000_max": 0.436222,
        "nauc_mrr_at_1000_std": 0.154976,
        "nauc_mrr_at_1000_diff1": 0.611501,
        "main_score": 0.72374,
        "hf_subset": "tr",
        "languages": [
          "tur-Latn"
        ]
      }
    ]
  },
  "evaluation_time": 6.142649173736572,
  "kg_co2_emissions": null
}