{
  "dataset_revision": "main",
  "task_name": "FiQA2018TR",
  "mteb_version": "1.31.3",
  "scores": {
    "test": [
      {
        "ndcg_at_1": 0.06327,
        "ndcg_at_3": 0.10036,
        "ndcg_at_5": 0.10814,
        "ndcg_at_10": 0.11945,
        "ndcg_at_20": 0.12928,
        "ndcg_at_100": 0.15914,
        "ndcg_at_1000": 0.21218,
        "map_at_1": 0.06327,
        "map_at_3": 0.09131,
        "map_at_5": 0.0957,
        "map_at_10": 0.10028,
        "map_at_20": 0.10302,
        "map_at_100": 0.10696,
        "map_at_1000": 0.10834,
        "recall_at_1": 0.06327,
        "recall_at_3": 0.12654,
        "recall_at_5": 0.14506,
        "recall_at_10": 0.18056,
        "recall_at_20": 0.21914,
        "recall_at_100": 0.38272,
        "recall_at_1000": 0.83642,
        "precision_at_1": 0.06327,
        "precision_at_3": 0.04218,
        "precision_at_5": 0.02901,
        "precision_at_10": 0.01806,
        "precision_at_20": 0.01096,
        "precision_at_100": 0.00383,
        "precision_at_1000": 0.00084,
        "mrr_at_1": 0.063272,
        "mrr_at_3": 0.091307,
        "mrr_at_5": 0.095705,
        "mrr_at_10": 0.100284,
        "mrr_at_20": 0.103023,
        "mrr_at_100": 0.106959,
        "mrr_at_1000": 0.108344,
        "nauc_ndcg_at_1_max": 0.172154,
        "nauc_ndcg_at_1_std": -0.023901,
        "nauc_ndcg_at_1_diff1": 0.430026,
        "nauc_ndcg_at_3_max": 0.138309,
        "nauc_ndcg_at_3_std": 0.075246,
        "nauc_ndcg_at_3_diff1": 0.229224,
        "nauc_ndcg_at_5_max": 0.121366,
        "nauc_ndcg_at_5_std": 0.066927,
        "nauc_ndcg_at_5_diff1": 0.2138,
        "nauc_ndcg_at_10_max": 0.134892,
        "nauc_ndcg_at_10_std": 0.077149,
        "nauc_ndcg_at_10_diff1": 0.215001,
        "nauc_ndcg_at_20_max": 0.120714,
        "nauc_ndcg_at_20_std": 0.071678,
        "nauc_ndcg_at_20_diff1": 0.197557,
        "nauc_ndcg_at_100_max": 0.142068,
        "nauc_ndcg_at_100_std": 0.102075,
        "nauc_ndcg_at_100_diff1": 0.18379,
        "nauc_ndcg_at_1000_max": 0.131716,
        "nauc_ndcg_at_1000_std": 0.087756,
        "nauc_ndcg_at_1000_diff1": 0.187893,
        "nauc_map_at_1_max": 0.172154,
        "nauc_map_at_1_std": -0.023901,
        "nauc_map_at_1_diff1": 0.430026,
        "nauc_map_at_3_max": 0.144592,
        "nauc_map_at_3_std": 0.060201,
        "nauc_map_at_3_diff1": 0.261726,
        "nauc_map_at_5_max": 0.133727,
        "nauc_map_at_5_std": 0.055617,
        "nauc_map_at_5_diff1": 0.250948,
        "nauc_map_at_10_max": 0.139538,
        "nauc_map_at_10_std": 0.06114,
        "nauc_map_at_10_diff1": 0.24943,
        "nauc_map_at_20_max": 0.134621,
        "nauc_map_at_20_std": 0.059358,
        "nauc_map_at_20_diff1": 0.242868,
        "nauc_map_at_100_max": 0.137393,
        "nauc_map_at_100_std": 0.06372,
        "nauc_map_at_100_diff1": 0.238401,
        "nauc_map_at_1000_max": 0.136986,
        "nauc_map_at_1000_std": 0.063403,
        "nauc_map_at_1000_diff1": 0.238678,
        "nauc_recall_at_1_max": 0.172154,
        "nauc_recall_at_1_std": -0.023901,
        "nauc_recall_at_1_diff1": 0.430026,
        "nauc_recall_at_3_max": 0.124606,
        "nauc_recall_at_3_std": 0.107088,
        "nauc_recall_at_3_diff1": 0.159717,
        "nauc_recall_at_5_max": 0.09467,
        "nauc_recall_at_5_std": 0.088254,
        "nauc_recall_at_5_diff1": 0.137938,
        "nauc_recall_at_10_max": 0.12906,
        "nauc_recall_at_10_std": 0.106447,
        "nauc_recall_at_10_diff1": 0.155043,
        "nauc_recall_at_20_max": 0.093878,
        "nauc_recall_at_20_std": 0.089956,
        "nauc_recall_at_20_diff1": 0.117832,
        "nauc_recall_at_100_max": 0.169254,
        "nauc_recall_at_100_std": 0.18757,
        "nauc_recall_at_100_diff1": 0.098665,
        "nauc_recall_at_1000_max": 0.109679,
        "nauc_recall_at_1000_std": 0.140241,
        "nauc_recall_at_1000_diff1": 0.033147,
        "nauc_precision_at_1_max": 0.172154,
        "nauc_precision_at_1_std": -0.023901,
        "nauc_precision_at_1_diff1": 0.430026,
        "nauc_precision_at_3_max": 0.124606,
        "nauc_precision_at_3_std": 0.107088,
        "nauc_precision_at_3_diff1": 0.159717,
        "nauc_precision_at_5_max": 0.09467,
        "nauc_precision_at_5_std": 0.088254,
        "nauc_precision_at_5_diff1": 0.137938,
        "nauc_precision_at_10_max": 0.12906,
        "nauc_precision_at_10_std": 0.106447,
        "nauc_precision_at_10_diff1": 0.155043,
        "nauc_precision_at_20_max": 0.093878,
        "nauc_precision_at_20_std": 0.089956,
        "nauc_precision_at_20_diff1": 0.117832,
        "nauc_precision_at_100_max": 0.169254,
        "nauc_precision_at_100_std": 0.18757,
        "nauc_precision_at_100_diff1": 0.098665,
        "nauc_precision_at_1000_max": 0.109679,
        "nauc_precision_at_1000_std": 0.140241,
        "nauc_precision_at_1000_diff1": 0.033147,
        "nauc_mrr_at_1_max": 0.172154,
        "nauc_mrr_at_1_std": -0.023901,
        "nauc_mrr_at_1_diff1": 0.430026,
        "nauc_mrr_at_3_max": 0.144592,
        "nauc_mrr_at_3_std": 0.060201,
        "nauc_mrr_at_3_diff1": 0.261726,
        "nauc_mrr_at_5_max": 0.133727,
        "nauc_mrr_at_5_std": 0.055617,
        "nauc_mrr_at_5_diff1": 0.250948,
        "nauc_mrr_at_10_max": 0.139538,
        "nauc_mrr_at_10_std": 0.06114,
        "nauc_mrr_at_10_diff1": 0.24943,
        "nauc_mrr_at_20_max": 0.134621,
        "nauc_mrr_at_20_std": 0.059358,
        "nauc_mrr_at_20_diff1": 0.242868,
        "nauc_mrr_at_100_max": 0.137393,
        "nauc_mrr_at_100_std": 0.06372,
        "nauc_mrr_at_100_diff1": 0.238401,
        "nauc_mrr_at_1000_max": 0.136986,
        "nauc_mrr_at_1000_std": 0.063403,
        "nauc_mrr_at_1000_diff1": 0.238678,
        "main_score": 0.11945,
        "hf_subset": "default",
        "languages": [
          "tur-Latn"
        ]
      }
    ]
  },
  "evaluation_time": 3.389418601989746,
  "kg_co2_emissions": null
}