{
  "dataset_revision": "main",
  "task_name": "MSMarcoTRRetrieval",
  "mteb_version": "1.31.3",
  "scores": {
    "test": [
      {
        "ndcg_at_1": 0.26553,
        "ndcg_at_3": 0.30127,
        "ndcg_at_5": 0.30973,
        "ndcg_at_10": 0.32028,
        "ndcg_at_20": 0.32578,
        "ndcg_at_100": 0.33816,
        "ndcg_at_1000": 0.35265,
        "map_at_1": 0.26553,
        "map_at_3": 0.2925,
        "map_at_5": 0.29707,
        "map_at_10": 0.30149,
        "map_at_20": 0.30297,
        "map_at_100": 0.3046,
        "map_at_1000": 0.30504,
        "recall_at_1": 0.26553,
        "recall_at_3": 0.32665,
        "recall_at_5": 0.34768,
        "recall_at_10": 0.37995,
        "recall_at_20": 0.40196,
        "recall_at_100": 0.46993,
        "recall_at_1000": 0.58973,
        "precision_at_1": 0.26553,
        "precision_at_3": 0.10888,
        "precision_at_5": 0.06954,
        "precision_at_10": 0.038,
        "precision_at_20": 0.0201,
        "precision_at_100": 0.0047,
        "precision_at_1000": 0.00059,
        "mrr_at_1": 0.265526,
        "mrr_at_3": 0.292502,
        "mrr_at_5": 0.297074,
        "mrr_at_10": 0.301494,
        "mrr_at_20": 0.30297,
        "mrr_at_100": 0.304595,
        "mrr_at_1000": 0.305044,
        "nauc_ndcg_at_1_max": 0.283439,
        "nauc_ndcg_at_1_std": -0.157853,
        "nauc_ndcg_at_1_diff1": 0.704774,
        "nauc_ndcg_at_3_max": 0.290955,
        "nauc_ndcg_at_3_std": -0.129436,
        "nauc_ndcg_at_3_diff1": 0.648782,
        "nauc_ndcg_at_5_max": 0.290685,
        "nauc_ndcg_at_5_std": -0.12798,
        "nauc_ndcg_at_5_diff1": 0.641334,
        "nauc_ndcg_at_10_max": 0.286852,
        "nauc_ndcg_at_10_std": -0.125188,
        "nauc_ndcg_at_10_diff1": 0.632841,
        "nauc_ndcg_at_20_max": 0.28262,
        "nauc_ndcg_at_20_std": -0.124992,
        "nauc_ndcg_at_20_diff1": 0.625323,
        "nauc_ndcg_at_100_max": 0.283759,
        "nauc_ndcg_at_100_std": -0.11475,
        "nauc_ndcg_at_100_diff1": 0.611177,
        "nauc_ndcg_at_1000_max": 0.287277,
        "nauc_ndcg_at_1000_std": -0.102996,
        "nauc_ndcg_at_1000_diff1": 0.600802,
        "nauc_map_at_1_max": 0.283439,
        "nauc_map_at_1_std": -0.157853,
        "nauc_map_at_1_diff1": 0.704774,
        "nauc_map_at_3_max": 0.28851,
        "nauc_map_at_3_std": -0.136516,
        "nauc_map_at_3_diff1": 0.661284,
        "nauc_map_at_5_max": 0.288486,
        "nauc_map_at_5_std": -0.135668,
        "nauc_map_at_5_diff1": 0.657072,
        "nauc_map_at_10_max": 0.286585,
        "nauc_map_at_10_std": -0.134708,
        "nauc_map_at_10_diff1": 0.653449,
        "nauc_map_at_20_max": 0.285298,
        "nauc_map_at_20_std": -0.134835,
        "nauc_map_at_20_diff1": 0.651383,
        "nauc_map_at_100_max": 0.285297,
        "nauc_map_at_100_std": -0.133635,
        "nauc_map_at_100_diff1": 0.649449,
        "nauc_map_at_1000_max": 0.285367,
        "nauc_map_at_1000_std": -0.133272,
        "nauc_map_at_1000_diff1": 0.649129,
        "nauc_recall_at_1_max": 0.283439,
        "nauc_recall_at_1_std": -0.157853,
        "nauc_recall_at_1_diff1": 0.704774,
        "nauc_recall_at_3_max": 0.298035,
        "nauc_recall_at_3_std": -0.109555,
        "nauc_recall_at_3_diff1": 0.614215,
        "nauc_recall_at_5_max": 0.296846,
        "nauc_recall_at_5_std": -0.106394,
        "nauc_recall_at_5_diff1": 0.597079,
        "nauc_recall_at_10_max": 0.286924,
        "nauc_recall_at_10_std": -0.097315,
        "nauc_recall_at_10_diff1": 0.57276,
        "nauc_recall_at_20_max": 0.271796,
        "nauc_recall_at_20_std": -0.095438,
        "nauc_recall_at_20_diff1": 0.544689,
        "nauc_recall_at_100_max": 0.280015,
        "nauc_recall_at_100_std": -0.037861,
        "nauc_recall_at_100_diff1": 0.468563,
        "nauc_recall_at_1000_max": 0.312497,
        "nauc_recall_at_1000_std": 0.073621,
        "nauc_recall_at_1000_diff1": 0.361795,
        "nauc_precision_at_1_max": 0.283439,
        "nauc_precision_at_1_std": -0.157853,
        "nauc_precision_at_1_diff1": 0.704774,
        "nauc_precision_at_3_max": 0.298035,
        "nauc_precision_at_3_std": -0.109555,
        "nauc_precision_at_3_diff1": 0.614215,
        "nauc_precision_at_5_max": 0.296846,
        "nauc_precision_at_5_std": -0.106394,
        "nauc_precision_at_5_diff1": 0.597079,
        "nauc_precision_at_10_max": 0.286924,
        "nauc_precision_at_10_std": -0.097315,
        "nauc_precision_at_10_diff1": 0.57276,
        "nauc_precision_at_20_max": 0.271796,
        "nauc_precision_at_20_std": -0.095438,
        "nauc_precision_at_20_diff1": 0.544689,
        "nauc_precision_at_100_max": 0.280015,
        "nauc_precision_at_100_std": -0.037861,
        "nauc_precision_at_100_diff1": 0.468563,
        "nauc_precision_at_1000_max": 0.312497,
        "nauc_precision_at_1000_std": 0.073621,
        "nauc_precision_at_1000_diff1": 0.361795,
        "nauc_mrr_at_1_max": 0.283439,
        "nauc_mrr_at_1_std": -0.157853,
        "nauc_mrr_at_1_diff1": 0.704774,
        "nauc_mrr_at_3_max": 0.28851,
        "nauc_mrr_at_3_std": -0.136516,
        "nauc_mrr_at_3_diff1": 0.661284,
        "nauc_mrr_at_5_max": 0.288486,
        "nauc_mrr_at_5_std": -0.135668,
        "nauc_mrr_at_5_diff1": 0.657072,
        "nauc_mrr_at_10_max": 0.286585,
        "nauc_mrr_at_10_std": -0.134708,
        "nauc_mrr_at_10_diff1": 0.653449,
        "nauc_mrr_at_20_max": 0.285298,
        "nauc_mrr_at_20_std": -0.134835,
        "nauc_mrr_at_20_diff1": 0.651383,
        "nauc_mrr_at_100_max": 0.285297,
        "nauc_mrr_at_100_std": -0.133635,
        "nauc_mrr_at_100_diff1": 0.649449,
        "nauc_mrr_at_1000_max": 0.285367,
        "nauc_mrr_at_1000_std": -0.133272,
        "nauc_mrr_at_1000_diff1": 0.649129,
        "main_score": 0.32028,
        "hf_subset": "default",
        "languages": [
          "tur-Latn"
        ]
      }
    ]
  },
  "evaluation_time": 6.0023193359375,
  "kg_co2_emissions": null
}