{
  "dataset_revision": "main",
  "task_name": "NFCorpusTR",
  "mteb_version": "1.31.3",
  "scores": {
    "test": [
      {
        "ndcg_at_1": 0.01181,
        "ndcg_at_3": 0.01678,
        "ndcg_at_5": 0.02169,
        "ndcg_at_10": 0.02705,
        "ndcg_at_20": 0.04007,
        "ndcg_at_100": 0.05738,
        "ndcg_at_1000": 0.12485,
        "map_at_1": 0.01181,
        "map_at_3": 0.01575,
        "map_at_5": 0.0185,
        "map_at_10": 0.02087,
        "map_at_20": 0.02448,
        "map_at_100": 0.02653,
        "map_at_1000": 0.02821,
        "recall_at_1": 0.01181,
        "recall_at_3": 0.01969,
        "recall_at_5": 0.0315,
        "recall_at_10": 0.04724,
        "recall_at_20": 0.09843,
        "recall_at_100": 0.19685,
        "recall_at_1000": 0.78346,
        "precision_at_1": 0.01181,
        "precision_at_3": 0.00656,
        "precision_at_5": 0.0063,
        "precision_at_10": 0.00472,
        "precision_at_20": 0.00492,
        "precision_at_100": 0.00197,
        "precision_at_1000": 0.00078,
        "mrr_at_1": 0.011811,
        "mrr_at_3": 0.015748,
        "mrr_at_5": 0.018504,
        "mrr_at_10": 0.020871,
        "mrr_at_20": 0.024482,
        "mrr_at_100": 0.026534,
        "mrr_at_1000": 0.028213,
        "nauc_ndcg_at_1_max": -0.106633,
        "nauc_ndcg_at_1_std": -0.371959,
        "nauc_ndcg_at_1_diff1": 0.359355,
        "nauc_ndcg_at_3_max": -0.220993,
        "nauc_ndcg_at_3_std": -0.409177,
        "nauc_ndcg_at_3_diff1": 0.316266,
        "nauc_ndcg_at_5_max": -0.141593,
        "nauc_ndcg_at_5_std": -0.260411,
        "nauc_ndcg_at_5_diff1": 0.184548,
        "nauc_ndcg_at_10_max": -0.143614,
        "nauc_ndcg_at_10_std": -0.192771,
        "nauc_ndcg_at_10_diff1": 0.065902,
        "nauc_ndcg_at_20_max": -0.00628,
        "nauc_ndcg_at_20_std": -0.053078,
        "nauc_ndcg_at_20_diff1": 0.06383,
        "nauc_ndcg_at_100_max": -0.020305,
        "nauc_ndcg_at_100_std": -0.064874,
        "nauc_ndcg_at_100_diff1": -0.043112,
        "nauc_ndcg_at_1000_max": 0.003267,
        "nauc_ndcg_at_1000_std": -0.044371,
        "nauc_ndcg_at_1000_diff1": 0.014136,
        "nauc_map_at_1_max": -0.106633,
        "nauc_map_at_1_std": -0.371959,
        "nauc_map_at_1_diff1": 0.359355,
        "nauc_map_at_3_max": -0.203194,
        "nauc_map_at_3_std": -0.403384,
        "nauc_map_at_3_diff1": 0.322973,
        "nauc_map_at_5_max": -0.154652,
        "nauc_map_at_5_std": -0.306832,
        "nauc_map_at_5_diff1": 0.235647,
        "nauc_map_at_10_max": -0.15526,
        "nauc_map_at_10_std": -0.26092,
        "nauc_map_at_10_diff1": 0.160854,
        "nauc_map_at_20_max": -0.09272,
        "nauc_map_at_20_std": -0.188544,
        "nauc_map_at_20_diff1": 0.148621,
        "nauc_map_at_100_max": -0.092209,
        "nauc_map_at_100_std": -0.186091,
        "nauc_map_at_100_diff1": 0.120816,
        "nauc_map_at_1000_max": -0.086148,
        "nauc_map_at_1000_std": -0.179486,
        "nauc_map_at_1000_diff1": 0.123511,
        "nauc_recall_at_1_max": -0.106633,
        "nauc_recall_at_1_std": -0.371959,
        "nauc_recall_at_1_diff1": 0.359355,
        "nauc_recall_at_3_max": -0.261131,
        "nauc_recall_at_3_std": -0.42224,
        "nauc_recall_at_3_diff1": 0.301143,
        "nauc_recall_at_5_max": -0.112185,
        "nauc_recall_at_5_std": -0.17012,
        "nauc_recall_at_5_diff1": 0.088106,
        "nauc_recall_at_10_max": -0.123296,
        "nauc_recall_at_10_std": -0.090658,
        "nauc_recall_at_10_diff1": -0.076949,
        "nauc_recall_at_20_max": 0.088764,
        "nauc_recall_at_20_std": 0.081835,
        "nauc_recall_at_20_diff1": -0.010796,
        "nauc_recall_at_100_max": 0.02751,
        "nauc_recall_at_100_std": 0.011225,
        "nauc_recall_at_100_diff1": -0.176689,
        "nauc_recall_at_1000_max": 0.069387,
        "nauc_recall_at_1000_std": 0.048667,
        "nauc_recall_at_1000_diff1": -0.037999,
        "nauc_precision_at_1_max": -0.106633,
        "nauc_precision_at_1_std": -0.371959,
        "nauc_precision_at_1_diff1": 0.359355,
        "nauc_precision_at_3_max": -0.261131,
        "nauc_precision_at_3_std": -0.42224,
        "nauc_precision_at_3_diff1": 0.301143,
        "nauc_precision_at_5_max": -0.112185,
        "nauc_precision_at_5_std": -0.17012,
        "nauc_precision_at_5_diff1": 0.088106,
        "nauc_precision_at_10_max": -0.123296,
        "nauc_precision_at_10_std": -0.090658,
        "nauc_precision_at_10_diff1": -0.076949,
        "nauc_precision_at_20_max": 0.088764,
        "nauc_precision_at_20_std": 0.081835,
        "nauc_precision_at_20_diff1": -0.010796,
        "nauc_precision_at_100_max": 0.02751,
        "nauc_precision_at_100_std": 0.011225,
        "nauc_precision_at_100_diff1": -0.176689,
        "nauc_precision_at_1000_max": 0.069387,
        "nauc_precision_at_1000_std": 0.048667,
        "nauc_precision_at_1000_diff1": -0.037999,
        "nauc_mrr_at_1_max": -0.106633,
        "nauc_mrr_at_1_std": -0.371959,
        "nauc_mrr_at_1_diff1": 0.359355,
        "nauc_mrr_at_3_max": -0.203194,
        "nauc_mrr_at_3_std": -0.403384,
        "nauc_mrr_at_3_diff1": 0.322973,
        "nauc_mrr_at_5_max": -0.154652,
        "nauc_mrr_at_5_std": -0.306832,
        "nauc_mrr_at_5_diff1": 0.235647,
        "nauc_mrr_at_10_max": -0.15526,
        "nauc_mrr_at_10_std": -0.26092,
        "nauc_mrr_at_10_diff1": 0.160854,
        "nauc_mrr_at_20_max": -0.09272,
        "nauc_mrr_at_20_std": -0.188544,
        "nauc_mrr_at_20_diff1": 0.148621,
        "nauc_mrr_at_100_max": -0.092206,
        "nauc_mrr_at_100_std": -0.186088,
        "nauc_mrr_at_100_diff1": 0.120823,
        "nauc_mrr_at_1000_max": -0.086155,
        "nauc_mrr_at_1000_std": -0.179493,
        "nauc_mrr_at_1000_diff1": 0.123516,
        "main_score": 0.02705,
        "hf_subset": "default",
        "languages": [
          "tur-Latn"
        ]
      }
    ]
  },
  "evaluation_time": 2.1203370094299316,
  "kg_co2_emissions": null
}