{
  "dataset_revision": "main",
  "task_name": "QuoraRetrievalTR",
  "mteb_version": "1.31.3",
  "scores": {
    "test": [
      {
        "ndcg_at_1": 0.70198,
        "ndcg_at_3": 0.76471,
        "ndcg_at_5": 0.77922,
        "ndcg_at_10": 0.7903,
        "ndcg_at_20": 0.79689,
        "ndcg_at_100": 0.8054,
        "ndcg_at_1000": 0.81076,
        "map_at_1": 0.70198,
        "map_at_3": 0.74973,
        "map_at_5": 0.75779,
        "map_at_10": 0.76231,
        "map_at_20": 0.76415,
        "map_at_100": 0.7654,
        "map_at_1000": 0.76558,
        "recall_at_1": 0.70198,
        "recall_at_3": 0.8079,
        "recall_at_5": 0.84303,
        "recall_at_10": 0.87761,
        "recall_at_20": 0.9034,
        "recall_at_100": 0.94841,
        "recall_at_1000": 0.99177,
        "precision_at_1": 0.70198,
        "precision_at_3": 0.2693,
        "precision_at_5": 0.16861,
        "precision_at_10": 0.08776,
        "precision_at_20": 0.04517,
        "precision_at_100": 0.00948,
        "precision_at_1000": 0.00099,
        "mrr_at_1": 0.700878,
        "mrr_at_3": 0.749177,
        "mrr_at_5": 0.757245,
        "mrr_at_10": 0.761763,
        "mrr_at_20": 0.763605,
        "mrr_at_100": 0.764851,
        "mrr_at_1000": 0.765034,
        "nauc_ndcg_at_1_max": 0.611038,
        "nauc_ndcg_at_1_std": -0.118506,
        "nauc_ndcg_at_1_diff1": 0.825993,
        "nauc_ndcg_at_3_max": 0.640227,
        "nauc_ndcg_at_3_std": -0.062834,
        "nauc_ndcg_at_3_diff1": 0.806726,
        "nauc_ndcg_at_5_max": 0.639574,
        "nauc_ndcg_at_5_std": -0.070793,
        "nauc_ndcg_at_5_diff1": 0.804379,
        "nauc_ndcg_at_10_max": 0.642329,
        "nauc_ndcg_at_10_std": -0.05861,
        "nauc_ndcg_at_10_diff1": 0.803161,
        "nauc_ndcg_at_20_max": 0.642257,
        "nauc_ndcg_at_20_std": -0.058276,
        "nauc_ndcg_at_20_diff1": 0.801314,
        "nauc_ndcg_at_100_max": 0.641389,
        "nauc_ndcg_at_100_std": -0.059415,
        "nauc_ndcg_at_100_diff1": 0.804279,
        "nauc_ndcg_at_1000_max": 0.638925,
        "nauc_ndcg_at_1000_std": -0.064357,
        "nauc_ndcg_at_1000_diff1": 0.806056,
        "nauc_map_at_1_max": 0.611038,
        "nauc_map_at_1_std": -0.118506,
        "nauc_map_at_1_diff1": 0.825993,
        "nauc_map_at_3_max": 0.633367,
        "nauc_map_at_3_std": -0.076016,
        "nauc_map_at_3_diff1": 0.812565,
        "nauc_map_at_5_max": 0.632858,
        "nauc_map_at_5_std": -0.080589,
        "nauc_map_at_5_diff1": 0.81161,
        "nauc_map_at_10_max": 0.633959,
        "nauc_map_at_10_std": -0.076189,
        "nauc_map_at_10_diff1": 0.811331,
        "nauc_map_at_20_max": 0.633842,
        "nauc_map_at_20_std": -0.076253,
        "nauc_map_at_20_diff1": 0.810926,
        "nauc_map_at_100_max": 0.633773,
        "nauc_map_at_100_std": -0.07652,
        "nauc_map_at_100_diff1": 0.811412,
        "nauc_map_at_1000_max": 0.63373,
        "nauc_map_at_1000_std": -0.07657,
        "nauc_map_at_1000_diff1": 0.811438,
        "nauc_recall_at_1_max": 0.611038,
        "nauc_recall_at_1_std": -0.118506,
        "nauc_recall_at_1_diff1": 0.825993,
        "nauc_recall_at_3_max": 0.664074,
        "nauc_recall_at_3_std": -0.016956,
        "nauc_recall_at_3_diff1": 0.785633,
        "nauc_recall_at_5_max": 0.666543,
        "nauc_recall_at_5_std": -0.032926,
        "nauc_recall_at_5_diff1": 0.773395,
        "nauc_recall_at_10_max": 0.684925,
        "nauc_recall_at_10_std": 0.035727,
        "nauc_recall_at_10_diff1": 0.759311,
        "nauc_recall_at_20_max": 0.695067,
        "nauc_recall_at_20_std": 0.060722,
        "nauc_recall_at_20_diff1": 0.735464,
        "nauc_recall_at_100_max": 0.719389,
        "nauc_recall_at_100_std": 0.143511,
        "nauc_recall_at_100_diff1": 0.727711,
        "nauc_recall_at_1000_max": 0.682902,
        "nauc_recall_at_1000_std": 0.252685,
        "nauc_recall_at_1000_diff1": 0.667642,
        "nauc_precision_at_1_max": 0.611038,
        "nauc_precision_at_1_std": -0.118506,
        "nauc_precision_at_1_diff1": 0.825993,
        "nauc_precision_at_3_max": 0.664074,
        "nauc_precision_at_3_std": -0.016956,
        "nauc_precision_at_3_diff1": 0.785633,
        "nauc_precision_at_5_max": 0.666543,
        "nauc_precision_at_5_std": -0.032926,
        "nauc_precision_at_5_diff1": 0.773395,
        "nauc_precision_at_10_max": 0.684925,
        "nauc_precision_at_10_std": 0.035727,
        "nauc_precision_at_10_diff1": 0.759311,
        "nauc_precision_at_20_max": 0.695067,
        "nauc_precision_at_20_std": 0.060722,
        "nauc_precision_at_20_diff1": 0.735464,
        "nauc_precision_at_100_max": 0.719389,
        "nauc_precision_at_100_std": 0.143511,
        "nauc_precision_at_100_diff1": 0.727711,
        "nauc_precision_at_1000_max": 0.682902,
        "nauc_precision_at_1000_std": 0.252685,
        "nauc_precision_at_1000_diff1": 0.667642,
        "nauc_mrr_at_1_max": 0.608841,
        "nauc_mrr_at_1_std": -0.118743,
        "nauc_mrr_at_1_diff1": 0.827706,
        "nauc_mrr_at_3_max": 0.632055,
        "nauc_mrr_at_3_std": -0.076228,
        "nauc_mrr_at_3_diff1": 0.813581,
        "nauc_mrr_at_5_max": 0.631505,
        "nauc_mrr_at_5_std": -0.0808,
        "nauc_mrr_at_5_diff1": 0.81266,
        "nauc_mrr_at_10_max": 0.632578,
        "nauc_mrr_at_10_std": -0.076413,
        "nauc_mrr_at_10_diff1": 0.812402,
        "nauc_mrr_at_20_max": 0.632452,
        "nauc_mrr_at_20_std": -0.076478,
        "nauc_mrr_at_20_diff1": 0.812005,
        "nauc_mrr_at_100_max": 0.632374,
        "nauc_mrr_at_100_std": -0.076745,
        "nauc_mrr_at_100_diff1": 0.812497,
        "nauc_mrr_at_1000_max": 0.63233,
        "nauc_mrr_at_1000_std": -0.076795,
        "nauc_mrr_at_1000_diff1": 0.812524,
        "main_score": 0.7903,
        "hf_subset": "default",
        "languages": [
          "tur-Latn"
        ]
      }
    ]
  },
  "evaluation_time": 5.205173492431641,
  "kg_co2_emissions": null
}