{
  "dataset_revision": "main",
  "task_name": "SCIDOCSTR",
  "mteb_version": "1.31.3",
  "scores": {
    "test": [
      {
        "ndcg_at_1": 0.01115,
        "ndcg_at_3": 0.01311,
        "ndcg_at_5": 0.01359,
        "ndcg_at_10": 0.01541,
        "ndcg_at_20": 0.018,
        "ndcg_at_100": 0.02592,
        "ndcg_at_1000": 0.08035,
        "map_at_1": 0.01115,
        "map_at_3": 0.01263,
        "map_at_5": 0.01291,
        "map_at_10": 0.01367,
        "map_at_20": 0.01441,
        "map_at_100": 0.01538,
        "map_at_1000": 0.01662,
        "recall_at_1": 0.01115,
        "recall_at_3": 0.01449,
        "recall_at_5": 0.01561,
        "recall_at_10": 0.02118,
        "recall_at_20": 0.03122,
        "recall_at_100": 0.07581,
        "recall_at_1000": 0.55295,
        "precision_at_1": 0.01115,
        "precision_at_3": 0.00483,
        "precision_at_5": 0.00312,
        "precision_at_10": 0.00212,
        "precision_at_20": 0.00156,
        "precision_at_100": 0.00076,
        "precision_at_1000": 0.00055,
        "mrr_at_1": 0.011148,
        "mrr_at_3": 0.012635,
        "mrr_at_5": 0.012913,
        "mrr_at_10": 0.013669,
        "mrr_at_20": 0.014406,
        "mrr_at_100": 0.015379,
        "mrr_at_1000": 0.016624,
        "nauc_ndcg_at_1_max": 0.074466,
        "nauc_ndcg_at_1_std": -0.176409,
        "nauc_ndcg_at_1_diff1": 0.411312,
        "nauc_ndcg_at_3_max": 0.082949,
        "nauc_ndcg_at_3_std": -0.115064,
        "nauc_ndcg_at_3_diff1": 0.360215,
        "nauc_ndcg_at_5_max": 0.115342,
        "nauc_ndcg_at_5_std": -0.087585,
        "nauc_ndcg_at_5_diff1": 0.382814,
        "nauc_ndcg_at_10_max": 0.094912,
        "nauc_ndcg_at_10_std": -0.062662,
        "nauc_ndcg_at_10_diff1": 0.291364,
        "nauc_ndcg_at_20_max": 0.093105,
        "nauc_ndcg_at_20_std": -0.038981,
        "nauc_ndcg_at_20_diff1": 0.26383,
        "nauc_ndcg_at_100_max": 0.076667,
        "nauc_ndcg_at_100_std": -0.04269,
        "nauc_ndcg_at_100_diff1": 0.193109,
        "nauc_ndcg_at_1000_max": 0.067455,
        "nauc_ndcg_at_1000_std": -0.006425,
        "nauc_ndcg_at_1000_diff1": 0.121637,
        "nauc_map_at_1_max": 0.074466,
        "nauc_map_at_1_std": -0.176409,
        "nauc_map_at_1_diff1": 0.411312,
        "nauc_map_at_3_max": 0.082249,
        "nauc_map_at_3_std": -0.132486,
        "nauc_map_at_3_diff1": 0.374345,
        "nauc_map_at_5_max": 0.102056,
        "nauc_map_at_5_std": -0.11532,
        "nauc_map_at_5_diff1": 0.387848,
        "nauc_map_at_10_max": 0.092078,
        "nauc_map_at_10_std": -0.103589,
        "nauc_map_at_10_diff1": 0.344753,
        "nauc_map_at_20_max": 0.091124,
        "nauc_map_at_20_std": -0.093937,
        "nauc_map_at_20_diff1": 0.333199,
        "nauc_map_at_100_max": 0.086893,
        "nauc_map_at_100_std": -0.091211,
        "nauc_map_at_100_diff1": 0.315341,
        "nauc_map_at_1000_max": 0.084752,
        "nauc_map_at_1000_std": -0.087665,
        "nauc_map_at_1000_diff1": 0.304434,
        "nauc_recall_at_1_max": 0.074466,
        "nauc_recall_at_1_std": -0.176409,
        "nauc_recall_at_1_diff1": 0.411312,
        "nauc_recall_at_3_max": 0.084313,
        "nauc_recall_at_3_std": -0.06966,
        "nauc_recall_at_3_diff1": 0.323494,
        "nauc_recall_at_5_max": 0.149719,
        "nauc_recall_at_5_std": -0.017336,
        "nauc_recall_at_5_diff1": 0.371816,
        "nauc_recall_at_10_max": 0.098784,
        "nauc_recall_at_10_std": 0.024932,
        "nauc_recall_at_10_diff1": 0.169957,
        "nauc_recall_at_20_max": 0.094931,
        "nauc_recall_at_20_std": 0.052663,
        "nauc_recall_at_20_diff1": 0.144171,
        "nauc_recall_at_100_max": 0.064197,
        "nauc_recall_at_100_std": -0.008597,
        "nauc_recall_at_100_diff1": 0.074191,
        "nauc_recall_at_1000_max": 0.062733,
        "nauc_recall_at_1000_std": 0.041844,
        "nauc_recall_at_1000_diff1": 0.027862,
        "nauc_precision_at_1_max": 0.074466,
        "nauc_precision_at_1_std": -0.176409,
        "nauc_precision_at_1_diff1": 0.411312,
        "nauc_precision_at_3_max": 0.084313,
        "nauc_precision_at_3_std": -0.06966,
        "nauc_precision_at_3_diff1": 0.323494,
        "nauc_precision_at_5_max": 0.149719,
        "nauc_precision_at_5_std": -0.017336,
        "nauc_precision_at_5_diff1": 0.371816,
        "nauc_precision_at_10_max": 0.098784,
        "nauc_precision_at_10_std": 0.024932,
        "nauc_precision_at_10_diff1": 0.169957,
        "nauc_precision_at_20_max": 0.094931,
        "nauc_precision_at_20_std": 0.052663,
        "nauc_precision_at_20_diff1": 0.144171,
        "nauc_precision_at_100_max": 0.064197,
        "nauc_precision_at_100_std": -0.008597,
        "nauc_precision_at_100_diff1": 0.074191,
        "nauc_precision_at_1000_max": 0.062733,
        "nauc_precision_at_1000_std": 0.041844,
        "nauc_precision_at_1000_diff1": 0.027862,
        "nauc_mrr_at_1_max": 0.074466,
        "nauc_mrr_at_1_std": -0.176409,
        "nauc_mrr_at_1_diff1": 0.411312,
        "nauc_mrr_at_3_max": 0.082249,
        "nauc_mrr_at_3_std": -0.132486,
        "nauc_mrr_at_3_diff1": 0.374345,
        "nauc_mrr_at_5_max": 0.102056,
        "nauc_mrr_at_5_std": -0.11532,
        "nauc_mrr_at_5_diff1": 0.387848,
        "nauc_mrr_at_10_max": 0.092078,
        "nauc_mrr_at_10_std": -0.103589,
        "nauc_mrr_at_10_diff1": 0.344753,
        "nauc_mrr_at_20_max": 0.091124,
        "nauc_mrr_at_20_std": -0.093937,
        "nauc_mrr_at_20_diff1": 0.333199,
        "nauc_mrr_at_100_max": 0.086893,
        "nauc_mrr_at_100_std": -0.091211,
        "nauc_mrr_at_100_diff1": 0.315341,
        "nauc_mrr_at_1000_max": 0.084752,
        "nauc_mrr_at_1000_std": -0.087665,
        "nauc_mrr_at_1000_diff1": 0.304434,
        "main_score": 0.01541,
        "hf_subset": "default",
        "languages": [
          "tur-Latn"
        ]
      }
    ]
  },
  "evaluation_time": 4.3397111892700195,
  "kg_co2_emissions": null
}