{
  "dataset_revision": "main",
  "task_name": "SquadTRRetrieval",
  "mteb_version": "1.31.3",
  "scores": {
    "test": [
      {
        "ndcg_at_1": 0.134,
        "ndcg_at_3": 0.17252,
        "ndcg_at_5": 0.18823,
        "ndcg_at_10": 0.20546,
        "ndcg_at_20": 0.21983,
        "ndcg_at_100": 0.24777,
        "ndcg_at_1000": 0.30049,
        "map_at_1": 0.134,
        "map_at_3": 0.16285,
        "map_at_5": 0.17155,
        "map_at_10": 0.17867,
        "map_at_20": 0.18263,
        "map_at_100": 0.18635,
        "map_at_1000": 0.18777,
        "recall_at_1": 0.134,
        "recall_at_3": 0.20058,
        "recall_at_5": 0.23881,
        "recall_at_10": 0.292,
        "recall_at_20": 0.34869,
        "recall_at_100": 0.50151,
        "recall_at_1000": 0.95055,
        "precision_at_1": 0.134,
        "precision_at_3": 0.06686,
        "precision_at_5": 0.04776,
        "precision_at_10": 0.0292,
        "precision_at_20": 0.01743,
        "precision_at_100": 0.00502,
        "precision_at_1000": 0.00095,
        "mrr_at_1": 0.134001,
        "mrr_at_3": 0.162847,
        "mrr_at_5": 0.171549,
        "mrr_at_10": 0.178674,
        "mrr_at_20": 0.182635,
        "mrr_at_100": 0.186347,
        "mrr_at_1000": 0.187765,
        "nauc_ndcg_at_1_max": 0.242514,
        "nauc_ndcg_at_1_std": -0.088255,
        "nauc_ndcg_at_1_diff1": 0.49884,
        "nauc_ndcg_at_3_max": 0.226199,
        "nauc_ndcg_at_3_std": -0.089238,
        "nauc_ndcg_at_3_diff1": 0.413565,
        "nauc_ndcg_at_5_max": 0.227806,
        "nauc_ndcg_at_5_std": -0.092364,
        "nauc_ndcg_at_5_diff1": 0.398004,
        "nauc_ndcg_at_10_max": 0.223269,
        "nauc_ndcg_at_10_std": -0.093109,
        "nauc_ndcg_at_10_diff1": 0.384252,
        "nauc_ndcg_at_20_max": 0.221435,
        "nauc_ndcg_at_20_std": -0.091861,
        "nauc_ndcg_at_20_diff1": 0.374845,
        "nauc_ndcg_at_100_max": 0.214599,
        "nauc_ndcg_at_100_std": -0.097325,
        "nauc_ndcg_at_100_diff1": 0.363685,
        "nauc_ndcg_at_1000_max": 0.215262,
        "nauc_ndcg_at_1000_std": -0.095519,
        "nauc_ndcg_at_1000_diff1": 0.378925,
        "nauc_map_at_1_max": 0.242514,
        "nauc_map_at_1_std": -0.088255,
        "nauc_map_at_1_diff1": 0.49884,
        "nauc_map_at_3_max": 0.229067,
        "nauc_map_at_3_std": -0.089661,
        "nauc_map_at_3_diff1": 0.43167,
        "nauc_map_at_5_max": 0.229846,
        "nauc_map_at_5_std": -0.091561,
        "nauc_map_at_5_diff1": 0.422137,
        "nauc_map_at_10_max": 0.227679,
        "nauc_map_at_10_std": -0.092116,
        "nauc_map_at_10_diff1": 0.41566,
        "nauc_map_at_20_max": 0.227153,
        "nauc_map_at_20_std": -0.091688,
        "nauc_map_at_20_diff1": 0.412639,
        "nauc_map_at_100_max": 0.226045,
        "nauc_map_at_100_std": -0.092429,
        "nauc_map_at_100_diff1": 0.410811,
        "nauc_map_at_1000_max": 0.22593,
        "nauc_map_at_1000_std": -0.092466,
        "nauc_map_at_1000_diff1": 0.411232,
        "nauc_recall_at_1_max": 0.242514,
        "nauc_recall_at_1_std": -0.088255,
        "nauc_recall_at_1_diff1": 0.49884,
        "nauc_recall_at_3_max": 0.219348,
        "nauc_recall_at_3_std": -0.087977,
        "nauc_recall_at_3_diff1": 0.369009,
        "nauc_recall_at_5_max": 0.223528,
        "nauc_recall_at_5_std": -0.094327,
        "nauc_recall_at_5_diff1": 0.339858,
        "nauc_recall_at_10_max": 0.21296,
        "nauc_recall_at_10_std": -0.095229,
        "nauc_recall_at_10_diff1": 0.310427,
        "nauc_recall_at_20_max": 0.207381,
        "nauc_recall_at_20_std": -0.091578,
        "nauc_recall_at_20_diff1": 0.284221,
        "nauc_recall_at_100_max": 0.178528,
        "nauc_recall_at_100_std": -0.115686,
        "nauc_recall_at_100_diff1": 0.236727,
        "nauc_recall_at_1000_max": 0.046073,
        "nauc_recall_at_1000_std": -0.113877,
        "nauc_recall_at_1000_diff1": 0.14991,
        "nauc_precision_at_1_max": 0.242514,
        "nauc_precision_at_1_std": -0.088255,
        "nauc_precision_at_1_diff1": 0.49884,
        "nauc_precision_at_3_max": 0.219348,
        "nauc_precision_at_3_std": -0.087977,
        "nauc_precision_at_3_diff1": 0.369009,
        "nauc_precision_at_5_max": 0.223528,
        "nauc_precision_at_5_std": -0.094327,
        "nauc_precision_at_5_diff1": 0.339858,
        "nauc_precision_at_10_max": 0.21296,
        "nauc_precision_at_10_std": -0.095229,
        "nauc_precision_at_10_diff1": 0.310427,
        "nauc_precision_at_20_max": 0.207381,
        "nauc_precision_at_20_std": -0.091578,
        "nauc_precision_at_20_diff1": 0.284221,
        "nauc_precision_at_100_max": 0.178528,
        "nauc_precision_at_100_std": -0.115686,
        "nauc_precision_at_100_diff1": 0.236727,
        "nauc_precision_at_1000_max": 0.046073,
        "nauc_precision_at_1000_std": -0.113877,
        "nauc_precision_at_1000_diff1": 0.14991,
        "nauc_mrr_at_1_max": 0.242514,
        "nauc_mrr_at_1_std": -0.088255,
        "nauc_mrr_at_1_diff1": 0.49884,
        "nauc_mrr_at_3_max": 0.229067,
        "nauc_mrr_at_3_std": -0.089661,
        "nauc_mrr_at_3_diff1": 0.43167,
        "nauc_mrr_at_5_max": 0.229846,
        "nauc_mrr_at_5_std": -0.091561,
        "nauc_mrr_at_5_diff1": 0.422137,
        "nauc_mrr_at_10_max": 0.227679,
        "nauc_mrr_at_10_std": -0.092116,
        "nauc_mrr_at_10_diff1": 0.41566,
        "nauc_mrr_at_20_max": 0.227153,
        "nauc_mrr_at_20_std": -0.091688,
        "nauc_mrr_at_20_diff1": 0.412639,
        "nauc_mrr_at_100_max": 0.226045,
        "nauc_mrr_at_100_std": -0.092429,
        "nauc_mrr_at_100_diff1": 0.410811,
        "nauc_mrr_at_1000_max": 0.22593,
        "nauc_mrr_at_1000_std": -0.092466,
        "nauc_mrr_at_1000_diff1": 0.411232,
        "main_score": 0.20546,
        "hf_subset": "default",
        "languages": [
          "tur-Latn"
        ]
      }
    ]
  },
  "evaluation_time": 20.461605548858643,
  "kg_co2_emissions": null
}