{
  "dataset_revision": "main",
  "task_name": "TQuadRetrieval",
  "mteb_version": "1.31.3",
  "scores": {
    "test": [
      {
        "ndcg_at_1": 0.29596,
        "ndcg_at_3": 0.3788,
        "ndcg_at_5": 0.40746,
        "ndcg_at_10": 0.43549,
        "ndcg_at_20": 0.46196,
        "ndcg_at_100": 0.49153,
        "ndcg_at_1000": 0.51091,
        "map_at_1": 0.29596,
        "map_at_3": 0.35893,
        "map_at_5": 0.37485,
        "map_at_10": 0.38627,
        "map_at_20": 0.39375,
        "map_at_100": 0.39769,
        "map_at_1000": 0.3986,
        "recall_at_1": 0.29596,
        "recall_at_3": 0.4361,
        "recall_at_5": 0.50561,
        "recall_at_10": 0.59305,
        "recall_at_20": 0.69619,
        "recall_at_100": 0.85762,
        "recall_at_1000": 1.0,
        "precision_at_1": 0.29596,
        "precision_at_3": 0.14537,
        "precision_at_5": 0.10112,
        "precision_at_10": 0.0593,
        "precision_at_20": 0.03481,
        "precision_at_100": 0.00858,
        "precision_at_1000": 0.001,
        "mrr_at_1": 0.297085,
        "mrr_at_3": 0.359492,
        "mrr_at_5": 0.375411,
        "mrr_at_10": 0.386969,
        "mrr_at_20": 0.394339,
        "mrr_at_100": 0.398287,
        "mrr_at_1000": 0.399189,
        "nauc_ndcg_at_1_max": 0.251858,
        "nauc_ndcg_at_1_std": 0.026731,
        "nauc_ndcg_at_1_diff1": 0.467838,
        "nauc_ndcg_at_3_max": 0.280787,
        "nauc_ndcg_at_3_std": 0.057399,
        "nauc_ndcg_at_3_diff1": 0.401719,
        "nauc_ndcg_at_5_max": 0.283406,
        "nauc_ndcg_at_5_std": 0.073012,
        "nauc_ndcg_at_5_diff1": 0.38736,
        "nauc_ndcg_at_10_max": 0.306248,
        "nauc_ndcg_at_10_std": 0.085563,
        "nauc_ndcg_at_10_diff1": 0.406521,
        "nauc_ndcg_at_20_max": 0.321782,
        "nauc_ndcg_at_20_std": 0.087082,
        "nauc_ndcg_at_20_diff1": 0.41827,
        "nauc_ndcg_at_100_max": 0.31505,
        "nauc_ndcg_at_100_std": 0.079723,
        "nauc_ndcg_at_100_diff1": 0.41952,
        "nauc_ndcg_at_1000_max": 0.301736,
        "nauc_ndcg_at_1000_std": 0.074125,
        "nauc_ndcg_at_1000_diff1": 0.416808,
        "nauc_map_at_1_max": 0.251858,
        "nauc_map_at_1_std": 0.026731,
        "nauc_map_at_1_diff1": 0.467838,
        "nauc_map_at_3_max": 0.273132,
        "nauc_map_at_3_std": 0.050916,
        "nauc_map_at_3_diff1": 0.415063,
        "nauc_map_at_5_max": 0.27433,
        "nauc_map_at_5_std": 0.05966,
        "nauc_map_at_5_diff1": 0.407298,
        "nauc_map_at_10_max": 0.283548,
        "nauc_map_at_10_std": 0.064333,
        "nauc_map_at_10_diff1": 0.415038,
        "nauc_map_at_20_max": 0.287878,
        "nauc_map_at_20_std": 0.064472,
        "nauc_map_at_20_diff1": 0.418549,
        "nauc_map_at_100_max": 0.28728,
        "nauc_map_at_100_std": 0.063676,
        "nauc_map_at_100_diff1": 0.418909,
        "nauc_map_at_1000_max": 0.286701,
        "nauc_map_at_1000_std": 0.063487,
        "nauc_map_at_1000_diff1": 0.41882,
        "nauc_recall_at_1_max": 0.251858,
        "nauc_recall_at_1_std": 0.026731,
        "nauc_recall_at_1_diff1": 0.467838,
        "nauc_recall_at_3_max": 0.302785,
        "nauc_recall_at_3_std": 0.075438,
        "nauc_recall_at_3_diff1": 0.364872,
        "nauc_recall_at_5_max": 0.310632,
        "nauc_recall_at_5_std": 0.113426,
        "nauc_recall_at_5_diff1": 0.328409,
        "nauc_recall_at_10_max": 0.388306,
        "nauc_recall_at_10_std": 0.160169,
        "nauc_recall_at_10_diff1": 0.387558,
        "nauc_recall_at_20_max": 0.476963,
        "nauc_recall_at_20_std": 0.183585,
        "nauc_recall_at_20_diff1": 0.438095,
        "nauc_recall_at_100_max": 0.518861,
        "nauc_recall_at_100_std": 0.171852,
        "nauc_recall_at_100_diff1": 0.46273,
        "nauc_recall_at_1000_max": NaN,
        "nauc_recall_at_1000_std": NaN,
        "nauc_recall_at_1000_diff1": NaN,
        "nauc_precision_at_1_max": 0.251858,
        "nauc_precision_at_1_std": 0.026731,
        "nauc_precision_at_1_diff1": 0.467838,
        "nauc_precision_at_3_max": 0.302785,
        "nauc_precision_at_3_std": 0.075438,
        "nauc_precision_at_3_diff1": 0.364872,
        "nauc_precision_at_5_max": 0.310632,
        "nauc_precision_at_5_std": 0.113426,
        "nauc_precision_at_5_diff1": 0.328409,
        "nauc_precision_at_10_max": 0.388306,
        "nauc_precision_at_10_std": 0.160169,
        "nauc_precision_at_10_diff1": 0.387558,
        "nauc_precision_at_20_max": 0.476963,
        "nauc_precision_at_20_std": 0.183585,
        "nauc_precision_at_20_diff1": 0.438095,
        "nauc_precision_at_100_max": 0.518861,
        "nauc_precision_at_100_std": 0.171852,
        "nauc_precision_at_100_diff1": 0.46273,
        "nauc_precision_at_1000_max": NaN,
        "nauc_precision_at_1000_std": NaN,
        "nauc_precision_at_1000_diff1": NaN,
        "nauc_mrr_at_1_max": 0.250995,
        "nauc_mrr_at_1_std": 0.026282,
        "nauc_mrr_at_1_diff1": 0.463717,
        "nauc_mrr_at_3_max": 0.272691,
        "nauc_mrr_at_3_std": 0.050675,
        "nauc_mrr_at_3_diff1": 0.413096,
        "nauc_mrr_at_5_max": 0.273886,
        "nauc_mrr_at_5_std": 0.059409,
        "nauc_mrr_at_5_diff1": 0.405325,
        "nauc_mrr_at_10_max": 0.282987,
        "nauc_mrr_at_10_std": 0.063994,
        "nauc_mrr_at_10_diff1": 0.413107,
        "nauc_mrr_at_20_max": 0.287378,
        "nauc_mrr_at_20_std": 0.064288,
        "nauc_mrr_at_20_diff1": 0.41647,
        "nauc_mrr_at_100_max": 0.286779,
        "nauc_mrr_at_100_std": 0.063492,
        "nauc_mrr_at_100_diff1": 0.416817,
        "nauc_mrr_at_1000_max": 0.286199,
        "nauc_mrr_at_1000_std": 0.063302,
        "nauc_mrr_at_1000_diff1": 0.416723,
        "main_score": 0.43549,
        "hf_subset": "default",
        "languages": [
          "tur-Latn"
        ]
      }
    ]
  },
  "evaluation_time": 1.2244291305541992,
  "kg_co2_emissions": null
}