{
  "dataset_revision": "main",
  "task_name": "ArguAnaTR",
  "mteb_version": "1.31.3",
  "scores": {
    "test": [
      {
        "ndcg_at_1": 0.23186,
        "ndcg_at_3": 0.3649,
        "ndcg_at_5": 0.4192,
        "ndcg_at_10": 0.47721,
        "ndcg_at_20": 0.50712,
        "ndcg_at_100": 0.52555,
        "ndcg_at_1000": 0.52722,
        "map_at_1": 0.23186,
        "map_at_3": 0.33179,
        "map_at_5": 0.36198,
        "map_at_10": 0.38608,
        "map_at_20": 0.39443,
        "map_at_100": 0.39732,
        "map_at_1000": 0.39738,
        "recall_at_1": 0.23186,
        "recall_at_3": 0.46088,
        "recall_at_5": 0.59246,
        "recall_at_10": 0.77098,
        "recall_at_20": 0.88834,
        "recall_at_100": 0.98293,
        "recall_at_1000": 0.99644,
        "precision_at_1": 0.23186,
        "precision_at_3": 0.15363,
        "precision_at_5": 0.11849,
        "precision_at_10": 0.0771,
        "precision_at_20": 0.04442,
        "precision_at_100": 0.00983,
        "precision_at_1000": 0.001,
        "mrr_at_1": 0.236131,
        "mrr_at_3": 0.333807,
        "mrr_at_5": 0.363715,
        "mrr_at_10": 0.387751,
        "mrr_at_20": 0.395991,
        "mrr_at_100": 0.39892,
        "mrr_at_1000": 0.398974,
        "nauc_ndcg_at_1_max": -0.049843,
        "nauc_ndcg_at_1_std": -0.108141,
        "nauc_ndcg_at_1_diff1": 0.159212,
        "nauc_ndcg_at_3_max": -0.021684,
        "nauc_ndcg_at_3_std": -0.085622,
        "nauc_ndcg_at_3_diff1": 0.112387,
        "nauc_ndcg_at_5_max": -0.004919,
        "nauc_ndcg_at_5_std": -0.066871,
        "nauc_ndcg_at_5_diff1": 0.116549,
        "nauc_ndcg_at_10_max": 0.012566,
        "nauc_ndcg_at_10_std": -0.063813,
        "nauc_ndcg_at_10_diff1": 0.129309,
        "nauc_ndcg_at_20_max": 0.009144,
        "nauc_ndcg_at_20_std": -0.057978,
        "nauc_ndcg_at_20_diff1": 0.127327,
        "nauc_ndcg_at_100_max": -0.002772,
        "nauc_ndcg_at_100_std": -0.066794,
        "nauc_ndcg_at_100_diff1": 0.127338,
        "nauc_ndcg_at_1000_max": -0.005529,
        "nauc_ndcg_at_1000_std": -0.068238,
        "nauc_ndcg_at_1000_diff1": 0.126329,
        "nauc_map_at_1_max": -0.049843,
        "nauc_map_at_1_std": -0.108141,
        "nauc_map_at_1_diff1": 0.159212,
        "nauc_map_at_3_max": -0.026703,
        "nauc_map_at_3_std": -0.089814,
        "nauc_map_at_3_diff1": 0.123418,
        "nauc_map_at_5_max": -0.017648,
        "nauc_map_at_5_std": -0.079112,
        "nauc_map_at_5_diff1": 0.125799,
        "nauc_map_at_10_max": -0.011741,
        "nauc_map_at_10_std": -0.078723,
        "nauc_map_at_10_diff1": 0.130516,
        "nauc_map_at_20_max": -0.013278,
        "nauc_map_at_20_std": -0.077446,
        "nauc_map_at_20_diff1": 0.129863,
        "nauc_map_at_100_max": -0.014663,
        "nauc_map_at_100_std": -0.078079,
        "nauc_map_at_100_diff1": 0.129719,
        "nauc_map_at_1000_max": -0.014713,
        "nauc_map_at_1000_std": -0.07808,
        "nauc_map_at_1000_diff1": 0.129676,
        "nauc_recall_at_1_max": -0.049843,
        "nauc_recall_at_1_std": -0.108141,
        "nauc_recall_at_1_diff1": 0.159212,
        "nauc_recall_at_3_max": -0.008652,
        "nauc_recall_at_3_std": -0.074647,
        "nauc_recall_at_3_diff1": 0.08244,
        "nauc_recall_at_5_max": 0.034659,
        "nauc_recall_at_5_std": -0.028909,
        "nauc_recall_at_5_diff1": 0.090029,
        "nauc_recall_at_10_max": 0.131866,
        "nauc_recall_at_10_std": 0.005699,
        "nauc_recall_at_10_diff1": 0.135422,
        "nauc_recall_at_20_max": 0.208895,
        "nauc_recall_at_20_std": 0.117872,
        "nauc_recall_at_20_diff1": 0.126397,
        "nauc_recall_at_100_max": 0.341353,
        "nauc_recall_at_100_std": 0.266694,
        "nauc_recall_at_100_diff1": 0.166293,
        "nauc_recall_at_1000_max": 0.003713,
        "nauc_recall_at_1000_std": 0.551452,
        "nauc_recall_at_1000_diff1": -0.17846,
        "nauc_precision_at_1_max": -0.049843,
        "nauc_precision_at_1_std": -0.108141,
        "nauc_precision_at_1_diff1": 0.159212,
        "nauc_precision_at_3_max": -0.008652,
        "nauc_precision_at_3_std": -0.074647,
        "nauc_precision_at_3_diff1": 0.08244,
        "nauc_precision_at_5_max": 0.034659,
        "nauc_precision_at_5_std": -0.028909,
        "nauc_precision_at_5_diff1": 0.090029,
        "nauc_precision_at_10_max": 0.131866,
        "nauc_precision_at_10_std": 0.005699,
        "nauc_precision_at_10_diff1": 0.135422,
        "nauc_precision_at_20_max": 0.208895,
        "nauc_precision_at_20_std": 0.117872,
        "nauc_precision_at_20_diff1": 0.126397,
        "nauc_precision_at_100_max": 0.341353,
        "nauc_precision_at_100_std": 0.266694,
        "nauc_precision_at_100_diff1": 0.166293,
        "nauc_precision_at_1000_max": 0.003713,
        "nauc_precision_at_1000_std": 0.551452,
        "nauc_precision_at_1000_diff1": -0.17846,
        "nauc_mrr_at_1_max": -0.051265,
        "nauc_mrr_at_1_std": -0.10479,
        "nauc_mrr_at_1_diff1": 0.144188,
        "nauc_mrr_at_3_max": -0.029615,
        "nauc_mrr_at_3_std": -0.087484,
        "nauc_mrr_at_3_diff1": 0.11301,
        "nauc_mrr_at_5_max": -0.02221,
        "nauc_mrr_at_5_std": -0.07881,
        "nauc_mrr_at_5_diff1": 0.114871,
        "nauc_mrr_at_10_max": -0.016556,
        "nauc_mrr_at_10_std": -0.077959,
        "nauc_mrr_at_10_diff1": 0.118912,
        "nauc_mrr_at_20_max": -0.018358,
        "nauc_mrr_at_20_std": -0.076975,
        "nauc_mrr_at_20_diff1": 0.117673,
        "nauc_mrr_at_100_max": -0.019596,
        "nauc_mrr_at_100_std": -0.077545,
        "nauc_mrr_at_100_diff1": 0.117617,
        "nauc_mrr_at_1000_max": -0.019646,
        "nauc_mrr_at_1000_std": -0.077546,
        "nauc_mrr_at_1000_diff1": 0.117572,
        "main_score": 0.47721,
        "hf_subset": "default",
        "languages": [
          "tur-Latn"
        ]
      }
    ]
  },
  "evaluation_time": 214.51462388038635,
  "kg_co2_emissions": null
}