{
  "dataset_revision": "main",
  "task_name": "NFCorpusTR",
  "mteb_version": "1.31.3",
  "scores": {
    "test": [
      {
        "ndcg_at_1": 0.32663,
        "ndcg_at_3": 0.31276,
        "ndcg_at_5": 0.28674,
        "ndcg_at_10": 0.27112,
        "ndcg_at_20": 0.2541,
        "ndcg_at_100": 0.25189,
        "ndcg_at_1000": 0.34307,
        "map_at_1": 0.04047,
        "map_at_3": 0.07159,
        "map_at_5": 0.08017,
        "map_at_10": 0.09567,
        "map_at_20": 0.10579,
        "map_at_100": 0.11909,
        "map_at_1000": 0.13135,
        "recall_at_1": 0.04047,
        "recall_at_3": 0.08538,
        "recall_at_5": 0.09949,
        "recall_at_10": 0.13843,
        "recall_at_20": 0.17275,
        "recall_at_100": 0.27143,
        "recall_at_1000": 0.59118,
        "precision_at_1": 0.34675,
        "precision_at_3": 0.30134,
        "precision_at_5": 0.24954,
        "precision_at_10": 0.20341,
        "precision_at_20": 0.15015,
        "precision_at_100": 0.06384,
        "precision_at_1000": 0.01902,
        "mrr_at_1": 0.346749,
        "mrr_at_3": 0.428277,
        "mrr_at_5": 0.438184,
        "mrr_at_10": 0.446506,
        "mrr_at_20": 0.450284,
        "mrr_at_100": 0.453711,
        "mrr_at_1000": 0.454351,
        "nauc_ndcg_at_1_max": 0.381581,
        "nauc_ndcg_at_1_std": 0.126675,
        "nauc_ndcg_at_1_diff1": 0.309973,
        "nauc_ndcg_at_3_max": 0.422676,
        "nauc_ndcg_at_3_std": 0.206399,
        "nauc_ndcg_at_3_diff1": 0.263361,
        "nauc_ndcg_at_5_max": 0.421877,
        "nauc_ndcg_at_5_std": 0.225106,
        "nauc_ndcg_at_5_diff1": 0.24189,
        "nauc_ndcg_at_10_max": 0.444738,
        "nauc_ndcg_at_10_std": 0.270389,
        "nauc_ndcg_at_10_diff1": 0.210033,
        "nauc_ndcg_at_20_max": 0.430083,
        "nauc_ndcg_at_20_std": 0.290585,
        "nauc_ndcg_at_20_diff1": 0.194946,
        "nauc_ndcg_at_100_max": 0.439224,
        "nauc_ndcg_at_100_std": 0.286768,
        "nauc_ndcg_at_100_diff1": 0.203487,
        "nauc_ndcg_at_1000_max": 0.485108,
        "nauc_ndcg_at_1000_std": 0.339677,
        "nauc_ndcg_at_1000_diff1": 0.216476,
        "nauc_map_at_1_max": 0.295448,
        "nauc_map_at_1_std": -0.082905,
        "nauc_map_at_1_diff1": 0.43324,
        "nauc_map_at_3_max": 0.282434,
        "nauc_map_at_3_std": -0.059291,
        "nauc_map_at_3_diff1": 0.314901,
        "nauc_map_at_5_max": 0.303142,
        "nauc_map_at_5_std": -0.034666,
        "nauc_map_at_5_diff1": 0.280591,
        "nauc_map_at_10_max": 0.345959,
        "nauc_map_at_10_std": 0.029697,
        "nauc_map_at_10_diff1": 0.249037,
        "nauc_map_at_20_max": 0.368501,
        "nauc_map_at_20_std": 0.076594,
        "nauc_map_at_20_diff1": 0.23373,
        "nauc_map_at_100_max": 0.389957,
        "nauc_map_at_100_std": 0.136731,
        "nauc_map_at_100_diff1": 0.220132,
        "nauc_map_at_1000_max": 0.399673,
        "nauc_map_at_1000_std": 0.183171,
        "nauc_map_at_1000_diff1": 0.217965,
        "nauc_recall_at_1_max": 0.295448,
        "nauc_recall_at_1_std": -0.082905,
        "nauc_recall_at_1_diff1": 0.43324,
        "nauc_recall_at_3_max": 0.229917,
        "nauc_recall_at_3_std": -0.060722,
        "nauc_recall_at_3_diff1": 0.257528,
        "nauc_recall_at_5_max": 0.267174,
        "nauc_recall_at_5_std": -0.024831,
        "nauc_recall_at_5_diff1": 0.217445,
        "nauc_recall_at_10_max": 0.272077,
        "nauc_recall_at_10_std": 0.044059,
        "nauc_recall_at_10_diff1": 0.15664,
        "nauc_recall_at_20_max": 0.26917,
        "nauc_recall_at_20_std": 0.090452,
        "nauc_recall_at_20_diff1": 0.11264,
        "nauc_recall_at_100_max": 0.275976,
        "nauc_recall_at_100_std": 0.174348,
        "nauc_recall_at_100_diff1": 0.087071,
        "nauc_recall_at_1000_max": 0.232792,
        "nauc_recall_at_1000_std": 0.225536,
        "nauc_recall_at_1000_diff1": 0.030457,
        "nauc_precision_at_1_max": 0.398247,
        "nauc_precision_at_1_std": 0.127697,
        "nauc_precision_at_1_diff1": 0.316165,
        "nauc_precision_at_3_max": 0.423245,
        "nauc_precision_at_3_std": 0.254915,
        "nauc_precision_at_3_diff1": 0.192202,
        "nauc_precision_at_5_max": 0.397,
        "nauc_precision_at_5_std": 0.292057,
        "nauc_precision_at_5_diff1": 0.130539,
        "nauc_precision_at_10_max": 0.401254,
        "nauc_precision_at_10_std": 0.375581,
        "nauc_precision_at_10_diff1": 0.063152,
        "nauc_precision_at_20_max": 0.363988,
        "nauc_precision_at_20_std": 0.460542,
        "nauc_precision_at_20_diff1": 0.031069,
        "nauc_precision_at_100_max": 0.26431,
        "nauc_precision_at_100_std": 0.525378,
        "nauc_precision_at_100_diff1": 0.008048,
        "nauc_precision_at_1000_max": 0.132969,
        "nauc_precision_at_1000_std": 0.444644,
        "nauc_precision_at_1000_diff1": 0.011463,
        "nauc_mrr_at_1_max": 0.398247,
        "nauc_mrr_at_1_std": 0.127697,
        "nauc_mrr_at_1_diff1": 0.316165,
        "nauc_mrr_at_3_max": 0.43536,
        "nauc_mrr_at_3_std": 0.210544,
        "nauc_mrr_at_3_diff1": 0.30198,
        "nauc_mrr_at_5_max": 0.454642,
        "nauc_mrr_at_5_std": 0.22202,
        "nauc_mrr_at_5_diff1": 0.300289,
        "nauc_mrr_at_10_max": 0.457231,
        "nauc_mrr_at_10_std": 0.223823,
        "nauc_mrr_at_10_diff1": 0.297848,
        "nauc_mrr_at_20_max": 0.459601,
        "nauc_mrr_at_20_std": 0.228232,
        "nauc_mrr_at_20_diff1": 0.298016,
        "nauc_mrr_at_100_max": 0.458617,
        "nauc_mrr_at_100_std": 0.22794,
        "nauc_mrr_at_100_diff1": 0.298185,
        "nauc_mrr_at_1000_max": 0.458062,
        "nauc_mrr_at_1000_std": 0.227293,
        "nauc_mrr_at_1000_diff1": 0.298065,
        "main_score": 0.27112,
        "hf_subset": "default",
        "languages": [
          "tur-Latn"
        ]
      }
    ]
  },
  "evaluation_time": 137.76009964942932,
  "kg_co2_emissions": null
}