{
  "dataset_revision": "main",
  "task_name": "FiQA2018TR",
  "mteb_version": "1.31.3",
  "scores": {
    "test": [
      {
        "ndcg_at_1": 0.1466,
        "ndcg_at_3": 0.20622,
        "ndcg_at_5": 0.22906,
        "ndcg_at_10": 0.25911,
        "ndcg_at_20": 0.28075,
        "ndcg_at_100": 0.32687,
        "ndcg_at_1000": 0.35611,
        "map_at_1": 0.1466,
        "map_at_3": 0.19162,
        "map_at_5": 0.20427,
        "map_at_10": 0.21671,
        "map_at_20": 0.22275,
        "map_at_100": 0.22888,
        "map_at_1000": 0.22986,
        "recall_at_1": 0.1466,
        "recall_at_3": 0.24846,
        "recall_at_5": 0.30401,
        "recall_at_10": 0.3966,
        "recall_at_20": 0.48148,
        "recall_at_100": 0.73302,
        "recall_at_1000": 0.96914,
        "precision_at_1": 0.1466,
        "precision_at_3": 0.08282,
        "precision_at_5": 0.0608,
        "precision_at_10": 0.03966,
        "precision_at_20": 0.02407,
        "precision_at_100": 0.00733,
        "precision_at_1000": 0.00097,
        "mrr_at_1": 0.146605,
        "mrr_at_3": 0.191615,
        "mrr_at_5": 0.20427,
        "mrr_at_10": 0.216714,
        "mrr_at_20": 0.22275,
        "mrr_at_100": 0.228885,
        "mrr_at_1000": 0.229863,
        "nauc_ndcg_at_1_max": 0.179627,
        "nauc_ndcg_at_1_std": -0.033503,
        "nauc_ndcg_at_1_diff1": 0.303368,
        "nauc_ndcg_at_3_max": 0.139576,
        "nauc_ndcg_at_3_std": -0.0546,
        "nauc_ndcg_at_3_diff1": 0.242074,
        "nauc_ndcg_at_5_max": 0.134936,
        "nauc_ndcg_at_5_std": -0.054913,
        "nauc_ndcg_at_5_diff1": 0.226716,
        "nauc_ndcg_at_10_max": 0.141416,
        "nauc_ndcg_at_10_std": -0.038958,
        "nauc_ndcg_at_10_diff1": 0.237597,
        "nauc_ndcg_at_20_max": 0.149042,
        "nauc_ndcg_at_20_std": -0.018606,
        "nauc_ndcg_at_20_diff1": 0.228837,
        "nauc_ndcg_at_100_max": 0.154157,
        "nauc_ndcg_at_100_std": -0.015071,
        "nauc_ndcg_at_100_diff1": 0.237244,
        "nauc_ndcg_at_1000_max": 0.151605,
        "nauc_ndcg_at_1000_std": -0.025298,
        "nauc_ndcg_at_1000_diff1": 0.237252,
        "nauc_map_at_1_max": 0.179627,
        "nauc_map_at_1_std": -0.033503,
        "nauc_map_at_1_diff1": 0.303368,
        "nauc_map_at_3_max": 0.146458,
        "nauc_map_at_3_std": -0.051556,
        "nauc_map_at_3_diff1": 0.254612,
        "nauc_map_at_5_max": 0.144002,
        "nauc_map_at_5_std": -0.051723,
        "nauc_map_at_5_diff1": 0.244677,
        "nauc_map_at_10_max": 0.147176,
        "nauc_map_at_10_std": -0.044272,
        "nauc_map_at_10_diff1": 0.249227,
        "nauc_map_at_20_max": 0.149906,
        "nauc_map_at_20_std": -0.037893,
        "nauc_map_at_20_diff1": 0.24647,
        "nauc_map_at_100_max": 0.151008,
        "nauc_map_at_100_std": -0.038138,
        "nauc_map_at_100_diff1": 0.247489,
        "nauc_map_at_1000_max": 0.151011,
        "nauc_map_at_1000_std": -0.038526,
        "nauc_map_at_1000_diff1": 0.247449,
        "nauc_recall_at_1_max": 0.179627,
        "nauc_recall_at_1_std": -0.033503,
        "nauc_recall_at_1_diff1": 0.303368,
        "nauc_recall_at_3_max": 0.123174,
        "nauc_recall_at_3_std": -0.061613,
        "nauc_recall_at_3_diff1": 0.211359,
        "nauc_recall_at_5_max": 0.113529,
        "nauc_recall_at_5_std": -0.061961,
        "nauc_recall_at_5_diff1": 0.184214,
        "nauc_recall_at_10_max": 0.129471,
        "nauc_recall_at_10_std": -0.022726,
        "nauc_recall_at_10_diff1": 0.214353,
        "nauc_recall_at_20_max": 0.15165,
        "nauc_recall_at_20_std": 0.042794,
        "nauc_recall_at_20_diff1": 0.185967,
        "nauc_recall_at_100_max": 0.179058,
        "nauc_recall_at_100_std": 0.103786,
        "nauc_recall_at_100_diff1": 0.22302,
        "nauc_recall_at_1000_max": 0.149931,
        "nauc_recall_at_1000_std": 0.251552,
        "nauc_recall_at_1000_diff1": 0.156937,
        "nauc_precision_at_1_max": 0.179627,
        "nauc_precision_at_1_std": -0.033503,
        "nauc_precision_at_1_diff1": 0.303368,
        "nauc_precision_at_3_max": 0.123174,
        "nauc_precision_at_3_std": -0.061613,
        "nauc_precision_at_3_diff1": 0.211359,
        "nauc_precision_at_5_max": 0.113529,
        "nauc_precision_at_5_std": -0.061961,
        "nauc_precision_at_5_diff1": 0.184214,
        "nauc_precision_at_10_max": 0.129471,
        "nauc_precision_at_10_std": -0.022726,
        "nauc_precision_at_10_diff1": 0.214353,
        "nauc_precision_at_20_max": 0.15165,
        "nauc_precision_at_20_std": 0.042794,
        "nauc_precision_at_20_diff1": 0.185967,
        "nauc_precision_at_100_max": 0.179058,
        "nauc_precision_at_100_std": 0.103786,
        "nauc_precision_at_100_diff1": 0.22302,
        "nauc_precision_at_1000_max": 0.149931,
        "nauc_precision_at_1000_std": 0.251552,
        "nauc_precision_at_1000_diff1": 0.156937,
        "nauc_mrr_at_1_max": 0.179627,
        "nauc_mrr_at_1_std": -0.033503,
        "nauc_mrr_at_1_diff1": 0.303368,
        "nauc_mrr_at_3_max": 0.146458,
        "nauc_mrr_at_3_std": -0.051556,
        "nauc_mrr_at_3_diff1": 0.254612,
        "nauc_mrr_at_5_max": 0.144002,
        "nauc_mrr_at_5_std": -0.051723,
        "nauc_mrr_at_5_diff1": 0.244677,
        "nauc_mrr_at_10_max": 0.147176,
        "nauc_mrr_at_10_std": -0.044272,
        "nauc_mrr_at_10_diff1": 0.249227,
        "nauc_mrr_at_20_max": 0.149906,
        "nauc_mrr_at_20_std": -0.037893,
        "nauc_mrr_at_20_diff1": 0.24647,
        "nauc_mrr_at_100_max": 0.151008,
        "nauc_mrr_at_100_std": -0.038138,
        "nauc_mrr_at_100_diff1": 0.247489,
        "nauc_mrr_at_1000_max": 0.151011,
        "nauc_mrr_at_1000_std": -0.038526,
        "nauc_mrr_at_1000_diff1": 0.247449,
        "main_score": 0.25911,
        "hf_subset": "default",
        "languages": [
          "tur-Latn"
        ]
      }
    ]
  },
  "evaluation_time": 29.821072816848755,
  "kg_co2_emissions": null
}