{
  "dataset_revision": "main",
  "task_name": "MSMarcoTRRetrieval",
  "mteb_version": "1.31.3",
  "scores": {
    "test": [
      {
        "ndcg_at_1": 0.36479,
        "ndcg_at_3": 0.41449,
        "ndcg_at_5": 0.42828,
        "ndcg_at_10": 0.43967,
        "ndcg_at_20": 0.44496,
        "ndcg_at_100": 0.4524,
        "ndcg_at_1000": 0.45527,
        "map_at_1": 0.36479,
        "map_at_3": 0.40212,
        "map_at_5": 0.40982,
        "map_at_10": 0.41452,
        "map_at_20": 0.41602,
        "map_at_100": 0.41709,
        "map_at_1000": 0.41722,
        "recall_at_1": 0.36479,
        "recall_at_3": 0.45037,
        "recall_at_5": 0.48362,
        "recall_at_10": 0.51883,
        "recall_at_20": 0.53936,
        "recall_at_100": 0.57897,
        "recall_at_1000": 0.60049,
        "precision_at_1": 0.36479,
        "precision_at_3": 0.15012,
        "precision_at_5": 0.09672,
        "precision_at_10": 0.05188,
        "precision_at_20": 0.02697,
        "precision_at_100": 0.00579,
        "precision_at_1000": 0.0006,
        "mrr_at_1": 0.364792,
        "mrr_at_3": 0.402119,
        "mrr_at_5": 0.409821,
        "mrr_at_10": 0.414521,
        "mrr_at_20": 0.416021,
        "mrr_at_100": 0.417092,
        "mrr_at_1000": 0.41722,
        "nauc_ndcg_at_1_max": 0.548687,
        "nauc_ndcg_at_1_std": 0.084759,
        "nauc_ndcg_at_1_diff1": 0.632775,
        "nauc_ndcg_at_3_max": 0.551426,
        "nauc_ndcg_at_3_std": 0.110461,
        "nauc_ndcg_at_3_diff1": 0.576994,
        "nauc_ndcg_at_5_max": 0.538416,
        "nauc_ndcg_at_5_std": 0.103991,
        "nauc_ndcg_at_5_diff1": 0.559536,
        "nauc_ndcg_at_10_max": 0.532506,
        "nauc_ndcg_at_10_std": 0.103022,
        "nauc_ndcg_at_10_diff1": 0.550211,
        "nauc_ndcg_at_20_max": 0.531873,
        "nauc_ndcg_at_20_std": 0.10345,
        "nauc_ndcg_at_20_diff1": 0.54976,
        "nauc_ndcg_at_100_max": 0.524509,
        "nauc_ndcg_at_100_std": 0.09944,
        "nauc_ndcg_at_100_diff1": 0.545513,
        "nauc_ndcg_at_1000_max": 0.521068,
        "nauc_ndcg_at_1000_std": 0.095354,
        "nauc_ndcg_at_1000_diff1": 0.544213,
        "nauc_map_at_1_max": 0.548687,
        "nauc_map_at_1_std": 0.084759,
        "nauc_map_at_1_diff1": 0.632775,
        "nauc_map_at_3_max": 0.550969,
        "nauc_map_at_3_std": 0.104392,
        "nauc_map_at_3_diff1": 0.591453,
        "nauc_map_at_5_max": 0.543566,
        "nauc_map_at_5_std": 0.100471,
        "nauc_map_at_5_diff1": 0.581744,
        "nauc_map_at_10_max": 0.541288,
        "nauc_map_at_10_std": 0.100201,
        "nauc_map_at_10_diff1": 0.577978,
        "nauc_map_at_20_max": 0.541076,
        "nauc_map_at_20_std": 0.100208,
        "nauc_map_at_20_diff1": 0.577903,
        "nauc_map_at_100_max": 0.540098,
        "nauc_map_at_100_std": 0.099775,
        "nauc_map_at_100_diff1": 0.577277,
        "nauc_map_at_1000_max": 0.539958,
        "nauc_map_at_1000_std": 0.099599,
        "nauc_map_at_1000_diff1": 0.577227,
        "nauc_recall_at_1_max": 0.548687,
        "nauc_recall_at_1_std": 0.084759,
        "nauc_recall_at_1_diff1": 0.632775,
        "nauc_recall_at_3_max": 0.552663,
        "nauc_recall_at_3_std": 0.127963,
        "nauc_recall_at_3_diff1": 0.534753,
        "nauc_recall_at_5_max": 0.521664,
        "nauc_recall_at_5_std": 0.113679,
        "nauc_recall_at_5_diff1": 0.491872,
        "nauc_recall_at_10_max": 0.501784,
        "nauc_recall_at_10_std": 0.110074,
        "nauc_recall_at_10_diff1": 0.460667,
        "nauc_recall_at_20_max": 0.498915,
        "nauc_recall_at_20_std": 0.112824,
        "nauc_recall_at_20_diff1": 0.456826,
        "nauc_recall_at_100_max": 0.454348,
        "nauc_recall_at_100_std": 0.087898,
        "nauc_recall_at_100_diff1": 0.429135,
        "nauc_recall_at_1000_max": 0.423657,
        "nauc_recall_at_1000_std": 0.05362,
        "nauc_recall_at_1000_diff1": 0.415386,
        "nauc_precision_at_1_max": 0.548687,
        "nauc_precision_at_1_std": 0.084759,
        "nauc_precision_at_1_diff1": 0.632775,
        "nauc_precision_at_3_max": 0.552663,
        "nauc_precision_at_3_std": 0.127963,
        "nauc_precision_at_3_diff1": 0.534753,
        "nauc_precision_at_5_max": 0.521664,
        "nauc_precision_at_5_std": 0.113679,
        "nauc_precision_at_5_diff1": 0.491872,
        "nauc_precision_at_10_max": 0.501784,
        "nauc_precision_at_10_std": 0.110074,
        "nauc_precision_at_10_diff1": 0.460667,
        "nauc_precision_at_20_max": 0.498915,
        "nauc_precision_at_20_std": 0.112824,
        "nauc_precision_at_20_diff1": 0.456826,
        "nauc_precision_at_100_max": 0.454348,
        "nauc_precision_at_100_std": 0.087898,
        "nauc_precision_at_100_diff1": 0.429135,
        "nauc_precision_at_1000_max": 0.423657,
        "nauc_precision_at_1000_std": 0.05362,
        "nauc_precision_at_1000_diff1": 0.415386,
        "nauc_mrr_at_1_max": 0.548687,
        "nauc_mrr_at_1_std": 0.084759,
        "nauc_mrr_at_1_diff1": 0.632775,
        "nauc_mrr_at_3_max": 0.550969,
        "nauc_mrr_at_3_std": 0.104392,
        "nauc_mrr_at_3_diff1": 0.591453,
        "nauc_mrr_at_5_max": 0.543566,
        "nauc_mrr_at_5_std": 0.100471,
        "nauc_mrr_at_5_diff1": 0.581744,
        "nauc_mrr_at_10_max": 0.541288,
        "nauc_mrr_at_10_std": 0.100201,
        "nauc_mrr_at_10_diff1": 0.577978,
        "nauc_mrr_at_20_max": 0.541076,
        "nauc_mrr_at_20_std": 0.100208,
        "nauc_mrr_at_20_diff1": 0.577903,
        "nauc_mrr_at_100_max": 0.540098,
        "nauc_mrr_at_100_std": 0.099775,
        "nauc_mrr_at_100_diff1": 0.577277,
        "nauc_mrr_at_1000_max": 0.539958,
        "nauc_mrr_at_1000_std": 0.099599,
        "nauc_mrr_at_1000_diff1": 0.577227,
        "main_score": 0.43967,
        "hf_subset": "default",
        "languages": [
          "tur-Latn"
        ]
      }
    ]
  },
  "evaluation_time": 13.179007291793823,
  "kg_co2_emissions": null
}