{
  "dataset_revision": "main",
  "task_name": "QuoraRetrievalTR",
  "mteb_version": "1.31.3",
  "scores": {
    "test": [
      {
        "ndcg_at_1": 0.84577,
        "ndcg_at_3": 0.89861,
        "ndcg_at_5": 0.90629,
        "ndcg_at_10": 0.91183,
        "ndcg_at_20": 0.91472,
        "ndcg_at_100": 0.91718,
        "ndcg_at_1000": 0.91766,
        "map_at_1": 0.84577,
        "map_at_3": 0.88575,
        "map_at_5": 0.89,
        "map_at_10": 0.89231,
        "map_at_20": 0.89309,
        "map_at_100": 0.89347,
        "map_at_1000": 0.89348,
        "recall_at_1": 0.84577,
        "recall_at_3": 0.93578,
        "recall_at_5": 0.95445,
        "recall_at_10": 0.97146,
        "recall_at_20": 0.98299,
        "recall_at_100": 0.99561,
        "recall_at_1000": 0.99945,
        "precision_at_1": 0.84577,
        "precision_at_3": 0.31193,
        "precision_at_5": 0.19089,
        "precision_at_10": 0.09715,
        "precision_at_20": 0.04915,
        "precision_at_100": 0.00996,
        "precision_at_1000": 0.001,
        "mrr_at_1": 0.845774,
        "mrr_at_3": 0.885748,
        "mrr_at_5": 0.890002,
        "mrr_at_10": 0.892307,
        "mrr_at_20": 0.893087,
        "mrr_at_100": 0.893465,
        "mrr_at_1000": 0.893482,
        "nauc_ndcg_at_1_max": 0.508892,
        "nauc_ndcg_at_1_std": -0.279933,
        "nauc_ndcg_at_1_diff1": 0.85607,
        "nauc_ndcg_at_3_max": 0.555165,
        "nauc_ndcg_at_3_std": -0.311023,
        "nauc_ndcg_at_3_diff1": 0.844522,
        "nauc_ndcg_at_5_max": 0.557064,
        "nauc_ndcg_at_5_std": -0.303942,
        "nauc_ndcg_at_5_diff1": 0.849768,
        "nauc_ndcg_at_10_max": 0.559212,
        "nauc_ndcg_at_10_std": -0.301663,
        "nauc_ndcg_at_10_diff1": 0.852386,
        "nauc_ndcg_at_20_max": 0.556876,
        "nauc_ndcg_at_20_std": -0.289988,
        "nauc_ndcg_at_20_diff1": 0.852766,
        "nauc_ndcg_at_100_max": 0.549998,
        "nauc_ndcg_at_100_std": -0.293007,
        "nauc_ndcg_at_100_diff1": 0.851062,
        "nauc_ndcg_at_1000_max": 0.547982,
        "nauc_ndcg_at_1000_std": -0.292004,
        "nauc_ndcg_at_1000_diff1": 0.850373,
        "nauc_map_at_1_max": 0.508892,
        "nauc_map_at_1_std": -0.279933,
        "nauc_map_at_1_diff1": 0.85607,
        "nauc_map_at_3_max": 0.541273,
        "nauc_map_at_3_std": -0.300429,
        "nauc_map_at_3_diff1": 0.84681,
        "nauc_map_at_5_max": 0.541506,
        "nauc_map_at_5_std": -0.29686,
        "nauc_map_at_5_diff1": 0.849084,
        "nauc_map_at_10_max": 0.541988,
        "nauc_map_at_10_std": -0.295497,
        "nauc_map_at_10_diff1": 0.849898,
        "nauc_map_at_20_max": 0.541499,
        "nauc_map_at_20_std": -0.292662,
        "nauc_map_at_20_diff1": 0.849952,
        "nauc_map_at_100_max": 0.54065,
        "nauc_map_at_100_std": -0.292771,
        "nauc_map_at_100_diff1": 0.849719,
        "nauc_map_at_1000_max": 0.540594,
        "nauc_map_at_1000_std": -0.29274,
        "nauc_map_at_1000_diff1": 0.849698,
        "nauc_recall_at_1_max": 0.508892,
        "nauc_recall_at_1_std": -0.279933,
        "nauc_recall_at_1_diff1": 0.85607,
        "nauc_recall_at_3_max": 0.623607,
        "nauc_recall_at_3_std": -0.364175,
        "nauc_recall_at_3_diff1": 0.834144,
        "nauc_recall_at_5_max": 0.661956,
        "nauc_recall_at_5_std": -0.349474,
        "nauc_recall_at_5_diff1": 0.858354,
        "nauc_recall_at_10_max": 0.74236,
        "nauc_recall_at_10_std": -0.36374,
        "nauc_recall_at_10_diff1": 0.888822,
        "nauc_recall_at_20_max": 0.814491,
        "nauc_recall_at_20_std": -0.191845,
        "nauc_recall_at_20_diff1": 0.921322,
        "nauc_recall_at_100_max": 0.897894,
        "nauc_recall_at_100_std": -0.276121,
        "nauc_recall_at_100_diff1": 0.965285,
        "nauc_recall_at_1000_max": 1.0,
        "nauc_recall_at_1000_std": 1.0,
        "nauc_recall_at_1000_diff1": 1.0,
        "nauc_precision_at_1_max": 0.508892,
        "nauc_precision_at_1_std": -0.279933,
        "nauc_precision_at_1_diff1": 0.85607,
        "nauc_precision_at_3_max": 0.623607,
        "nauc_precision_at_3_std": -0.364175,
        "nauc_precision_at_3_diff1": 0.834144,
        "nauc_precision_at_5_max": 0.661956,
        "nauc_precision_at_5_std": -0.349474,
        "nauc_precision_at_5_diff1": 0.858354,
        "nauc_precision_at_10_max": 0.74236,
        "nauc_precision_at_10_std": -0.36374,
        "nauc_precision_at_10_diff1": 0.888822,
        "nauc_precision_at_20_max": 0.814491,
        "nauc_precision_at_20_std": -0.191845,
        "nauc_precision_at_20_diff1": 0.921322,
        "nauc_precision_at_100_max": 0.897894,
        "nauc_precision_at_100_std": -0.276121,
        "nauc_precision_at_100_diff1": 0.965285,
        "nauc_precision_at_1000_max": 1.0,
        "nauc_precision_at_1000_std": 1.0,
        "nauc_precision_at_1000_diff1": 1.0,
        "nauc_mrr_at_1_max": 0.514748,
        "nauc_mrr_at_1_std": -0.277736,
        "nauc_mrr_at_1_diff1": 0.85607,
        "nauc_mrr_at_3_max": 0.545164,
        "nauc_mrr_at_3_std": -0.298969,
        "nauc_mrr_at_3_diff1": 0.84681,
        "nauc_mrr_at_5_max": 0.545553,
        "nauc_mrr_at_5_std": -0.295342,
        "nauc_mrr_at_5_diff1": 0.849084,
        "nauc_mrr_at_10_max": 0.546124,
        "nauc_mrr_at_10_std": -0.293945,
        "nauc_mrr_at_10_diff1": 0.849898,
        "nauc_mrr_at_20_max": 0.545667,
        "nauc_mrr_at_20_std": -0.291098,
        "nauc_mrr_at_20_diff1": 0.849952,
        "nauc_mrr_at_100_max": 0.544833,
        "nauc_mrr_at_100_std": -0.291202,
        "nauc_mrr_at_100_diff1": 0.849719,
        "nauc_mrr_at_1000_max": 0.544777,
        "nauc_mrr_at_1000_std": -0.29117,
        "nauc_mrr_at_1000_diff1": 0.849698,
        "main_score": 0.91183,
        "hf_subset": "default",
        "languages": [
          "tur-Latn"
        ]
      }
    ]
  },
  "evaluation_time": 7.601205110549927,
  "kg_co2_emissions": null
}