{
  "dataset_revision": "main",
  "task_name": "SciFactTR",
  "mteb_version": "1.31.3",
  "scores": {
    "test": [
      {
        "ndcg_at_1": 0.42,
        "ndcg_at_3": 0.50178,
        "ndcg_at_5": 0.52502,
        "ndcg_at_10": 0.55512,
        "ndcg_at_20": 0.57587,
        "ndcg_at_100": 0.60434,
        "ndcg_at_1000": 0.6121,
        "map_at_1": 0.42,
        "map_at_3": 0.48167,
        "map_at_5": 0.4945,
        "map_at_10": 0.50685,
        "map_at_20": 0.51282,
        "map_at_100": 0.51678,
        "map_at_1000": 0.51715,
        "recall_at_1": 0.42,
        "recall_at_3": 0.56,
        "recall_at_5": 0.61667,
        "recall_at_10": 0.71,
        "recall_at_20": 0.79,
        "recall_at_100": 0.94333,
        "recall_at_1000": 1.0,
        "precision_at_1": 0.42,
        "precision_at_3": 0.18667,
        "precision_at_5": 0.12333,
        "precision_at_10": 0.071,
        "precision_at_20": 0.0395,
        "precision_at_100": 0.00943,
        "precision_at_1000": 0.001,
        "mrr_at_1": 0.42,
        "mrr_at_3": 0.481667,
        "mrr_at_5": 0.4945,
        "mrr_at_10": 0.506849,
        "mrr_at_20": 0.512815,
        "mrr_at_100": 0.516782,
        "mrr_at_1000": 0.517152,
        "nauc_ndcg_at_1_max": 0.292242,
        "nauc_ndcg_at_1_std": -0.118054,
        "nauc_ndcg_at_1_diff1": 0.651424,
        "nauc_ndcg_at_3_max": 0.317726,
        "nauc_ndcg_at_3_std": -0.120882,
        "nauc_ndcg_at_3_diff1": 0.624713,
        "nauc_ndcg_at_5_max": 0.316442,
        "nauc_ndcg_at_5_std": -0.125448,
        "nauc_ndcg_at_5_diff1": 0.616092,
        "nauc_ndcg_at_10_max": 0.315806,
        "nauc_ndcg_at_10_std": -0.117496,
        "nauc_ndcg_at_10_diff1": 0.601227,
        "nauc_ndcg_at_20_max": 0.315435,
        "nauc_ndcg_at_20_std": -0.120153,
        "nauc_ndcg_at_20_diff1": 0.600636,
        "nauc_ndcg_at_100_max": 0.319185,
        "nauc_ndcg_at_100_std": -0.104691,
        "nauc_ndcg_at_100_diff1": 0.609021,
        "nauc_ndcg_at_1000_max": 0.314225,
        "nauc_ndcg_at_1000_std": -0.113723,
        "nauc_ndcg_at_1000_diff1": 0.611108,
        "nauc_map_at_1_max": 0.292242,
        "nauc_map_at_1_std": -0.118054,
        "nauc_map_at_1_diff1": 0.651424,
        "nauc_map_at_3_max": 0.309148,
        "nauc_map_at_3_std": -0.117402,
        "nauc_map_at_3_diff1": 0.628295,
        "nauc_map_at_5_max": 0.308927,
        "nauc_map_at_5_std": -0.119338,
        "nauc_map_at_5_diff1": 0.623447,
        "nauc_map_at_10_max": 0.308659,
        "nauc_map_at_10_std": -0.115614,
        "nauc_map_at_10_diff1": 0.617722,
        "nauc_map_at_20_max": 0.30871,
        "nauc_map_at_20_std": -0.116003,
        "nauc_map_at_20_diff1": 0.617809,
        "nauc_map_at_100_max": 0.309116,
        "nauc_map_at_100_std": -0.114409,
        "nauc_map_at_100_diff1": 0.618302,
        "nauc_map_at_1000_max": 0.309024,
        "nauc_map_at_1000_std": -0.114736,
        "nauc_map_at_1000_diff1": 0.618433,
        "nauc_recall_at_1_max": 0.292242,
        "nauc_recall_at_1_std": -0.118054,
        "nauc_recall_at_1_diff1": 0.651424,
        "nauc_recall_at_3_max": 0.34485,
        "nauc_recall_at_3_std": -0.132703,
        "nauc_recall_at_3_diff1": 0.615139,
        "nauc_recall_at_5_max": 0.34073,
        "nauc_recall_at_5_std": -0.147932,
        "nauc_recall_at_5_diff1": 0.592702,
        "nauc_recall_at_10_max": 0.34242,
        "nauc_recall_at_10_std": -0.125475,
        "nauc_recall_at_10_diff1": 0.530808,
        "nauc_recall_at_20_max": 0.345116,
        "nauc_recall_at_20_std": -0.147266,
        "nauc_recall_at_20_diff1": 0.506032,
        "nauc_recall_at_100_max": 0.514418,
        "nauc_recall_at_100_std": 0.215467,
        "nauc_recall_at_100_diff1": 0.545175,
        "nauc_recall_at_1000_max": NaN,
        "nauc_recall_at_1000_std": NaN,
        "nauc_recall_at_1000_diff1": NaN,
        "nauc_precision_at_1_max": 0.292242,
        "nauc_precision_at_1_std": -0.118054,
        "nauc_precision_at_1_diff1": 0.651424,
        "nauc_precision_at_3_max": 0.34485,
        "nauc_precision_at_3_std": -0.132703,
        "nauc_precision_at_3_diff1": 0.615139,
        "nauc_precision_at_5_max": 0.34073,
        "nauc_precision_at_5_std": -0.147932,
        "nauc_precision_at_5_diff1": 0.592702,
        "nauc_precision_at_10_max": 0.34242,
        "nauc_precision_at_10_std": -0.125475,
        "nauc_precision_at_10_diff1": 0.530808,
        "nauc_precision_at_20_max": 0.345116,
        "nauc_precision_at_20_std": -0.147266,
        "nauc_precision_at_20_diff1": 0.506032,
        "nauc_precision_at_100_max": 0.514418,
        "nauc_precision_at_100_std": 0.215467,
        "nauc_precision_at_100_diff1": 0.545175,
        "nauc_precision_at_1000_max": 1.0,
        "nauc_precision_at_1000_std": 1.0,
        "nauc_precision_at_1000_diff1": 1.0,
        "nauc_mrr_at_1_max": 0.292242,
        "nauc_mrr_at_1_std": -0.118054,
        "nauc_mrr_at_1_diff1": 0.651424,
        "nauc_mrr_at_3_max": 0.309148,
        "nauc_mrr_at_3_std": -0.117402,
        "nauc_mrr_at_3_diff1": 0.628295,
        "nauc_mrr_at_5_max": 0.308927,
        "nauc_mrr_at_5_std": -0.119338,
        "nauc_mrr_at_5_diff1": 0.623447,
        "nauc_mrr_at_10_max": 0.308659,
        "nauc_mrr_at_10_std": -0.115614,
        "nauc_mrr_at_10_diff1": 0.617722,
        "nauc_mrr_at_20_max": 0.30871,
        "nauc_mrr_at_20_std": -0.116003,
        "nauc_mrr_at_20_diff1": 0.617809,
        "nauc_mrr_at_100_max": 0.309116,
        "nauc_mrr_at_100_std": -0.114409,
        "nauc_mrr_at_100_diff1": 0.618302,
        "nauc_mrr_at_1000_max": 0.309024,
        "nauc_mrr_at_1000_std": -0.114736,
        "nauc_mrr_at_1000_diff1": 0.618433,
        "main_score": 0.55512,
        "hf_subset": "default",
        "languages": [
          "tur-Latn"
        ]
      }
    ]
  },
  "evaluation_time": 31.23314595222473,
  "kg_co2_emissions": null
}