{
  "dataset_revision": "main",
  "task_name": "SquadTRRetrieval",
  "mteb_version": "1.31.3",
  "scores": {
    "test": [
      {
        "ndcg_at_1": 0.23483,
        "ndcg_at_3": 0.33306,
        "ndcg_at_5": 0.36547,
        "ndcg_at_10": 0.40463,
        "ndcg_at_20": 0.43288,
        "ndcg_at_100": 0.46783,
        "ndcg_at_1000": 0.48041,
        "map_at_1": 0.23483,
        "map_at_3": 0.30879,
        "map_at_5": 0.3267,
        "map_at_10": 0.34291,
        "map_at_20": 0.35067,
        "map_at_100": 0.35565,
        "map_at_1000": 0.35615,
        "recall_at_1": 0.23483,
        "recall_at_3": 0.40333,
        "recall_at_5": 0.48233,
        "recall_at_10": 0.60318,
        "recall_at_20": 0.71487,
        "recall_at_100": 0.9011,
        "recall_at_1000": 0.99867,
        "precision_at_1": 0.23483,
        "precision_at_3": 0.13444,
        "precision_at_5": 0.09647,
        "precision_at_10": 0.06032,
        "precision_at_20": 0.03574,
        "precision_at_100": 0.00901,
        "precision_at_1000": 0.001,
        "mrr_at_1": 0.234833,
        "mrr_at_3": 0.308789,
        "mrr_at_5": 0.3267,
        "mrr_at_10": 0.342909,
        "mrr_at_20": 0.350669,
        "mrr_at_100": 0.355652,
        "mrr_at_1000": 0.356145,
        "nauc_ndcg_at_1_max": 0.225055,
        "nauc_ndcg_at_1_std": 0.041611,
        "nauc_ndcg_at_1_diff1": 0.362904,
        "nauc_ndcg_at_3_max": 0.244205,
        "nauc_ndcg_at_3_std": 0.062907,
        "nauc_ndcg_at_3_diff1": 0.28616,
        "nauc_ndcg_at_5_max": 0.252795,
        "nauc_ndcg_at_5_std": 0.066801,
        "nauc_ndcg_at_5_diff1": 0.274413,
        "nauc_ndcg_at_10_max": 0.270204,
        "nauc_ndcg_at_10_std": 0.08145,
        "nauc_ndcg_at_10_diff1": 0.271559,
        "nauc_ndcg_at_20_max": 0.282912,
        "nauc_ndcg_at_20_std": 0.095563,
        "nauc_ndcg_at_20_diff1": 0.275233,
        "nauc_ndcg_at_100_max": 0.281816,
        "nauc_ndcg_at_100_std": 0.101119,
        "nauc_ndcg_at_100_diff1": 0.279252,
        "nauc_ndcg_at_1000_max": 0.269102,
        "nauc_ndcg_at_1000_std": 0.08471,
        "nauc_ndcg_at_1000_diff1": 0.285508,
        "nauc_map_at_1_max": 0.225055,
        "nauc_map_at_1_std": 0.041611,
        "nauc_map_at_1_diff1": 0.362904,
        "nauc_map_at_3_max": 0.240305,
        "nauc_map_at_3_std": 0.05784,
        "nauc_map_at_3_diff1": 0.302841,
        "nauc_map_at_5_max": 0.245117,
        "nauc_map_at_5_std": 0.059943,
        "nauc_map_at_5_diff1": 0.296344,
        "nauc_map_at_10_max": 0.252383,
        "nauc_map_at_10_std": 0.06597,
        "nauc_map_at_10_diff1": 0.295586,
        "nauc_map_at_20_max": 0.255395,
        "nauc_map_at_20_std": 0.069396,
        "nauc_map_at_20_diff1": 0.296761,
        "nauc_map_at_100_max": 0.255618,
        "nauc_map_at_100_std": 0.070384,
        "nauc_map_at_100_diff1": 0.297561,
        "nauc_map_at_1000_max": 0.255176,
        "nauc_map_at_1000_std": 0.069838,
        "nauc_map_at_1000_diff1": 0.297749,
        "nauc_recall_at_1_max": 0.225055,
        "nauc_recall_at_1_std": 0.041611,
        "nauc_recall_at_1_diff1": 0.362904,
        "nauc_recall_at_3_max": 0.25444,
        "nauc_recall_at_3_std": 0.076508,
        "nauc_recall_at_3_diff1": 0.241952,
        "nauc_recall_at_5_max": 0.274707,
        "nauc_recall_at_5_std": 0.086162,
        "nauc_recall_at_5_diff1": 0.213367,
        "nauc_recall_at_10_max": 0.332044,
        "nauc_recall_at_10_std": 0.134968,
        "nauc_recall_at_10_diff1": 0.196067,
        "nauc_recall_at_20_max": 0.411248,
        "nauc_recall_at_20_std": 0.218768,
        "nauc_recall_at_20_diff1": 0.195762,
        "nauc_recall_at_100_max": 0.557182,
        "nauc_recall_at_100_std": 0.460832,
        "nauc_recall_at_100_diff1": 0.135334,
        "nauc_recall_at_1000_max": 0.637991,
        "nauc_recall_at_1000_std": 0.626818,
        "nauc_recall_at_1000_diff1": -0.066548,
        "nauc_precision_at_1_max": 0.225055,
        "nauc_precision_at_1_std": 0.041611,
        "nauc_precision_at_1_diff1": 0.362904,
        "nauc_precision_at_3_max": 0.25444,
        "nauc_precision_at_3_std": 0.076508,
        "nauc_precision_at_3_diff1": 0.241952,
        "nauc_precision_at_5_max": 0.274707,
        "nauc_precision_at_5_std": 0.086162,
        "nauc_precision_at_5_diff1": 0.213367,
        "nauc_precision_at_10_max": 0.332044,
        "nauc_precision_at_10_std": 0.134968,
        "nauc_precision_at_10_diff1": 0.196067,
        "nauc_precision_at_20_max": 0.411248,
        "nauc_precision_at_20_std": 0.218768,
        "nauc_precision_at_20_diff1": 0.195762,
        "nauc_precision_at_100_max": 0.557182,
        "nauc_precision_at_100_std": 0.460832,
        "nauc_precision_at_100_diff1": 0.135334,
        "nauc_precision_at_1000_max": 0.637991,
        "nauc_precision_at_1000_std": 0.626818,
        "nauc_precision_at_1000_diff1": -0.066548,
        "nauc_mrr_at_1_max": 0.225055,
        "nauc_mrr_at_1_std": 0.041611,
        "nauc_mrr_at_1_diff1": 0.362904,
        "nauc_mrr_at_3_max": 0.240305,
        "nauc_mrr_at_3_std": 0.05784,
        "nauc_mrr_at_3_diff1": 0.302841,
        "nauc_mrr_at_5_max": 0.245117,
        "nauc_mrr_at_5_std": 0.059943,
        "nauc_mrr_at_5_diff1": 0.296344,
        "nauc_mrr_at_10_max": 0.252383,
        "nauc_mrr_at_10_std": 0.06597,
        "nauc_mrr_at_10_diff1": 0.295586,
        "nauc_mrr_at_20_max": 0.255395,
        "nauc_mrr_at_20_std": 0.069396,
        "nauc_mrr_at_20_diff1": 0.296761,
        "nauc_mrr_at_100_max": 0.255618,
        "nauc_mrr_at_100_std": 0.070384,
        "nauc_mrr_at_100_diff1": 0.297561,
        "nauc_mrr_at_1000_max": 0.255176,
        "nauc_mrr_at_1000_std": 0.069838,
        "nauc_mrr_at_1000_diff1": 0.297749,
        "main_score": 0.40463,
        "hf_subset": "default",
        "languages": [
          "tur-Latn"
        ]
      }
    ]
  },
  "evaluation_time": 37.34108066558838,
  "kg_co2_emissions": null
}