{
  "dataset_revision": "main",
  "task_name": "CQADupstackGamingRetrievalTR",
  "mteb_version": "1.31.3",
  "scores": {
    "test": [
      {
        "ndcg_at_1": 0.02696,
        "ndcg_at_3": 0.03556,
        "ndcg_at_5": 0.04135,
        "ndcg_at_10": 0.0495,
        "ndcg_at_20": 0.05571,
        "ndcg_at_100": 0.07097,
        "ndcg_at_1000": 0.09434,
        "map_at_1": 0.02156,
        "map_at_3": 0.03099,
        "map_at_5": 0.03446,
        "map_at_10": 0.03787,
        "map_at_20": 0.03958,
        "map_at_100": 0.04167,
        "map_at_1000": 0.04242,
        "recall_at_1": 0.02156,
        "recall_at_3": 0.0406,
        "recall_at_5": 0.05443,
        "recall_at_10": 0.07886,
        "recall_at_20": 0.10253,
        "recall_at_100": 0.18096,
        "recall_at_1000": 0.36147,
        "precision_at_1": 0.02696,
        "precision_at_3": 0.0186,
        "precision_at_5": 0.01505,
        "precision_at_10": 0.01072,
        "precision_at_20": 0.00702,
        "precision_at_100": 0.00254,
        "precision_at_1000": 0.00051,
        "mrr_at_1": 0.026959,
        "mrr_at_3": 0.036677,
        "mrr_at_5": 0.04047,
        "mrr_at_10": 0.044164,
        "mrr_at_20": 0.045967,
        "mrr_at_100": 0.047972,
        "mrr_at_1000": 0.048667,
        "nauc_ndcg_at_1_max": 0.180598,
        "nauc_ndcg_at_1_std": 0.179505,
        "nauc_ndcg_at_1_diff1": 0.412758,
        "nauc_ndcg_at_3_max": 0.08051,
        "nauc_ndcg_at_3_std": 0.14974,
        "nauc_ndcg_at_3_diff1": 0.290266,
        "nauc_ndcg_at_5_max": 0.071305,
        "nauc_ndcg_at_5_std": 0.143553,
        "nauc_ndcg_at_5_diff1": 0.255743,
        "nauc_ndcg_at_10_max": 0.044264,
        "nauc_ndcg_at_10_std": 0.143869,
        "nauc_ndcg_at_10_diff1": 0.238278,
        "nauc_ndcg_at_20_max": 0.049678,
        "nauc_ndcg_at_20_std": 0.146983,
        "nauc_ndcg_at_20_diff1": 0.22858,
        "nauc_ndcg_at_100_max": 0.072556,
        "nauc_ndcg_at_100_std": 0.182889,
        "nauc_ndcg_at_100_diff1": 0.21816,
        "nauc_ndcg_at_1000_max": 0.123267,
        "nauc_ndcg_at_1000_std": 0.260919,
        "nauc_ndcg_at_1000_diff1": 0.219932,
        "nauc_map_at_1_max": 0.138789,
        "nauc_map_at_1_std": 0.175654,
        "nauc_map_at_1_diff1": 0.446106,
        "nauc_map_at_3_max": 0.08155,
        "nauc_map_at_3_std": 0.144908,
        "nauc_map_at_3_diff1": 0.324949,
        "nauc_map_at_5_max": 0.076886,
        "nauc_map_at_5_std": 0.142575,
        "nauc_map_at_5_diff1": 0.297619,
        "nauc_map_at_10_max": 0.062736,
        "nauc_map_at_10_std": 0.144226,
        "nauc_map_at_10_diff1": 0.284545,
        "nauc_map_at_20_max": 0.065327,
        "nauc_map_at_20_std": 0.145521,
        "nauc_map_at_20_diff1": 0.279384,
        "nauc_map_at_100_max": 0.070707,
        "nauc_map_at_100_std": 0.15471,
        "nauc_map_at_100_diff1": 0.273761,
        "nauc_map_at_1000_max": 0.073488,
        "nauc_map_at_1000_std": 0.159148,
        "nauc_map_at_1000_diff1": 0.27315,
        "nauc_recall_at_1_max": 0.138789,
        "nauc_recall_at_1_std": 0.175654,
        "nauc_recall_at_1_diff1": 0.446106,
        "nauc_recall_at_3_max": 0.02784,
        "nauc_recall_at_3_std": 0.125622,
        "nauc_recall_at_3_diff1": 0.235998,
        "nauc_recall_at_5_max": 0.031741,
        "nauc_recall_at_5_std": 0.130027,
        "nauc_recall_at_5_diff1": 0.19903,
        "nauc_recall_at_10_max": -0.004471,
        "nauc_recall_at_10_std": 0.134874,
        "nauc_recall_at_10_diff1": 0.186249,
        "nauc_recall_at_20_max": 0.018743,
        "nauc_recall_at_20_std": 0.141077,
        "nauc_recall_at_20_diff1": 0.17437,
        "nauc_recall_at_100_max": 0.075645,
        "nauc_recall_at_100_std": 0.212624,
        "nauc_recall_at_100_diff1": 0.174558,
        "nauc_recall_at_1000_max": 0.214408,
        "nauc_recall_at_1000_std": 0.415201,
        "nauc_recall_at_1000_diff1": 0.196935,
        "nauc_precision_at_1_max": 0.180598,
        "nauc_precision_at_1_std": 0.179505,
        "nauc_precision_at_1_diff1": 0.412758,
        "nauc_precision_at_3_max": 0.080449,
        "nauc_precision_at_3_std": 0.125414,
        "nauc_precision_at_3_diff1": 0.222439,
        "nauc_precision_at_5_max": 0.081512,
        "nauc_precision_at_5_std": 0.133704,
        "nauc_precision_at_5_diff1": 0.167513,
        "nauc_precision_at_10_max": 0.044847,
        "nauc_precision_at_10_std": 0.149818,
        "nauc_precision_at_10_diff1": 0.163058,
        "nauc_precision_at_20_max": 0.066394,
        "nauc_precision_at_20_std": 0.1797,
        "nauc_precision_at_20_diff1": 0.158734,
        "nauc_precision_at_100_max": 0.136788,
        "nauc_precision_at_100_std": 0.273149,
        "nauc_precision_at_100_diff1": 0.165148,
        "nauc_precision_at_1000_max": 0.245571,
        "nauc_precision_at_1000_std": 0.438048,
        "nauc_precision_at_1000_diff1": 0.155796,
        "nauc_mrr_at_1_max": 0.180598,
        "nauc_mrr_at_1_std": 0.179505,
        "nauc_mrr_at_1_diff1": 0.412758,
        "nauc_mrr_at_3_max": 0.105431,
        "nauc_mrr_at_3_std": 0.153614,
        "nauc_mrr_at_3_diff1": 0.295375,
        "nauc_mrr_at_5_max": 0.103026,
        "nauc_mrr_at_5_std": 0.152606,
        "nauc_mrr_at_5_diff1": 0.271422,
        "nauc_mrr_at_10_max": 0.089663,
        "nauc_mrr_at_10_std": 0.155458,
        "nauc_mrr_at_10_diff1": 0.258974,
        "nauc_mrr_at_20_max": 0.089962,
        "nauc_mrr_at_20_std": 0.157682,
        "nauc_mrr_at_20_diff1": 0.255172,
        "nauc_mrr_at_100_max": 0.091011,
        "nauc_mrr_at_100_std": 0.163368,
        "nauc_mrr_at_100_diff1": 0.25131,
        "nauc_mrr_at_1000_max": 0.092795,
        "nauc_mrr_at_1000_std": 0.166406,
        "nauc_mrr_at_1000_diff1": 0.251073,
        "main_score": 0.0495,
        "hf_subset": "default",
        "languages": [
          "tur-Latn"
        ]
      }
    ]
  },
  "evaluation_time": 555.1691391468048,
  "kg_co2_emissions": null
}