{
  "dataset_revision": "main",
  "task_name": "FiQA2018TR",
  "mteb_version": "1.31.3",
  "scores": {
    "test": [
      {
        "ndcg_at_1": 0.01698,
        "ndcg_at_3": 0.0132,
        "ndcg_at_5": 0.01373,
        "ndcg_at_10": 0.01575,
        "ndcg_at_20": 0.01945,
        "ndcg_at_100": 0.02942,
        "ndcg_at_1000": 0.04564,
        "map_at_1": 0.00603,
        "map_at_3": 0.00836,
        "map_at_5": 0.0093,
        "map_at_10": 0.01008,
        "map_at_20": 0.01094,
        "map_at_100": 0.01227,
        "map_at_1000": 0.01277,
        "recall_at_1": 0.00603,
        "recall_at_3": 0.01121,
        "recall_at_5": 0.0143,
        "recall_at_10": 0.01977,
        "recall_at_20": 0.03225,
        "recall_at_100": 0.07885,
        "recall_at_1000": 0.17968,
        "precision_at_1": 0.01698,
        "precision_at_3": 0.00926,
        "precision_at_5": 0.00679,
        "precision_at_10": 0.00525,
        "precision_at_20": 0.00394,
        "precision_at_100": 0.0017,
        "precision_at_1000": 0.00046,
        "mrr_at_1": 0.016975,
        "mrr_at_3": 0.021091,
        "mrr_at_5": 0.021862,
        "mrr_at_10": 0.023765,
        "mrr_at_20": 0.02536,
        "mrr_at_100": 0.02686,
        "mrr_at_1000": 0.02758,
        "nauc_ndcg_at_1_max": -0.058665,
        "nauc_ndcg_at_1_std": 0.325178,
        "nauc_ndcg_at_1_diff1": 0.303851,
        "nauc_ndcg_at_3_max": 0.03269,
        "nauc_ndcg_at_3_std": 0.27687,
        "nauc_ndcg_at_3_diff1": 0.411681,
        "nauc_ndcg_at_5_max": 0.004267,
        "nauc_ndcg_at_5_std": 0.263449,
        "nauc_ndcg_at_5_diff1": 0.407918,
        "nauc_ndcg_at_10_max": 0.007958,
        "nauc_ndcg_at_10_std": 0.250278,
        "nauc_ndcg_at_10_diff1": 0.31792,
        "nauc_ndcg_at_20_max": 0.047055,
        "nauc_ndcg_at_20_std": 0.298256,
        "nauc_ndcg_at_20_diff1": 0.286095,
        "nauc_ndcg_at_100_max": 0.076095,
        "nauc_ndcg_at_100_std": 0.349309,
        "nauc_ndcg_at_100_diff1": 0.236082,
        "nauc_ndcg_at_1000_max": 0.127264,
        "nauc_ndcg_at_1000_std": 0.399534,
        "nauc_ndcg_at_1000_diff1": 0.172428,
        "nauc_map_at_1_max": -0.082527,
        "nauc_map_at_1_std": 0.227172,
        "nauc_map_at_1_diff1": 0.323694,
        "nauc_map_at_3_max": 0.014841,
        "nauc_map_at_3_std": 0.230312,
        "nauc_map_at_3_diff1": 0.424187,
        "nauc_map_at_5_max": -0.007247,
        "nauc_map_at_5_std": 0.235559,
        "nauc_map_at_5_diff1": 0.407593,
        "nauc_map_at_10_max": -0.008917,
        "nauc_map_at_10_std": 0.234827,
        "nauc_map_at_10_diff1": 0.360558,
        "nauc_map_at_20_max": 0.00128,
        "nauc_map_at_20_std": 0.256763,
        "nauc_map_at_20_diff1": 0.347798,
        "nauc_map_at_100_max": 0.019102,
        "nauc_map_at_100_std": 0.281843,
        "nauc_map_at_100_diff1": 0.334987,
        "nauc_map_at_1000_max": 0.025671,
        "nauc_map_at_1000_std": 0.288866,
        "nauc_map_at_1000_diff1": 0.327497,
        "nauc_recall_at_1_max": -0.082527,
        "nauc_recall_at_1_std": 0.227172,
        "nauc_recall_at_1_diff1": 0.323694,
        "nauc_recall_at_3_max": 0.109169,
        "nauc_recall_at_3_std": 0.261228,
        "nauc_recall_at_3_diff1": 0.499712,
        "nauc_recall_at_5_max": 0.048981,
        "nauc_recall_at_5_std": 0.244356,
        "nauc_recall_at_5_diff1": 0.456709,
        "nauc_recall_at_10_max": 0.043625,
        "nauc_recall_at_10_std": 0.241509,
        "nauc_recall_at_10_diff1": 0.290209,
        "nauc_recall_at_20_max": 0.09682,
        "nauc_recall_at_20_std": 0.331631,
        "nauc_recall_at_20_diff1": 0.245222,
        "nauc_recall_at_100_max": 0.121419,
        "nauc_recall_at_100_std": 0.401339,
        "nauc_recall_at_100_diff1": 0.178591,
        "nauc_recall_at_1000_max": 0.178965,
        "nauc_recall_at_1000_std": 0.454355,
        "nauc_recall_at_1000_diff1": 0.077676,
        "nauc_precision_at_1_max": -0.058665,
        "nauc_precision_at_1_std": 0.325178,
        "nauc_precision_at_1_diff1": 0.303851,
        "nauc_precision_at_3_max": 0.046529,
        "nauc_precision_at_3_std": 0.30267,
        "nauc_precision_at_3_diff1": 0.402165,
        "nauc_precision_at_5_max": -0.001865,
        "nauc_precision_at_5_std": 0.324477,
        "nauc_precision_at_5_diff1": 0.38074,
        "nauc_precision_at_10_max": 0.01779,
        "nauc_precision_at_10_std": 0.272914,
        "nauc_precision_at_10_diff1": 0.18381,
        "nauc_precision_at_20_max": 0.124385,
        "nauc_precision_at_20_std": 0.360676,
        "nauc_precision_at_20_diff1": 0.161449,
        "nauc_precision_at_100_max": 0.131671,
        "nauc_precision_at_100_std": 0.392613,
        "nauc_precision_at_100_diff1": 0.10025,
        "nauc_precision_at_1000_max": 0.217148,
        "nauc_precision_at_1000_std": 0.403987,
        "nauc_precision_at_1000_diff1": 0.028343,
        "nauc_mrr_at_1_max": -0.058665,
        "nauc_mrr_at_1_std": 0.325178,
        "nauc_mrr_at_1_diff1": 0.303851,
        "nauc_mrr_at_3_max": -0.014535,
        "nauc_mrr_at_3_std": 0.297643,
        "nauc_mrr_at_3_diff1": 0.368109,
        "nauc_mrr_at_5_max": -0.022438,
        "nauc_mrr_at_5_std": 0.287631,
        "nauc_mrr_at_5_diff1": 0.361178,
        "nauc_mrr_at_10_max": -0.01443,
        "nauc_mrr_at_10_std": 0.277801,
        "nauc_mrr_at_10_diff1": 0.319658,
        "nauc_mrr_at_20_max": 0.00665,
        "nauc_mrr_at_20_std": 0.293216,
        "nauc_mrr_at_20_diff1": 0.302006,
        "nauc_mrr_at_100_max": 0.009378,
        "nauc_mrr_at_100_std": 0.299665,
        "nauc_mrr_at_100_diff1": 0.292663,
        "nauc_mrr_at_1000_max": 0.011455,
        "nauc_mrr_at_1000_std": 0.301885,
        "nauc_mrr_at_1000_diff1": 0.289577,
        "main_score": 0.01575,
        "hf_subset": "default",
        "languages": [
          "tur-Latn"
        ]
      }
    ]
  },
  "evaluation_time": 932.4801201820374,
  "kg_co2_emissions": null
}