{
  "dataset_revision": "main",
  "task_name": "MSMarcoTRRetrieval",
  "mteb_version": "1.31.3",
  "scores": {
    "test": [
      {
        "ndcg_at_1": 0.20265,
        "ndcg_at_3": 0.23471,
        "ndcg_at_5": 0.24308,
        "ndcg_at_10": 0.25204,
        "ndcg_at_20": 0.25877,
        "ndcg_at_100": 0.27165,
        "ndcg_at_1000": 0.29221,
        "map_at_1": 0.20265,
        "map_at_3": 0.2271,
        "map_at_5": 0.23179,
        "map_at_10": 0.23553,
        "map_at_20": 0.23733,
        "map_at_100": 0.239,
        "map_at_1000": 0.23958,
        "recall_at_1": 0.20265,
        "recall_at_3": 0.25662,
        "recall_at_5": 0.27674,
        "recall_at_10": 0.30422,
        "recall_at_20": 0.33121,
        "recall_at_100": 0.40236,
        "recall_at_1000": 0.57556,
        "precision_at_1": 0.20265,
        "precision_at_3": 0.08554,
        "precision_at_5": 0.05535,
        "precision_at_10": 0.03042,
        "precision_at_20": 0.01656,
        "precision_at_100": 0.00402,
        "precision_at_1000": 0.00058,
        "mrr_at_1": 0.20265,
        "mrr_at_3": 0.227102,
        "mrr_at_5": 0.231788,
        "mrr_at_10": 0.235529,
        "mrr_at_20": 0.237326,
        "mrr_at_100": 0.238998,
        "mrr_at_1000": 0.239579,
        "nauc_ndcg_at_1_max": 0.210578,
        "nauc_ndcg_at_1_std": -0.240296,
        "nauc_ndcg_at_1_diff1": 0.707892,
        "nauc_ndcg_at_3_max": 0.19884,
        "nauc_ndcg_at_3_std": -0.24155,
        "nauc_ndcg_at_3_diff1": 0.652765,
        "nauc_ndcg_at_5_max": 0.203745,
        "nauc_ndcg_at_5_std": -0.234241,
        "nauc_ndcg_at_5_diff1": 0.641297,
        "nauc_ndcg_at_10_max": 0.196023,
        "nauc_ndcg_at_10_std": -0.231406,
        "nauc_ndcg_at_10_diff1": 0.621697,
        "nauc_ndcg_at_20_max": 0.195697,
        "nauc_ndcg_at_20_std": -0.226695,
        "nauc_ndcg_at_20_diff1": 0.615621,
        "nauc_ndcg_at_100_max": 0.196175,
        "nauc_ndcg_at_100_std": -0.212462,
        "nauc_ndcg_at_100_diff1": 0.598286,
        "nauc_ndcg_at_1000_max": 0.204477,
        "nauc_ndcg_at_1000_std": -0.190106,
        "nauc_ndcg_at_1000_diff1": 0.581805,
        "nauc_map_at_1_max": 0.210578,
        "nauc_map_at_1_std": -0.240296,
        "nauc_map_at_1_diff1": 0.707892,
        "nauc_map_at_3_max": 0.201507,
        "nauc_map_at_3_std": -0.240983,
        "nauc_map_at_3_diff1": 0.665524,
        "nauc_map_at_5_max": 0.204567,
        "nauc_map_at_5_std": -0.23669,
        "nauc_map_at_5_diff1": 0.659133,
        "nauc_map_at_10_max": 0.201144,
        "nauc_map_at_10_std": -0.235628,
        "nauc_map_at_10_diff1": 0.650637,
        "nauc_map_at_20_max": 0.201145,
        "nauc_map_at_20_std": -0.234268,
        "nauc_map_at_20_diff1": 0.648982,
        "nauc_map_at_100_max": 0.201065,
        "nauc_map_at_100_std": -0.232483,
        "nauc_map_at_100_diff1": 0.646794,
        "nauc_map_at_1000_max": 0.201255,
        "nauc_map_at_1000_std": -0.231832,
        "nauc_map_at_1000_diff1": 0.646269,
        "nauc_recall_at_1_max": 0.210578,
        "nauc_recall_at_1_std": -0.240296,
        "nauc_recall_at_1_diff1": 0.707892,
        "nauc_recall_at_3_max": 0.191557,
        "nauc_recall_at_3_std": -0.243211,
        "nauc_recall_at_3_diff1": 0.617828,
        "nauc_recall_at_5_max": 0.201865,
        "nauc_recall_at_5_std": -0.227024,
        "nauc_recall_at_5_diff1": 0.591944,
        "nauc_recall_at_10_max": 0.180719,
        "nauc_recall_at_10_std": -0.218494,
        "nauc_recall_at_10_diff1": 0.538558,
        "nauc_recall_at_20_max": 0.179092,
        "nauc_recall_at_20_std": -0.201835,
        "nauc_recall_at_20_diff1": 0.517188,
        "nauc_recall_at_100_max": 0.183894,
        "nauc_recall_at_100_std": -0.130957,
        "nauc_recall_at_100_diff1": 0.43309,
        "nauc_recall_at_1000_max": 0.254265,
        "nauc_recall_at_1000_std": 0.062315,
        "nauc_recall_at_1000_diff1": 0.281955,
        "nauc_precision_at_1_max": 0.210578,
        "nauc_precision_at_1_std": -0.240296,
        "nauc_precision_at_1_diff1": 0.707892,
        "nauc_precision_at_3_max": 0.191557,
        "nauc_precision_at_3_std": -0.243211,
        "nauc_precision_at_3_diff1": 0.617828,
        "nauc_precision_at_5_max": 0.201865,
        "nauc_precision_at_5_std": -0.227024,
        "nauc_precision_at_5_diff1": 0.591944,
        "nauc_precision_at_10_max": 0.180719,
        "nauc_precision_at_10_std": -0.218494,
        "nauc_precision_at_10_diff1": 0.538558,
        "nauc_precision_at_20_max": 0.179092,
        "nauc_precision_at_20_std": -0.201835,
        "nauc_precision_at_20_diff1": 0.517188,
        "nauc_precision_at_100_max": 0.183894,
        "nauc_precision_at_100_std": -0.130957,
        "nauc_precision_at_100_diff1": 0.43309,
        "nauc_precision_at_1000_max": 0.254265,
        "nauc_precision_at_1000_std": 0.062315,
        "nauc_precision_at_1000_diff1": 0.281955,
        "nauc_mrr_at_1_max": 0.210578,
        "nauc_mrr_at_1_std": -0.240296,
        "nauc_mrr_at_1_diff1": 0.707892,
        "nauc_mrr_at_3_max": 0.201507,
        "nauc_mrr_at_3_std": -0.240983,
        "nauc_mrr_at_3_diff1": 0.665524,
        "nauc_mrr_at_5_max": 0.204567,
        "nauc_mrr_at_5_std": -0.23669,
        "nauc_mrr_at_5_diff1": 0.659133,
        "nauc_mrr_at_10_max": 0.201144,
        "nauc_mrr_at_10_std": -0.235628,
        "nauc_mrr_at_10_diff1": 0.650637,
        "nauc_mrr_at_20_max": 0.201145,
        "nauc_mrr_at_20_std": -0.234268,
        "nauc_mrr_at_20_diff1": 0.648982,
        "nauc_mrr_at_100_max": 0.201065,
        "nauc_mrr_at_100_std": -0.232483,
        "nauc_mrr_at_100_diff1": 0.646794,
        "nauc_mrr_at_1000_max": 0.201255,
        "nauc_mrr_at_1000_std": -0.231832,
        "nauc_mrr_at_1000_diff1": 0.646269,
        "main_score": 0.25204,
        "hf_subset": "default",
        "languages": [
          "tur-Latn"
        ]
      }
    ]
  },
  "evaluation_time": 17.801465034484863,
  "kg_co2_emissions": null
}