{
  "dataset_revision": "main",
  "task_name": "NFCorpusTR",
  "mteb_version": "1.31.3",
  "scores": {
    "test": [
      {
        "ndcg_at_1": 0.0743,
        "ndcg_at_3": 0.07252,
        "ndcg_at_5": 0.0655,
        "ndcg_at_10": 0.06498,
        "ndcg_at_20": 0.06641,
        "ndcg_at_100": 0.08135,
        "ndcg_at_1000": 0.16667,
        "map_at_1": 0.01327,
        "map_at_3": 0.0194,
        "map_at_5": 0.02181,
        "map_at_10": 0.02572,
        "map_at_20": 0.02815,
        "map_at_100": 0.03357,
        "map_at_1000": 0.03933,
        "recall_at_1": 0.01327,
        "recall_at_3": 0.0246,
        "recall_at_5": 0.02789,
        "recall_at_10": 0.0385,
        "recall_at_20": 0.0488,
        "recall_at_100": 0.11944,
        "recall_at_1000": 0.40439,
        "precision_at_1": 0.0774,
        "precision_at_3": 0.06914,
        "precision_at_5": 0.05449,
        "precision_at_10": 0.04799,
        "precision_at_20": 0.0418,
        "precision_at_100": 0.02427,
        "precision_at_1000": 0.01276,
        "mrr_at_1": 0.077399,
        "mrr_at_3": 0.106295,
        "mrr_at_5": 0.108772,
        "mrr_at_10": 0.117056,
        "mrr_at_20": 0.122756,
        "mrr_at_100": 0.130097,
        "mrr_at_1000": 0.131533,
        "nauc_ndcg_at_1_max": 0.363236,
        "nauc_ndcg_at_1_std": 0.245886,
        "nauc_ndcg_at_1_diff1": 0.269961,
        "nauc_ndcg_at_3_max": 0.372598,
        "nauc_ndcg_at_3_std": 0.25645,
        "nauc_ndcg_at_3_diff1": 0.257882,
        "nauc_ndcg_at_5_max": 0.380826,
        "nauc_ndcg_at_5_std": 0.265912,
        "nauc_ndcg_at_5_diff1": 0.262859,
        "nauc_ndcg_at_10_max": 0.417675,
        "nauc_ndcg_at_10_std": 0.312089,
        "nauc_ndcg_at_10_diff1": 0.26238,
        "nauc_ndcg_at_20_max": 0.397005,
        "nauc_ndcg_at_20_std": 0.298085,
        "nauc_ndcg_at_20_diff1": 0.248833,
        "nauc_ndcg_at_100_max": 0.335358,
        "nauc_ndcg_at_100_std": 0.248992,
        "nauc_ndcg_at_100_diff1": 0.178552,
        "nauc_ndcg_at_1000_max": 0.29989,
        "nauc_ndcg_at_1000_std": 0.218383,
        "nauc_ndcg_at_1000_diff1": 0.138966,
        "nauc_map_at_1_max": 0.090823,
        "nauc_map_at_1_std": -0.06602,
        "nauc_map_at_1_diff1": 0.681653,
        "nauc_map_at_3_max": 0.196088,
        "nauc_map_at_3_std": 0.04374,
        "nauc_map_at_3_diff1": 0.522259,
        "nauc_map_at_5_max": 0.236395,
        "nauc_map_at_5_std": 0.072242,
        "nauc_map_at_5_diff1": 0.464137,
        "nauc_map_at_10_max": 0.330624,
        "nauc_map_at_10_std": 0.174809,
        "nauc_map_at_10_diff1": 0.399102,
        "nauc_map_at_20_max": 0.360764,
        "nauc_map_at_20_std": 0.207335,
        "nauc_map_at_20_diff1": 0.38014,
        "nauc_map_at_100_max": 0.382676,
        "nauc_map_at_100_std": 0.249161,
        "nauc_map_at_100_diff1": 0.33533,
        "nauc_map_at_1000_max": 0.373935,
        "nauc_map_at_1000_std": 0.248592,
        "nauc_map_at_1000_diff1": 0.304675,
        "nauc_recall_at_1_max": 0.090823,
        "nauc_recall_at_1_std": -0.06602,
        "nauc_recall_at_1_diff1": 0.681653,
        "nauc_recall_at_3_max": 0.227154,
        "nauc_recall_at_3_std": 0.121523,
        "nauc_recall_at_3_diff1": 0.405258,
        "nauc_recall_at_5_max": 0.273124,
        "nauc_recall_at_5_std": 0.149205,
        "nauc_recall_at_5_diff1": 0.356478,
        "nauc_recall_at_10_max": 0.385318,
        "nauc_recall_at_10_std": 0.292015,
        "nauc_recall_at_10_diff1": 0.242579,
        "nauc_recall_at_20_max": 0.385633,
        "nauc_recall_at_20_std": 0.311115,
        "nauc_recall_at_20_diff1": 0.210742,
        "nauc_recall_at_100_max": 0.273559,
        "nauc_recall_at_100_std": 0.206095,
        "nauc_recall_at_100_diff1": 0.065526,
        "nauc_recall_at_1000_max": 0.1737,
        "nauc_recall_at_1000_std": 0.113934,
        "nauc_recall_at_1000_diff1": 0.039382,
        "nauc_precision_at_1_max": 0.388707,
        "nauc_precision_at_1_std": 0.269236,
        "nauc_precision_at_1_diff1": 0.252855,
        "nauc_precision_at_3_max": 0.450597,
        "nauc_precision_at_3_std": 0.327719,
        "nauc_precision_at_3_diff1": 0.185795,
        "nauc_precision_at_5_max": 0.474942,
        "nauc_precision_at_5_std": 0.349455,
        "nauc_precision_at_5_diff1": 0.175045,
        "nauc_precision_at_10_max": 0.516373,
        "nauc_precision_at_10_std": 0.422389,
        "nauc_precision_at_10_diff1": 0.161859,
        "nauc_precision_at_20_max": 0.463475,
        "nauc_precision_at_20_std": 0.385453,
        "nauc_precision_at_20_diff1": 0.121415,
        "nauc_precision_at_100_max": 0.343137,
        "nauc_precision_at_100_std": 0.31476,
        "nauc_precision_at_100_diff1": 0.018422,
        "nauc_precision_at_1000_max": -0.031742,
        "nauc_precision_at_1000_std": -0.017767,
        "nauc_precision_at_1000_diff1": -0.070664,
        "nauc_mrr_at_1_max": 0.388707,
        "nauc_mrr_at_1_std": 0.269236,
        "nauc_mrr_at_1_diff1": 0.252855,
        "nauc_mrr_at_3_max": 0.326427,
        "nauc_mrr_at_3_std": 0.202903,
        "nauc_mrr_at_3_diff1": 0.221495,
        "nauc_mrr_at_5_max": 0.3281,
        "nauc_mrr_at_5_std": 0.201314,
        "nauc_mrr_at_5_diff1": 0.223274,
        "nauc_mrr_at_10_max": 0.311112,
        "nauc_mrr_at_10_std": 0.190569,
        "nauc_mrr_at_10_diff1": 0.219977,
        "nauc_mrr_at_20_max": 0.306075,
        "nauc_mrr_at_20_std": 0.191089,
        "nauc_mrr_at_20_diff1": 0.213602,
        "nauc_mrr_at_100_max": 0.308557,
        "nauc_mrr_at_100_std": 0.19541,
        "nauc_mrr_at_100_diff1": 0.208627,
        "nauc_mrr_at_1000_max": 0.309212,
        "nauc_mrr_at_1000_std": 0.195549,
        "nauc_mrr_at_1000_diff1": 0.209359,
        "main_score": 0.06498,
        "hf_subset": "default",
        "languages": [
          "tur-Latn"
        ]
      }
    ]
  },
  "evaluation_time": 90.32328510284424,
  "kg_co2_emissions": null
}