{
  "dataset_revision": "main",
  "task_name": "QuoraRetrievalTR",
  "mteb_version": "1.31.3",
  "scores": {
    "test": [
      {
        "ndcg_at_1": 0.4314,
        "ndcg_at_3": 0.45944,
        "ndcg_at_5": 0.47515,
        "ndcg_at_10": 0.49143,
        "ndcg_at_20": 0.50381,
        "ndcg_at_100": 0.52353,
        "ndcg_at_1000": 0.53939,
        "map_at_1": 0.37169,
        "map_at_3": 0.42849,
        "map_at_5": 0.44093,
        "map_at_10": 0.44953,
        "map_at_20": 0.45377,
        "map_at_100": 0.4571,
        "map_at_1000": 0.45781,
        "recall_at_1": 0.37169,
        "recall_at_3": 0.47872,
        "recall_at_5": 0.522,
        "recall_at_10": 0.57159,
        "recall_at_20": 0.61692,
        "recall_at_100": 0.71259,
        "recall_at_1000": 0.82456,
        "precision_at_1": 0.4314,
        "precision_at_3": 0.19893,
        "precision_at_5": 0.1333,
        "precision_at_10": 0.07535,
        "precision_at_20": 0.04174,
        "precision_at_100": 0.01011,
        "precision_at_1000": 0.00123,
        "mrr_at_1": 0.4309,
        "mrr_at_3": 0.478067,
        "mrr_at_5": 0.487602,
        "mrr_at_10": 0.494311,
        "mrr_at_20": 0.497335,
        "mrr_at_100": 0.499557,
        "mrr_at_1000": 0.499961,
        "nauc_ndcg_at_1_max": 0.4714,
        "nauc_ndcg_at_1_std": 0.081298,
        "nauc_ndcg_at_1_diff1": 0.668344,
        "nauc_ndcg_at_3_max": 0.445236,
        "nauc_ndcg_at_3_std": 0.09459,
        "nauc_ndcg_at_3_diff1": 0.618346,
        "nauc_ndcg_at_5_max": 0.438978,
        "nauc_ndcg_at_5_std": 0.100012,
        "nauc_ndcg_at_5_diff1": 0.612743,
        "nauc_ndcg_at_10_max": 0.439158,
        "nauc_ndcg_at_10_std": 0.109787,
        "nauc_ndcg_at_10_diff1": 0.606489,
        "nauc_ndcg_at_20_max": 0.439843,
        "nauc_ndcg_at_20_std": 0.117827,
        "nauc_ndcg_at_20_diff1": 0.604353,
        "nauc_ndcg_at_100_max": 0.443248,
        "nauc_ndcg_at_100_std": 0.134333,
        "nauc_ndcg_at_100_diff1": 0.602665,
        "nauc_ndcg_at_1000_max": 0.445479,
        "nauc_ndcg_at_1000_std": 0.142672,
        "nauc_ndcg_at_1000_diff1": 0.603453,
        "nauc_map_at_1_max": 0.408977,
        "nauc_map_at_1_std": 0.053974,
        "nauc_map_at_1_diff1": 0.659923,
        "nauc_map_at_3_max": 0.429376,
        "nauc_map_at_3_std": 0.079531,
        "nauc_map_at_3_diff1": 0.630332,
        "nauc_map_at_5_max": 0.430573,
        "nauc_map_at_5_std": 0.084661,
        "nauc_map_at_5_diff1": 0.625694,
        "nauc_map_at_10_max": 0.43269,
        "nauc_map_at_10_std": 0.090161,
        "nauc_map_at_10_diff1": 0.622417,
        "nauc_map_at_20_max": 0.433779,
        "nauc_map_at_20_std": 0.093501,
        "nauc_map_at_20_diff1": 0.621404,
        "nauc_map_at_100_max": 0.434728,
        "nauc_map_at_100_std": 0.096507,
        "nauc_map_at_100_diff1": 0.620895,
        "nauc_map_at_1000_max": 0.434974,
        "nauc_map_at_1000_std": 0.09712,
        "nauc_map_at_1000_diff1": 0.620841,
        "nauc_recall_at_1_max": 0.408977,
        "nauc_recall_at_1_std": 0.053974,
        "nauc_recall_at_1_diff1": 0.659923,
        "nauc_recall_at_3_max": 0.414406,
        "nauc_recall_at_3_std": 0.096599,
        "nauc_recall_at_3_diff1": 0.58259,
        "nauc_recall_at_5_max": 0.403011,
        "nauc_recall_at_5_std": 0.113406,
        "nauc_recall_at_5_diff1": 0.56111,
        "nauc_recall_at_10_max": 0.402097,
        "nauc_recall_at_10_std": 0.143137,
        "nauc_recall_at_10_diff1": 0.531586,
        "nauc_recall_at_20_max": 0.398055,
        "nauc_recall_at_20_std": 0.174637,
        "nauc_recall_at_20_diff1": 0.513213,
        "nauc_recall_at_100_max": 0.399511,
        "nauc_recall_at_100_std": 0.282715,
        "nauc_recall_at_100_diff1": 0.482088,
        "nauc_recall_at_1000_max": 0.392246,
        "nauc_recall_at_1000_std": 0.443245,
        "nauc_recall_at_1000_diff1": 0.448786,
        "nauc_precision_at_1_max": 0.4714,
        "nauc_precision_at_1_std": 0.081298,
        "nauc_precision_at_1_diff1": 0.668344,
        "nauc_precision_at_3_max": 0.428466,
        "nauc_precision_at_3_std": 0.128297,
        "nauc_precision_at_3_diff1": 0.450474,
        "nauc_precision_at_5_max": 0.391338,
        "nauc_precision_at_5_std": 0.13854,
        "nauc_precision_at_5_diff1": 0.374084,
        "nauc_precision_at_10_max": 0.359243,
        "nauc_precision_at_10_std": 0.168978,
        "nauc_precision_at_10_diff1": 0.2851,
        "nauc_precision_at_20_max": 0.326928,
        "nauc_precision_at_20_std": 0.194214,
        "nauc_precision_at_20_diff1": 0.21046,
        "nauc_precision_at_100_max": 0.263114,
        "nauc_precision_at_100_std": 0.250411,
        "nauc_precision_at_100_diff1": 0.07686,
        "nauc_precision_at_1000_max": 0.189121,
        "nauc_precision_at_1000_std": 0.270293,
        "nauc_precision_at_1000_diff1": -0.051736,
        "nauc_mrr_at_1_max": 0.469914,
        "nauc_mrr_at_1_std": 0.081708,
        "nauc_mrr_at_1_diff1": 0.669623,
        "nauc_mrr_at_3_max": 0.470495,
        "nauc_mrr_at_3_std": 0.102513,
        "nauc_mrr_at_3_diff1": 0.637418,
        "nauc_mrr_at_5_max": 0.467346,
        "nauc_mrr_at_5_std": 0.106087,
        "nauc_mrr_at_5_diff1": 0.633915,
        "nauc_mrr_at_10_max": 0.467529,
        "nauc_mrr_at_10_std": 0.109934,
        "nauc_mrr_at_10_diff1": 0.630982,
        "nauc_mrr_at_20_max": 0.467473,
        "nauc_mrr_at_20_std": 0.111237,
        "nauc_mrr_at_20_diff1": 0.630447,
        "nauc_mrr_at_100_max": 0.467533,
        "nauc_mrr_at_100_std": 0.11263,
        "nauc_mrr_at_100_diff1": 0.630391,
        "nauc_mrr_at_1000_max": 0.467504,
        "nauc_mrr_at_1000_std": 0.112704,
        "nauc_mrr_at_1000_diff1": 0.630435,
        "main_score": 0.49143,
        "hf_subset": "default",
        "languages": [
          "tur-Latn"
        ]
      }
    ]
  },
  "evaluation_time": 1185.7427163124084,
  "kg_co2_emissions": null
}