{
  "dataset_revision": "main",
  "task_name": "SCIDOCSTR",
  "mteb_version": "1.31.3",
  "scores": {
    "test": [
      {
        "ndcg_at_1": 0.032,
        "ndcg_at_3": 0.02936,
        "ndcg_at_5": 0.0248,
        "ndcg_at_10": 0.02983,
        "ndcg_at_20": 0.03779,
        "ndcg_at_100": 0.05279,
        "ndcg_at_1000": 0.07901,
        "map_at_1": 0.0065,
        "map_at_3": 0.01294,
        "map_at_5": 0.01484,
        "map_at_10": 0.01714,
        "map_at_20": 0.01967,
        "map_at_100": 0.02208,
        "map_at_1000": 0.02301,
        "recall_at_1": 0.0065,
        "recall_at_3": 0.01738,
        "recall_at_5": 0.02228,
        "recall_at_10": 0.03153,
        "recall_at_20": 0.0505,
        "recall_at_100": 0.10008,
        "recall_at_1000": 0.23277,
        "precision_at_1": 0.032,
        "precision_at_3": 0.02833,
        "precision_at_5": 0.0218,
        "precision_at_10": 0.0155,
        "precision_at_20": 0.01235,
        "precision_at_100": 0.00491,
        "precision_at_1000": 0.00114,
        "mrr_at_1": 0.032,
        "mrr_at_3": 0.0475,
        "mrr_at_5": 0.0497,
        "mrr_at_10": 0.052462,
        "mrr_at_20": 0.054973,
        "mrr_at_100": 0.057169,
        "mrr_at_1000": 0.057975,
        "nauc_ndcg_at_1_max": 0.44041,
        "nauc_ndcg_at_1_std": 0.517616,
        "nauc_ndcg_at_1_diff1": 0.183106,
        "nauc_ndcg_at_3_max": 0.462924,
        "nauc_ndcg_at_3_std": 0.53762,
        "nauc_ndcg_at_3_diff1": 0.172745,
        "nauc_ndcg_at_5_max": 0.45775,
        "nauc_ndcg_at_5_std": 0.532322,
        "nauc_ndcg_at_5_diff1": 0.181379,
        "nauc_ndcg_at_10_max": 0.450841,
        "nauc_ndcg_at_10_std": 0.532014,
        "nauc_ndcg_at_10_diff1": 0.186197,
        "nauc_ndcg_at_20_max": 0.483731,
        "nauc_ndcg_at_20_std": 0.568584,
        "nauc_ndcg_at_20_diff1": 0.1734,
        "nauc_ndcg_at_100_max": 0.47667,
        "nauc_ndcg_at_100_std": 0.581238,
        "nauc_ndcg_at_100_diff1": 0.154238,
        "nauc_ndcg_at_1000_max": 0.450716,
        "nauc_ndcg_at_1000_std": 0.574781,
        "nauc_ndcg_at_1000_diff1": 0.120343,
        "nauc_map_at_1_max": 0.431508,
        "nauc_map_at_1_std": 0.508951,
        "nauc_map_at_1_diff1": 0.181197,
        "nauc_map_at_3_max": 0.475722,
        "nauc_map_at_3_std": 0.531943,
        "nauc_map_at_3_diff1": 0.150615,
        "nauc_map_at_5_max": 0.47844,
        "nauc_map_at_5_std": 0.535973,
        "nauc_map_at_5_diff1": 0.164007,
        "nauc_map_at_10_max": 0.473429,
        "nauc_map_at_10_std": 0.541883,
        "nauc_map_at_10_diff1": 0.176618,
        "nauc_map_at_20_max": 0.492286,
        "nauc_map_at_20_std": 0.569485,
        "nauc_map_at_20_diff1": 0.169518,
        "nauc_map_at_100_max": 0.495559,
        "nauc_map_at_100_std": 0.575466,
        "nauc_map_at_100_diff1": 0.167259,
        "nauc_map_at_1000_max": 0.494303,
        "nauc_map_at_1000_std": 0.577797,
        "nauc_map_at_1000_diff1": 0.163876,
        "nauc_recall_at_1_max": 0.431508,
        "nauc_recall_at_1_std": 0.508951,
        "nauc_recall_at_1_diff1": 0.181197,
        "nauc_recall_at_3_max": 0.459862,
        "nauc_recall_at_3_std": 0.527876,
        "nauc_recall_at_3_diff1": 0.166286,
        "nauc_recall_at_5_max": 0.461831,
        "nauc_recall_at_5_std": 0.530645,
        "nauc_recall_at_5_diff1": 0.183847,
        "nauc_recall_at_10_max": 0.443994,
        "nauc_recall_at_10_std": 0.527428,
        "nauc_recall_at_10_diff1": 0.189561,
        "nauc_recall_at_20_max": 0.507174,
        "nauc_recall_at_20_std": 0.594104,
        "nauc_recall_at_20_diff1": 0.1653,
        "nauc_recall_at_100_max": 0.479852,
        "nauc_recall_at_100_std": 0.601681,
        "nauc_recall_at_100_diff1": 0.128569,
        "nauc_recall_at_1000_max": 0.404586,
        "nauc_recall_at_1000_std": 0.553121,
        "nauc_recall_at_1000_diff1": 0.065473,
        "nauc_precision_at_1_max": 0.44041,
        "nauc_precision_at_1_std": 0.517616,
        "nauc_precision_at_1_diff1": 0.183106,
        "nauc_precision_at_3_max": 0.467867,
        "nauc_precision_at_3_std": 0.540678,
        "nauc_precision_at_3_diff1": 0.168014,
        "nauc_precision_at_5_max": 0.46564,
        "nauc_precision_at_5_std": 0.541289,
        "nauc_precision_at_5_diff1": 0.184525,
        "nauc_precision_at_10_max": 0.445497,
        "nauc_precision_at_10_std": 0.534101,
        "nauc_precision_at_10_diff1": 0.190765,
        "nauc_precision_at_20_max": 0.502944,
        "nauc_precision_at_20_std": 0.594368,
        "nauc_precision_at_20_diff1": 0.166875,
        "nauc_precision_at_100_max": 0.478496,
        "nauc_precision_at_100_std": 0.604189,
        "nauc_precision_at_100_diff1": 0.130326,
        "nauc_precision_at_1000_max": 0.403752,
        "nauc_precision_at_1000_std": 0.553726,
        "nauc_precision_at_1000_diff1": 0.066149,
        "nauc_mrr_at_1_max": 0.44041,
        "nauc_mrr_at_1_std": 0.517616,
        "nauc_mrr_at_1_diff1": 0.183106,
        "nauc_mrr_at_3_max": 0.436741,
        "nauc_mrr_at_3_std": 0.529691,
        "nauc_mrr_at_3_diff1": 0.198007,
        "nauc_mrr_at_5_max": 0.43696,
        "nauc_mrr_at_5_std": 0.530091,
        "nauc_mrr_at_5_diff1": 0.196451,
        "nauc_mrr_at_10_max": 0.43835,
        "nauc_mrr_at_10_std": 0.528532,
        "nauc_mrr_at_10_diff1": 0.19396,
        "nauc_mrr_at_20_max": 0.444717,
        "nauc_mrr_at_20_std": 0.53435,
        "nauc_mrr_at_20_diff1": 0.188191,
        "nauc_mrr_at_100_max": 0.438842,
        "nauc_mrr_at_100_std": 0.532675,
        "nauc_mrr_at_100_diff1": 0.184249,
        "nauc_mrr_at_1000_max": 0.43788,
        "nauc_mrr_at_1000_std": 0.531439,
        "nauc_mrr_at_1000_diff1": 0.183013,
        "main_score": 0.02983,
        "hf_subset": "default",
        "languages": [
          "tur-Latn"
        ]
      }
    ]
  },
  "evaluation_time": 588.4013681411743,
  "kg_co2_emissions": null
}