{
  "dataset_revision": "main",
  "task_name": "SciFactTR",
  "mteb_version": "1.31.3",
  "scores": {
    "test": [
      {
        "ndcg_at_1": 0.10333,
        "ndcg_at_3": 0.11828,
        "ndcg_at_5": 0.13339,
        "ndcg_at_10": 0.14632,
        "ndcg_at_20": 0.16241,
        "ndcg_at_100": 0.1933,
        "ndcg_at_1000": 0.23634,
        "map_at_1": 0.09944,
        "map_at_3": 0.11287,
        "map_at_5": 0.12147,
        "map_at_10": 0.1268,
        "map_at_20": 0.13166,
        "map_at_100": 0.1357,
        "map_at_1000": 0.13711,
        "recall_at_1": 0.09944,
        "recall_at_3": 0.13056,
        "recall_at_5": 0.16528,
        "recall_at_10": 0.20444,
        "recall_at_20": 0.26556,
        "recall_at_100": 0.43444,
        "recall_at_1000": 0.776,
        "precision_at_1": 0.10333,
        "precision_at_3": 0.04667,
        "precision_at_5": 0.03667,
        "precision_at_10": 0.02267,
        "precision_at_20": 0.015,
        "precision_at_100": 0.00477,
        "precision_at_1000": 0.00088,
        "mrr_at_1": 0.103333,
        "mrr_at_3": 0.116667,
        "mrr_at_5": 0.125333,
        "mrr_at_10": 0.130627,
        "mrr_at_20": 0.134712,
        "mrr_at_100": 0.13879,
        "mrr_at_1000": 0.140155,
        "nauc_ndcg_at_1_max": 0.276469,
        "nauc_ndcg_at_1_std": -0.058157,
        "nauc_ndcg_at_1_diff1": 0.399818,
        "nauc_ndcg_at_3_max": 0.349987,
        "nauc_ndcg_at_3_std": 0.017424,
        "nauc_ndcg_at_3_diff1": 0.394304,
        "nauc_ndcg_at_5_max": 0.369121,
        "nauc_ndcg_at_5_std": 0.051475,
        "nauc_ndcg_at_5_diff1": 0.379162,
        "nauc_ndcg_at_10_max": 0.400758,
        "nauc_ndcg_at_10_std": 0.066992,
        "nauc_ndcg_at_10_diff1": 0.357377,
        "nauc_ndcg_at_20_max": 0.420395,
        "nauc_ndcg_at_20_std": 0.075911,
        "nauc_ndcg_at_20_diff1": 0.383726,
        "nauc_ndcg_at_100_max": 0.447898,
        "nauc_ndcg_at_100_std": 0.077868,
        "nauc_ndcg_at_100_diff1": 0.374418,
        "nauc_ndcg_at_1000_max": 0.415396,
        "nauc_ndcg_at_1000_std": 0.074661,
        "nauc_ndcg_at_1000_diff1": 0.337904,
        "nauc_map_at_1_max": 0.271564,
        "nauc_map_at_1_std": -0.048747,
        "nauc_map_at_1_diff1": 0.424874,
        "nauc_map_at_3_max": 0.328077,
        "nauc_map_at_3_std": -0.002081,
        "nauc_map_at_3_diff1": 0.403941,
        "nauc_map_at_5_max": 0.342188,
        "nauc_map_at_5_std": 0.018156,
        "nauc_map_at_5_diff1": 0.396864,
        "nauc_map_at_10_max": 0.357787,
        "nauc_map_at_10_std": 0.02683,
        "nauc_map_at_10_diff1": 0.386086,
        "nauc_map_at_20_max": 0.367606,
        "nauc_map_at_20_std": 0.033575,
        "nauc_map_at_20_diff1": 0.39299,
        "nauc_map_at_100_max": 0.372958,
        "nauc_map_at_100_std": 0.035639,
        "nauc_map_at_100_diff1": 0.3904,
        "nauc_map_at_1000_max": 0.372162,
        "nauc_map_at_1000_std": 0.035728,
        "nauc_map_at_1000_diff1": 0.38891,
        "nauc_recall_at_1_max": 0.271564,
        "nauc_recall_at_1_std": -0.048747,
        "nauc_recall_at_1_diff1": 0.424874,
        "nauc_recall_at_3_max": 0.394283,
        "nauc_recall_at_3_std": 0.064536,
        "nauc_recall_at_3_diff1": 0.37939,
        "nauc_recall_at_5_max": 0.417376,
        "nauc_recall_at_5_std": 0.121121,
        "nauc_recall_at_5_diff1": 0.352124,
        "nauc_recall_at_10_max": 0.47655,
        "nauc_recall_at_10_std": 0.142963,
        "nauc_recall_at_10_diff1": 0.298695,
        "nauc_recall_at_20_max": 0.516577,
        "nauc_recall_at_20_std": 0.153453,
        "nauc_recall_at_20_diff1": 0.382025,
        "nauc_recall_at_100_max": 0.599029,
        "nauc_recall_at_100_std": 0.1405,
        "nauc_recall_at_100_diff1": 0.35549,
        "nauc_recall_at_1000_max": 0.427478,
        "nauc_recall_at_1000_std": 0.159608,
        "nauc_recall_at_1000_diff1": 0.059165,
        "nauc_precision_at_1_max": 0.276469,
        "nauc_precision_at_1_std": -0.058157,
        "nauc_precision_at_1_diff1": 0.399818,
        "nauc_precision_at_3_max": 0.39987,
        "nauc_precision_at_3_std": 0.059289,
        "nauc_precision_at_3_diff1": 0.351269,
        "nauc_precision_at_5_max": 0.444696,
        "nauc_precision_at_5_std": 0.130872,
        "nauc_precision_at_5_diff1": 0.318489,
        "nauc_precision_at_10_max": 0.514585,
        "nauc_precision_at_10_std": 0.165108,
        "nauc_precision_at_10_diff1": 0.274378,
        "nauc_precision_at_20_max": 0.560903,
        "nauc_precision_at_20_std": 0.187031,
        "nauc_precision_at_20_diff1": 0.333808,
        "nauc_precision_at_100_max": 0.624588,
        "nauc_precision_at_100_std": 0.17581,
        "nauc_precision_at_100_diff1": 0.299208,
        "nauc_precision_at_1000_max": 0.283176,
        "nauc_precision_at_1000_std": 0.111041,
        "nauc_precision_at_1000_diff1": -0.074534,
        "nauc_mrr_at_1_max": 0.276469,
        "nauc_mrr_at_1_std": -0.058157,
        "nauc_mrr_at_1_diff1": 0.399818,
        "nauc_mrr_at_3_max": 0.343566,
        "nauc_mrr_at_3_std": 0.001681,
        "nauc_mrr_at_3_diff1": 0.388973,
        "nauc_mrr_at_5_max": 0.356751,
        "nauc_mrr_at_5_std": 0.028126,
        "nauc_mrr_at_5_diff1": 0.374337,
        "nauc_mrr_at_10_max": 0.37153,
        "nauc_mrr_at_10_std": 0.034704,
        "nauc_mrr_at_10_diff1": 0.367731,
        "nauc_mrr_at_20_max": 0.375819,
        "nauc_mrr_at_20_std": 0.035366,
        "nauc_mrr_at_20_diff1": 0.376215,
        "nauc_mrr_at_100_max": 0.380561,
        "nauc_mrr_at_100_std": 0.036908,
        "nauc_mrr_at_100_diff1": 0.374056,
        "nauc_mrr_at_1000_max": 0.379658,
        "nauc_mrr_at_1000_std": 0.037038,
        "nauc_mrr_at_1000_diff1": 0.372626,
        "main_score": 0.14632,
        "hf_subset": "default",
        "languages": [
          "tur-Latn"
        ]
      }
    ]
  },
  "evaluation_time": 126.55917382240295,
  "kg_co2_emissions": null
}