{
  "dataset_revision": "main",
  "task_name": "ArguAnaTR",
  "mteb_version": "1.31.3",
  "scores": {
    "test": [
      {
        "ndcg_at_1": 0.23186,
        "ndcg_at_3": 0.36643,
        "ndcg_at_5": 0.41336,
        "ndcg_at_10": 0.47339,
        "ndcg_at_20": 0.50335,
        "ndcg_at_100": 0.52021,
        "ndcg_at_1000": 0.52319,
        "map_at_1": 0.23186,
        "map_at_3": 0.33179,
        "map_at_5": 0.35804,
        "map_at_10": 0.38295,
        "map_at_20": 0.39123,
        "map_at_100": 0.39365,
        "map_at_1000": 0.39377,
        "recall_at_1": 0.23186,
        "recall_at_3": 0.46728,
        "recall_at_5": 0.58037,
        "recall_at_10": 0.76529,
        "recall_at_20": 0.88336,
        "recall_at_100": 0.97297,
        "recall_at_1000": 0.99573,
        "precision_at_1": 0.23186,
        "precision_at_3": 0.15576,
        "precision_at_5": 0.11607,
        "precision_at_10": 0.07653,
        "precision_at_20": 0.04417,
        "precision_at_100": 0.00973,
        "precision_at_1000": 0.001,
        "mrr_at_1": 0.23542,
        "mrr_at_3": 0.333452,
        "mrr_at_5": 0.359412,
        "mrr_at_10": 0.384205,
        "mrr_at_20": 0.392486,
        "mrr_at_100": 0.394904,
        "mrr_at_1000": 0.395027,
        "nauc_ndcg_at_1_max": -0.080055,
        "nauc_ndcg_at_1_std": -0.103064,
        "nauc_ndcg_at_1_diff1": 0.073761,
        "nauc_ndcg_at_3_max": -0.047359,
        "nauc_ndcg_at_3_std": -0.06538,
        "nauc_ndcg_at_3_diff1": 0.052556,
        "nauc_ndcg_at_5_max": -0.043575,
        "nauc_ndcg_at_5_std": -0.064066,
        "nauc_ndcg_at_5_diff1": 0.05546,
        "nauc_ndcg_at_10_max": -0.03508,
        "nauc_ndcg_at_10_std": -0.05848,
        "nauc_ndcg_at_10_diff1": 0.055631,
        "nauc_ndcg_at_20_max": -0.023503,
        "nauc_ndcg_at_20_std": -0.053442,
        "nauc_ndcg_at_20_diff1": 0.067661,
        "nauc_ndcg_at_100_max": -0.035792,
        "nauc_ndcg_at_100_std": -0.054846,
        "nauc_ndcg_at_100_diff1": 0.060128,
        "nauc_ndcg_at_1000_max": -0.039489,
        "nauc_ndcg_at_1000_std": -0.060595,
        "nauc_ndcg_at_1000_diff1": 0.06034,
        "nauc_map_at_1_max": -0.080055,
        "nauc_map_at_1_std": -0.103064,
        "nauc_map_at_1_diff1": 0.073761,
        "nauc_map_at_3_max": -0.056238,
        "nauc_map_at_3_std": -0.076099,
        "nauc_map_at_3_diff1": 0.055237,
        "nauc_map_at_5_max": -0.054103,
        "nauc_map_at_5_std": -0.075475,
        "nauc_map_at_5_diff1": 0.057101,
        "nauc_map_at_10_max": -0.050917,
        "nauc_map_at_10_std": -0.073253,
        "nauc_map_at_10_diff1": 0.057685,
        "nauc_map_at_20_max": -0.048439,
        "nauc_map_at_20_std": -0.072725,
        "nauc_map_at_20_diff1": 0.060708,
        "nauc_map_at_100_max": -0.049711,
        "nauc_map_at_100_std": -0.072444,
        "nauc_map_at_100_diff1": 0.059746,
        "nauc_map_at_1000_max": -0.049815,
        "nauc_map_at_1000_std": -0.072607,
        "nauc_map_at_1000_diff1": 0.059796,
        "nauc_recall_at_1_max": -0.080055,
        "nauc_recall_at_1_std": -0.103064,
        "nauc_recall_at_1_diff1": 0.073761,
        "nauc_recall_at_3_max": -0.022821,
        "nauc_recall_at_3_std": -0.035607,
        "nauc_recall_at_3_diff1": 0.046125,
        "nauc_recall_at_5_max": -0.012069,
        "nauc_recall_at_5_std": -0.029948,
        "nauc_recall_at_5_diff1": 0.051775,
        "nauc_recall_at_10_max": 0.036971,
        "nauc_recall_at_10_std": 0.006681,
        "nauc_recall_at_10_diff1": 0.047298,
        "nauc_recall_at_20_max": 0.202261,
        "nauc_recall_at_20_std": 0.114568,
        "nauc_recall_at_20_diff1": 0.147676,
        "nauc_recall_at_100_max": 0.279233,
        "nauc_recall_at_100_std": 0.502428,
        "nauc_recall_at_100_diff1": 0.045429,
        "nauc_recall_at_1000_max": 0.233154,
        "nauc_recall_at_1000_std": 0.811293,
        "nauc_recall_at_1000_diff1": -0.090818,
        "nauc_precision_at_1_max": -0.080055,
        "nauc_precision_at_1_std": -0.103064,
        "nauc_precision_at_1_diff1": 0.073761,
        "nauc_precision_at_3_max": -0.022821,
        "nauc_precision_at_3_std": -0.035607,
        "nauc_precision_at_3_diff1": 0.046125,
        "nauc_precision_at_5_max": -0.012069,
        "nauc_precision_at_5_std": -0.029948,
        "nauc_precision_at_5_diff1": 0.051775,
        "nauc_precision_at_10_max": 0.036971,
        "nauc_precision_at_10_std": 0.006681,
        "nauc_precision_at_10_diff1": 0.047298,
        "nauc_precision_at_20_max": 0.202261,
        "nauc_precision_at_20_std": 0.114568,
        "nauc_precision_at_20_diff1": 0.147676,
        "nauc_precision_at_100_max": 0.279233,
        "nauc_precision_at_100_std": 0.502428,
        "nauc_precision_at_100_diff1": 0.045429,
        "nauc_precision_at_1000_max": 0.233154,
        "nauc_precision_at_1000_std": 0.811293,
        "nauc_precision_at_1000_diff1": -0.090818,
        "nauc_mrr_at_1_max": -0.083309,
        "nauc_mrr_at_1_std": -0.100062,
        "nauc_mrr_at_1_diff1": 0.061779,
        "nauc_mrr_at_3_max": -0.060713,
        "nauc_mrr_at_3_std": -0.076589,
        "nauc_mrr_at_3_diff1": 0.046321,
        "nauc_mrr_at_5_max": -0.058747,
        "nauc_mrr_at_5_std": -0.07489,
        "nauc_mrr_at_5_diff1": 0.047392,
        "nauc_mrr_at_10_max": -0.056616,
        "nauc_mrr_at_10_std": -0.073459,
        "nauc_mrr_at_10_diff1": 0.047561,
        "nauc_mrr_at_20_max": -0.054332,
        "nauc_mrr_at_20_std": -0.072957,
        "nauc_mrr_at_20_diff1": 0.050274,
        "nauc_mrr_at_100_max": -0.055649,
        "nauc_mrr_at_100_std": -0.072681,
        "nauc_mrr_at_100_diff1": 0.049234,
        "nauc_mrr_at_1000_max": -0.055754,
        "nauc_mrr_at_1000_std": -0.072844,
        "nauc_mrr_at_1000_diff1": 0.04928,
        "main_score": 0.47339,
        "hf_subset": "default",
        "languages": [
          "tur-Latn"
        ]
      }
    ]
  },
  "evaluation_time": 226.5378177165985,
  "kg_co2_emissions": null
}