{
  "dataset_revision": "main",
  "task_name": "CQADupstackGamingRetrievalTR",
  "mteb_version": "1.31.3",
  "scores": {
    "test": [
      {
        "ndcg_at_1": 0.3442,
        "ndcg_at_3": 0.40174,
        "ndcg_at_5": 0.43072,
        "ndcg_at_10": 0.45631,
        "ndcg_at_20": 0.47567,
        "ndcg_at_100": 0.50268,
        "ndcg_at_1000": 0.52096,
        "map_at_1": 0.30114,
        "map_at_3": 0.37147,
        "map_at_5": 0.39024,
        "map_at_10": 0.40217,
        "map_at_20": 0.40847,
        "map_at_100": 0.41298,
        "map_at_1000": 0.41378,
        "recall_at_1": 0.30114,
        "recall_at_3": 0.444,
        "recall_at_5": 0.51269,
        "recall_at_10": 0.58703,
        "recall_at_20": 0.65663,
        "recall_at_100": 0.78817,
        "recall_at_1000": 0.92094,
        "precision_at_1": 0.3442,
        "precision_at_3": 0.17743,
        "precision_at_5": 0.12577,
        "precision_at_10": 0.07354,
        "precision_at_20": 0.04276,
        "precision_at_100": 0.01063,
        "precision_at_1000": 0.00128,
        "mrr_at_1": 0.344201,
        "mrr_at_3": 0.409195,
        "mrr_at_5": 0.424462,
        "mrr_at_10": 0.434813,
        "mrr_at_20": 0.439659,
        "mrr_at_100": 0.442975,
        "mrr_at_1000": 0.443461,
        "nauc_ndcg_at_1_max": 0.385045,
        "nauc_ndcg_at_1_std": 0.026208,
        "nauc_ndcg_at_1_diff1": 0.541507,
        "nauc_ndcg_at_3_max": 0.378406,
        "nauc_ndcg_at_3_std": 0.039457,
        "nauc_ndcg_at_3_diff1": 0.48168,
        "nauc_ndcg_at_5_max": 0.391109,
        "nauc_ndcg_at_5_std": 0.056075,
        "nauc_ndcg_at_5_diff1": 0.473609,
        "nauc_ndcg_at_10_max": 0.399407,
        "nauc_ndcg_at_10_std": 0.078056,
        "nauc_ndcg_at_10_diff1": 0.468795,
        "nauc_ndcg_at_20_max": 0.407094,
        "nauc_ndcg_at_20_std": 0.085663,
        "nauc_ndcg_at_20_diff1": 0.470262,
        "nauc_ndcg_at_100_max": 0.409134,
        "nauc_ndcg_at_100_std": 0.098826,
        "nauc_ndcg_at_100_diff1": 0.468232,
        "nauc_ndcg_at_1000_max": 0.408531,
        "nauc_ndcg_at_1000_std": 0.093067,
        "nauc_ndcg_at_1000_diff1": 0.476895,
        "nauc_map_at_1_max": 0.351664,
        "nauc_map_at_1_std": -0.001791,
        "nauc_map_at_1_diff1": 0.524228,
        "nauc_map_at_3_max": 0.367915,
        "nauc_map_at_3_std": 0.019236,
        "nauc_map_at_3_diff1": 0.491714,
        "nauc_map_at_5_max": 0.378788,
        "nauc_map_at_5_std": 0.032386,
        "nauc_map_at_5_diff1": 0.490521,
        "nauc_map_at_10_max": 0.383943,
        "nauc_map_at_10_std": 0.043491,
        "nauc_map_at_10_diff1": 0.488567,
        "nauc_map_at_20_max": 0.387366,
        "nauc_map_at_20_std": 0.047845,
        "nauc_map_at_20_diff1": 0.488859,
        "nauc_map_at_100_max": 0.388385,
        "nauc_map_at_100_std": 0.05115,
        "nauc_map_at_100_diff1": 0.488594,
        "nauc_map_at_1000_max": 0.38843,
        "nauc_map_at_1000_std": 0.051065,
        "nauc_map_at_1000_diff1": 0.489009,
        "nauc_recall_at_1_max": 0.351664,
        "nauc_recall_at_1_std": -0.001791,
        "nauc_recall_at_1_diff1": 0.524228,
        "nauc_recall_at_3_max": 0.365038,
        "nauc_recall_at_3_std": 0.045891,
        "nauc_recall_at_3_diff1": 0.434211,
        "nauc_recall_at_5_max": 0.387108,
        "nauc_recall_at_5_std": 0.085105,
        "nauc_recall_at_5_diff1": 0.409945,
        "nauc_recall_at_10_max": 0.409707,
        "nauc_recall_at_10_std": 0.154326,
        "nauc_recall_at_10_diff1": 0.389823,
        "nauc_recall_at_20_max": 0.441754,
        "nauc_recall_at_20_std": 0.192932,
        "nauc_recall_at_20_diff1": 0.387208,
        "nauc_recall_at_100_max": 0.463688,
        "nauc_recall_at_100_std": 0.326371,
        "nauc_recall_at_100_diff1": 0.335145,
        "nauc_recall_at_1000_max": 0.534938,
        "nauc_recall_at_1000_std": 0.470177,
        "nauc_recall_at_1000_diff1": 0.389189,
        "nauc_precision_at_1_max": 0.385045,
        "nauc_precision_at_1_std": 0.026208,
        "nauc_precision_at_1_diff1": 0.541507,
        "nauc_precision_at_3_max": 0.382531,
        "nauc_precision_at_3_std": 0.092402,
        "nauc_precision_at_3_diff1": 0.412073,
        "nauc_precision_at_5_max": 0.388721,
        "nauc_precision_at_5_std": 0.145758,
        "nauc_precision_at_5_diff1": 0.353571,
        "nauc_precision_at_10_max": 0.39012,
        "nauc_precision_at_10_std": 0.223171,
        "nauc_precision_at_10_diff1": 0.287728,
        "nauc_precision_at_20_max": 0.358748,
        "nauc_precision_at_20_std": 0.25663,
        "nauc_precision_at_20_diff1": 0.219415,
        "nauc_precision_at_100_max": 0.282733,
        "nauc_precision_at_100_std": 0.3051,
        "nauc_precision_at_100_diff1": 0.094659,
        "nauc_precision_at_1000_max": 0.159289,
        "nauc_precision_at_1000_std": 0.228397,
        "nauc_precision_at_1000_diff1": 0.013572,
        "nauc_mrr_at_1_max": 0.385045,
        "nauc_mrr_at_1_std": 0.026208,
        "nauc_mrr_at_1_diff1": 0.541507,
        "nauc_mrr_at_3_max": 0.39502,
        "nauc_mrr_at_3_std": 0.052543,
        "nauc_mrr_at_3_diff1": 0.496791,
        "nauc_mrr_at_5_max": 0.39889,
        "nauc_mrr_at_5_std": 0.058985,
        "nauc_mrr_at_5_diff1": 0.49029,
        "nauc_mrr_at_10_max": 0.400597,
        "nauc_mrr_at_10_std": 0.065717,
        "nauc_mrr_at_10_diff1": 0.488842,
        "nauc_mrr_at_20_max": 0.401829,
        "nauc_mrr_at_20_std": 0.065876,
        "nauc_mrr_at_20_diff1": 0.489611,
        "nauc_mrr_at_100_max": 0.401541,
        "nauc_mrr_at_100_std": 0.066924,
        "nauc_mrr_at_100_diff1": 0.489709,
        "nauc_mrr_at_1000_max": 0.401535,
        "nauc_mrr_at_1000_std": 0.066788,
        "nauc_mrr_at_1000_diff1": 0.490087,
        "main_score": 0.45631,
        "hf_subset": "default",
        "languages": [
          "tur-Latn"
        ]
      }
    ]
  },
  "evaluation_time": 1301.5416007041931,
  "kg_co2_emissions": null
}