{
  "dataset_revision": "main",
  "task_name": "CQADupstackGamingRetrievalTR",
  "mteb_version": "1.31.3",
  "scores": {
    "test": [
      {
        "ndcg_at_1": 0.47436,
        "ndcg_at_3": 0.56217,
        "ndcg_at_5": 0.58767,
        "ndcg_at_10": 0.61119,
        "ndcg_at_20": 0.62352,
        "ndcg_at_100": 0.64366,
        "ndcg_at_1000": 0.65346,
        "map_at_1": 0.47436,
        "map_at_3": 0.54094,
        "map_at_5": 0.55504,
        "map_at_10": 0.56485,
        "map_at_20": 0.56826,
        "map_at_100": 0.57103,
        "map_at_1000": 0.57138,
        "recall_at_1": 0.47436,
        "recall_at_3": 0.62348,
        "recall_at_5": 0.68556,
        "recall_at_10": 0.75776,
        "recall_at_20": 0.80634,
        "recall_at_100": 0.91498,
        "recall_at_1000": 0.99325,
        "precision_at_1": 0.47436,
        "precision_at_3": 0.20783,
        "precision_at_5": 0.13711,
        "precision_at_10": 0.07578,
        "precision_at_20": 0.04032,
        "precision_at_100": 0.00915,
        "precision_at_1000": 0.00099,
        "mrr_at_1": 0.474359,
        "mrr_at_3": 0.540936,
        "mrr_at_5": 0.555038,
        "mrr_at_10": 0.564846,
        "mrr_at_20": 0.56826,
        "mrr_at_100": 0.571033,
        "mrr_at_1000": 0.571377,
        "nauc_ndcg_at_1_max": 0.443576,
        "nauc_ndcg_at_1_std": -0.060205,
        "nauc_ndcg_at_1_diff1": 0.667913,
        "nauc_ndcg_at_3_max": 0.455134,
        "nauc_ndcg_at_3_std": -0.046605,
        "nauc_ndcg_at_3_diff1": 0.608779,
        "nauc_ndcg_at_5_max": 0.458622,
        "nauc_ndcg_at_5_std": -0.034656,
        "nauc_ndcg_at_5_diff1": 0.610194,
        "nauc_ndcg_at_10_max": 0.467535,
        "nauc_ndcg_at_10_std": -0.017389,
        "nauc_ndcg_at_10_diff1": 0.612456,
        "nauc_ndcg_at_20_max": 0.46304,
        "nauc_ndcg_at_20_std": -0.014828,
        "nauc_ndcg_at_20_diff1": 0.609771,
        "nauc_ndcg_at_100_max": 0.468062,
        "nauc_ndcg_at_100_std": -0.010318,
        "nauc_ndcg_at_100_diff1": 0.616909,
        "nauc_ndcg_at_1000_max": 0.463696,
        "nauc_ndcg_at_1000_std": -0.023951,
        "nauc_ndcg_at_1000_diff1": 0.620135,
        "nauc_map_at_1_max": 0.443576,
        "nauc_map_at_1_std": -0.060205,
        "nauc_map_at_1_diff1": 0.667913,
        "nauc_map_at_3_max": 0.453364,
        "nauc_map_at_3_std": -0.049624,
        "nauc_map_at_3_diff1": 0.624309,
        "nauc_map_at_5_max": 0.455378,
        "nauc_map_at_5_std": -0.043235,
        "nauc_map_at_5_diff1": 0.6258,
        "nauc_map_at_10_max": 0.458613,
        "nauc_map_at_10_std": -0.037355,
        "nauc_map_at_10_diff1": 0.626827,
        "nauc_map_at_20_max": 0.45741,
        "nauc_map_at_20_std": -0.036742,
        "nauc_map_at_20_diff1": 0.626268,
        "nauc_map_at_100_max": 0.45807,
        "nauc_map_at_100_std": -0.036576,
        "nauc_map_at_100_diff1": 0.627295,
        "nauc_map_at_1000_max": 0.457953,
        "nauc_map_at_1000_std": -0.036962,
        "nauc_map_at_1000_diff1": 0.627419,
        "nauc_recall_at_1_max": 0.443576,
        "nauc_recall_at_1_std": -0.060205,
        "nauc_recall_at_1_diff1": 0.667913,
        "nauc_recall_at_3_max": 0.460196,
        "nauc_recall_at_3_std": -0.037254,
        "nauc_recall_at_3_diff1": 0.559419,
        "nauc_recall_at_5_max": 0.469637,
        "nauc_recall_at_5_std": -0.00303,
        "nauc_recall_at_5_diff1": 0.555218,
        "nauc_recall_at_10_max": 0.510068,
        "nauc_recall_at_10_std": 0.080324,
        "nauc_recall_at_10_diff1": 0.553311,
        "nauc_recall_at_20_max": 0.490947,
        "nauc_recall_at_20_std": 0.11399,
        "nauc_recall_at_20_diff1": 0.525095,
        "nauc_recall_at_100_max": 0.60129,
        "nauc_recall_at_100_std": 0.345149,
        "nauc_recall_at_100_diff1": 0.547222,
        "nauc_recall_at_1000_max": 0.753515,
        "nauc_recall_at_1000_std": 0.210717,
        "nauc_recall_at_1000_diff1": 0.666769,
        "nauc_precision_at_1_max": 0.443576,
        "nauc_precision_at_1_std": -0.060205,
        "nauc_precision_at_1_diff1": 0.667913,
        "nauc_precision_at_3_max": 0.460196,
        "nauc_precision_at_3_std": -0.037254,
        "nauc_precision_at_3_diff1": 0.559419,
        "nauc_precision_at_5_max": 0.469637,
        "nauc_precision_at_5_std": -0.00303,
        "nauc_precision_at_5_diff1": 0.555218,
        "nauc_precision_at_10_max": 0.510068,
        "nauc_precision_at_10_std": 0.080324,
        "nauc_precision_at_10_diff1": 0.553311,
        "nauc_precision_at_20_max": 0.490947,
        "nauc_precision_at_20_std": 0.11399,
        "nauc_precision_at_20_diff1": 0.525095,
        "nauc_precision_at_100_max": 0.60129,
        "nauc_precision_at_100_std": 0.345149,
        "nauc_precision_at_100_diff1": 0.547222,
        "nauc_precision_at_1000_max": 0.753515,
        "nauc_precision_at_1000_std": 0.210717,
        "nauc_precision_at_1000_diff1": 0.666769,
        "nauc_mrr_at_1_max": 0.443576,
        "nauc_mrr_at_1_std": -0.060205,
        "nauc_mrr_at_1_diff1": 0.667913,
        "nauc_mrr_at_3_max": 0.453364,
        "nauc_mrr_at_3_std": -0.049624,
        "nauc_mrr_at_3_diff1": 0.624309,
        "nauc_mrr_at_5_max": 0.455378,
        "nauc_mrr_at_5_std": -0.043235,
        "nauc_mrr_at_5_diff1": 0.6258,
        "nauc_mrr_at_10_max": 0.458613,
        "nauc_mrr_at_10_std": -0.037355,
        "nauc_mrr_at_10_diff1": 0.626827,
        "nauc_mrr_at_20_max": 0.45741,
        "nauc_mrr_at_20_std": -0.036742,
        "nauc_mrr_at_20_diff1": 0.626268,
        "nauc_mrr_at_100_max": 0.45807,
        "nauc_mrr_at_100_std": -0.036576,
        "nauc_mrr_at_100_diff1": 0.627295,
        "nauc_mrr_at_1000_max": 0.457953,
        "nauc_mrr_at_1000_std": -0.036962,
        "nauc_mrr_at_1000_diff1": 0.627419,
        "main_score": 0.61119,
        "hf_subset": "default",
        "languages": [
          "tur-Latn"
        ]
      }
    ]
  },
  "evaluation_time": 27.697941303253174,
  "kg_co2_emissions": null
}