{
  "dataset_revision": "main",
  "task_name": "FiQA2018TR",
  "mteb_version": "1.31.3",
  "scores": {
    "test": [
      {
        "ndcg_at_1": 0.26235,
        "ndcg_at_3": 0.24283,
        "ndcg_at_5": 0.24912,
        "ndcg_at_10": 0.27012,
        "ndcg_at_20": 0.29419,
        "ndcg_at_100": 0.33468,
        "ndcg_at_1000": 0.37307,
        "map_at_1": 0.12768,
        "map_at_3": 0.18013,
        "map_at_5": 0.19459,
        "map_at_10": 0.20758,
        "map_at_20": 0.21537,
        "map_at_100": 0.22245,
        "map_at_1000": 0.22431,
        "recall_at_1": 0.12768,
        "recall_at_3": 0.22144,
        "recall_at_5": 0.26065,
        "recall_at_10": 0.32522,
        "recall_at_20": 0.39914,
        "recall_at_100": 0.56892,
        "recall_at_1000": 0.8055,
        "precision_at_1": 0.26235,
        "precision_at_3": 0.16152,
        "precision_at_5": 0.11698,
        "precision_at_10": 0.07546,
        "precision_at_20": 0.04784,
        "precision_at_100": 0.01417,
        "precision_at_1000": 0.0021,
        "mrr_at_1": 0.262346,
        "mrr_at_3": 0.319959,
        "mrr_at_5": 0.32999,
        "mrr_at_10": 0.340966,
        "mrr_at_20": 0.346693,
        "mrr_at_100": 0.350616,
        "mrr_at_1000": 0.351234,
        "nauc_ndcg_at_1_max": 0.272853,
        "nauc_ndcg_at_1_std": -0.03635,
        "nauc_ndcg_at_1_diff1": 0.418132,
        "nauc_ndcg_at_3_max": 0.273949,
        "nauc_ndcg_at_3_std": -0.018675,
        "nauc_ndcg_at_3_diff1": 0.378636,
        "nauc_ndcg_at_5_max": 0.256539,
        "nauc_ndcg_at_5_std": -0.014161,
        "nauc_ndcg_at_5_diff1": 0.368821,
        "nauc_ndcg_at_10_max": 0.249842,
        "nauc_ndcg_at_10_std": 0.015298,
        "nauc_ndcg_at_10_diff1": 0.366504,
        "nauc_ndcg_at_20_max": 0.256971,
        "nauc_ndcg_at_20_std": 0.042391,
        "nauc_ndcg_at_20_diff1": 0.351218,
        "nauc_ndcg_at_100_max": 0.262145,
        "nauc_ndcg_at_100_std": 0.071752,
        "nauc_ndcg_at_100_diff1": 0.349423,
        "nauc_ndcg_at_1000_max": 0.275768,
        "nauc_ndcg_at_1000_std": 0.070362,
        "nauc_ndcg_at_1000_diff1": 0.34765,
        "nauc_map_at_1_max": 0.209158,
        "nauc_map_at_1_std": -0.047942,
        "nauc_map_at_1_diff1": 0.410009,
        "nauc_map_at_3_max": 0.232973,
        "nauc_map_at_3_std": -0.034159,
        "nauc_map_at_3_diff1": 0.389012,
        "nauc_map_at_5_max": 0.233272,
        "nauc_map_at_5_std": -0.027448,
        "nauc_map_at_5_diff1": 0.375262,
        "nauc_map_at_10_max": 0.237168,
        "nauc_map_at_10_std": -0.012584,
        "nauc_map_at_10_diff1": 0.3745,
        "nauc_map_at_20_max": 0.240579,
        "nauc_map_at_20_std": -0.002035,
        "nauc_map_at_20_diff1": 0.368551,
        "nauc_map_at_100_max": 0.243707,
        "nauc_map_at_100_std": 0.005294,
        "nauc_map_at_100_diff1": 0.368979,
        "nauc_map_at_1000_max": 0.244734,
        "nauc_map_at_1000_std": 0.005455,
        "nauc_map_at_1000_diff1": 0.368695,
        "nauc_recall_at_1_max": 0.209158,
        "nauc_recall_at_1_std": -0.047942,
        "nauc_recall_at_1_diff1": 0.410009,
        "nauc_recall_at_3_max": 0.2135,
        "nauc_recall_at_3_std": -0.014591,
        "nauc_recall_at_3_diff1": 0.341025,
        "nauc_recall_at_5_max": 0.202037,
        "nauc_recall_at_5_std": 0.00971,
        "nauc_recall_at_5_diff1": 0.309616,
        "nauc_recall_at_10_max": 0.189487,
        "nauc_recall_at_10_std": 0.071593,
        "nauc_recall_at_10_diff1": 0.274584,
        "nauc_recall_at_20_max": 0.197376,
        "nauc_recall_at_20_std": 0.136772,
        "nauc_recall_at_20_diff1": 0.22486,
        "nauc_recall_at_100_max": 0.177677,
        "nauc_recall_at_100_std": 0.241496,
        "nauc_recall_at_100_diff1": 0.200793,
        "nauc_recall_at_1000_max": 0.233494,
        "nauc_recall_at_1000_std": 0.352481,
        "nauc_recall_at_1000_diff1": 0.124635,
        "nauc_precision_at_1_max": 0.272853,
        "nauc_precision_at_1_std": -0.03635,
        "nauc_precision_at_1_diff1": 0.418132,
        "nauc_precision_at_3_max": 0.313382,
        "nauc_precision_at_3_std": -0.017274,
        "nauc_precision_at_3_diff1": 0.344916,
        "nauc_precision_at_5_max": 0.310728,
        "nauc_precision_at_5_std": -0.004995,
        "nauc_precision_at_5_diff1": 0.308141,
        "nauc_precision_at_10_max": 0.296308,
        "nauc_precision_at_10_std": 0.066898,
        "nauc_precision_at_10_diff1": 0.275189,
        "nauc_precision_at_20_max": 0.291958,
        "nauc_precision_at_20_std": 0.14111,
        "nauc_precision_at_20_diff1": 0.198008,
        "nauc_precision_at_100_max": 0.284081,
        "nauc_precision_at_100_std": 0.216537,
        "nauc_precision_at_100_diff1": 0.129067,
        "nauc_precision_at_1000_max": 0.252821,
        "nauc_precision_at_1000_std": 0.159101,
        "nauc_precision_at_1000_diff1": 0.029252,
        "nauc_mrr_at_1_max": 0.272853,
        "nauc_mrr_at_1_std": -0.03635,
        "nauc_mrr_at_1_diff1": 0.418132,
        "nauc_mrr_at_3_max": 0.28631,
        "nauc_mrr_at_3_std": -0.0192,
        "nauc_mrr_at_3_diff1": 0.396944,
        "nauc_mrr_at_5_max": 0.289991,
        "nauc_mrr_at_5_std": -0.012588,
        "nauc_mrr_at_5_diff1": 0.395285,
        "nauc_mrr_at_10_max": 0.286561,
        "nauc_mrr_at_10_std": -0.001274,
        "nauc_mrr_at_10_diff1": 0.390534,
        "nauc_mrr_at_20_max": 0.288159,
        "nauc_mrr_at_20_std": 0.002438,
        "nauc_mrr_at_20_diff1": 0.386369,
        "nauc_mrr_at_100_max": 0.287176,
        "nauc_mrr_at_100_std": 0.003722,
        "nauc_mrr_at_100_diff1": 0.38532,
        "nauc_mrr_at_1000_max": 0.287108,
        "nauc_mrr_at_1000_std": 0.003291,
        "nauc_mrr_at_1000_diff1": 0.385618,
        "main_score": 0.27012,
        "hf_subset": "default",
        "languages": [
          "tur-Latn"
        ]
      }
    ]
  },
  "evaluation_time": 2497.916225194931,
  "kg_co2_emissions": null
}