{
  "dataset_revision": "main",
  "task_name": "FiQA2018TR",
  "mteb_version": "1.31.3",
  "scores": {
    "test": [
      {
        "ndcg_at_1": 0.28241,
        "ndcg_at_3": 0.38455,
        "ndcg_at_5": 0.41663,
        "ndcg_at_10": 0.44602,
        "ndcg_at_20": 0.46611,
        "ndcg_at_100": 0.49742,
        "ndcg_at_1000": 0.51221,
        "map_at_1": 0.28241,
        "map_at_3": 0.35957,
        "map_at_5": 0.37755,
        "map_at_10": 0.38964,
        "map_at_20": 0.39546,
        "map_at_100": 0.39984,
        "map_at_1000": 0.40032,
        "recall_at_1": 0.28241,
        "recall_at_3": 0.45679,
        "recall_at_5": 0.53395,
        "recall_at_10": 0.625,
        "recall_at_20": 0.70216,
        "recall_at_100": 0.87037,
        "recall_at_1000": 0.99074,
        "precision_at_1": 0.28241,
        "precision_at_3": 0.15226,
        "precision_at_5": 0.10679,
        "precision_at_10": 0.0625,
        "precision_at_20": 0.03511,
        "precision_at_100": 0.0087,
        "precision_at_1000": 0.00099,
        "mrr_at_1": 0.282407,
        "mrr_at_3": 0.359568,
        "mrr_at_5": 0.377546,
        "mrr_at_10": 0.389665,
        "mrr_at_20": 0.395489,
        "mrr_at_100": 0.399871,
        "mrr_at_1000": 0.400351,
        "nauc_ndcg_at_1_max": 0.229799,
        "nauc_ndcg_at_1_std": -0.09421,
        "nauc_ndcg_at_1_diff1": 0.433028,
        "nauc_ndcg_at_3_max": 0.235921,
        "nauc_ndcg_at_3_std": -0.070843,
        "nauc_ndcg_at_3_diff1": 0.387037,
        "nauc_ndcg_at_5_max": 0.237817,
        "nauc_ndcg_at_5_std": -0.068939,
        "nauc_ndcg_at_5_diff1": 0.372228,
        "nauc_ndcg_at_10_max": 0.239474,
        "nauc_ndcg_at_10_std": -0.051625,
        "nauc_ndcg_at_10_diff1": 0.359138,
        "nauc_ndcg_at_20_max": 0.242814,
        "nauc_ndcg_at_20_std": -0.057283,
        "nauc_ndcg_at_20_diff1": 0.36163,
        "nauc_ndcg_at_100_max": 0.245357,
        "nauc_ndcg_at_100_std": -0.06017,
        "nauc_ndcg_at_100_diff1": 0.370959,
        "nauc_ndcg_at_1000_max": 0.239078,
        "nauc_ndcg_at_1000_std": -0.062729,
        "nauc_ndcg_at_1000_diff1": 0.37316,
        "nauc_map_at_1_max": 0.229799,
        "nauc_map_at_1_std": -0.09421,
        "nauc_map_at_1_diff1": 0.433028,
        "nauc_map_at_3_max": 0.232898,
        "nauc_map_at_3_std": -0.07571,
        "nauc_map_at_3_diff1": 0.394866,
        "nauc_map_at_5_max": 0.232672,
        "nauc_map_at_5_std": -0.075332,
        "nauc_map_at_5_diff1": 0.385715,
        "nauc_map_at_10_max": 0.232632,
        "nauc_map_at_10_std": -0.069343,
        "nauc_map_at_10_diff1": 0.380629,
        "nauc_map_at_20_max": 0.233461,
        "nauc_map_at_20_std": -0.071238,
        "nauc_map_at_20_diff1": 0.381199,
        "nauc_map_at_100_max": 0.233281,
        "nauc_map_at_100_std": -0.072301,
        "nauc_map_at_100_diff1": 0.382622,
        "nauc_map_at_1000_max": 0.233161,
        "nauc_map_at_1000_std": -0.072238,
        "nauc_map_at_1000_diff1": 0.382676,
        "nauc_recall_at_1_max": 0.229799,
        "nauc_recall_at_1_std": -0.09421,
        "nauc_recall_at_1_diff1": 0.433028,
        "nauc_recall_at_3_max": 0.245073,
        "nauc_recall_at_3_std": -0.057385,
        "nauc_recall_at_3_diff1": 0.366175,
        "nauc_recall_at_5_max": 0.255412,
        "nauc_recall_at_5_std": -0.049404,
        "nauc_recall_at_5_diff1": 0.333108,
        "nauc_recall_at_10_max": 0.267078,
        "nauc_recall_at_10_std": 0.017082,
        "nauc_recall_at_10_diff1": 0.283798,
        "nauc_recall_at_20_max": 0.287762,
        "nauc_recall_at_20_std": 0.003071,
        "nauc_recall_at_20_diff1": 0.286228,
        "nauc_recall_at_100_max": 0.381565,
        "nauc_recall_at_100_std": 0.05049,
        "nauc_recall_at_100_diff1": 0.321729,
        "nauc_recall_at_1000_max": 0.427218,
        "nauc_recall_at_1000_std": 0.54542,
        "nauc_recall_at_1000_diff1": 0.269894,
        "nauc_precision_at_1_max": 0.229799,
        "nauc_precision_at_1_std": -0.09421,
        "nauc_precision_at_1_diff1": 0.433028,
        "nauc_precision_at_3_max": 0.245073,
        "nauc_precision_at_3_std": -0.057385,
        "nauc_precision_at_3_diff1": 0.366175,
        "nauc_precision_at_5_max": 0.255412,
        "nauc_precision_at_5_std": -0.049404,
        "nauc_precision_at_5_diff1": 0.333108,
        "nauc_precision_at_10_max": 0.267078,
        "nauc_precision_at_10_std": 0.017082,
        "nauc_precision_at_10_diff1": 0.283798,
        "nauc_precision_at_20_max": 0.287762,
        "nauc_precision_at_20_std": 0.003071,
        "nauc_precision_at_20_diff1": 0.286228,
        "nauc_precision_at_100_max": 0.381565,
        "nauc_precision_at_100_std": 0.05049,
        "nauc_precision_at_100_diff1": 0.321729,
        "nauc_precision_at_1000_max": 0.427218,
        "nauc_precision_at_1000_std": 0.54542,
        "nauc_precision_at_1000_diff1": 0.269894,
        "nauc_mrr_at_1_max": 0.229799,
        "nauc_mrr_at_1_std": -0.09421,
        "nauc_mrr_at_1_diff1": 0.433028,
        "nauc_mrr_at_3_max": 0.232898,
        "nauc_mrr_at_3_std": -0.07571,
        "nauc_mrr_at_3_diff1": 0.394866,
        "nauc_mrr_at_5_max": 0.232672,
        "nauc_mrr_at_5_std": -0.075332,
        "nauc_mrr_at_5_diff1": 0.385715,
        "nauc_mrr_at_10_max": 0.23258,
        "nauc_mrr_at_10_std": -0.06939,
        "nauc_mrr_at_10_diff1": 0.380581,
        "nauc_mrr_at_20_max": 0.233408,
        "nauc_mrr_at_20_std": -0.071286,
        "nauc_mrr_at_20_diff1": 0.381151,
        "nauc_mrr_at_100_max": 0.233228,
        "nauc_mrr_at_100_std": -0.072349,
        "nauc_mrr_at_100_diff1": 0.382573,
        "nauc_mrr_at_1000_max": 0.233108,
        "nauc_mrr_at_1000_std": -0.072286,
        "nauc_mrr_at_1000_diff1": 0.382627,
        "main_score": 0.44602,
        "hf_subset": "default",
        "languages": [
          "tur-Latn"
        ]
      }
    ]
  },
  "evaluation_time": 39.94843912124634,
  "kg_co2_emissions": null
}