{
  "dataset_revision": "main",
  "task_name": "MSMarcoTRRetrieval",
  "mteb_version": "1.31.3",
  "scores": {
    "test": [
      {
        "ndcg_at_1": 0.5579,
        "ndcg_at_3": 0.56909,
        "ndcg_at_5": 0.57046,
        "ndcg_at_10": 0.57157,
        "ndcg_at_20": 0.57221,
        "ndcg_at_100": 0.57278,
        "ndcg_at_1000": 0.57291,
        "map_at_1": 0.5579,
        "map_at_3": 0.56649,
        "map_at_5": 0.56722,
        "map_at_10": 0.56769,
        "map_at_20": 0.56787,
        "map_at_100": 0.56796,
        "map_at_1000": 0.56796,
        "recall_at_1": 0.5579,
        "recall_at_3": 0.57655,
        "recall_at_5": 0.57998,
        "recall_at_10": 0.58342,
        "recall_at_20": 0.58587,
        "recall_at_100": 0.58881,
        "recall_at_1000": 0.58979,
        "precision_at_1": 0.5579,
        "precision_at_3": 0.19218,
        "precision_at_5": 0.116,
        "precision_at_10": 0.05834,
        "precision_at_20": 0.02929,
        "precision_at_100": 0.00589,
        "precision_at_1000": 0.00059,
        "mrr_at_1": 0.5579,
        "mrr_at_3": 0.566487,
        "mrr_at_5": 0.567223,
        "mrr_at_10": 0.567685,
        "mrr_at_20": 0.567868,
        "mrr_at_100": 0.567955,
        "mrr_at_1000": 0.567961,
        "nauc_ndcg_at_1_max": 0.890449,
        "nauc_ndcg_at_1_std": 0.207904,
        "nauc_ndcg_at_1_diff1": 0.933131,
        "nauc_ndcg_at_3_max": 0.889534,
        "nauc_ndcg_at_3_std": 0.208901,
        "nauc_ndcg_at_3_diff1": 0.921552,
        "nauc_ndcg_at_5_max": 0.887636,
        "nauc_ndcg_at_5_std": 0.207106,
        "nauc_ndcg_at_5_diff1": 0.919899,
        "nauc_ndcg_at_10_max": 0.886072,
        "nauc_ndcg_at_10_std": 0.205516,
        "nauc_ndcg_at_10_diff1": 0.918649,
        "nauc_ndcg_at_20_max": 0.885124,
        "nauc_ndcg_at_20_std": 0.204523,
        "nauc_ndcg_at_20_diff1": 0.917786,
        "nauc_ndcg_at_100_max": 0.884175,
        "nauc_ndcg_at_100_std": 0.203265,
        "nauc_ndcg_at_100_diff1": 0.916955,
        "nauc_ndcg_at_1000_max": 0.883979,
        "nauc_ndcg_at_1000_std": 0.203037,
        "nauc_ndcg_at_1000_diff1": 0.916763,
        "nauc_map_at_1_max": 0.890449,
        "nauc_map_at_1_std": 0.207904,
        "nauc_map_at_1_diff1": 0.933131,
        "nauc_map_at_3_max": 0.889861,
        "nauc_map_at_3_std": 0.208608,
        "nauc_map_at_3_diff1": 0.924159,
        "nauc_map_at_5_max": 0.888844,
        "nauc_map_at_5_std": 0.207607,
        "nauc_map_at_5_diff1": 0.923292,
        "nauc_map_at_10_max": 0.888192,
        "nauc_map_at_10_std": 0.206937,
        "nauc_map_at_10_diff1": 0.922776,
        "nauc_map_at_20_max": 0.887924,
        "nauc_map_at_20_std": 0.206653,
        "nauc_map_at_20_diff1": 0.922536,
        "nauc_map_at_100_max": 0.887784,
        "nauc_map_at_100_std": 0.206454,
        "nauc_map_at_100_diff1": 0.922418,
        "nauc_map_at_1000_max": 0.887775,
        "nauc_map_at_1000_std": 0.206442,
        "nauc_map_at_1000_diff1": 0.922409,
        "nauc_recall_at_1_max": 0.890449,
        "nauc_recall_at_1_std": 0.207904,
        "nauc_recall_at_1_diff1": 0.933131,
        "nauc_recall_at_3_max": 0.888537,
        "nauc_recall_at_3_std": 0.209775,
        "nauc_recall_at_3_diff1": 0.914034,
        "nauc_recall_at_5_max": 0.883739,
        "nauc_recall_at_5_std": 0.20541,
        "nauc_recall_at_5_diff1": 0.909758,
        "nauc_recall_at_10_max": 0.878887,
        "nauc_recall_at_10_std": 0.200524,
        "nauc_recall_at_10_diff1": 0.905831,
        "nauc_recall_at_20_max": 0.875139,
        "nauc_recall_at_20_std": 0.196627,
        "nauc_recall_at_20_diff1": 0.902383,
        "nauc_recall_at_100_max": 0.870084,
        "nauc_recall_at_100_std": 0.190114,
        "nauc_recall_at_100_diff1": 0.897871,
        "nauc_recall_at_1000_max": 0.868591,
        "nauc_recall_at_1000_std": 0.188432,
        "nauc_recall_at_1000_diff1": 0.896409,
        "nauc_precision_at_1_max": 0.890449,
        "nauc_precision_at_1_std": 0.207904,
        "nauc_precision_at_1_diff1": 0.933131,
        "nauc_precision_at_3_max": 0.888537,
        "nauc_precision_at_3_std": 0.209775,
        "nauc_precision_at_3_diff1": 0.914034,
        "nauc_precision_at_5_max": 0.883739,
        "nauc_precision_at_5_std": 0.20541,
        "nauc_precision_at_5_diff1": 0.909758,
        "nauc_precision_at_10_max": 0.878887,
        "nauc_precision_at_10_std": 0.200524,
        "nauc_precision_at_10_diff1": 0.905831,
        "nauc_precision_at_20_max": 0.875139,
        "nauc_precision_at_20_std": 0.196627,
        "nauc_precision_at_20_diff1": 0.902383,
        "nauc_precision_at_100_max": 0.870084,
        "nauc_precision_at_100_std": 0.190114,
        "nauc_precision_at_100_diff1": 0.897871,
        "nauc_precision_at_1000_max": 0.868591,
        "nauc_precision_at_1000_std": 0.188432,
        "nauc_precision_at_1000_diff1": 0.896409,
        "nauc_mrr_at_1_max": 0.890449,
        "nauc_mrr_at_1_std": 0.207904,
        "nauc_mrr_at_1_diff1": 0.933131,
        "nauc_mrr_at_3_max": 0.889861,
        "nauc_mrr_at_3_std": 0.208608,
        "nauc_mrr_at_3_diff1": 0.924159,
        "nauc_mrr_at_5_max": 0.888844,
        "nauc_mrr_at_5_std": 0.207607,
        "nauc_mrr_at_5_diff1": 0.923292,
        "nauc_mrr_at_10_max": 0.888192,
        "nauc_mrr_at_10_std": 0.206937,
        "nauc_mrr_at_10_diff1": 0.922776,
        "nauc_mrr_at_20_max": 0.887924,
        "nauc_mrr_at_20_std": 0.206653,
        "nauc_mrr_at_20_diff1": 0.922536,
        "nauc_mrr_at_100_max": 0.887784,
        "nauc_mrr_at_100_std": 0.206454,
        "nauc_mrr_at_100_diff1": 0.922418,
        "nauc_mrr_at_1000_max": 0.887775,
        "nauc_mrr_at_1000_std": 0.206442,
        "nauc_mrr_at_1000_diff1": 0.922409,
        "main_score": 0.57157,
        "hf_subset": "default",
        "languages": [
          "tur-Latn"
        ]
      }
    ]
  },
  "evaluation_time": 35.50131320953369,
  "kg_co2_emissions": null
}