{
  "dataset_revision": "main",
  "task_name": "MSMarcoTRRetrieval",
  "mteb_version": "1.31.3",
  "scores": {
    "test": [
      {
        "ndcg_at_1": 0.56479,
        "ndcg_at_3": 0.57946,
        "ndcg_at_5": 0.58068,
        "ndcg_at_10": 0.58103,
        "ndcg_at_20": 0.58166,
        "ndcg_at_100": 0.58255,
        "ndcg_at_1000": 0.58273,
        "map_at_1": 0.56479,
        "map_at_3": 0.5762,
        "map_at_5": 0.57689,
        "map_at_10": 0.57705,
        "map_at_20": 0.57723,
        "map_at_100": 0.57738,
        "map_at_1000": 0.57739,
        "recall_at_1": 0.56479,
        "recall_at_3": 0.58875,
        "recall_at_5": 0.59169,
        "recall_at_10": 0.59267,
        "recall_at_20": 0.59511,
        "recall_at_100": 0.59951,
        "recall_at_1000": 0.60098,
        "precision_at_1": 0.56479,
        "precision_at_3": 0.19625,
        "precision_at_5": 0.11834,
        "precision_at_10": 0.05927,
        "precision_at_20": 0.02976,
        "precision_at_100": 0.006,
        "precision_at_1000": 0.0006,
        "mrr_at_1": 0.564792,
        "mrr_at_3": 0.576202,
        "mrr_at_5": 0.576887,
        "mrr_at_10": 0.57705,
        "mrr_at_20": 0.577231,
        "mrr_at_100": 0.57738,
        "mrr_at_1000": 0.577386,
        "nauc_ndcg_at_1_max": 0.874185,
        "nauc_ndcg_at_1_std": 0.167552,
        "nauc_ndcg_at_1_diff1": 0.918207,
        "nauc_ndcg_at_3_max": 0.877808,
        "nauc_ndcg_at_3_std": 0.169,
        "nauc_ndcg_at_3_diff1": 0.901294,
        "nauc_ndcg_at_5_max": 0.87726,
        "nauc_ndcg_at_5_std": 0.168924,
        "nauc_ndcg_at_5_diff1": 0.899875,
        "nauc_ndcg_at_10_max": 0.876829,
        "nauc_ndcg_at_10_std": 0.168452,
        "nauc_ndcg_at_10_diff1": 0.899488,
        "nauc_ndcg_at_20_max": 0.875804,
        "nauc_ndcg_at_20_std": 0.167087,
        "nauc_ndcg_at_20_diff1": 0.898529,
        "nauc_ndcg_at_100_max": 0.874521,
        "nauc_ndcg_at_100_std": 0.165703,
        "nauc_ndcg_at_100_diff1": 0.897326,
        "nauc_ndcg_at_1000_max": 0.874218,
        "nauc_ndcg_at_1000_std": 0.165441,
        "nauc_ndcg_at_1000_diff1": 0.897022,
        "nauc_map_at_1_max": 0.874185,
        "nauc_map_at_1_std": 0.167552,
        "nauc_map_at_1_diff1": 0.918207,
        "nauc_map_at_3_max": 0.877367,
        "nauc_map_at_3_std": 0.169005,
        "nauc_map_at_3_diff1": 0.905153,
        "nauc_map_at_5_max": 0.877016,
        "nauc_map_at_5_std": 0.168929,
        "nauc_map_at_5_diff1": 0.904348,
        "nauc_map_at_10_max": 0.876815,
        "nauc_map_at_10_std": 0.168709,
        "nauc_map_at_10_diff1": 0.904169,
        "nauc_map_at_20_max": 0.876519,
        "nauc_map_at_20_std": 0.168306,
        "nauc_map_at_20_diff1": 0.903896,
        "nauc_map_at_100_max": 0.876293,
        "nauc_map_at_100_std": 0.168058,
        "nauc_map_at_100_diff1": 0.903683,
        "nauc_map_at_1000_max": 0.876282,
        "nauc_map_at_1000_std": 0.168055,
        "nauc_map_at_1000_diff1": 0.903671,
        "nauc_recall_at_1_max": 0.874185,
        "nauc_recall_at_1_std": 0.167552,
        "nauc_recall_at_1_diff1": 0.918207,
        "nauc_recall_at_3_max": 0.878911,
        "nauc_recall_at_3_std": 0.168837,
        "nauc_recall_at_3_diff1": 0.890115,
        "nauc_recall_at_5_max": 0.877769,
        "nauc_recall_at_5_std": 0.168792,
        "nauc_recall_at_5_diff1": 0.886688,
        "nauc_recall_at_10_max": 0.876544,
        "nauc_recall_at_10_std": 0.167449,
        "nauc_recall_at_10_diff1": 0.885573,
        "nauc_recall_at_20_max": 0.872561,
        "nauc_recall_at_20_std": 0.162196,
        "nauc_recall_at_20_diff1": 0.881785,
        "nauc_recall_at_100_max": 0.866193,
        "nauc_recall_at_100_std": 0.155414,
        "nauc_recall_at_100_diff1": 0.875742,
        "nauc_recall_at_1000_max": 0.863703,
        "nauc_recall_at_1000_std": 0.152922,
        "nauc_recall_at_1000_diff1": 0.873273,
        "nauc_precision_at_1_max": 0.874185,
        "nauc_precision_at_1_std": 0.167552,
        "nauc_precision_at_1_diff1": 0.918207,
        "nauc_precision_at_3_max": 0.878911,
        "nauc_precision_at_3_std": 0.168837,
        "nauc_precision_at_3_diff1": 0.890115,
        "nauc_precision_at_5_max": 0.877769,
        "nauc_precision_at_5_std": 0.168792,
        "nauc_precision_at_5_diff1": 0.886688,
        "nauc_precision_at_10_max": 0.876544,
        "nauc_precision_at_10_std": 0.167449,
        "nauc_precision_at_10_diff1": 0.885573,
        "nauc_precision_at_20_max": 0.872561,
        "nauc_precision_at_20_std": 0.162196,
        "nauc_precision_at_20_diff1": 0.881785,
        "nauc_precision_at_100_max": 0.866193,
        "nauc_precision_at_100_std": 0.155414,
        "nauc_precision_at_100_diff1": 0.875742,
        "nauc_precision_at_1000_max": 0.863703,
        "nauc_precision_at_1000_std": 0.152922,
        "nauc_precision_at_1000_diff1": 0.873273,
        "nauc_mrr_at_1_max": 0.874185,
        "nauc_mrr_at_1_std": 0.167552,
        "nauc_mrr_at_1_diff1": 0.918207,
        "nauc_mrr_at_3_max": 0.877367,
        "nauc_mrr_at_3_std": 0.169005,
        "nauc_mrr_at_3_diff1": 0.905153,
        "nauc_mrr_at_5_max": 0.877016,
        "nauc_mrr_at_5_std": 0.168929,
        "nauc_mrr_at_5_diff1": 0.904348,
        "nauc_mrr_at_10_max": 0.876815,
        "nauc_mrr_at_10_std": 0.168709,
        "nauc_mrr_at_10_diff1": 0.904169,
        "nauc_mrr_at_20_max": 0.876519,
        "nauc_mrr_at_20_std": 0.168306,
        "nauc_mrr_at_20_diff1": 0.903896,
        "nauc_mrr_at_100_max": 0.876293,
        "nauc_mrr_at_100_std": 0.168058,
        "nauc_mrr_at_100_diff1": 0.903683,
        "nauc_mrr_at_1000_max": 0.876282,
        "nauc_mrr_at_1000_std": 0.168055,
        "nauc_mrr_at_1000_diff1": 0.903671,
        "main_score": 0.58103,
        "hf_subset": "default",
        "languages": [
          "tur-Latn"
        ]
      }
    ]
  },
  "evaluation_time": 16.827293634414673,
  "kg_co2_emissions": null
}