{
  "dataset_revision": "main",
  "task_name": "NFCorpusTR",
  "mteb_version": "1.31.3",
  "scores": {
    "test": [
      {
        "ndcg_at_1": 0.03937,
        "ndcg_at_3": 0.06215,
        "ndcg_at_5": 0.07045,
        "ndcg_at_10": 0.08023,
        "ndcg_at_20": 0.08912,
        "ndcg_at_100": 0.11661,
        "ndcg_at_1000": 0.17902,
        "map_at_1": 0.03937,
        "map_at_3": 0.05643,
        "map_at_5": 0.06115,
        "map_at_10": 0.06495,
        "map_at_20": 0.06736,
        "map_at_100": 0.07104,
        "map_at_1000": 0.0728,
        "recall_at_1": 0.03937,
        "recall_at_3": 0.07874,
        "recall_at_5": 0.09843,
        "recall_at_10": 0.12992,
        "recall_at_20": 0.16535,
        "recall_at_100": 0.31496,
        "recall_at_1000": 0.84252,
        "precision_at_1": 0.03937,
        "precision_at_3": 0.02625,
        "precision_at_5": 0.01969,
        "precision_at_10": 0.01299,
        "precision_at_20": 0.00827,
        "precision_at_100": 0.00315,
        "precision_at_1000": 0.00084,
        "mrr_at_1": 0.03937,
        "mrr_at_3": 0.05643,
        "mrr_at_5": 0.060958,
        "mrr_at_10": 0.064756,
        "mrr_at_20": 0.067165,
        "mrr_at_100": 0.070847,
        "mrr_at_1000": 0.072602,
        "nauc_ndcg_at_1_max": 0.255449,
        "nauc_ndcg_at_1_std": 0.081168,
        "nauc_ndcg_at_1_diff1": 0.418624,
        "nauc_ndcg_at_3_max": 0.257628,
        "nauc_ndcg_at_3_std": 0.094734,
        "nauc_ndcg_at_3_diff1": 0.341635,
        "nauc_ndcg_at_5_max": 0.236325,
        "nauc_ndcg_at_5_std": 0.092938,
        "nauc_ndcg_at_5_diff1": 0.269718,
        "nauc_ndcg_at_10_max": 0.237611,
        "nauc_ndcg_at_10_std": 0.126432,
        "nauc_ndcg_at_10_diff1": 0.257173,
        "nauc_ndcg_at_20_max": 0.225433,
        "nauc_ndcg_at_20_std": 0.133734,
        "nauc_ndcg_at_20_diff1": 0.245646,
        "nauc_ndcg_at_100_max": 0.229426,
        "nauc_ndcg_at_100_std": 0.141491,
        "nauc_ndcg_at_100_diff1": 0.233365,
        "nauc_ndcg_at_1000_max": 0.245764,
        "nauc_ndcg_at_1000_std": 0.136419,
        "nauc_ndcg_at_1000_diff1": 0.268088,
        "nauc_map_at_1_max": 0.255449,
        "nauc_map_at_1_std": 0.081168,
        "nauc_map_at_1_diff1": 0.418624,
        "nauc_map_at_3_max": 0.254154,
        "nauc_map_at_3_std": 0.091341,
        "nauc_map_at_3_diff1": 0.356551,
        "nauc_map_at_5_max": 0.241237,
        "nauc_map_at_5_std": 0.091206,
        "nauc_map_at_5_diff1": 0.308169,
        "nauc_map_at_10_max": 0.241919,
        "nauc_map_at_10_std": 0.106952,
        "nauc_map_at_10_diff1": 0.300889,
        "nauc_map_at_20_max": 0.237502,
        "nauc_map_at_20_std": 0.110591,
        "nauc_map_at_20_diff1": 0.294144,
        "nauc_map_at_100_max": 0.237303,
        "nauc_map_at_100_std": 0.111951,
        "nauc_map_at_100_diff1": 0.288396,
        "nauc_map_at_1000_max": 0.238017,
        "nauc_map_at_1000_std": 0.11202,
        "nauc_map_at_1000_diff1": 0.29001,
        "nauc_recall_at_1_max": 0.255449,
        "nauc_recall_at_1_std": 0.081168,
        "nauc_recall_at_1_diff1": 0.418624,
        "nauc_recall_at_3_max": 0.265733,
        "nauc_recall_at_3_std": 0.102078,
        "nauc_recall_at_3_diff1": 0.310205,
        "nauc_recall_at_5_max": 0.225973,
        "nauc_recall_at_5_std": 0.095556,
        "nauc_recall_at_5_diff1": 0.194738,
        "nauc_recall_at_10_max": 0.229543,
        "nauc_recall_at_10_std": 0.164793,
        "nauc_recall_at_10_diff1": 0.181356,
        "nauc_recall_at_20_max": 0.203359,
        "nauc_recall_at_20_std": 0.173301,
        "nauc_recall_at_20_diff1": 0.173168,
        "nauc_recall_at_100_max": 0.222677,
        "nauc_recall_at_100_std": 0.183828,
        "nauc_recall_at_100_diff1": 0.174168,
        "nauc_recall_at_1000_max": 0.330196,
        "nauc_recall_at_1000_std": 0.180858,
        "nauc_recall_at_1000_diff1": 0.35282,
        "nauc_precision_at_1_max": 0.255449,
        "nauc_precision_at_1_std": 0.081168,
        "nauc_precision_at_1_diff1": 0.418624,
        "nauc_precision_at_3_max": 0.265733,
        "nauc_precision_at_3_std": 0.102078,
        "nauc_precision_at_3_diff1": 0.310205,
        "nauc_precision_at_5_max": 0.225973,
        "nauc_precision_at_5_std": 0.095556,
        "nauc_precision_at_5_diff1": 0.194738,
        "nauc_precision_at_10_max": 0.229543,
        "nauc_precision_at_10_std": 0.164793,
        "nauc_precision_at_10_diff1": 0.181356,
        "nauc_precision_at_20_max": 0.203359,
        "nauc_precision_at_20_std": 0.173301,
        "nauc_precision_at_20_diff1": 0.173168,
        "nauc_precision_at_100_max": 0.222677,
        "nauc_precision_at_100_std": 0.183828,
        "nauc_precision_at_100_diff1": 0.174168,
        "nauc_precision_at_1000_max": 0.330196,
        "nauc_precision_at_1000_std": 0.180858,
        "nauc_precision_at_1000_diff1": 0.35282,
        "nauc_mrr_at_1_max": 0.255449,
        "nauc_mrr_at_1_std": 0.081168,
        "nauc_mrr_at_1_diff1": 0.418624,
        "nauc_mrr_at_3_max": 0.254154,
        "nauc_mrr_at_3_std": 0.091341,
        "nauc_mrr_at_3_diff1": 0.356551,
        "nauc_mrr_at_5_max": 0.239891,
        "nauc_mrr_at_5_std": 0.090459,
        "nauc_mrr_at_5_diff1": 0.308849,
        "nauc_mrr_at_10_max": 0.240629,
        "nauc_mrr_at_10_std": 0.106283,
        "nauc_mrr_at_10_diff1": 0.301519,
        "nauc_mrr_at_20_max": 0.236229,
        "nauc_mrr_at_20_std": 0.10995,
        "nauc_mrr_at_20_diff1": 0.294739,
        "nauc_mrr_at_100_max": 0.236061,
        "nauc_mrr_at_100_std": 0.111328,
        "nauc_mrr_at_100_diff1": 0.288959,
        "nauc_mrr_at_1000_max": 0.236774,
        "nauc_mrr_at_1000_std": 0.111397,
        "nauc_mrr_at_1000_diff1": 0.29058,
        "main_score": 0.08023,
        "hf_subset": "default",
        "languages": [
          "tur-Latn"
        ]
      }
    ]
  },
  "evaluation_time": 52.07482147216797,
  "kg_co2_emissions": null
}