{
  "dataset_revision": "main",
  "task_name": "NFCorpusTR",
  "mteb_version": "1.31.3",
  "scores": {
    "test": [
      {
        "ndcg_at_1": 0.30805,
        "ndcg_at_3": 0.28287,
        "ndcg_at_5": 0.27428,
        "ndcg_at_10": 0.25881,
        "ndcg_at_20": 0.24555,
        "ndcg_at_100": 0.24244,
        "ndcg_at_1000": 0.33337,
        "map_at_1": 0.03483,
        "map_at_3": 0.05977,
        "map_at_5": 0.07083,
        "map_at_10": 0.08583,
        "map_at_20": 0.09636,
        "map_at_100": 0.10983,
        "map_at_1000": 0.12206,
        "recall_at_1": 0.03483,
        "recall_at_3": 0.06941,
        "recall_at_5": 0.09162,
        "recall_at_10": 0.12745,
        "recall_at_20": 0.1681,
        "recall_at_100": 0.26508,
        "recall_at_1000": 0.58072,
        "precision_at_1": 0.31889,
        "precision_at_3": 0.27141,
        "precision_at_5": 0.2452,
        "precision_at_10": 0.20062,
        "precision_at_20": 0.15155,
        "precision_at_100": 0.06415,
        "precision_at_1000": 0.0189,
        "mrr_at_1": 0.325077,
        "mrr_at_3": 0.395253,
        "mrr_at_5": 0.411816,
        "mrr_at_10": 0.421736,
        "mrr_at_20": 0.427229,
        "mrr_at_100": 0.429739,
        "mrr_at_1000": 0.43038,
        "nauc_ndcg_at_1_max": 0.303943,
        "nauc_ndcg_at_1_std": 0.273751,
        "nauc_ndcg_at_1_diff1": 0.255905,
        "nauc_ndcg_at_3_max": 0.350802,
        "nauc_ndcg_at_3_std": 0.334417,
        "nauc_ndcg_at_3_diff1": 0.186359,
        "nauc_ndcg_at_5_max": 0.322164,
        "nauc_ndcg_at_5_std": 0.345269,
        "nauc_ndcg_at_5_diff1": 0.142387,
        "nauc_ndcg_at_10_max": 0.322405,
        "nauc_ndcg_at_10_std": 0.369308,
        "nauc_ndcg_at_10_diff1": 0.130321,
        "nauc_ndcg_at_20_max": 0.321896,
        "nauc_ndcg_at_20_std": 0.36604,
        "nauc_ndcg_at_20_diff1": 0.142644,
        "nauc_ndcg_at_100_max": 0.353057,
        "nauc_ndcg_at_100_std": 0.351876,
        "nauc_ndcg_at_100_diff1": 0.204001,
        "nauc_ndcg_at_1000_max": 0.420245,
        "nauc_ndcg_at_1000_std": 0.413276,
        "nauc_ndcg_at_1000_diff1": 0.207734,
        "nauc_map_at_1_max": 0.197614,
        "nauc_map_at_1_std": -0.037333,
        "nauc_map_at_1_diff1": 0.528141,
        "nauc_map_at_3_max": 0.23172,
        "nauc_map_at_3_std": 0.029053,
        "nauc_map_at_3_diff1": 0.407323,
        "nauc_map_at_5_max": 0.215894,
        "nauc_map_at_5_std": 0.051286,
        "nauc_map_at_5_diff1": 0.369412,
        "nauc_map_at_10_max": 0.236672,
        "nauc_map_at_10_std": 0.110315,
        "nauc_map_at_10_diff1": 0.328129,
        "nauc_map_at_20_max": 0.243392,
        "nauc_map_at_20_std": 0.154684,
        "nauc_map_at_20_diff1": 0.303588,
        "nauc_map_at_100_max": 0.264583,
        "nauc_map_at_100_std": 0.213838,
        "nauc_map_at_100_diff1": 0.273076,
        "nauc_map_at_1000_max": 0.274186,
        "nauc_map_at_1000_std": 0.245975,
        "nauc_map_at_1000_diff1": 0.252734,
        "nauc_recall_at_1_max": 0.197614,
        "nauc_recall_at_1_std": -0.037333,
        "nauc_recall_at_1_diff1": 0.528141,
        "nauc_recall_at_3_max": 0.225917,
        "nauc_recall_at_3_std": 0.043585,
        "nauc_recall_at_3_diff1": 0.346008,
        "nauc_recall_at_5_max": 0.167394,
        "nauc_recall_at_5_std": 0.033763,
        "nauc_recall_at_5_diff1": 0.274521,
        "nauc_recall_at_10_max": 0.21235,
        "nauc_recall_at_10_std": 0.084868,
        "nauc_recall_at_10_diff1": 0.233367,
        "nauc_recall_at_20_max": 0.186727,
        "nauc_recall_at_20_std": 0.122993,
        "nauc_recall_at_20_diff1": 0.185088,
        "nauc_recall_at_100_max": 0.207108,
        "nauc_recall_at_100_std": 0.179067,
        "nauc_recall_at_100_diff1": 0.143618,
        "nauc_recall_at_1000_max": 0.267512,
        "nauc_recall_at_1000_std": 0.228423,
        "nauc_recall_at_1000_diff1": 0.088702,
        "nauc_precision_at_1_max": 0.320211,
        "nauc_precision_at_1_std": 0.282033,
        "nauc_precision_at_1_diff1": 0.260552,
        "nauc_precision_at_3_max": 0.376399,
        "nauc_precision_at_3_std": 0.392776,
        "nauc_precision_at_3_diff1": 0.117667,
        "nauc_precision_at_5_max": 0.316304,
        "nauc_precision_at_5_std": 0.421537,
        "nauc_precision_at_5_diff1": 0.01906,
        "nauc_precision_at_10_max": 0.283075,
        "nauc_precision_at_10_std": 0.470101,
        "nauc_precision_at_10_diff1": -0.044516,
        "nauc_precision_at_20_max": 0.256847,
        "nauc_precision_at_20_std": 0.503171,
        "nauc_precision_at_20_diff1": -0.08441,
        "nauc_precision_at_100_max": 0.173724,
        "nauc_precision_at_100_std": 0.471705,
        "nauc_precision_at_100_diff1": -0.169413,
        "nauc_precision_at_1000_max": 0.050257,
        "nauc_precision_at_1000_std": 0.312011,
        "nauc_precision_at_1000_diff1": -0.200293,
        "nauc_mrr_at_1_max": 0.314989,
        "nauc_mrr_at_1_std": 0.267102,
        "nauc_mrr_at_1_diff1": 0.242075,
        "nauc_mrr_at_3_max": 0.386191,
        "nauc_mrr_at_3_std": 0.342676,
        "nauc_mrr_at_3_diff1": 0.22439,
        "nauc_mrr_at_5_max": 0.381722,
        "nauc_mrr_at_5_std": 0.348458,
        "nauc_mrr_at_5_diff1": 0.207475,
        "nauc_mrr_at_10_max": 0.38406,
        "nauc_mrr_at_10_std": 0.345327,
        "nauc_mrr_at_10_diff1": 0.216956,
        "nauc_mrr_at_20_max": 0.387407,
        "nauc_mrr_at_20_std": 0.351143,
        "nauc_mrr_at_20_diff1": 0.217827,
        "nauc_mrr_at_100_max": 0.387469,
        "nauc_mrr_at_100_std": 0.349304,
        "nauc_mrr_at_100_diff1": 0.218877,
        "nauc_mrr_at_1000_max": 0.387109,
        "nauc_mrr_at_1000_std": 0.348875,
        "nauc_mrr_at_1000_diff1": 0.218846,
        "main_score": 0.25881,
        "hf_subset": "default",
        "languages": [
          "tur-Latn"
        ]
      }
    ]
  },
  "evaluation_time": 2183.9734919071198,
  "kg_co2_emissions": null
}