{
  "dataset_revision": "main",
  "task_name": "QuoraRetrievalTR",
  "mteb_version": "1.31.3",
  "scores": {
    "test": [
      {
        "ndcg_at_1": 0.91273,
        "ndcg_at_3": 0.95448,
        "ndcg_at_5": 0.95772,
        "ndcg_at_10": 0.95883,
        "ndcg_at_20": 0.95969,
        "ndcg_at_100": 0.96023,
        "ndcg_at_1000": 0.9603,
        "map_at_1": 0.91273,
        "map_at_3": 0.94475,
        "map_at_5": 0.94659,
        "map_at_10": 0.94707,
        "map_at_20": 0.94732,
        "map_at_100": 0.94741,
        "map_at_1000": 0.94741,
        "recall_at_1": 0.91273,
        "recall_at_3": 0.98244,
        "recall_at_5": 0.99012,
        "recall_at_10": 0.99341,
        "recall_at_20": 0.99671,
        "recall_at_100": 0.99945,
        "recall_at_1000": 1.0,
        "precision_at_1": 0.91273,
        "precision_at_3": 0.32748,
        "precision_at_5": 0.19802,
        "precision_at_10": 0.09934,
        "precision_at_20": 0.04984,
        "precision_at_100": 0.00999,
        "precision_at_1000": 0.001,
        "mrr_at_1": 0.912733,
        "mrr_at_3": 0.944749,
        "mrr_at_5": 0.946588,
        "mrr_at_10": 0.947067,
        "mrr_at_20": 0.947321,
        "mrr_at_100": 0.947405,
        "mrr_at_1000": 0.947408,
        "nauc_ndcg_at_1_max": 0.339545,
        "nauc_ndcg_at_1_std": -0.535184,
        "nauc_ndcg_at_1_diff1": 0.906144,
        "nauc_ndcg_at_3_max": 0.407406,
        "nauc_ndcg_at_3_std": -0.623907,
        "nauc_ndcg_at_3_diff1": 0.91507,
        "nauc_ndcg_at_5_max": 0.397628,
        "nauc_ndcg_at_5_std": -0.588458,
        "nauc_ndcg_at_5_diff1": 0.910686,
        "nauc_ndcg_at_10_max": 0.392838,
        "nauc_ndcg_at_10_std": -0.577556,
        "nauc_ndcg_at_10_diff1": 0.908869,
        "nauc_ndcg_at_20_max": 0.387121,
        "nauc_ndcg_at_20_std": -0.568566,
        "nauc_ndcg_at_20_diff1": 0.909455,
        "nauc_ndcg_at_100_max": 0.379583,
        "nauc_ndcg_at_100_std": -0.57626,
        "nauc_ndcg_at_100_diff1": 0.909315,
        "nauc_ndcg_at_1000_max": 0.378442,
        "nauc_ndcg_at_1000_std": -0.577005,
        "nauc_ndcg_at_1000_diff1": 0.909389,
        "nauc_map_at_1_max": 0.339545,
        "nauc_map_at_1_std": -0.535184,
        "nauc_map_at_1_diff1": 0.906144,
        "nauc_map_at_3_max": 0.381386,
        "nauc_map_at_3_std": -0.597851,
        "nauc_map_at_3_diff1": 0.911739,
        "nauc_map_at_5_max": 0.376112,
        "nauc_map_at_5_std": -0.581363,
        "nauc_map_at_5_diff1": 0.909641,
        "nauc_map_at_10_max": 0.374226,
        "nauc_map_at_10_std": -0.577544,
        "nauc_map_at_10_diff1": 0.909017,
        "nauc_map_at_20_max": 0.372867,
        "nauc_map_at_20_std": -0.575298,
        "nauc_map_at_20_diff1": 0.909154,
        "nauc_map_at_100_max": 0.371967,
        "nauc_map_at_100_std": -0.57614,
        "nauc_map_at_100_diff1": 0.909144,
        "nauc_map_at_1000_max": 0.371931,
        "nauc_map_at_1000_std": -0.576163,
        "nauc_map_at_1000_diff1": 0.909147,
        "nauc_recall_at_1_max": 0.339545,
        "nauc_recall_at_1_std": -0.535184,
        "nauc_recall_at_1_diff1": 0.906144,
        "nauc_recall_at_3_max": 0.643848,
        "nauc_recall_at_3_std": -0.850391,
        "nauc_recall_at_3_diff1": 0.945223,
        "nauc_recall_at_5_max": 0.728009,
        "nauc_recall_at_5_std": -0.658683,
        "nauc_recall_at_5_diff1": 0.924402,
        "nauc_recall_at_10_max": 0.807505,
        "nauc_recall_at_10_std": -0.493195,
        "nauc_recall_at_10_diff1": 0.897495,
        "nauc_recall_at_20_max": 0.953713,
        "nauc_recall_at_20_std": -0.015755,
        "nauc_recall_at_20_diff1": 0.912865,
        "nauc_recall_at_100_max": 1.0,
        "nauc_recall_at_100_std": -0.171287,
        "nauc_recall_at_100_diff1": 0.869297,
        "nauc_recall_at_1000_max": NaN,
        "nauc_recall_at_1000_std": NaN,
        "nauc_recall_at_1000_diff1": NaN,
        "nauc_precision_at_1_max": 0.339545,
        "nauc_precision_at_1_std": -0.535184,
        "nauc_precision_at_1_diff1": 0.906144,
        "nauc_precision_at_3_max": 0.643848,
        "nauc_precision_at_3_std": -0.850391,
        "nauc_precision_at_3_diff1": 0.945223,
        "nauc_precision_at_5_max": 0.728009,
        "nauc_precision_at_5_std": -0.658683,
        "nauc_precision_at_5_diff1": 0.924402,
        "nauc_precision_at_10_max": 0.807505,
        "nauc_precision_at_10_std": -0.493195,
        "nauc_precision_at_10_diff1": 0.897495,
        "nauc_precision_at_20_max": 0.953713,
        "nauc_precision_at_20_std": -0.015755,
        "nauc_precision_at_20_diff1": 0.912865,
        "nauc_precision_at_100_max": 1.0,
        "nauc_precision_at_100_std": -0.171287,
        "nauc_precision_at_100_diff1": 0.869297,
        "nauc_precision_at_1000_max": 1.0,
        "nauc_precision_at_1000_std": 1.0,
        "nauc_precision_at_1000_diff1": 1.0,
        "nauc_mrr_at_1_max": 0.339545,
        "nauc_mrr_at_1_std": -0.535184,
        "nauc_mrr_at_1_diff1": 0.906144,
        "nauc_mrr_at_3_max": 0.381386,
        "nauc_mrr_at_3_std": -0.597851,
        "nauc_mrr_at_3_diff1": 0.911739,
        "nauc_mrr_at_5_max": 0.376112,
        "nauc_mrr_at_5_std": -0.581363,
        "nauc_mrr_at_5_diff1": 0.909641,
        "nauc_mrr_at_10_max": 0.374226,
        "nauc_mrr_at_10_std": -0.577544,
        "nauc_mrr_at_10_diff1": 0.909017,
        "nauc_mrr_at_20_max": 0.372867,
        "nauc_mrr_at_20_std": -0.575298,
        "nauc_mrr_at_20_diff1": 0.909154,
        "nauc_mrr_at_100_max": 0.371967,
        "nauc_mrr_at_100_std": -0.57614,
        "nauc_mrr_at_100_diff1": 0.909144,
        "nauc_mrr_at_1000_max": 0.371931,
        "nauc_mrr_at_1000_std": -0.576163,
        "nauc_mrr_at_1000_diff1": 0.909147,
        "main_score": 0.95883,
        "hf_subset": "default",
        "languages": [
          "tur-Latn"
        ]
      }
    ]
  },
  "evaluation_time": 10.499999046325684,
  "kg_co2_emissions": null
}