{
  "dataset_revision": "main",
  "task_name": "SCIDOCSTR",
  "mteb_version": "1.31.3",
  "scores": {
    "test": [
      {
        "ndcg_at_1": 0.01784,
        "ndcg_at_3": 0.02358,
        "ndcg_at_5": 0.02642,
        "ndcg_at_10": 0.03135,
        "ndcg_at_20": 0.03707,
        "ndcg_at_100": 0.04849,
        "ndcg_at_1000": 0.09553,
        "map_at_1": 0.01784,
        "map_at_3": 0.02211,
        "map_at_5": 0.02373,
        "map_at_10": 0.0257,
        "map_at_20": 0.02731,
        "map_at_100": 0.02868,
        "map_at_1000": 0.02979,
        "recall_at_1": 0.01784,
        "recall_at_3": 0.02787,
        "recall_at_5": 0.03456,
        "recall_at_10": 0.05017,
        "recall_at_20": 0.07246,
        "recall_at_100": 0.13712,
        "recall_at_1000": 0.54738,
        "precision_at_1": 0.01784,
        "precision_at_3": 0.00929,
        "precision_at_5": 0.00691,
        "precision_at_10": 0.00502,
        "precision_at_20": 0.00362,
        "precision_at_100": 0.00137,
        "precision_at_1000": 0.00055,
        "mrr_at_1": 0.017837,
        "mrr_at_3": 0.022111,
        "mrr_at_5": 0.023727,
        "mrr_at_10": 0.025702,
        "mrr_at_20": 0.027311,
        "mrr_at_100": 0.028675,
        "mrr_at_1000": 0.029791,
        "nauc_ndcg_at_1_max": 0.251535,
        "nauc_ndcg_at_1_std": 0.077534,
        "nauc_ndcg_at_1_diff1": 0.410976,
        "nauc_ndcg_at_3_max": 0.165968,
        "nauc_ndcg_at_3_std": 0.111033,
        "nauc_ndcg_at_3_diff1": 0.258363,
        "nauc_ndcg_at_5_max": 0.193779,
        "nauc_ndcg_at_5_std": 0.116373,
        "nauc_ndcg_at_5_diff1": 0.264375,
        "nauc_ndcg_at_10_max": 0.16984,
        "nauc_ndcg_at_10_std": 0.127115,
        "nauc_ndcg_at_10_diff1": 0.239753,
        "nauc_ndcg_at_20_max": 0.18986,
        "nauc_ndcg_at_20_std": 0.135809,
        "nauc_ndcg_at_20_diff1": 0.196618,
        "nauc_ndcg_at_100_max": 0.138269,
        "nauc_ndcg_at_100_std": 0.091856,
        "nauc_ndcg_at_100_diff1": 0.137974,
        "nauc_ndcg_at_1000_max": 0.104494,
        "nauc_ndcg_at_1000_std": 0.076761,
        "nauc_ndcg_at_1000_diff1": 0.124198,
        "nauc_map_at_1_max": 0.251535,
        "nauc_map_at_1_std": 0.077534,
        "nauc_map_at_1_diff1": 0.410976,
        "nauc_map_at_3_max": 0.186336,
        "nauc_map_at_3_std": 0.107158,
        "nauc_map_at_3_diff1": 0.289957,
        "nauc_map_at_5_max": 0.202739,
        "nauc_map_at_5_std": 0.111083,
        "nauc_map_at_5_diff1": 0.291874,
        "nauc_map_at_10_max": 0.190625,
        "nauc_map_at_10_std": 0.116408,
        "nauc_map_at_10_diff1": 0.278619,
        "nauc_map_at_20_max": 0.196943,
        "nauc_map_at_20_std": 0.120609,
        "nauc_map_at_20_diff1": 0.259314,
        "nauc_map_at_100_max": 0.187322,
        "nauc_map_at_100_std": 0.11228,
        "nauc_map_at_100_diff1": 0.246404,
        "nauc_map_at_1000_max": 0.185432,
        "nauc_map_at_1000_std": 0.111101,
        "nauc_map_at_1000_diff1": 0.245025,
        "nauc_recall_at_1_max": 0.251535,
        "nauc_recall_at_1_std": 0.077534,
        "nauc_recall_at_1_diff1": 0.410976,
        "nauc_recall_at_3_max": 0.118117,
        "nauc_recall_at_3_std": 0.119037,
        "nauc_recall_at_3_diff1": 0.185409,
        "nauc_recall_at_5_max": 0.177256,
        "nauc_recall_at_5_std": 0.126368,
        "nauc_recall_at_5_diff1": 0.209673,
        "nauc_recall_at_10_max": 0.13433,
        "nauc_recall_at_10_std": 0.145295,
        "nauc_recall_at_10_diff1": 0.175685,
        "nauc_recall_at_20_max": 0.185529,
        "nauc_recall_at_20_std": 0.156503,
        "nauc_recall_at_20_diff1": 0.110876,
        "nauc_recall_at_100_max": 0.075752,
        "nauc_recall_at_100_std": 0.055902,
        "nauc_recall_at_100_diff1": 0.018433,
        "nauc_recall_at_1000_max": 0.009998,
        "nauc_recall_at_1000_std": 0.032101,
        "nauc_recall_at_1000_diff1": 0.017979,
        "nauc_precision_at_1_max": 0.251535,
        "nauc_precision_at_1_std": 0.077534,
        "nauc_precision_at_1_diff1": 0.410976,
        "nauc_precision_at_3_max": 0.118117,
        "nauc_precision_at_3_std": 0.119037,
        "nauc_precision_at_3_diff1": 0.185409,
        "nauc_precision_at_5_max": 0.177256,
        "nauc_precision_at_5_std": 0.126368,
        "nauc_precision_at_5_diff1": 0.209673,
        "nauc_precision_at_10_max": 0.13433,
        "nauc_precision_at_10_std": 0.145295,
        "nauc_precision_at_10_diff1": 0.175685,
        "nauc_precision_at_20_max": 0.185529,
        "nauc_precision_at_20_std": 0.156503,
        "nauc_precision_at_20_diff1": 0.110876,
        "nauc_precision_at_100_max": 0.075752,
        "nauc_precision_at_100_std": 0.055902,
        "nauc_precision_at_100_diff1": 0.018433,
        "nauc_precision_at_1000_max": 0.009998,
        "nauc_precision_at_1000_std": 0.032101,
        "nauc_precision_at_1000_diff1": 0.017979,
        "nauc_mrr_at_1_max": 0.251535,
        "nauc_mrr_at_1_std": 0.077534,
        "nauc_mrr_at_1_diff1": 0.410976,
        "nauc_mrr_at_3_max": 0.186336,
        "nauc_mrr_at_3_std": 0.107158,
        "nauc_mrr_at_3_diff1": 0.289957,
        "nauc_mrr_at_5_max": 0.202739,
        "nauc_mrr_at_5_std": 0.111083,
        "nauc_mrr_at_5_diff1": 0.291874,
        "nauc_mrr_at_10_max": 0.190625,
        "nauc_mrr_at_10_std": 0.116408,
        "nauc_mrr_at_10_diff1": 0.278619,
        "nauc_mrr_at_20_max": 0.196943,
        "nauc_mrr_at_20_std": 0.120609,
        "nauc_mrr_at_20_diff1": 0.259314,
        "nauc_mrr_at_100_max": 0.187322,
        "nauc_mrr_at_100_std": 0.11228,
        "nauc_mrr_at_100_diff1": 0.246404,
        "nauc_mrr_at_1000_max": 0.185432,
        "nauc_mrr_at_1000_std": 0.111101,
        "nauc_mrr_at_1000_diff1": 0.245025,
        "main_score": 0.03135,
        "hf_subset": "default",
        "languages": [
          "tur-Latn"
        ]
      }
    ]
  },
  "evaluation_time": 55.10375356674194,
  "kg_co2_emissions": null
}