{
  "dataset_revision": "main",
  "task_name": "SCIDOCSTR",
  "mteb_version": "1.31.3",
  "scores": {
    "test": [
      {
        "ndcg_at_1": 0.159,
        "ndcg_at_3": 0.12531,
        "ndcg_at_5": 0.10884,
        "ndcg_at_10": 0.13175,
        "ndcg_at_20": 0.15053,
        "ndcg_at_100": 0.19268,
        "ndcg_at_1000": 0.2456,
        "map_at_1": 0.03223,
        "map_at_3": 0.05441,
        "map_at_5": 0.06372,
        "map_at_10": 0.07411,
        "map_at_20": 0.08001,
        "map_at_100": 0.08734,
        "map_at_1000": 0.08996,
        "recall_at_1": 0.03223,
        "recall_at_3": 0.07027,
        "recall_at_5": 0.09537,
        "recall_at_10": 0.13755,
        "recall_at_20": 0.1815,
        "recall_at_100": 0.31897,
        "recall_at_1000": 0.57772,
        "precision_at_1": 0.159,
        "precision_at_3": 0.11533,
        "precision_at_5": 0.094,
        "precision_at_10": 0.0678,
        "precision_at_20": 0.04475,
        "precision_at_100": 0.01572,
        "precision_at_1000": 0.00284,
        "mrr_at_1": 0.159,
        "mrr_at_3": 0.213833,
        "mrr_at_5": 0.229033,
        "mrr_at_10": 0.240592,
        "mrr_at_20": 0.247296,
        "mrr_at_100": 0.252192,
        "mrr_at_1000": 0.253115,
        "nauc_ndcg_at_1_max": 0.197724,
        "nauc_ndcg_at_1_std": 0.038317,
        "nauc_ndcg_at_1_diff1": 0.209037,
        "nauc_ndcg_at_3_max": 0.256467,
        "nauc_ndcg_at_3_std": 0.12439,
        "nauc_ndcg_at_3_diff1": 0.163659,
        "nauc_ndcg_at_5_max": 0.273315,
        "nauc_ndcg_at_5_std": 0.160841,
        "nauc_ndcg_at_5_diff1": 0.174459,
        "nauc_ndcg_at_10_max": 0.287105,
        "nauc_ndcg_at_10_std": 0.197907,
        "nauc_ndcg_at_10_diff1": 0.161105,
        "nauc_ndcg_at_20_max": 0.287208,
        "nauc_ndcg_at_20_std": 0.220405,
        "nauc_ndcg_at_20_diff1": 0.162253,
        "nauc_ndcg_at_100_max": 0.299864,
        "nauc_ndcg_at_100_std": 0.263406,
        "nauc_ndcg_at_100_diff1": 0.156295,
        "nauc_ndcg_at_1000_max": 0.305291,
        "nauc_ndcg_at_1000_std": 0.288185,
        "nauc_ndcg_at_1000_diff1": 0.154902,
        "nauc_map_at_1_max": 0.197014,
        "nauc_map_at_1_std": 0.036326,
        "nauc_map_at_1_diff1": 0.213656,
        "nauc_map_at_3_max": 0.27461,
        "nauc_map_at_3_std": 0.115647,
        "nauc_map_at_3_diff1": 0.181753,
        "nauc_map_at_5_max": 0.295014,
        "nauc_map_at_5_std": 0.143201,
        "nauc_map_at_5_diff1": 0.191631,
        "nauc_map_at_10_max": 0.304384,
        "nauc_map_at_10_std": 0.17863,
        "nauc_map_at_10_diff1": 0.18237,
        "nauc_map_at_20_max": 0.308145,
        "nauc_map_at_20_std": 0.194353,
        "nauc_map_at_20_diff1": 0.184032,
        "nauc_map_at_100_max": 0.315353,
        "nauc_map_at_100_std": 0.214731,
        "nauc_map_at_100_diff1": 0.183758,
        "nauc_map_at_1000_max": 0.316201,
        "nauc_map_at_1000_std": 0.218924,
        "nauc_map_at_1000_diff1": 0.183111,
        "nauc_recall_at_1_max": 0.197014,
        "nauc_recall_at_1_std": 0.036326,
        "nauc_recall_at_1_diff1": 0.213656,
        "nauc_recall_at_3_max": 0.273933,
        "nauc_recall_at_3_std": 0.162191,
        "nauc_recall_at_3_diff1": 0.147637,
        "nauc_recall_at_5_max": 0.292366,
        "nauc_recall_at_5_std": 0.212883,
        "nauc_recall_at_5_diff1": 0.162769,
        "nauc_recall_at_10_max": 0.302657,
        "nauc_recall_at_10_std": 0.265692,
        "nauc_recall_at_10_diff1": 0.134718,
        "nauc_recall_at_20_max": 0.286738,
        "nauc_recall_at_20_std": 0.293428,
        "nauc_recall_at_20_diff1": 0.13298,
        "nauc_recall_at_100_max": 0.281335,
        "nauc_recall_at_100_std": 0.35256,
        "nauc_recall_at_100_diff1": 0.106707,
        "nauc_recall_at_1000_max": 0.261484,
        "nauc_recall_at_1000_std": 0.401008,
        "nauc_recall_at_1000_diff1": 0.085047,
        "nauc_precision_at_1_max": 0.197724,
        "nauc_precision_at_1_std": 0.038317,
        "nauc_precision_at_1_diff1": 0.209037,
        "nauc_precision_at_3_max": 0.27644,
        "nauc_precision_at_3_std": 0.163211,
        "nauc_precision_at_3_diff1": 0.14701,
        "nauc_precision_at_5_max": 0.295426,
        "nauc_precision_at_5_std": 0.214599,
        "nauc_precision_at_5_diff1": 0.161611,
        "nauc_precision_at_10_max": 0.306343,
        "nauc_precision_at_10_std": 0.2667,
        "nauc_precision_at_10_diff1": 0.134776,
        "nauc_precision_at_20_max": 0.289979,
        "nauc_precision_at_20_std": 0.295374,
        "nauc_precision_at_20_diff1": 0.132591,
        "nauc_precision_at_100_max": 0.285591,
        "nauc_precision_at_100_std": 0.353706,
        "nauc_precision_at_100_diff1": 0.107103,
        "nauc_precision_at_1000_max": 0.262871,
        "nauc_precision_at_1000_std": 0.395155,
        "nauc_precision_at_1000_diff1": 0.086825,
        "nauc_mrr_at_1_max": 0.197724,
        "nauc_mrr_at_1_std": 0.038317,
        "nauc_mrr_at_1_diff1": 0.209037,
        "nauc_mrr_at_3_max": 0.212487,
        "nauc_mrr_at_3_std": 0.09476,
        "nauc_mrr_at_3_diff1": 0.16249,
        "nauc_mrr_at_5_max": 0.217505,
        "nauc_mrr_at_5_std": 0.114162,
        "nauc_mrr_at_5_diff1": 0.163613,
        "nauc_mrr_at_10_max": 0.221893,
        "nauc_mrr_at_10_std": 0.117527,
        "nauc_mrr_at_10_diff1": 0.159126,
        "nauc_mrr_at_20_max": 0.220832,
        "nauc_mrr_at_20_std": 0.120697,
        "nauc_mrr_at_20_diff1": 0.158655,
        "nauc_mrr_at_100_max": 0.221324,
        "nauc_mrr_at_100_std": 0.121118,
        "nauc_mrr_at_100_diff1": 0.158854,
        "nauc_mrr_at_1000_max": 0.221475,
        "nauc_mrr_at_1000_std": 0.120897,
        "nauc_mrr_at_1000_diff1": 0.158988,
        "main_score": 0.13175,
        "hf_subset": "default",
        "languages": [
          "tur-Latn"
        ]
      }
    ]
  },
  "evaluation_time": 1612.6352155208588,
  "kg_co2_emissions": null
}