{
  "dataset_revision": "main",
  "task_name": "SciFactTR",
  "mteb_version": "1.31.3",
  "scores": {
    "test": [
      {
        "ndcg_at_1": 0.49667,
        "ndcg_at_3": 0.59381,
        "ndcg_at_5": 0.62109,
        "ndcg_at_10": 0.64649,
        "ndcg_at_20": 0.65839,
        "ndcg_at_100": 0.66957,
        "ndcg_at_1000": 0.67883,
        "map_at_1": 0.47133,
        "map_at_3": 0.56174,
        "map_at_5": 0.5794,
        "map_at_10": 0.59179,
        "map_at_20": 0.59567,
        "map_at_100": 0.5974,
        "map_at_1000": 0.59779,
        "recall_at_1": 0.47133,
        "recall_at_3": 0.65822,
        "recall_at_5": 0.72583,
        "recall_at_10": 0.79844,
        "recall_at_20": 0.84289,
        "recall_at_100": 0.90156,
        "recall_at_1000": 0.97333,
        "precision_at_1": 0.49667,
        "precision_at_3": 0.23778,
        "precision_at_5": 0.16,
        "precision_at_10": 0.09,
        "precision_at_20": 0.04783,
        "precision_at_100": 0.01027,
        "precision_at_1000": 0.0011,
        "mrr_at_1": 0.496667,
        "mrr_at_3": 0.580556,
        "mrr_at_5": 0.596556,
        "mrr_at_10": 0.605372,
        "mrr_at_20": 0.607703,
        "mrr_at_100": 0.608974,
        "mrr_at_1000": 0.609314,
        "nauc_ndcg_at_1_max": 0.510223,
        "nauc_ndcg_at_1_std": -0.013717,
        "nauc_ndcg_at_1_diff1": 0.762232,
        "nauc_ndcg_at_3_max": 0.529559,
        "nauc_ndcg_at_3_std": 0.017147,
        "nauc_ndcg_at_3_diff1": 0.687059,
        "nauc_ndcg_at_5_max": 0.542308,
        "nauc_ndcg_at_5_std": 0.028589,
        "nauc_ndcg_at_5_diff1": 0.678765,
        "nauc_ndcg_at_10_max": 0.580587,
        "nauc_ndcg_at_10_std": 0.089327,
        "nauc_ndcg_at_10_diff1": 0.680107,
        "nauc_ndcg_at_20_max": 0.581366,
        "nauc_ndcg_at_20_std": 0.076913,
        "nauc_ndcg_at_20_diff1": 0.691463,
        "nauc_ndcg_at_100_max": 0.576832,
        "nauc_ndcg_at_100_std": 0.073005,
        "nauc_ndcg_at_100_diff1": 0.694144,
        "nauc_ndcg_at_1000_max": 0.570984,
        "nauc_ndcg_at_1000_std": 0.071259,
        "nauc_ndcg_at_1000_diff1": 0.694723,
        "nauc_map_at_1_max": 0.480028,
        "nauc_map_at_1_std": -0.052772,
        "nauc_map_at_1_diff1": 0.762911,
        "nauc_map_at_3_max": 0.515137,
        "nauc_map_at_3_std": -0.00817,
        "nauc_map_at_3_diff1": 0.707037,
        "nauc_map_at_5_max": 0.525316,
        "nauc_map_at_5_std": 0.002844,
        "nauc_map_at_5_diff1": 0.703748,
        "nauc_map_at_10_max": 0.548423,
        "nauc_map_at_10_std": 0.035105,
        "nauc_map_at_10_diff1": 0.701543,
        "nauc_map_at_20_max": 0.549307,
        "nauc_map_at_20_std": 0.032409,
        "nauc_map_at_20_diff1": 0.705302,
        "nauc_map_at_100_max": 0.54845,
        "nauc_map_at_100_std": 0.032095,
        "nauc_map_at_100_diff1": 0.70552,
        "nauc_map_at_1000_max": 0.54819,
        "nauc_map_at_1000_std": 0.032179,
        "nauc_map_at_1000_diff1": 0.705499,
        "nauc_recall_at_1_max": 0.480028,
        "nauc_recall_at_1_std": -0.052772,
        "nauc_recall_at_1_diff1": 0.762911,
        "nauc_recall_at_3_max": 0.528659,
        "nauc_recall_at_3_std": 0.032978,
        "nauc_recall_at_3_diff1": 0.610902,
        "nauc_recall_at_5_max": 0.555135,
        "nauc_recall_at_5_std": 0.069565,
        "nauc_recall_at_5_diff1": 0.575899,
        "nauc_recall_at_10_max": 0.69455,
        "nauc_recall_at_10_std": 0.31383,
        "nauc_recall_at_10_diff1": 0.570064,
        "nauc_recall_at_20_max": 0.727224,
        "nauc_recall_at_20_std": 0.279225,
        "nauc_recall_at_20_diff1": 0.621085,
        "nauc_recall_at_100_max": 0.760613,
        "nauc_recall_at_100_std": 0.31533,
        "nauc_recall_at_100_diff1": 0.649782,
        "nauc_recall_at_1000_max": 0.87891,
        "nauc_recall_at_1000_std": 0.722281,
        "nauc_recall_at_1000_diff1": 0.63387,
        "nauc_precision_at_1_max": 0.510223,
        "nauc_precision_at_1_std": -0.013717,
        "nauc_precision_at_1_diff1": 0.762232,
        "nauc_precision_at_3_max": 0.521131,
        "nauc_precision_at_3_std": 0.13111,
        "nauc_precision_at_3_diff1": 0.504063,
        "nauc_precision_at_5_max": 0.546348,
        "nauc_precision_at_5_std": 0.233163,
        "nauc_precision_at_5_diff1": 0.4001,
        "nauc_precision_at_10_max": 0.603216,
        "nauc_precision_at_10_std": 0.470525,
        "nauc_precision_at_10_diff1": 0.236488,
        "nauc_precision_at_20_max": 0.521872,
        "nauc_precision_at_20_std": 0.411196,
        "nauc_precision_at_20_diff1": 0.184787,
        "nauc_precision_at_100_max": 0.425489,
        "nauc_precision_at_100_std": 0.417035,
        "nauc_precision_at_100_diff1": 0.097037,
        "nauc_precision_at_1000_max": 0.308273,
        "nauc_precision_at_1000_std": 0.483965,
        "nauc_precision_at_1000_diff1": -0.076577,
        "nauc_mrr_at_1_max": 0.510223,
        "nauc_mrr_at_1_std": -0.013717,
        "nauc_mrr_at_1_diff1": 0.762232,
        "nauc_mrr_at_3_max": 0.532715,
        "nauc_mrr_at_3_std": 0.026718,
        "nauc_mrr_at_3_diff1": 0.701993,
        "nauc_mrr_at_5_max": 0.543378,
        "nauc_mrr_at_5_std": 0.035957,
        "nauc_mrr_at_5_diff1": 0.699076,
        "nauc_mrr_at_10_max": 0.54969,
        "nauc_mrr_at_10_std": 0.048411,
        "nauc_mrr_at_10_diff1": 0.701978,
        "nauc_mrr_at_20_max": 0.548431,
        "nauc_mrr_at_20_std": 0.044532,
        "nauc_mrr_at_20_diff1": 0.703866,
        "nauc_mrr_at_100_max": 0.547841,
        "nauc_mrr_at_100_std": 0.043886,
        "nauc_mrr_at_100_diff1": 0.703861,
        "nauc_mrr_at_1000_max": 0.547641,
        "nauc_mrr_at_1000_std": 0.043857,
        "nauc_mrr_at_1000_diff1": 0.703892,
        "main_score": 0.64649,
        "hf_subset": "default",
        "languages": [
          "tur-Latn"
        ]
      }
    ]
  },
  "evaluation_time": 426.6276981830597,
  "kg_co2_emissions": null
}