{
  "dataset_revision": "main",
  "task_name": "SciFactTR",
  "mteb_version": "1.31.3",
  "scores": {
    "test": [
      {
        "ndcg_at_1": 0.73333,
        "ndcg_at_3": 0.80599,
        "ndcg_at_5": 0.81833,
        "ndcg_at_10": 0.83102,
        "ndcg_at_20": 0.83785,
        "ndcg_at_100": 0.84534,
        "ndcg_at_1000": 0.84632,
        "map_at_1": 0.73333,
        "map_at_3": 0.78944,
        "map_at_5": 0.79628,
        "map_at_10": 0.80137,
        "map_at_20": 0.80329,
        "map_at_100": 0.80415,
        "map_at_1000": 0.80421,
        "recall_at_1": 0.73333,
        "recall_at_3": 0.85333,
        "recall_at_5": 0.88333,
        "recall_at_10": 0.92333,
        "recall_at_20": 0.95,
        "recall_at_100": 0.99333,
        "recall_at_1000": 1.0,
        "precision_at_1": 0.73333,
        "precision_at_3": 0.28444,
        "precision_at_5": 0.17667,
        "precision_at_10": 0.09233,
        "precision_at_20": 0.0475,
        "precision_at_100": 0.00993,
        "precision_at_1000": 0.001,
        "mrr_at_1": 0.733333,
        "mrr_at_3": 0.789444,
        "mrr_at_5": 0.796278,
        "mrr_at_10": 0.801372,
        "mrr_at_20": 0.803288,
        "mrr_at_100": 0.804147,
        "mrr_at_1000": 0.804207,
        "nauc_ndcg_at_1_max": 0.703039,
        "nauc_ndcg_at_1_std": 0.193433,
        "nauc_ndcg_at_1_diff1": 0.816728,
        "nauc_ndcg_at_3_max": 0.744971,
        "nauc_ndcg_at_3_std": 0.246622,
        "nauc_ndcg_at_3_diff1": 0.827166,
        "nauc_ndcg_at_5_max": 0.752162,
        "nauc_ndcg_at_5_std": 0.246132,
        "nauc_ndcg_at_5_diff1": 0.81778,
        "nauc_ndcg_at_10_max": 0.740156,
        "nauc_ndcg_at_10_std": 0.255125,
        "nauc_ndcg_at_10_diff1": 0.812077,
        "nauc_ndcg_at_20_max": 0.74409,
        "nauc_ndcg_at_20_std": 0.273443,
        "nauc_ndcg_at_20_diff1": 0.814209,
        "nauc_ndcg_at_100_max": 0.735782,
        "nauc_ndcg_at_100_std": 0.251963,
        "nauc_ndcg_at_100_diff1": 0.814908,
        "nauc_ndcg_at_1000_max": 0.734404,
        "nauc_ndcg_at_1000_std": 0.24675,
        "nauc_ndcg_at_1000_diff1": 0.81505,
        "nauc_map_at_1_max": 0.703039,
        "nauc_map_at_1_std": 0.193433,
        "nauc_map_at_1_diff1": 0.816728,
        "nauc_map_at_3_max": 0.730659,
        "nauc_map_at_3_std": 0.232726,
        "nauc_map_at_3_diff1": 0.823404,
        "nauc_map_at_5_max": 0.733323,
        "nauc_map_at_5_std": 0.231043,
        "nauc_map_at_5_diff1": 0.818538,
        "nauc_map_at_10_max": 0.728693,
        "nauc_map_at_10_std": 0.234593,
        "nauc_map_at_10_diff1": 0.816162,
        "nauc_map_at_20_max": 0.729564,
        "nauc_map_at_20_std": 0.238413,
        "nauc_map_at_20_diff1": 0.816585,
        "nauc_map_at_100_max": 0.728562,
        "nauc_map_at_100_std": 0.235828,
        "nauc_map_at_100_diff1": 0.816467,
        "nauc_map_at_1000_max": 0.728495,
        "nauc_map_at_1000_std": 0.235573,
        "nauc_map_at_1000_diff1": 0.816476,
        "nauc_recall_at_1_max": 0.703039,
        "nauc_recall_at_1_std": 0.193433,
        "nauc_recall_at_1_diff1": 0.816728,
        "nauc_recall_at_3_max": 0.80221,
        "nauc_recall_at_3_std": 0.300117,
        "nauc_recall_at_3_diff1": 0.842308,
        "nauc_recall_at_5_max": 0.843999,
        "nauc_recall_at_5_std": 0.317208,
        "nauc_recall_at_5_diff1": 0.812709,
        "nauc_recall_at_10_max": 0.812284,
        "nauc_recall_at_10_std": 0.398997,
        "nauc_recall_at_10_diff1": 0.779178,
        "nauc_recall_at_20_max": 0.894367,
        "nauc_recall_at_20_std": 0.694273,
        "nauc_recall_at_20_diff1": 0.78948,
        "nauc_recall_at_100_max": 0.934641,
        "nauc_recall_at_100_std": 1.0,
        "nauc_recall_at_100_diff1": 0.795752,
        "nauc_recall_at_1000_max": NaN,
        "nauc_recall_at_1000_std": NaN,
        "nauc_recall_at_1000_diff1": NaN,
        "nauc_precision_at_1_max": 0.703039,
        "nauc_precision_at_1_std": 0.193433,
        "nauc_precision_at_1_diff1": 0.816728,
        "nauc_precision_at_3_max": 0.80221,
        "nauc_precision_at_3_std": 0.300117,
        "nauc_precision_at_3_diff1": 0.842308,
        "nauc_precision_at_5_max": 0.843999,
        "nauc_precision_at_5_std": 0.317208,
        "nauc_precision_at_5_diff1": 0.812709,
        "nauc_precision_at_10_max": 0.812284,
        "nauc_precision_at_10_std": 0.398997,
        "nauc_precision_at_10_diff1": 0.779178,
        "nauc_precision_at_20_max": 0.894367,
        "nauc_precision_at_20_std": 0.694273,
        "nauc_precision_at_20_diff1": 0.78948,
        "nauc_precision_at_100_max": 0.934641,
        "nauc_precision_at_100_std": 1.0,
        "nauc_precision_at_100_diff1": 0.795752,
        "nauc_precision_at_1000_max": 1.0,
        "nauc_precision_at_1000_std": 1.0,
        "nauc_precision_at_1000_diff1": 1.0,
        "nauc_mrr_at_1_max": 0.703039,
        "nauc_mrr_at_1_std": 0.193433,
        "nauc_mrr_at_1_diff1": 0.816728,
        "nauc_mrr_at_3_max": 0.730659,
        "nauc_mrr_at_3_std": 0.232726,
        "nauc_mrr_at_3_diff1": 0.823404,
        "nauc_mrr_at_5_max": 0.733323,
        "nauc_mrr_at_5_std": 0.231043,
        "nauc_mrr_at_5_diff1": 0.818538,
        "nauc_mrr_at_10_max": 0.728693,
        "nauc_mrr_at_10_std": 0.234593,
        "nauc_mrr_at_10_diff1": 0.816162,
        "nauc_mrr_at_20_max": 0.729564,
        "nauc_mrr_at_20_std": 0.238413,
        "nauc_mrr_at_20_diff1": 0.816585,
        "nauc_mrr_at_100_max": 0.728562,
        "nauc_mrr_at_100_std": 0.235828,
        "nauc_mrr_at_100_diff1": 0.816467,
        "nauc_mrr_at_1000_max": 0.728495,
        "nauc_mrr_at_1000_std": 0.235573,
        "nauc_mrr_at_1000_diff1": 0.816476,
        "main_score": 0.83102,
        "hf_subset": "default",
        "languages": [
          "tur-Latn"
        ]
      }
    ]
  },
  "evaluation_time": 11.171112298965454,
  "kg_co2_emissions": null
}