{
  "dataset_revision": "main",
  "task_name": "SquadTRRetrieval",
  "mteb_version": "1.31.3",
  "scores": {
    "test": [
      {
        "ndcg_at_1": 0.67302,
        "ndcg_at_3": 0.76569,
        "ndcg_at_5": 0.78604,
        "ndcg_at_10": 0.80121,
        "ndcg_at_20": 0.8086,
        "ndcg_at_100": 0.81487,
        "ndcg_at_1000": 0.81654,
        "map_at_1": 0.67302,
        "map_at_3": 0.74346,
        "map_at_5": 0.75479,
        "map_at_10": 0.76119,
        "map_at_20": 0.76325,
        "map_at_100": 0.76418,
        "map_at_1000": 0.76425,
        "recall_at_1": 0.67302,
        "recall_at_3": 0.82982,
        "recall_at_5": 0.87903,
        "recall_at_10": 0.92522,
        "recall_at_20": 0.95417,
        "recall_at_100": 0.98709,
        "recall_at_1000": 1.0,
        "precision_at_1": 0.67302,
        "precision_at_3": 0.27661,
        "precision_at_5": 0.17581,
        "precision_at_10": 0.09252,
        "precision_at_20": 0.04771,
        "precision_at_100": 0.00987,
        "precision_at_1000": 0.001,
        "mrr_at_1": 0.673019,
        "mrr_at_3": 0.743457,
        "mrr_at_5": 0.754788,
        "mrr_at_10": 0.761186,
        "mrr_at_20": 0.76325,
        "mrr_at_100": 0.764178,
        "mrr_at_1000": 0.764246,
        "nauc_ndcg_at_1_max": 0.395393,
        "nauc_ndcg_at_1_std": 0.036974,
        "nauc_ndcg_at_1_diff1": 0.738309,
        "nauc_ndcg_at_3_max": 0.454109,
        "nauc_ndcg_at_3_std": 0.080732,
        "nauc_ndcg_at_3_diff1": 0.704105,
        "nauc_ndcg_at_5_max": 0.465828,
        "nauc_ndcg_at_5_std": 0.095091,
        "nauc_ndcg_at_5_diff1": 0.706195,
        "nauc_ndcg_at_10_max": 0.469553,
        "nauc_ndcg_at_10_std": 0.106563,
        "nauc_ndcg_at_10_diff1": 0.70886,
        "nauc_ndcg_at_20_max": 0.468485,
        "nauc_ndcg_at_20_std": 0.10674,
        "nauc_ndcg_at_20_diff1": 0.712188,
        "nauc_ndcg_at_100_max": 0.456465,
        "nauc_ndcg_at_100_std": 0.094379,
        "nauc_ndcg_at_100_diff1": 0.713618,
        "nauc_ndcg_at_1000_max": 0.451958,
        "nauc_ndcg_at_1000_std": 0.088052,
        "nauc_ndcg_at_1000_diff1": 0.713962,
        "nauc_map_at_1_max": 0.395393,
        "nauc_map_at_1_std": 0.036974,
        "nauc_map_at_1_diff1": 0.738309,
        "nauc_map_at_3_max": 0.437167,
        "nauc_map_at_3_std": 0.067697,
        "nauc_map_at_3_diff1": 0.713191,
        "nauc_map_at_5_max": 0.442248,
        "nauc_map_at_5_std": 0.07419,
        "nauc_map_at_5_diff1": 0.714621,
        "nauc_map_at_10_max": 0.442809,
        "nauc_map_at_10_std": 0.077505,
        "nauc_map_at_10_diff1": 0.715679,
        "nauc_map_at_20_max": 0.44234,
        "nauc_map_at_20_std": 0.07732,
        "nauc_map_at_20_diff1": 0.716513,
        "nauc_map_at_100_max": 0.440913,
        "nauc_map_at_100_std": 0.075894,
        "nauc_map_at_100_diff1": 0.716706,
        "nauc_map_at_1000_max": 0.440766,
        "nauc_map_at_1000_std": 0.075704,
        "nauc_map_at_1000_diff1": 0.716715,
        "nauc_recall_at_1_max": 0.395393,
        "nauc_recall_at_1_std": 0.036974,
        "nauc_recall_at_1_diff1": 0.738309,
        "nauc_recall_at_3_max": 0.521916,
        "nauc_recall_at_3_std": 0.133146,
        "nauc_recall_at_3_diff1": 0.668198,
        "nauc_recall_at_5_max": 0.591561,
        "nauc_recall_at_5_std": 0.208037,
        "nauc_recall_at_5_diff1": 0.663501,
        "nauc_recall_at_10_max": 0.692713,
        "nauc_recall_at_10_std": 0.358491,
        "nauc_recall_at_10_diff1": 0.659759,
        "nauc_recall_at_20_max": 0.816798,
        "nauc_recall_at_20_std": 0.517876,
        "nauc_recall_at_20_diff1": 0.676487,
        "nauc_recall_at_100_max": 0.890907,
        "nauc_recall_at_100_std": 0.715428,
        "nauc_recall_at_100_diff1": 0.679106,
        "nauc_recall_at_1000_max": NaN,
        "nauc_recall_at_1000_std": NaN,
        "nauc_recall_at_1000_diff1": NaN,
        "nauc_precision_at_1_max": 0.395393,
        "nauc_precision_at_1_std": 0.036974,
        "nauc_precision_at_1_diff1": 0.738309,
        "nauc_precision_at_3_max": 0.521916,
        "nauc_precision_at_3_std": 0.133146,
        "nauc_precision_at_3_diff1": 0.668198,
        "nauc_precision_at_5_max": 0.591561,
        "nauc_precision_at_5_std": 0.208037,
        "nauc_precision_at_5_diff1": 0.663501,
        "nauc_precision_at_10_max": 0.692713,
        "nauc_precision_at_10_std": 0.358491,
        "nauc_precision_at_10_diff1": 0.659759,
        "nauc_precision_at_20_max": 0.816798,
        "nauc_precision_at_20_std": 0.517876,
        "nauc_precision_at_20_diff1": 0.676487,
        "nauc_precision_at_100_max": 0.890907,
        "nauc_precision_at_100_std": 0.715428,
        "nauc_precision_at_100_diff1": 0.679106,
        "nauc_precision_at_1000_max": NaN,
        "nauc_precision_at_1000_std": NaN,
        "nauc_precision_at_1000_diff1": NaN,
        "nauc_mrr_at_1_max": 0.395393,
        "nauc_mrr_at_1_std": 0.036974,
        "nauc_mrr_at_1_diff1": 0.738309,
        "nauc_mrr_at_3_max": 0.437167,
        "nauc_mrr_at_3_std": 0.067697,
        "nauc_mrr_at_3_diff1": 0.713191,
        "nauc_mrr_at_5_max": 0.442248,
        "nauc_mrr_at_5_std": 0.07419,
        "nauc_mrr_at_5_diff1": 0.714621,
        "nauc_mrr_at_10_max": 0.442809,
        "nauc_mrr_at_10_std": 0.077505,
        "nauc_mrr_at_10_diff1": 0.715679,
        "nauc_mrr_at_20_max": 0.44234,
        "nauc_mrr_at_20_std": 0.07732,
        "nauc_mrr_at_20_diff1": 0.716513,
        "nauc_mrr_at_100_max": 0.440913,
        "nauc_mrr_at_100_std": 0.075894,
        "nauc_mrr_at_100_diff1": 0.716706,
        "nauc_mrr_at_1000_max": 0.440766,
        "nauc_mrr_at_1000_std": 0.075704,
        "nauc_mrr_at_1000_diff1": 0.716715,
        "main_score": 0.80121,
        "hf_subset": "default",
        "languages": [
          "tur-Latn"
        ]
      }
    ]
  },
  "evaluation_time": 175.24368286132812,
  "kg_co2_emissions": null
}