{
  "dataset_revision": "main",
  "task_name": "SquadTRRetrieval",
  "mteb_version": "1.31.3",
  "scores": {
    "test": [
      {
        "ndcg_at_1": 0.67314,
        "ndcg_at_3": 0.76574,
        "ndcg_at_5": 0.78609,
        "ndcg_at_10": 0.80126,
        "ndcg_at_20": 0.80865,
        "ndcg_at_100": 0.81492,
        "ndcg_at_1000": 0.81659,
        "map_at_1": 0.67314,
        "map_at_3": 0.74352,
        "map_at_5": 0.75485,
        "map_at_10": 0.76125,
        "map_at_20": 0.76332,
        "map_at_100": 0.76424,
        "map_at_1000": 0.76431,
        "recall_at_1": 0.67314,
        "recall_at_3": 0.82982,
        "recall_at_5": 0.87903,
        "recall_at_10": 0.92522,
        "recall_at_20": 0.95417,
        "recall_at_100": 0.98709,
        "recall_at_1000": 1.0,
        "precision_at_1": 0.67314,
        "precision_at_3": 0.27661,
        "precision_at_5": 0.17581,
        "precision_at_10": 0.09252,
        "precision_at_20": 0.04771,
        "precision_at_100": 0.00987,
        "precision_at_1000": 0.001,
        "mrr_at_1": 0.67314,
        "mrr_at_3": 0.743517,
        "mrr_at_5": 0.754855,
        "mrr_at_10": 0.761253,
        "mrr_at_20": 0.763317,
        "mrr_at_100": 0.764245,
        "mrr_at_1000": 0.764312,
        "nauc_ndcg_at_1_max": 0.395106,
        "nauc_ndcg_at_1_std": 0.036601,
        "nauc_ndcg_at_1_diff1": 0.738114,
        "nauc_ndcg_at_3_max": 0.453977,
        "nauc_ndcg_at_3_std": 0.080556,
        "nauc_ndcg_at_3_diff1": 0.70406,
        "nauc_ndcg_at_5_max": 0.465672,
        "nauc_ndcg_at_5_std": 0.094892,
        "nauc_ndcg_at_5_diff1": 0.706099,
        "nauc_ndcg_at_10_max": 0.469385,
        "nauc_ndcg_at_10_std": 0.10635,
        "nauc_ndcg_at_10_diff1": 0.708757,
        "nauc_ndcg_at_20_max": 0.46831,
        "nauc_ndcg_at_20_std": 0.106518,
        "nauc_ndcg_at_20_diff1": 0.71208,
        "nauc_ndcg_at_100_max": 0.45628,
        "nauc_ndcg_at_100_std": 0.094146,
        "nauc_ndcg_at_100_diff1": 0.713506,
        "nauc_ndcg_at_1000_max": 0.451771,
        "nauc_ndcg_at_1000_std": 0.087816,
        "nauc_ndcg_at_1000_diff1": 0.713849,
        "nauc_map_at_1_max": 0.395106,
        "nauc_map_at_1_std": 0.036601,
        "nauc_map_at_1_diff1": 0.738114,
        "nauc_map_at_3_max": 0.436998,
        "nauc_map_at_3_std": 0.067473,
        "nauc_map_at_3_diff1": 0.713108,
        "nauc_map_at_5_max": 0.442059,
        "nauc_map_at_5_std": 0.073948,
        "nauc_map_at_5_diff1": 0.714506,
        "nauc_map_at_10_max": 0.442614,
        "nauc_map_at_10_std": 0.077257,
        "nauc_map_at_10_diff1": 0.715561,
        "nauc_map_at_20_max": 0.442144,
        "nauc_map_at_20_std": 0.077069,
        "nauc_map_at_20_diff1": 0.716394,
        "nauc_map_at_100_max": 0.440715,
        "nauc_map_at_100_std": 0.075642,
        "nauc_map_at_100_diff1": 0.716587,
        "nauc_map_at_1000_max": 0.440568,
        "nauc_map_at_1000_std": 0.075452,
        "nauc_map_at_1000_diff1": 0.716596,
        "nauc_recall_at_1_max": 0.395106,
        "nauc_recall_at_1_std": 0.036601,
        "nauc_recall_at_1_diff1": 0.738114,
        "nauc_recall_at_3_max": 0.521916,
        "nauc_recall_at_3_std": 0.133146,
        "nauc_recall_at_3_diff1": 0.668308,
        "nauc_recall_at_5_max": 0.591561,
        "nauc_recall_at_5_std": 0.208037,
        "nauc_recall_at_5_diff1": 0.663501,
        "nauc_recall_at_10_max": 0.692713,
        "nauc_recall_at_10_std": 0.358491,
        "nauc_recall_at_10_diff1": 0.659759,
        "nauc_recall_at_20_max": 0.816798,
        "nauc_recall_at_20_std": 0.517876,
        "nauc_recall_at_20_diff1": 0.676487,
        "nauc_recall_at_100_max": 0.890907,
        "nauc_recall_at_100_std": 0.715428,
        "nauc_recall_at_100_diff1": 0.679106,
        "nauc_recall_at_1000_max": NaN,
        "nauc_recall_at_1000_std": NaN,
        "nauc_recall_at_1000_diff1": NaN,
        "nauc_precision_at_1_max": 0.395106,
        "nauc_precision_at_1_std": 0.036601,
        "nauc_precision_at_1_diff1": 0.738114,
        "nauc_precision_at_3_max": 0.521916,
        "nauc_precision_at_3_std": 0.133146,
        "nauc_precision_at_3_diff1": 0.668308,
        "nauc_precision_at_5_max": 0.591561,
        "nauc_precision_at_5_std": 0.208037,
        "nauc_precision_at_5_diff1": 0.663501,
        "nauc_precision_at_10_max": 0.692713,
        "nauc_precision_at_10_std": 0.358491,
        "nauc_precision_at_10_diff1": 0.659759,
        "nauc_precision_at_20_max": 0.816798,
        "nauc_precision_at_20_std": 0.517876,
        "nauc_precision_at_20_diff1": 0.676487,
        "nauc_precision_at_100_max": 0.890907,
        "nauc_precision_at_100_std": 0.715428,
        "nauc_precision_at_100_diff1": 0.679106,
        "nauc_precision_at_1000_max": NaN,
        "nauc_precision_at_1000_std": NaN,
        "nauc_precision_at_1000_diff1": NaN,
        "nauc_mrr_at_1_max": 0.395106,
        "nauc_mrr_at_1_std": 0.036601,
        "nauc_mrr_at_1_diff1": 0.738114,
        "nauc_mrr_at_3_max": 0.436998,
        "nauc_mrr_at_3_std": 0.067473,
        "nauc_mrr_at_3_diff1": 0.713108,
        "nauc_mrr_at_5_max": 0.442059,
        "nauc_mrr_at_5_std": 0.073948,
        "nauc_mrr_at_5_diff1": 0.714506,
        "nauc_mrr_at_10_max": 0.442614,
        "nauc_mrr_at_10_std": 0.077257,
        "nauc_mrr_at_10_diff1": 0.715561,
        "nauc_mrr_at_20_max": 0.442144,
        "nauc_mrr_at_20_std": 0.077069,
        "nauc_mrr_at_20_diff1": 0.716394,
        "nauc_mrr_at_100_max": 0.440715,
        "nauc_mrr_at_100_std": 0.075642,
        "nauc_mrr_at_100_diff1": 0.716587,
        "nauc_mrr_at_1000_max": 0.440568,
        "nauc_mrr_at_1000_std": 0.075452,
        "nauc_mrr_at_1000_diff1": 0.716596,
        "main_score": 0.80126,
        "hf_subset": "default",
        "languages": [
          "tur-Latn"
        ]
      }
    ]
  },
  "evaluation_time": 54.29675245285034,
  "kg_co2_emissions": null
}