{
  "dataset_revision": "main",
  "task_name": "TQuadRetrieval",
  "mteb_version": "1.31.3",
  "scores": {
    "test": [
      {
        "ndcg_at_1": 0.74888,
        "ndcg_at_3": 0.86605,
        "ndcg_at_5": 0.88203,
        "ndcg_at_10": 0.8861,
        "ndcg_at_20": 0.88694,
        "ndcg_at_100": 0.88713,
        "ndcg_at_1000": 0.88713,
        "map_at_1": 0.74888,
        "map_at_3": 0.83857,
        "map_at_5": 0.84759,
        "map_at_10": 0.84932,
        "map_at_20": 0.84955,
        "map_at_100": 0.84956,
        "map_at_1000": 0.84956,
        "recall_at_1": 0.74888,
        "recall_at_3": 0.94507,
        "recall_at_5": 0.98318,
        "recall_at_10": 0.99552,
        "recall_at_20": 0.99888,
        "recall_at_100": 1.0,
        "recall_at_1000": 1.0,
        "precision_at_1": 0.74888,
        "precision_at_3": 0.31502,
        "precision_at_5": 0.19664,
        "precision_at_10": 0.09955,
        "precision_at_20": 0.04994,
        "precision_at_100": 0.01,
        "precision_at_1000": 0.001,
        "mrr_at_1": 0.746637,
        "mrr_at_3": 0.837444,
        "mrr_at_5": 0.846469,
        "mrr_at_10": 0.848198,
        "mrr_at_20": 0.848425,
        "mrr_at_100": 0.848441,
        "mrr_at_1000": 0.848441,
        "nauc_ndcg_at_1_max": 0.243555,
        "nauc_ndcg_at_1_std": -0.332425,
        "nauc_ndcg_at_1_diff1": 0.703672,
        "nauc_ndcg_at_3_max": 0.315638,
        "nauc_ndcg_at_3_std": -0.367461,
        "nauc_ndcg_at_3_diff1": 0.67603,
        "nauc_ndcg_at_5_max": 0.311536,
        "nauc_ndcg_at_5_std": -0.344912,
        "nauc_ndcg_at_5_diff1": 0.694699,
        "nauc_ndcg_at_10_max": 0.297277,
        "nauc_ndcg_at_10_std": -0.338405,
        "nauc_ndcg_at_10_diff1": 0.690482,
        "nauc_ndcg_at_20_max": 0.291514,
        "nauc_ndcg_at_20_std": -0.34085,
        "nauc_ndcg_at_20_diff1": 0.689465,
        "nauc_ndcg_at_100_max": 0.290478,
        "nauc_ndcg_at_100_std": -0.34302,
        "nauc_ndcg_at_100_diff1": 0.690059,
        "nauc_ndcg_at_1000_max": 0.290478,
        "nauc_ndcg_at_1000_std": -0.34302,
        "nauc_ndcg_at_1000_diff1": 0.690059,
        "nauc_map_at_1_max": 0.243555,
        "nauc_map_at_1_std": -0.332425,
        "nauc_map_at_1_diff1": 0.703672,
        "nauc_map_at_3_max": 0.295156,
        "nauc_map_at_3_std": -0.354674,
        "nauc_map_at_3_diff1": 0.68385,
        "nauc_map_at_5_max": 0.291859,
        "nauc_map_at_5_std": -0.344494,
        "nauc_map_at_5_diff1": 0.692358,
        "nauc_map_at_10_max": 0.287097,
        "nauc_map_at_10_std": -0.34242,
        "nauc_map_at_10_diff1": 0.691057,
        "nauc_map_at_20_max": 0.285913,
        "nauc_map_at_20_std": -0.342966,
        "nauc_map_at_20_diff1": 0.690853,
        "nauc_map_at_100_max": 0.285842,
        "nauc_map_at_100_std": -0.343115,
        "nauc_map_at_100_diff1": 0.690894,
        "nauc_map_at_1000_max": 0.285842,
        "nauc_map_at_1000_std": -0.343115,
        "nauc_map_at_1000_diff1": 0.690894,
        "nauc_recall_at_1_max": 0.243555,
        "nauc_recall_at_1_std": -0.332425,
        "nauc_recall_at_1_diff1": 0.703672,
        "nauc_recall_at_3_max": 0.467981,
        "nauc_recall_at_3_std": -0.466614,
        "nauc_recall_at_3_diff1": 0.617917,
        "nauc_recall_at_5_max": 0.75606,
        "nauc_recall_at_5_std": -0.327423,
        "nauc_recall_at_5_diff1": 0.77861,
        "nauc_recall_at_10_max": 0.967328,
        "nauc_recall_at_10_std": 0.177245,
        "nauc_recall_at_10_diff1": 0.700671,
        "nauc_recall_at_20_max": 0.869314,
        "nauc_recall_at_20_std": 0.869314,
        "nauc_recall_at_20_diff1": 0.35801,
        "nauc_recall_at_100_max": NaN,
        "nauc_recall_at_100_std": NaN,
        "nauc_recall_at_100_diff1": NaN,
        "nauc_recall_at_1000_max": NaN,
        "nauc_recall_at_1000_std": NaN,
        "nauc_recall_at_1000_diff1": NaN,
        "nauc_precision_at_1_max": 0.243555,
        "nauc_precision_at_1_std": -0.332425,
        "nauc_precision_at_1_diff1": 0.703672,
        "nauc_precision_at_3_max": 0.467981,
        "nauc_precision_at_3_std": -0.466614,
        "nauc_precision_at_3_diff1": 0.617917,
        "nauc_precision_at_5_max": 0.75606,
        "nauc_precision_at_5_std": -0.327423,
        "nauc_precision_at_5_diff1": 0.77861,
        "nauc_precision_at_10_max": 0.967328,
        "nauc_precision_at_10_std": 0.177245,
        "nauc_precision_at_10_diff1": 0.700671,
        "nauc_precision_at_20_max": 0.869314,
        "nauc_precision_at_20_std": 0.869314,
        "nauc_precision_at_20_diff1": 0.35801,
        "nauc_precision_at_100_max": NaN,
        "nauc_precision_at_100_std": NaN,
        "nauc_precision_at_100_diff1": NaN,
        "nauc_precision_at_1000_max": NaN,
        "nauc_precision_at_1000_std": NaN,
        "nauc_precision_at_1000_diff1": NaN,
        "nauc_mrr_at_1_max": 0.220762,
        "nauc_mrr_at_1_std": -0.338877,
        "nauc_mrr_at_1_diff1": 0.708564,
        "nauc_mrr_at_3_max": 0.277571,
        "nauc_mrr_at_3_std": -0.35945,
        "nauc_mrr_at_3_diff1": 0.687672,
        "nauc_mrr_at_5_max": 0.273155,
        "nauc_mrr_at_5_std": -0.349639,
        "nauc_mrr_at_5_diff1": 0.696378,
        "nauc_mrr_at_10_max": 0.268186,
        "nauc_mrr_at_10_std": -0.347642,
        "nauc_mrr_at_10_diff1": 0.695135,
        "nauc_mrr_at_20_max": 0.266978,
        "nauc_mrr_at_20_std": -0.348194,
        "nauc_mrr_at_20_diff1": 0.694939,
        "nauc_mrr_at_100_max": 0.266905,
        "nauc_mrr_at_100_std": -0.348342,
        "nauc_mrr_at_100_diff1": 0.69498,
        "nauc_mrr_at_1000_max": 0.266905,
        "nauc_mrr_at_1000_std": -0.348342,
        "nauc_mrr_at_1000_diff1": 0.69498,
        "main_score": 0.8861,
        "hf_subset": "default",
        "languages": [
          "tur-Latn"
        ]
      }
    ]
  },
  "evaluation_time": 82.30209493637085,
  "kg_co2_emissions": null
}