{
  "dataset_revision": "51adfef1c1287aab1d2d91b5bead9bcfb9c68583",
  "task_name": "XQuADRetrieval",
  "mteb_version": "1.31.3",
  "scores": {
    "validation": [
      {
        "ndcg_at_1": 0.92821,
        "ndcg_at_3": 0.96365,
        "ndcg_at_5": 0.96616,
        "ndcg_at_10": 0.96725,
        "ndcg_at_20": 0.96766,
        "ndcg_at_100": 0.96814,
        "ndcg_at_1000": 0.96814,
        "map_at_1": 0.92821,
        "map_at_3": 0.95566,
        "map_at_5": 0.95709,
        "map_at_10": 0.95754,
        "map_at_20": 0.95765,
        "map_at_100": 0.95772,
        "map_at_1000": 0.95772,
        "recall_at_1": 0.92821,
        "recall_at_3": 0.98649,
        "recall_at_5": 0.9924,
        "recall_at_10": 0.99578,
        "recall_at_20": 0.99747,
        "recall_at_100": 1.0,
        "recall_at_1000": 1.0,
        "precision_at_1": 0.92821,
        "precision_at_3": 0.32883,
        "precision_at_5": 0.19848,
        "precision_at_10": 0.09958,
        "precision_at_20": 0.04987,
        "precision_at_100": 0.01,
        "precision_at_1000": 0.001,
        "mrr_at_1": 0.928209,
        "mrr_at_3": 0.955659,
        "mrr_at_5": 0.957095,
        "mrr_at_10": 0.957544,
        "mrr_at_20": 0.957647,
        "mrr_at_100": 0.957717,
        "mrr_at_1000": 0.957717,
        "nauc_ndcg_at_1_max": 0.639163,
        "nauc_ndcg_at_1_std": 0.168084,
        "nauc_ndcg_at_1_diff1": 0.948303,
        "nauc_ndcg_at_3_max": 0.698269,
        "nauc_ndcg_at_3_std": 0.262488,
        "nauc_ndcg_at_3_diff1": 0.948785,
        "nauc_ndcg_at_5_max": 0.69616,
        "nauc_ndcg_at_5_std": 0.247712,
        "nauc_ndcg_at_5_diff1": 0.949202,
        "nauc_ndcg_at_10_max": 0.686039,
        "nauc_ndcg_at_10_std": 0.240152,
        "nauc_ndcg_at_10_diff1": 0.948524,
        "nauc_ndcg_at_20_max": 0.682059,
        "nauc_ndcg_at_20_std": 0.23052,
        "nauc_ndcg_at_20_diff1": 0.949528,
        "nauc_ndcg_at_100_max": 0.677255,
        "nauc_ndcg_at_100_std": 0.218893,
        "nauc_ndcg_at_100_diff1": 0.948765,
        "nauc_ndcg_at_1000_max": 0.677255,
        "nauc_ndcg_at_1000_std": 0.218893,
        "nauc_ndcg_at_1000_diff1": 0.948765,
        "nauc_map_at_1_max": 0.639163,
        "nauc_map_at_1_std": 0.168084,
        "nauc_map_at_1_diff1": 0.948303,
        "nauc_map_at_3_max": 0.67839,
        "nauc_map_at_3_std": 0.222871,
        "nauc_map_at_3_diff1": 0.948557,
        "nauc_map_at_5_max": 0.676905,
        "nauc_map_at_5_std": 0.215137,
        "nauc_map_at_5_diff1": 0.948765,
        "nauc_map_at_10_max": 0.673487,
        "nauc_map_at_10_std": 0.212688,
        "nauc_map_at_10_diff1": 0.948512,
        "nauc_map_at_20_max": 0.672691,
        "nauc_map_at_20_std": 0.210769,
        "nauc_map_at_20_diff1": 0.948705,
        "nauc_map_at_100_max": 0.672151,
        "nauc_map_at_100_std": 0.209467,
        "nauc_map_at_100_diff1": 0.94862,
        "nauc_map_at_1000_max": 0.672151,
        "nauc_map_at_1000_std": 0.209467,
        "nauc_map_at_1000_diff1": 0.94862,
        "nauc_recall_at_1_max": 0.639163,
        "nauc_recall_at_1_std": 0.168084,
        "nauc_recall_at_1_diff1": 0.948303,
        "nauc_recall_at_3_max": 0.882174,
        "nauc_recall_at_3_std": 0.641355,
        "nauc_recall_at_3_diff1": 0.950999,
        "nauc_recall_at_5_max": 1.0,
        "nauc_recall_at_5_std": 0.774961,
        "nauc_recall_at_5_diff1": 0.956443,
        "nauc_recall_at_10_max": 1.0,
        "nauc_recall_at_10_std": 1.0,
        "nauc_recall_at_10_diff1": 0.947732,
        "nauc_recall_at_20_max": 1.0,
        "nauc_recall_at_20_std": 1.0,
        "nauc_recall_at_20_diff1": 1.0,
        "nauc_recall_at_100_max": NaN,
        "nauc_recall_at_100_std": NaN,
        "nauc_recall_at_100_diff1": NaN,
        "nauc_recall_at_1000_max": NaN,
        "nauc_recall_at_1000_std": NaN,
        "nauc_recall_at_1000_diff1": NaN,
        "nauc_precision_at_1_max": 0.639163,
        "nauc_precision_at_1_std": 0.168084,
        "nauc_precision_at_1_diff1": 0.948303,
        "nauc_precision_at_3_max": 0.882174,
        "nauc_precision_at_3_std": 0.641355,
        "nauc_precision_at_3_diff1": 0.950999,
        "nauc_precision_at_5_max": 1.0,
        "nauc_precision_at_5_std": 0.774961,
        "nauc_precision_at_5_diff1": 0.956443,
        "nauc_precision_at_10_max": 1.0,
        "nauc_precision_at_10_std": 1.0,
        "nauc_precision_at_10_diff1": 0.947732,
        "nauc_precision_at_20_max": 1.0,
        "nauc_precision_at_20_std": 1.0,
        "nauc_precision_at_20_diff1": 1.0,
        "nauc_precision_at_100_max": 1.0,
        "nauc_precision_at_100_std": 1.0,
        "nauc_precision_at_100_diff1": 1.0,
        "nauc_precision_at_1000_max": 1.0,
        "nauc_precision_at_1000_std": 1.0,
        "nauc_precision_at_1000_diff1": 1.0,
        "nauc_mrr_at_1_max": 0.639163,
        "nauc_mrr_at_1_std": 0.168084,
        "nauc_mrr_at_1_diff1": 0.948303,
        "nauc_mrr_at_3_max": 0.67839,
        "nauc_mrr_at_3_std": 0.222871,
        "nauc_mrr_at_3_diff1": 0.948557,
        "nauc_mrr_at_5_max": 0.676905,
        "nauc_mrr_at_5_std": 0.215137,
        "nauc_mrr_at_5_diff1": 0.948765,
        "nauc_mrr_at_10_max": 0.673487,
        "nauc_mrr_at_10_std": 0.212688,
        "nauc_mrr_at_10_diff1": 0.948512,
        "nauc_mrr_at_20_max": 0.672691,
        "nauc_mrr_at_20_std": 0.210769,
        "nauc_mrr_at_20_diff1": 0.948705,
        "nauc_mrr_at_100_max": 0.672151,
        "nauc_mrr_at_100_std": 0.209467,
        "nauc_mrr_at_100_diff1": 0.94862,
        "nauc_mrr_at_1000_max": 0.672151,
        "nauc_mrr_at_1000_std": 0.209467,
        "nauc_mrr_at_1000_diff1": 0.94862,
        "main_score": 0.96725,
        "hf_subset": "tr",
        "languages": [
          "tur-Latn"
        ]
      }
    ]
  },
  "evaluation_time": 195.38041496276855,
  "kg_co2_emissions": null
}