{
  "dataset_revision": "main",
  "task_name": "CQADupstackGamingRetrievalTR",
  "mteb_version": "1.31.3",
  "scores": {
    "test": [
      {
        "ndcg_at_1": 0.43522,
        "ndcg_at_3": 0.51223,
        "ndcg_at_5": 0.53857,
        "ndcg_at_10": 0.56264,
        "ndcg_at_20": 0.57851,
        "ndcg_at_100": 0.60225,
        "ndcg_at_1000": 0.61444,
        "map_at_1": 0.43522,
        "map_at_3": 0.49336,
        "map_at_5": 0.50794,
        "map_at_10": 0.5178,
        "map_at_20": 0.52215,
        "map_at_100": 0.52538,
        "map_at_1000": 0.52584,
        "recall_at_1": 0.43522,
        "recall_at_3": 0.5668,
        "recall_at_5": 0.6309,
        "recall_at_10": 0.7058,
        "recall_at_20": 0.76856,
        "recall_at_100": 0.89744,
        "recall_at_1000": 0.99325,
        "precision_at_1": 0.43522,
        "precision_at_3": 0.18893,
        "precision_at_5": 0.12618,
        "precision_at_10": 0.07058,
        "precision_at_20": 0.03843,
        "precision_at_100": 0.00897,
        "precision_at_1000": 0.00099,
        "mrr_at_1": 0.435223,
        "mrr_at_3": 0.493365,
        "mrr_at_5": 0.50794,
        "mrr_at_10": 0.517797,
        "mrr_at_20": 0.522153,
        "mrr_at_100": 0.525379,
        "mrr_at_1000": 0.525839,
        "nauc_ndcg_at_1_max": 0.385155,
        "nauc_ndcg_at_1_std": -0.117846,
        "nauc_ndcg_at_1_diff1": 0.668413,
        "nauc_ndcg_at_3_max": 0.395067,
        "nauc_ndcg_at_3_std": -0.089202,
        "nauc_ndcg_at_3_diff1": 0.622563,
        "nauc_ndcg_at_5_max": 0.393738,
        "nauc_ndcg_at_5_std": -0.085186,
        "nauc_ndcg_at_5_diff1": 0.614409,
        "nauc_ndcg_at_10_max": 0.398805,
        "nauc_ndcg_at_10_std": -0.07219,
        "nauc_ndcg_at_10_diff1": 0.607721,
        "nauc_ndcg_at_20_max": 0.396524,
        "nauc_ndcg_at_20_std": -0.077832,
        "nauc_ndcg_at_20_diff1": 0.608632,
        "nauc_ndcg_at_100_max": 0.401643,
        "nauc_ndcg_at_100_std": -0.068226,
        "nauc_ndcg_at_100_diff1": 0.611172,
        "nauc_ndcg_at_1000_max": 0.397519,
        "nauc_ndcg_at_1000_std": -0.078228,
        "nauc_ndcg_at_1000_diff1": 0.617525,
        "nauc_map_at_1_max": 0.385155,
        "nauc_map_at_1_std": -0.117846,
        "nauc_map_at_1_diff1": 0.668413,
        "nauc_map_at_3_max": 0.392411,
        "nauc_map_at_3_std": -0.096732,
        "nauc_map_at_3_diff1": 0.63413,
        "nauc_map_at_5_max": 0.391603,
        "nauc_map_at_5_std": -0.094671,
        "nauc_map_at_5_diff1": 0.629706,
        "nauc_map_at_10_max": 0.393516,
        "nauc_map_at_10_std": -0.089665,
        "nauc_map_at_10_diff1": 0.627254,
        "nauc_map_at_20_max": 0.393212,
        "nauc_map_at_20_std": -0.091062,
        "nauc_map_at_20_diff1": 0.627669,
        "nauc_map_at_100_max": 0.393603,
        "nauc_map_at_100_std": -0.089827,
        "nauc_map_at_100_diff1": 0.627804,
        "nauc_map_at_1000_max": 0.393517,
        "nauc_map_at_1000_std": -0.090042,
        "nauc_map_at_1000_diff1": 0.627999,
        "nauc_recall_at_1_max": 0.385155,
        "nauc_recall_at_1_std": -0.117846,
        "nauc_recall_at_1_diff1": 0.668413,
        "nauc_recall_at_3_max": 0.403247,
        "nauc_recall_at_3_std": -0.066073,
        "nauc_recall_at_3_diff1": 0.587237,
        "nauc_recall_at_5_max": 0.400676,
        "nauc_recall_at_5_std": -0.053242,
        "nauc_recall_at_5_diff1": 0.563119,
        "nauc_recall_at_10_max": 0.421334,
        "nauc_recall_at_10_std": 0.001079,
        "nauc_recall_at_10_diff1": 0.529624,
        "nauc_recall_at_20_max": 0.409479,
        "nauc_recall_at_20_std": -0.017535,
        "nauc_recall_at_20_diff1": 0.517996,
        "nauc_recall_at_100_max": 0.510657,
        "nauc_recall_at_100_std": 0.181128,
        "nauc_recall_at_100_diff1": 0.476507,
        "nauc_recall_at_1000_max": 0.638529,
        "nauc_recall_at_1000_std": 0.265155,
        "nauc_recall_at_1000_diff1": 0.66694,
        "nauc_precision_at_1_max": 0.385155,
        "nauc_precision_at_1_std": -0.117846,
        "nauc_precision_at_1_diff1": 0.668413,
        "nauc_precision_at_3_max": 0.403247,
        "nauc_precision_at_3_std": -0.066073,
        "nauc_precision_at_3_diff1": 0.587237,
        "nauc_precision_at_5_max": 0.400676,
        "nauc_precision_at_5_std": -0.053242,
        "nauc_precision_at_5_diff1": 0.563119,
        "nauc_precision_at_10_max": 0.421334,
        "nauc_precision_at_10_std": 0.001079,
        "nauc_precision_at_10_diff1": 0.529624,
        "nauc_precision_at_20_max": 0.409479,
        "nauc_precision_at_20_std": -0.017535,
        "nauc_precision_at_20_diff1": 0.517996,
        "nauc_precision_at_100_max": 0.510657,
        "nauc_precision_at_100_std": 0.181128,
        "nauc_precision_at_100_diff1": 0.476507,
        "nauc_precision_at_1000_max": 0.638529,
        "nauc_precision_at_1000_std": 0.265155,
        "nauc_precision_at_1000_diff1": 0.66694,
        "nauc_mrr_at_1_max": 0.385155,
        "nauc_mrr_at_1_std": -0.117846,
        "nauc_mrr_at_1_diff1": 0.668413,
        "nauc_mrr_at_3_max": 0.392411,
        "nauc_mrr_at_3_std": -0.096732,
        "nauc_mrr_at_3_diff1": 0.63413,
        "nauc_mrr_at_5_max": 0.391603,
        "nauc_mrr_at_5_std": -0.094671,
        "nauc_mrr_at_5_diff1": 0.629706,
        "nauc_mrr_at_10_max": 0.393516,
        "nauc_mrr_at_10_std": -0.089665,
        "nauc_mrr_at_10_diff1": 0.627254,
        "nauc_mrr_at_20_max": 0.393212,
        "nauc_mrr_at_20_std": -0.091062,
        "nauc_mrr_at_20_diff1": 0.627669,
        "nauc_mrr_at_100_max": 0.393603,
        "nauc_mrr_at_100_std": -0.089827,
        "nauc_mrr_at_100_diff1": 0.627804,
        "nauc_mrr_at_1000_max": 0.393517,
        "nauc_mrr_at_1000_std": -0.090042,
        "nauc_mrr_at_1000_diff1": 0.627999,
        "main_score": 0.56264,
        "hf_subset": "default",
        "languages": [
          "tur-Latn"
        ]
      }
    ]
  },
  "evaluation_time": 33.76709055900574,
  "kg_co2_emissions": null
}