{
  "dataset_revision": "main",
  "task_name": "FiQA2018TR",
  "mteb_version": "1.31.3",
  "scores": {
    "test": [
      {
        "ndcg_at_1": 0.50794,
        "ndcg_at_3": 0.66364,
        "ndcg_at_5": 0.69504,
        "ndcg_at_10": 0.71442,
        "ndcg_at_20": 0.72596,
        "ndcg_at_100": 0.73205,
        "ndcg_at_1000": 0.73205,
        "map_at_1": 0.50794,
        "map_at_3": 0.62434,
        "map_at_5": 0.64101,
        "map_at_10": 0.64832,
        "map_at_20": 0.65123,
        "map_at_100": 0.65213,
        "map_at_1000": 0.65213,
        "recall_at_1": 0.50794,
        "recall_at_3": 0.77778,
        "recall_at_5": 0.85714,
        "recall_at_10": 0.92063,
        "recall_at_20": 0.96825,
        "recall_at_100": 1.0,
        "recall_at_1000": 1.0,
        "precision_at_1": 0.50794,
        "precision_at_3": 0.25926,
        "precision_at_5": 0.17143,
        "precision_at_10": 0.09206,
        "precision_at_20": 0.04841,
        "precision_at_100": 0.01,
        "precision_at_1000": 0.001,
        "mrr_at_1": 0.507937,
        "mrr_at_3": 0.624339,
        "mrr_at_5": 0.641005,
        "mrr_at_10": 0.648325,
        "mrr_at_20": 0.651227,
        "mrr_at_100": 0.652127,
        "mrr_at_1000": 0.652127,
        "nauc_ndcg_at_1_max": 0.382888,
        "nauc_ndcg_at_1_std": -0.071779,
        "nauc_ndcg_at_1_diff1": 0.634914,
        "nauc_ndcg_at_3_max": 0.469773,
        "nauc_ndcg_at_3_std": 0.07511,
        "nauc_ndcg_at_3_diff1": 0.609013,
        "nauc_ndcg_at_5_max": 0.489331,
        "nauc_ndcg_at_5_std": 0.114093,
        "nauc_ndcg_at_5_diff1": 0.600261,
        "nauc_ndcg_at_10_max": 0.467073,
        "nauc_ndcg_at_10_std": 0.066423,
        "nauc_ndcg_at_10_diff1": 0.572131,
        "nauc_ndcg_at_20_max": 0.464831,
        "nauc_ndcg_at_20_std": 0.073874,
        "nauc_ndcg_at_20_diff1": 0.604414,
        "nauc_ndcg_at_100_max": 0.450705,
        "nauc_ndcg_at_100_std": 0.048137,
        "nauc_ndcg_at_100_diff1": 0.601386,
        "nauc_ndcg_at_1000_max": 0.450705,
        "nauc_ndcg_at_1000_std": 0.048137,
        "nauc_ndcg_at_1000_diff1": 0.601386,
        "nauc_map_at_1_max": 0.382888,
        "nauc_map_at_1_std": -0.071779,
        "nauc_map_at_1_diff1": 0.634914,
        "nauc_map_at_3_max": 0.444956,
        "nauc_map_at_3_std": 0.033672,
        "nauc_map_at_3_diff1": 0.611919,
        "nauc_map_at_5_max": 0.452215,
        "nauc_map_at_5_std": 0.052092,
        "nauc_map_at_5_diff1": 0.607922,
        "nauc_map_at_10_max": 0.444232,
        "nauc_map_at_10_std": 0.035429,
        "nauc_map_at_10_diff1": 0.599297,
        "nauc_map_at_20_max": 0.44318,
        "nauc_map_at_20_std": 0.03568,
        "nauc_map_at_20_diff1": 0.606319,
        "nauc_map_at_100_max": 0.441434,
        "nauc_map_at_100_std": 0.032544,
        "nauc_map_at_100_diff1": 0.605734,
        "nauc_map_at_1000_max": 0.441434,
        "nauc_map_at_1000_std": 0.032544,
        "nauc_map_at_1000_diff1": 0.605734,
        "nauc_recall_at_1_max": 0.382888,
        "nauc_recall_at_1_std": -0.071779,
        "nauc_recall_at_1_diff1": 0.634914,
        "nauc_recall_at_3_max": 0.57088,
        "nauc_recall_at_3_std": 0.243624,
        "nauc_recall_at_3_diff1": 0.599848,
        "nauc_recall_at_5_max": 0.711837,
        "nauc_recall_at_5_std": 0.479038,
        "nauc_recall_at_5_diff1": 0.557138,
        "nauc_recall_at_10_max": 0.669471,
        "nauc_recall_at_10_std": 0.307605,
        "nauc_recall_at_10_diff1": 0.267047,
        "nauc_recall_at_20_max": 0.934985,
        "nauc_recall_at_20_std": 0.934985,
        "nauc_recall_at_20_diff1": 0.679119,
        "nauc_recall_at_100_max": NaN,
        "nauc_recall_at_100_std": NaN,
        "nauc_recall_at_100_diff1": NaN,
        "nauc_recall_at_1000_max": NaN,
        "nauc_recall_at_1000_std": NaN,
        "nauc_recall_at_1000_diff1": NaN,
        "nauc_precision_at_1_max": 0.382888,
        "nauc_precision_at_1_std": -0.071779,
        "nauc_precision_at_1_diff1": 0.634914,
        "nauc_precision_at_3_max": 0.57088,
        "nauc_precision_at_3_std": 0.243624,
        "nauc_precision_at_3_diff1": 0.599848,
        "nauc_precision_at_5_max": 0.711837,
        "nauc_precision_at_5_std": 0.479038,
        "nauc_precision_at_5_diff1": 0.557138,
        "nauc_precision_at_10_max": 0.669471,
        "nauc_precision_at_10_std": 0.307605,
        "nauc_precision_at_10_diff1": 0.267047,
        "nauc_precision_at_20_max": 0.934985,
        "nauc_precision_at_20_std": 0.934985,
        "nauc_precision_at_20_diff1": 0.679119,
        "nauc_precision_at_100_max": 1.0,
        "nauc_precision_at_100_std": 1.0,
        "nauc_precision_at_100_diff1": 1.0,
        "nauc_precision_at_1000_max": 1.0,
        "nauc_precision_at_1000_std": 1.0,
        "nauc_precision_at_1000_diff1": 1.0,
        "nauc_mrr_at_1_max": 0.382888,
        "nauc_mrr_at_1_std": -0.071779,
        "nauc_mrr_at_1_diff1": 0.634914,
        "nauc_mrr_at_3_max": 0.444956,
        "nauc_mrr_at_3_std": 0.033672,
        "nauc_mrr_at_3_diff1": 0.611919,
        "nauc_mrr_at_5_max": 0.452215,
        "nauc_mrr_at_5_std": 0.052092,
        "nauc_mrr_at_5_diff1": 0.607922,
        "nauc_mrr_at_10_max": 0.444232,
        "nauc_mrr_at_10_std": 0.035429,
        "nauc_mrr_at_10_diff1": 0.599297,
        "nauc_mrr_at_20_max": 0.44318,
        "nauc_mrr_at_20_std": 0.03568,
        "nauc_mrr_at_20_diff1": 0.606319,
        "nauc_mrr_at_100_max": 0.441434,
        "nauc_mrr_at_100_std": 0.032544,
        "nauc_mrr_at_100_diff1": 0.605734,
        "nauc_mrr_at_1000_max": 0.441434,
        "nauc_mrr_at_1000_std": 0.032544,
        "nauc_mrr_at_1000_diff1": 0.605734,
        "main_score": 0.71442,
        "hf_subset": "default",
        "languages": [
          "tur-Latn"
        ]
      }
    ]
  },
  "evaluation_time": 20.2827250957489,
  "kg_co2_emissions": null
}