{
  "dataset_revision": "main",
  "task_name": "MSMarcoTRRetrieval",
  "mteb_version": "1.31.3",
  "scores": {
    "test": [
      {
        "ndcg_at_1": 0.53533,
        "ndcg_at_3": 0.55307,
        "ndcg_at_5": 0.55668,
        "ndcg_at_10": 0.5582,
        "ndcg_at_20": 0.55935,
        "ndcg_at_100": 0.56016,
        "ndcg_at_1000": 0.56053,
        "map_at_1": 0.53533,
        "map_at_3": 0.54899,
        "map_at_5": 0.55097,
        "map_at_10": 0.55165,
        "map_at_20": 0.55199,
        "map_at_100": 0.5521,
        "map_at_1000": 0.55211,
        "recall_at_1": 0.53533,
        "recall_at_3": 0.56477,
        "recall_at_5": 0.5736,
        "recall_at_10": 0.57802,
        "recall_at_20": 0.58243,
        "recall_at_100": 0.58685,
        "recall_at_1000": 0.58979,
        "precision_at_1": 0.53533,
        "precision_at_3": 0.18826,
        "precision_at_5": 0.11472,
        "precision_at_10": 0.0578,
        "precision_at_20": 0.02912,
        "precision_at_100": 0.00587,
        "precision_at_1000": 0.00059,
        "mrr_at_1": 0.535329,
        "mrr_at_3": 0.548986,
        "mrr_at_5": 0.550973,
        "mrr_at_10": 0.551654,
        "mrr_at_20": 0.55199,
        "mrr_at_100": 0.552099,
        "mrr_at_1000": 0.552112,
        "nauc_ndcg_at_1_max": 0.876731,
        "nauc_ndcg_at_1_std": 0.181272,
        "nauc_ndcg_at_1_diff1": 0.887902,
        "nauc_ndcg_at_3_max": 0.875472,
        "nauc_ndcg_at_3_std": 0.193322,
        "nauc_ndcg_at_3_diff1": 0.870441,
        "nauc_ndcg_at_5_max": 0.872135,
        "nauc_ndcg_at_5_std": 0.195447,
        "nauc_ndcg_at_5_diff1": 0.866756,
        "nauc_ndcg_at_10_max": 0.87015,
        "nauc_ndcg_at_10_std": 0.194203,
        "nauc_ndcg_at_10_diff1": 0.864939,
        "nauc_ndcg_at_20_max": 0.868935,
        "nauc_ndcg_at_20_std": 0.194387,
        "nauc_ndcg_at_20_diff1": 0.863478,
        "nauc_ndcg_at_100_max": 0.867945,
        "nauc_ndcg_at_100_std": 0.194165,
        "nauc_ndcg_at_100_diff1": 0.862628,
        "nauc_ndcg_at_1000_max": 0.867537,
        "nauc_ndcg_at_1000_std": 0.193729,
        "nauc_ndcg_at_1000_diff1": 0.86216,
        "nauc_map_at_1_max": 0.876731,
        "nauc_map_at_1_std": 0.181272,
        "nauc_map_at_1_diff1": 0.887902,
        "nauc_map_at_3_max": 0.876009,
        "nauc_map_at_3_std": 0.190889,
        "nauc_map_at_3_diff1": 0.874644,
        "nauc_map_at_5_max": 0.874204,
        "nauc_map_at_5_std": 0.192069,
        "nauc_map_at_5_diff1": 0.872649,
        "nauc_map_at_10_max": 0.873327,
        "nauc_map_at_10_std": 0.191513,
        "nauc_map_at_10_diff1": 0.871848,
        "nauc_map_at_20_max": 0.872974,
        "nauc_map_at_20_std": 0.191586,
        "nauc_map_at_20_diff1": 0.871414,
        "nauc_map_at_100_max": 0.872846,
        "nauc_map_at_100_std": 0.191608,
        "nauc_map_at_100_diff1": 0.871297,
        "nauc_map_at_1000_max": 0.872832,
        "nauc_map_at_1000_std": 0.191593,
        "nauc_map_at_1000_diff1": 0.871279,
        "nauc_recall_at_1_max": 0.876731,
        "nauc_recall_at_1_std": 0.181272,
        "nauc_recall_at_1_diff1": 0.887902,
        "nauc_recall_at_3_max": 0.873799,
        "nauc_recall_at_3_std": 0.200249,
        "nauc_recall_at_3_diff1": 0.85813,
        "nauc_recall_at_5_max": 0.865383,
        "nauc_recall_at_5_std": 0.205515,
        "nauc_recall_at_5_diff1": 0.848777,
        "nauc_recall_at_10_max": 0.859434,
        "nauc_recall_at_10_std": 0.201868,
        "nauc_recall_at_10_diff1": 0.843275,
        "nauc_recall_at_20_max": 0.854617,
        "nauc_recall_at_20_std": 0.202468,
        "nauc_recall_at_20_diff1": 0.837538,
        "nauc_recall_at_100_max": 0.848932,
        "nauc_recall_at_100_std": 0.200473,
        "nauc_recall_at_100_diff1": 0.832726,
        "nauc_recall_at_1000_max": 0.845456,
        "nauc_recall_at_1000_std": 0.196891,
        "nauc_recall_at_1000_diff1": 0.828867,
        "nauc_precision_at_1_max": 0.876731,
        "nauc_precision_at_1_std": 0.181272,
        "nauc_precision_at_1_diff1": 0.887902,
        "nauc_precision_at_3_max": 0.873799,
        "nauc_precision_at_3_std": 0.200249,
        "nauc_precision_at_3_diff1": 0.85813,
        "nauc_precision_at_5_max": 0.865383,
        "nauc_precision_at_5_std": 0.205515,
        "nauc_precision_at_5_diff1": 0.848777,
        "nauc_precision_at_10_max": 0.859434,
        "nauc_precision_at_10_std": 0.201868,
        "nauc_precision_at_10_diff1": 0.843275,
        "nauc_precision_at_20_max": 0.854617,
        "nauc_precision_at_20_std": 0.202468,
        "nauc_precision_at_20_diff1": 0.837538,
        "nauc_precision_at_100_max": 0.848932,
        "nauc_precision_at_100_std": 0.200473,
        "nauc_precision_at_100_diff1": 0.832726,
        "nauc_precision_at_1000_max": 0.845456,
        "nauc_precision_at_1000_std": 0.196891,
        "nauc_precision_at_1000_diff1": 0.828867,
        "nauc_mrr_at_1_max": 0.876731,
        "nauc_mrr_at_1_std": 0.181272,
        "nauc_mrr_at_1_diff1": 0.887902,
        "nauc_mrr_at_3_max": 0.876009,
        "nauc_mrr_at_3_std": 0.190889,
        "nauc_mrr_at_3_diff1": 0.874644,
        "nauc_mrr_at_5_max": 0.874204,
        "nauc_mrr_at_5_std": 0.192069,
        "nauc_mrr_at_5_diff1": 0.872649,
        "nauc_mrr_at_10_max": 0.873327,
        "nauc_mrr_at_10_std": 0.191513,
        "nauc_mrr_at_10_diff1": 0.871848,
        "nauc_mrr_at_20_max": 0.872974,
        "nauc_mrr_at_20_std": 0.191586,
        "nauc_mrr_at_20_diff1": 0.871414,
        "nauc_mrr_at_100_max": 0.872846,
        "nauc_mrr_at_100_std": 0.191608,
        "nauc_mrr_at_100_diff1": 0.871297,
        "nauc_mrr_at_1000_max": 0.872832,
        "nauc_mrr_at_1000_std": 0.191593,
        "nauc_mrr_at_1000_diff1": 0.871279,
        "main_score": 0.5582,
        "hf_subset": "default",
        "languages": [
          "tur-Latn"
        ]
      }
    ]
  },
  "evaluation_time": 21.496273040771484,
  "kg_co2_emissions": null
}