{
  "dataset_revision": "main",
  "task_name": "MSMarcoTRRetrieval",
  "mteb_version": "1.31.3",
  "scores": {
    "test": [
      {
        "ndcg_at_1": 0.54425,
        "ndcg_at_3": 0.56213,
        "ndcg_at_5": 0.56617,
        "ndcg_at_10": 0.56843,
        "ndcg_at_20": 0.56894,
        "ndcg_at_100": 0.5699,
        "ndcg_at_1000": 0.57033,
        "map_at_1": 0.54425,
        "map_at_3": 0.55811,
        "map_at_5": 0.56036,
        "map_at_10": 0.56132,
        "map_at_20": 0.56147,
        "map_at_100": 0.56159,
        "map_at_1000": 0.56161,
        "recall_at_1": 0.54425,
        "recall_at_3": 0.57359,
        "recall_at_5": 0.58337,
        "recall_at_10": 0.59022,
        "recall_at_20": 0.59218,
        "recall_at_100": 0.59756,
        "recall_at_1000": 0.60098,
        "precision_at_1": 0.54425,
        "precision_at_3": 0.1912,
        "precision_at_5": 0.11667,
        "precision_at_10": 0.05902,
        "precision_at_20": 0.02961,
        "precision_at_100": 0.00598,
        "precision_at_1000": 0.0006,
        "mrr_at_1": 0.544254,
        "mrr_at_3": 0.558109,
        "mrr_at_5": 0.560359,
        "mrr_at_10": 0.561318,
        "mrr_at_20": 0.561473,
        "mrr_at_100": 0.561592,
        "mrr_at_1000": 0.561607,
        "nauc_ndcg_at_1_max": 0.867934,
        "nauc_ndcg_at_1_std": 0.157938,
        "nauc_ndcg_at_1_diff1": 0.882157,
        "nauc_ndcg_at_3_max": 0.870271,
        "nauc_ndcg_at_3_std": 0.171812,
        "nauc_ndcg_at_3_diff1": 0.865413,
        "nauc_ndcg_at_5_max": 0.867052,
        "nauc_ndcg_at_5_std": 0.17096,
        "nauc_ndcg_at_5_diff1": 0.861803,
        "nauc_ndcg_at_10_max": 0.865217,
        "nauc_ndcg_at_10_std": 0.169934,
        "nauc_ndcg_at_10_diff1": 0.859675,
        "nauc_ndcg_at_20_max": 0.864633,
        "nauc_ndcg_at_20_std": 0.170637,
        "nauc_ndcg_at_20_diff1": 0.858622,
        "nauc_ndcg_at_100_max": 0.863321,
        "nauc_ndcg_at_100_std": 0.169081,
        "nauc_ndcg_at_100_diff1": 0.857578,
        "nauc_ndcg_at_1000_max": 0.862673,
        "nauc_ndcg_at_1000_std": 0.169242,
        "nauc_ndcg_at_1000_diff1": 0.856917,
        "nauc_map_at_1_max": 0.867934,
        "nauc_map_at_1_std": 0.157938,
        "nauc_map_at_1_diff1": 0.882157,
        "nauc_map_at_3_max": 0.86987,
        "nauc_map_at_3_std": 0.168416,
        "nauc_map_at_3_diff1": 0.869366,
        "nauc_map_at_5_max": 0.868122,
        "nauc_map_at_5_std": 0.167998,
        "nauc_map_at_5_diff1": 0.867383,
        "nauc_map_at_10_max": 0.867349,
        "nauc_map_at_10_std": 0.167504,
        "nauc_map_at_10_diff1": 0.866507,
        "nauc_map_at_20_max": 0.867178,
        "nauc_map_at_20_std": 0.167722,
        "nauc_map_at_20_diff1": 0.866195,
        "nauc_map_at_100_max": 0.867016,
        "nauc_map_at_100_std": 0.167553,
        "nauc_map_at_100_diff1": 0.866045,
        "nauc_map_at_1000_max": 0.866993,
        "nauc_map_at_1000_std": 0.167564,
        "nauc_map_at_1000_diff1": 0.866019,
        "nauc_recall_at_1_max": 0.867934,
        "nauc_recall_at_1_std": 0.157938,
        "nauc_recall_at_1_diff1": 0.882157,
        "nauc_recall_at_3_max": 0.871377,
        "nauc_recall_at_3_std": 0.181781,
        "nauc_recall_at_3_diff1": 0.853869,
        "nauc_recall_at_5_max": 0.863303,
        "nauc_recall_at_5_std": 0.179524,
        "nauc_recall_at_5_diff1": 0.844822,
        "nauc_recall_at_10_max": 0.857581,
        "nauc_recall_at_10_std": 0.176716,
        "nauc_recall_at_10_diff1": 0.838004,
        "nauc_recall_at_20_max": 0.855289,
        "nauc_recall_at_20_std": 0.179382,
        "nauc_recall_at_20_diff1": 0.833892,
        "nauc_recall_at_100_max": 0.847609,
        "nauc_recall_at_100_std": 0.170032,
        "nauc_recall_at_100_diff1": 0.827973,
        "nauc_recall_at_1000_max": 0.842239,
        "nauc_recall_at_1000_std": 0.171122,
        "nauc_recall_at_1000_diff1": 0.822573,
        "nauc_precision_at_1_max": 0.867934,
        "nauc_precision_at_1_std": 0.157938,
        "nauc_precision_at_1_diff1": 0.882157,
        "nauc_precision_at_3_max": 0.871377,
        "nauc_precision_at_3_std": 0.181781,
        "nauc_precision_at_3_diff1": 0.853869,
        "nauc_precision_at_5_max": 0.863303,
        "nauc_precision_at_5_std": 0.179524,
        "nauc_precision_at_5_diff1": 0.844822,
        "nauc_precision_at_10_max": 0.857581,
        "nauc_precision_at_10_std": 0.176716,
        "nauc_precision_at_10_diff1": 0.838004,
        "nauc_precision_at_20_max": 0.855289,
        "nauc_precision_at_20_std": 0.179382,
        "nauc_precision_at_20_diff1": 0.833892,
        "nauc_precision_at_100_max": 0.847609,
        "nauc_precision_at_100_std": 0.170032,
        "nauc_precision_at_100_diff1": 0.827973,
        "nauc_precision_at_1000_max": 0.842239,
        "nauc_precision_at_1000_std": 0.171122,
        "nauc_precision_at_1000_diff1": 0.822573,
        "nauc_mrr_at_1_max": 0.867934,
        "nauc_mrr_at_1_std": 0.157938,
        "nauc_mrr_at_1_diff1": 0.882157,
        "nauc_mrr_at_3_max": 0.86987,
        "nauc_mrr_at_3_std": 0.168416,
        "nauc_mrr_at_3_diff1": 0.869366,
        "nauc_mrr_at_5_max": 0.868122,
        "nauc_mrr_at_5_std": 0.167998,
        "nauc_mrr_at_5_diff1": 0.867383,
        "nauc_mrr_at_10_max": 0.867349,
        "nauc_mrr_at_10_std": 0.167504,
        "nauc_mrr_at_10_diff1": 0.866507,
        "nauc_mrr_at_20_max": 0.867178,
        "nauc_mrr_at_20_std": 0.167722,
        "nauc_mrr_at_20_diff1": 0.866195,
        "nauc_mrr_at_100_max": 0.867016,
        "nauc_mrr_at_100_std": 0.167553,
        "nauc_mrr_at_100_diff1": 0.866045,
        "nauc_mrr_at_1000_max": 0.866993,
        "nauc_mrr_at_1000_std": 0.167564,
        "nauc_mrr_at_1000_diff1": 0.866019,
        "main_score": 0.56843,
        "hf_subset": "default",
        "languages": [
          "tur-Latn"
        ]
      }
    ]
  },
  "evaluation_time": 9.08470344543457,
  "kg_co2_emissions": null
}