{
  "dataset_revision": "main",
  "task_name": "NFCorpusTR",
  "mteb_version": "1.31.3",
  "scores": {
    "test": [
      {
        "ndcg_at_1": 0.04331,
        "ndcg_at_3": 0.05521,
        "ndcg_at_5": 0.06504,
        "ndcg_at_10": 0.07787,
        "ndcg_at_20": 0.08984,
        "ndcg_at_100": 0.11509,
        "ndcg_at_1000": 0.17424,
        "map_at_1": 0.04331,
        "map_at_3": 0.05249,
        "map_at_5": 0.05801,
        "map_at_10": 0.06335,
        "map_at_20": 0.06665,
        "map_at_100": 0.0698,
        "map_at_1000": 0.07132,
        "recall_at_1": 0.04331,
        "recall_at_3": 0.06299,
        "recall_at_5": 0.08661,
        "recall_at_10": 0.12598,
        "recall_at_20": 0.17323,
        "recall_at_100": 0.31496,
        "recall_at_1000": 0.82283,
        "precision_at_1": 0.04331,
        "precision_at_3": 0.021,
        "precision_at_5": 0.01732,
        "precision_at_10": 0.0126,
        "precision_at_20": 0.00866,
        "precision_at_100": 0.00315,
        "precision_at_1000": 0.00082,
        "mrr_at_1": 0.043307,
        "mrr_at_3": 0.051837,
        "mrr_at_5": 0.057349,
        "mrr_at_10": 0.062698,
        "mrr_at_20": 0.065991,
        "mrr_at_100": 0.069142,
        "mrr_at_1000": 0.070668,
        "nauc_ndcg_at_1_max": 0.194002,
        "nauc_ndcg_at_1_std": -0.064223,
        "nauc_ndcg_at_1_diff1": 0.441318,
        "nauc_ndcg_at_3_max": 0.182277,
        "nauc_ndcg_at_3_std": -0.074879,
        "nauc_ndcg_at_3_diff1": 0.424755,
        "nauc_ndcg_at_5_max": 0.233122,
        "nauc_ndcg_at_5_std": -0.009485,
        "nauc_ndcg_at_5_diff1": 0.389364,
        "nauc_ndcg_at_10_max": 0.2186,
        "nauc_ndcg_at_10_std": 0.00856,
        "nauc_ndcg_at_10_diff1": 0.326669,
        "nauc_ndcg_at_20_max": 0.239431,
        "nauc_ndcg_at_20_std": 0.078689,
        "nauc_ndcg_at_20_diff1": 0.303116,
        "nauc_ndcg_at_100_max": 0.225619,
        "nauc_ndcg_at_100_std": 0.11429,
        "nauc_ndcg_at_100_diff1": 0.258775,
        "nauc_ndcg_at_1000_max": 0.22527,
        "nauc_ndcg_at_1000_std": 0.093997,
        "nauc_ndcg_at_1000_diff1": 0.265348,
        "nauc_map_at_1_max": 0.194002,
        "nauc_map_at_1_std": -0.064223,
        "nauc_map_at_1_diff1": 0.441318,
        "nauc_map_at_3_max": 0.184684,
        "nauc_map_at_3_std": -0.078126,
        "nauc_map_at_3_diff1": 0.430561,
        "nauc_map_at_5_max": 0.215393,
        "nauc_map_at_5_std": -0.038267,
        "nauc_map_at_5_diff1": 0.407969,
        "nauc_map_at_10_max": 0.21094,
        "nauc_map_at_10_std": -0.025782,
        "nauc_map_at_10_diff1": 0.374476,
        "nauc_map_at_20_max": 0.218476,
        "nauc_map_at_20_std": -0.00045,
        "nauc_map_at_20_diff1": 0.365098,
        "nauc_map_at_100_max": 0.216407,
        "nauc_map_at_100_std": 0.007482,
        "nauc_map_at_100_diff1": 0.354666,
        "nauc_map_at_1000_max": 0.216164,
        "nauc_map_at_1000_std": 0.006972,
        "nauc_map_at_1000_diff1": 0.354638,
        "nauc_recall_at_1_max": 0.194002,
        "nauc_recall_at_1_std": -0.064223,
        "nauc_recall_at_1_diff1": 0.441318,
        "nauc_recall_at_3_max": 0.176463,
        "nauc_recall_at_3_std": -0.065223,
        "nauc_recall_at_3_diff1": 0.409929,
        "nauc_recall_at_5_max": 0.272683,
        "nauc_recall_at_5_std": 0.054523,
        "nauc_recall_at_5_diff1": 0.349503,
        "nauc_recall_at_10_max": 0.22914,
        "nauc_recall_at_10_std": 0.069315,
        "nauc_recall_at_10_diff1": 0.238484,
        "nauc_recall_at_20_max": 0.27348,
        "nauc_recall_at_20_std": 0.213743,
        "nauc_recall_at_20_diff1": 0.203211,
        "nauc_recall_at_100_max": 0.228896,
        "nauc_recall_at_100_std": 0.271436,
        "nauc_recall_at_100_diff1": 0.120884,
        "nauc_recall_at_1000_max": 0.243977,
        "nauc_recall_at_1000_std": 0.281151,
        "nauc_recall_at_1000_diff1": 0.044252,
        "nauc_precision_at_1_max": 0.194002,
        "nauc_precision_at_1_std": -0.064223,
        "nauc_precision_at_1_diff1": 0.441318,
        "nauc_precision_at_3_max": 0.176463,
        "nauc_precision_at_3_std": -0.065223,
        "nauc_precision_at_3_diff1": 0.409929,
        "nauc_precision_at_5_max": 0.272683,
        "nauc_precision_at_5_std": 0.054523,
        "nauc_precision_at_5_diff1": 0.349503,
        "nauc_precision_at_10_max": 0.22914,
        "nauc_precision_at_10_std": 0.069315,
        "nauc_precision_at_10_diff1": 0.238484,
        "nauc_precision_at_20_max": 0.27348,
        "nauc_precision_at_20_std": 0.213743,
        "nauc_precision_at_20_diff1": 0.203211,
        "nauc_precision_at_100_max": 0.228896,
        "nauc_precision_at_100_std": 0.271436,
        "nauc_precision_at_100_diff1": 0.120884,
        "nauc_precision_at_1000_max": 0.243977,
        "nauc_precision_at_1000_std": 0.281151,
        "nauc_precision_at_1000_diff1": 0.044252,
        "nauc_mrr_at_1_max": 0.194002,
        "nauc_mrr_at_1_std": -0.064223,
        "nauc_mrr_at_1_diff1": 0.441318,
        "nauc_mrr_at_3_max": 0.182939,
        "nauc_mrr_at_3_std": -0.075098,
        "nauc_mrr_at_3_diff1": 0.423353,
        "nauc_mrr_at_5_max": 0.214167,
        "nauc_mrr_at_5_std": -0.035074,
        "nauc_mrr_at_5_diff1": 0.401195,
        "nauc_mrr_at_10_max": 0.209749,
        "nauc_mrr_at_10_std": -0.022672,
        "nauc_mrr_at_10_diff1": 0.367803,
        "nauc_mrr_at_20_max": 0.217403,
        "nauc_mrr_at_20_std": 0.002815,
        "nauc_mrr_at_20_diff1": 0.358556,
        "nauc_mrr_at_100_max": 0.215336,
        "nauc_mrr_at_100_std": 0.010759,
        "nauc_mrr_at_100_diff1": 0.348155,
        "nauc_mrr_at_1000_max": 0.215088,
        "nauc_mrr_at_1000_std": 0.01025,
        "nauc_mrr_at_1000_diff1": 0.348114,
        "main_score": 0.07787,
        "hf_subset": "default",
        "languages": [
          "tur-Latn"
        ]
      }
    ]
  },
  "evaluation_time": 23.683682441711426,
  "kg_co2_emissions": null
}