{
  "dataset_revision": "main",
  "task_name": "QuoraRetrievalTR",
  "mteb_version": "1.31.3",
  "scores": {
    "test": [
      {
        "ndcg_at_1": 0.90066,
        "ndcg_at_3": 0.94298,
        "ndcg_at_5": 0.94894,
        "ndcg_at_10": 0.9513,
        "ndcg_at_20": 0.95231,
        "ndcg_at_100": 0.9529,
        "ndcg_at_1000": 0.95304,
        "map_at_1": 0.90066,
        "map_at_3": 0.93341,
        "map_at_5": 0.93675,
        "map_at_10": 0.93776,
        "map_at_20": 0.93806,
        "map_at_100": 0.93813,
        "map_at_1000": 0.93814,
        "recall_at_1": 0.90066,
        "recall_at_3": 0.97036,
        "recall_at_5": 0.98463,
        "recall_at_10": 0.99177,
        "recall_at_20": 0.99561,
        "recall_at_100": 0.9989,
        "recall_at_1000": 1.0,
        "precision_at_1": 0.90066,
        "precision_at_3": 0.32345,
        "precision_at_5": 0.19693,
        "precision_at_10": 0.09918,
        "precision_at_20": 0.04978,
        "precision_at_100": 0.00999,
        "precision_at_1000": 0.001,
        "mrr_at_1": 0.900659,
        "mrr_at_3": 0.933407,
        "mrr_at_5": 0.936754,
        "mrr_at_10": 0.937761,
        "mrr_at_20": 0.938061,
        "mrr_at_100": 0.938135,
        "mrr_at_1000": 0.938139,
        "nauc_ndcg_at_1_max": 0.365974,
        "nauc_ndcg_at_1_std": -0.406162,
        "nauc_ndcg_at_1_diff1": 0.895296,
        "nauc_ndcg_at_3_max": 0.467737,
        "nauc_ndcg_at_3_std": -0.45279,
        "nauc_ndcg_at_3_diff1": 0.899386,
        "nauc_ndcg_at_5_max": 0.437313,
        "nauc_ndcg_at_5_std": -0.474238,
        "nauc_ndcg_at_5_diff1": 0.899906,
        "nauc_ndcg_at_10_max": 0.430765,
        "nauc_ndcg_at_10_std": -0.441216,
        "nauc_ndcg_at_10_diff1": 0.898208,
        "nauc_ndcg_at_20_max": 0.424937,
        "nauc_ndcg_at_20_std": -0.431665,
        "nauc_ndcg_at_20_diff1": 0.896874,
        "nauc_ndcg_at_100_max": 0.421733,
        "nauc_ndcg_at_100_std": -0.441478,
        "nauc_ndcg_at_100_diff1": 0.898742,
        "nauc_ndcg_at_1000_max": 0.420226,
        "nauc_ndcg_at_1000_std": -0.440991,
        "nauc_ndcg_at_1000_diff1": 0.898444,
        "nauc_map_at_1_max": 0.365974,
        "nauc_map_at_1_std": -0.406162,
        "nauc_map_at_1_diff1": 0.895296,
        "nauc_map_at_3_max": 0.432861,
        "nauc_map_at_3_std": -0.442438,
        "nauc_map_at_3_diff1": 0.898777,
        "nauc_map_at_5_max": 0.417298,
        "nauc_map_at_5_std": -0.452143,
        "nauc_map_at_5_diff1": 0.899038,
        "nauc_map_at_10_max": 0.414455,
        "nauc_map_at_10_std": -0.44163,
        "nauc_map_at_10_diff1": 0.898467,
        "nauc_map_at_20_max": 0.413088,
        "nauc_map_at_20_std": -0.439523,
        "nauc_map_at_20_diff1": 0.898178,
        "nauc_map_at_100_max": 0.412912,
        "nauc_map_at_100_std": -0.44022,
        "nauc_map_at_100_diff1": 0.898384,
        "nauc_map_at_1000_max": 0.412875,
        "nauc_map_at_1000_std": -0.440203,
        "nauc_map_at_1000_diff1": 0.898377,
        "nauc_recall_at_1_max": 0.365974,
        "nauc_recall_at_1_std": -0.406162,
        "nauc_recall_at_1_diff1": 0.895296,
        "nauc_recall_at_3_max": 0.69227,
        "nauc_recall_at_3_std": -0.513961,
        "nauc_recall_at_3_diff1": 0.902531,
        "nauc_recall_at_5_max": 0.656798,
        "nauc_recall_at_5_std": -0.732796,
        "nauc_recall_at_5_diff1": 0.908637,
        "nauc_recall_at_10_max": 0.743326,
        "nauc_recall_at_10_std": -0.333341,
        "nauc_recall_at_10_diff1": 0.885319,
        "nauc_recall_at_20_max": 0.77193,
        "nauc_recall_at_20_std": 0.162457,
        "nauc_recall_at_20_diff1": 0.817649,
        "nauc_recall_at_100_max": 0.934648,
        "nauc_recall_at_100_std": -0.593381,
        "nauc_recall_at_100_diff1": 1.0,
        "nauc_recall_at_1000_max": NaN,
        "nauc_recall_at_1000_std": NaN,
        "nauc_recall_at_1000_diff1": NaN,
        "nauc_precision_at_1_max": 0.365974,
        "nauc_precision_at_1_std": -0.406162,
        "nauc_precision_at_1_diff1": 0.895296,
        "nauc_precision_at_3_max": 0.69227,
        "nauc_precision_at_3_std": -0.513961,
        "nauc_precision_at_3_diff1": 0.902531,
        "nauc_precision_at_5_max": 0.656798,
        "nauc_precision_at_5_std": -0.732796,
        "nauc_precision_at_5_diff1": 0.908637,
        "nauc_precision_at_10_max": 0.743326,
        "nauc_precision_at_10_std": -0.333341,
        "nauc_precision_at_10_diff1": 0.885319,
        "nauc_precision_at_20_max": 0.77193,
        "nauc_precision_at_20_std": 0.162457,
        "nauc_precision_at_20_diff1": 0.817649,
        "nauc_precision_at_100_max": 0.934648,
        "nauc_precision_at_100_std": -0.593381,
        "nauc_precision_at_100_diff1": 1.0,
        "nauc_precision_at_1000_max": 1.0,
        "nauc_precision_at_1000_std": 1.0,
        "nauc_precision_at_1000_diff1": 1.0,
        "nauc_mrr_at_1_max": 0.374646,
        "nauc_mrr_at_1_std": -0.402909,
        "nauc_mrr_at_1_diff1": 0.895296,
        "nauc_mrr_at_3_max": 0.439329,
        "nauc_mrr_at_3_std": -0.440011,
        "nauc_mrr_at_3_diff1": 0.898777,
        "nauc_mrr_at_5_max": 0.424108,
        "nauc_mrr_at_5_std": -0.449587,
        "nauc_mrr_at_5_diff1": 0.899038,
        "nauc_mrr_at_10_max": 0.421376,
        "nauc_mrr_at_10_std": -0.439033,
        "nauc_mrr_at_10_diff1": 0.898467,
        "nauc_mrr_at_20_max": 0.420043,
        "nauc_mrr_at_20_std": -0.436914,
        "nauc_mrr_at_20_diff1": 0.898178,
        "nauc_mrr_at_100_max": 0.419875,
        "nauc_mrr_at_100_std": -0.437608,
        "nauc_mrr_at_100_diff1": 0.898384,
        "nauc_mrr_at_1000_max": 0.419838,
        "nauc_mrr_at_1000_std": -0.437591,
        "nauc_mrr_at_1000_diff1": 0.898377,
        "main_score": 0.9513,
        "hf_subset": "default",
        "languages": [
          "tur-Latn"
        ]
      }
    ]
  },
  "evaluation_time": 6.437574148178101,
  "kg_co2_emissions": null
}