{
  "dataset_revision": "main",
  "task_name": "SCIDOCSTR",
  "mteb_version": "1.31.3",
  "scores": {
    "test": [
      {
        "ndcg_at_1": 0.08333,
        "ndcg_at_3": 0.1,
        "ndcg_at_5": 0.12007,
        "ndcg_at_10": 0.14046,
        "ndcg_at_20": 0.17325,
        "ndcg_at_100": 0.29467,
        "ndcg_at_1000": 0.29467,
        "map_at_1": 0.08333,
        "map_at_3": 0.09444,
        "map_at_5": 0.10528,
        "map_at_10": 0.11306,
        "map_at_20": 0.12155,
        "map_at_100": 0.13941,
        "map_at_1000": 0.13941,
        "recall_at_1": 0.08333,
        "recall_at_3": 0.11667,
        "recall_at_5": 0.16667,
        "recall_at_10": 0.23333,
        "recall_at_20": 0.36667,
        "recall_at_100": 1.0,
        "recall_at_1000": 1.0,
        "precision_at_1": 0.08333,
        "precision_at_3": 0.03889,
        "precision_at_5": 0.03333,
        "precision_at_10": 0.02333,
        "precision_at_20": 0.01833,
        "precision_at_100": 0.01,
        "precision_at_1000": 0.001,
        "mrr_at_1": 0.083333,
        "mrr_at_3": 0.094444,
        "mrr_at_5": 0.105278,
        "mrr_at_10": 0.113056,
        "mrr_at_20": 0.121552,
        "mrr_at_100": 0.139414,
        "mrr_at_1000": 0.139414,
        "nauc_ndcg_at_1_max": 0.564851,
        "nauc_ndcg_at_1_std": 0.549235,
        "nauc_ndcg_at_1_diff1": 0.353743,
        "nauc_ndcg_at_3_max": 0.568885,
        "nauc_ndcg_at_3_std": 0.555494,
        "nauc_ndcg_at_3_diff1": 0.368535,
        "nauc_ndcg_at_5_max": 0.483842,
        "nauc_ndcg_at_5_std": 0.457417,
        "nauc_ndcg_at_5_diff1": 0.339927,
        "nauc_ndcg_at_10_max": 0.396633,
        "nauc_ndcg_at_10_std": 0.422436,
        "nauc_ndcg_at_10_diff1": 0.257041,
        "nauc_ndcg_at_20_max": 0.401978,
        "nauc_ndcg_at_20_std": 0.4032,
        "nauc_ndcg_at_20_diff1": 0.212708,
        "nauc_ndcg_at_100_max": 0.440318,
        "nauc_ndcg_at_100_std": 0.44024,
        "nauc_ndcg_at_100_diff1": 0.281362,
        "nauc_ndcg_at_1000_max": 0.440318,
        "nauc_ndcg_at_1000_std": 0.44024,
        "nauc_ndcg_at_1000_diff1": 0.281362,
        "nauc_map_at_1_max": 0.564851,
        "nauc_map_at_1_std": 0.549235,
        "nauc_map_at_1_diff1": 0.353743,
        "nauc_map_at_3_max": 0.567674,
        "nauc_map_at_3_std": 0.553616,
        "nauc_map_at_3_diff1": 0.364096,
        "nauc_map_at_5_max": 0.518823,
        "nauc_map_at_5_std": 0.49636,
        "nauc_map_at_5_diff1": 0.348399,
        "nauc_map_at_10_max": 0.479642,
        "nauc_map_at_10_std": 0.485637,
        "nauc_map_at_10_diff1": 0.310246,
        "nauc_map_at_20_max": 0.478667,
        "nauc_map_at_20_std": 0.476877,
        "nauc_map_at_20_diff1": 0.295458,
        "nauc_map_at_100_max": 0.479277,
        "nauc_map_at_100_std": 0.476605,
        "nauc_map_at_100_diff1": 0.306655,
        "nauc_map_at_1000_max": 0.479277,
        "nauc_map_at_1000_std": 0.476605,
        "nauc_map_at_1000_diff1": 0.306655,
        "nauc_recall_at_1_max": 0.564851,
        "nauc_recall_at_1_std": 0.549235,
        "nauc_recall_at_1_diff1": 0.353743,
        "nauc_recall_at_3_max": 0.571912,
        "nauc_recall_at_3_std": 0.560192,
        "nauc_recall_at_3_diff1": 0.379637,
        "nauc_recall_at_5_max": 0.403413,
        "nauc_recall_at_5_std": 0.368321,
        "nauc_recall_at_5_diff1": 0.319361,
        "nauc_recall_at_10_max": 0.221133,
        "nauc_recall_at_10_std": 0.287079,
        "nauc_recall_at_10_diff1": 0.141619,
        "nauc_recall_at_20_max": 0.263265,
        "nauc_recall_at_20_std": 0.263265,
        "nauc_recall_at_20_diff1": 0.044906,
        "nauc_recall_at_100_max": NaN,
        "nauc_recall_at_100_std": NaN,
        "nauc_recall_at_100_diff1": NaN,
        "nauc_recall_at_1000_max": NaN,
        "nauc_recall_at_1000_std": NaN,
        "nauc_recall_at_1000_diff1": NaN,
        "nauc_precision_at_1_max": 0.564851,
        "nauc_precision_at_1_std": 0.549235,
        "nauc_precision_at_1_diff1": 0.353743,
        "nauc_precision_at_3_max": 0.571912,
        "nauc_precision_at_3_std": 0.560192,
        "nauc_precision_at_3_diff1": 0.379637,
        "nauc_precision_at_5_max": 0.403413,
        "nauc_precision_at_5_std": 0.368321,
        "nauc_precision_at_5_diff1": 0.319361,
        "nauc_precision_at_10_max": 0.221133,
        "nauc_precision_at_10_std": 0.287079,
        "nauc_precision_at_10_diff1": 0.141619,
        "nauc_precision_at_20_max": 0.263265,
        "nauc_precision_at_20_std": 0.263265,
        "nauc_precision_at_20_diff1": 0.044906,
        "nauc_precision_at_100_max": 1.0,
        "nauc_precision_at_100_std": 1.0,
        "nauc_precision_at_100_diff1": 1.0,
        "nauc_precision_at_1000_max": 1.0,
        "nauc_precision_at_1000_std": 1.0,
        "nauc_precision_at_1000_diff1": 1.0,
        "nauc_mrr_at_1_max": 0.564851,
        "nauc_mrr_at_1_std": 0.549235,
        "nauc_mrr_at_1_diff1": 0.353743,
        "nauc_mrr_at_3_max": 0.567674,
        "nauc_mrr_at_3_std": 0.553616,
        "nauc_mrr_at_3_diff1": 0.364096,
        "nauc_mrr_at_5_max": 0.518823,
        "nauc_mrr_at_5_std": 0.49636,
        "nauc_mrr_at_5_diff1": 0.348399,
        "nauc_mrr_at_10_max": 0.479642,
        "nauc_mrr_at_10_std": 0.485637,
        "nauc_mrr_at_10_diff1": 0.310246,
        "nauc_mrr_at_20_max": 0.478667,
        "nauc_mrr_at_20_std": 0.476877,
        "nauc_mrr_at_20_diff1": 0.295458,
        "nauc_mrr_at_100_max": 0.479277,
        "nauc_mrr_at_100_std": 0.476605,
        "nauc_mrr_at_100_diff1": 0.306655,
        "nauc_mrr_at_1000_max": 0.479277,
        "nauc_mrr_at_1000_std": 0.476605,
        "nauc_mrr_at_1000_diff1": 0.306655,
        "main_score": 0.14046,
        "hf_subset": "default",
        "languages": [
          "tur-Latn"
        ]
      }
    ]
  },
  "evaluation_time": 2.8060028553009033,
  "kg_co2_emissions": null
}