{
  "dataset_revision": "main",
  "task_name": "SCIDOCSTR",
  "mteb_version": "1.31.3",
  "scores": {
    "test": [
      {
        "ndcg_at_1": 0.02118,
        "ndcg_at_3": 0.03141,
        "ndcg_at_5": 0.0364,
        "ndcg_at_10": 0.0393,
        "ndcg_at_20": 0.04214,
        "ndcg_at_100": 0.05474,
        "ndcg_at_1000": 0.10101,
        "map_at_1": 0.02118,
        "map_at_3": 0.0288,
        "map_at_5": 0.03153,
        "map_at_10": 0.03274,
        "map_at_20": 0.03353,
        "map_at_100": 0.03512,
        "map_at_1000": 0.03623,
        "recall_at_1": 0.02118,
        "recall_at_3": 0.03902,
        "recall_at_5": 0.05128,
        "recall_at_10": 0.0602,
        "recall_at_20": 0.07135,
        "recall_at_100": 0.14158,
        "recall_at_1000": 0.54515,
        "precision_at_1": 0.02118,
        "precision_at_3": 0.01301,
        "precision_at_5": 0.01026,
        "precision_at_10": 0.00602,
        "precision_at_20": 0.00357,
        "precision_at_100": 0.00142,
        "precision_at_1000": 0.00055,
        "mrr_at_1": 0.021182,
        "mrr_at_3": 0.0288,
        "mrr_at_5": 0.031531,
        "mrr_at_10": 0.032735,
        "mrr_at_20": 0.033526,
        "mrr_at_100": 0.035122,
        "mrr_at_1000": 0.03623,
        "nauc_ndcg_at_1_max": -0.01742,
        "nauc_ndcg_at_1_std": 0.037556,
        "nauc_ndcg_at_1_diff1": 0.140243,
        "nauc_ndcg_at_3_max": 0.078722,
        "nauc_ndcg_at_3_std": 0.083825,
        "nauc_ndcg_at_3_diff1": 0.11228,
        "nauc_ndcg_at_5_max": 0.079755,
        "nauc_ndcg_at_5_std": 0.082799,
        "nauc_ndcg_at_5_diff1": 0.113806,
        "nauc_ndcg_at_10_max": 0.071284,
        "nauc_ndcg_at_10_std": 0.087113,
        "nauc_ndcg_at_10_diff1": 0.102333,
        "nauc_ndcg_at_20_max": 0.074473,
        "nauc_ndcg_at_20_std": 0.088621,
        "nauc_ndcg_at_20_diff1": 0.098231,
        "nauc_ndcg_at_100_max": 0.05651,
        "nauc_ndcg_at_100_std": 0.076639,
        "nauc_ndcg_at_100_diff1": 0.059444,
        "nauc_ndcg_at_1000_max": 0.042523,
        "nauc_ndcg_at_1000_std": 0.060022,
        "nauc_ndcg_at_1000_diff1": 0.046507,
        "nauc_map_at_1_max": -0.01742,
        "nauc_map_at_1_std": 0.037556,
        "nauc_map_at_1_diff1": 0.140243,
        "nauc_map_at_3_max": 0.058547,
        "nauc_map_at_3_std": 0.077606,
        "nauc_map_at_3_diff1": 0.116847,
        "nauc_map_at_5_max": 0.061356,
        "nauc_map_at_5_std": 0.078648,
        "nauc_map_at_5_diff1": 0.117234,
        "nauc_map_at_10_max": 0.057147,
        "nauc_map_at_10_std": 0.081521,
        "nauc_map_at_10_diff1": 0.11143,
        "nauc_map_at_20_max": 0.058593,
        "nauc_map_at_20_std": 0.082129,
        "nauc_map_at_20_diff1": 0.110317,
        "nauc_map_at_100_max": 0.054386,
        "nauc_map_at_100_std": 0.078804,
        "nauc_map_at_100_diff1": 0.100881,
        "nauc_map_at_1000_max": 0.053501,
        "nauc_map_at_1000_std": 0.078127,
        "nauc_map_at_1000_diff1": 0.099712,
        "nauc_recall_at_1_max": -0.01742,
        "nauc_recall_at_1_std": 0.037556,
        "nauc_recall_at_1_diff1": 0.140243,
        "nauc_recall_at_3_max": 0.122648,
        "nauc_recall_at_3_std": 0.096465,
        "nauc_recall_at_3_diff1": 0.102673,
        "nauc_recall_at_5_max": 0.112906,
        "nauc_recall_at_5_std": 0.088716,
        "nauc_recall_at_5_diff1": 0.108096,
        "nauc_recall_at_10_max": 0.092927,
        "nauc_recall_at_10_std": 0.094739,
        "nauc_recall_at_10_diff1": 0.085837,
        "nauc_recall_at_20_max": 0.096965,
        "nauc_recall_at_20_std": 0.097115,
        "nauc_recall_at_20_diff1": 0.077117,
        "nauc_recall_at_100_max": 0.051418,
        "nauc_recall_at_100_std": 0.07073,
        "nauc_recall_at_100_diff1": 0.004048,
        "nauc_recall_at_1000_max": 0.01773,
        "nauc_recall_at_1000_std": 0.024641,
        "nauc_recall_at_1000_diff1": -0.009891,
        "nauc_precision_at_1_max": -0.01742,
        "nauc_precision_at_1_std": 0.037556,
        "nauc_precision_at_1_diff1": 0.140243,
        "nauc_precision_at_3_max": 0.122648,
        "nauc_precision_at_3_std": 0.096465,
        "nauc_precision_at_3_diff1": 0.102673,
        "nauc_precision_at_5_max": 0.112906,
        "nauc_precision_at_5_std": 0.088716,
        "nauc_precision_at_5_diff1": 0.108096,
        "nauc_precision_at_10_max": 0.092927,
        "nauc_precision_at_10_std": 0.094739,
        "nauc_precision_at_10_diff1": 0.085837,
        "nauc_precision_at_20_max": 0.096965,
        "nauc_precision_at_20_std": 0.097115,
        "nauc_precision_at_20_diff1": 0.077117,
        "nauc_precision_at_100_max": 0.051418,
        "nauc_precision_at_100_std": 0.07073,
        "nauc_precision_at_100_diff1": 0.004048,
        "nauc_precision_at_1000_max": 0.01773,
        "nauc_precision_at_1000_std": 0.024641,
        "nauc_precision_at_1000_diff1": -0.009891,
        "nauc_mrr_at_1_max": -0.01742,
        "nauc_mrr_at_1_std": 0.037556,
        "nauc_mrr_at_1_diff1": 0.140243,
        "nauc_mrr_at_3_max": 0.058547,
        "nauc_mrr_at_3_std": 0.077606,
        "nauc_mrr_at_3_diff1": 0.116847,
        "nauc_mrr_at_5_max": 0.061356,
        "nauc_mrr_at_5_std": 0.078648,
        "nauc_mrr_at_5_diff1": 0.117234,
        "nauc_mrr_at_10_max": 0.057147,
        "nauc_mrr_at_10_std": 0.081521,
        "nauc_mrr_at_10_diff1": 0.11143,
        "nauc_mrr_at_20_max": 0.058593,
        "nauc_mrr_at_20_std": 0.082129,
        "nauc_mrr_at_20_diff1": 0.110317,
        "nauc_mrr_at_100_max": 0.054386,
        "nauc_mrr_at_100_std": 0.078804,
        "nauc_mrr_at_100_diff1": 0.100881,
        "nauc_mrr_at_1000_max": 0.053501,
        "nauc_mrr_at_1000_std": 0.078127,
        "nauc_mrr_at_1000_diff1": 0.099712,
        "main_score": 0.0393,
        "hf_subset": "default",
        "languages": [
          "tur-Latn"
        ]
      }
    ]
  },
  "evaluation_time": 26.715131521224976,
  "kg_co2_emissions": null
}