{
  "dataset_revision": "main",
  "task_name": "SciFactTR",
  "mteb_version": "1.31.3",
  "scores": {
    "test": [
      {
        "ndcg_at_1": 0.73,
        "ndcg_at_3": 0.79881,
        "ndcg_at_5": 0.80713,
        "ndcg_at_10": 0.81576,
        "ndcg_at_20": 0.82593,
        "ndcg_at_100": 0.83576,
        "ndcg_at_1000": 0.83761,
        "map_at_1": 0.73,
        "map_at_3": 0.78222,
        "map_at_5": 0.78689,
        "map_at_10": 0.79046,
        "map_at_20": 0.79328,
        "map_at_100": 0.79462,
        "map_at_1000": 0.79471,
        "recall_at_1": 0.73,
        "recall_at_3": 0.84667,
        "recall_at_5": 0.86667,
        "recall_at_10": 0.89333,
        "recall_at_20": 0.93333,
        "recall_at_100": 0.98667,
        "recall_at_1000": 1.0,
        "precision_at_1": 0.73,
        "precision_at_3": 0.28222,
        "precision_at_5": 0.17333,
        "precision_at_10": 0.08933,
        "precision_at_20": 0.04667,
        "precision_at_100": 0.00987,
        "precision_at_1000": 0.001,
        "mrr_at_1": 0.73,
        "mrr_at_3": 0.782222,
        "mrr_at_5": 0.786889,
        "mrr_at_10": 0.790463,
        "mrr_at_20": 0.79328,
        "mrr_at_100": 0.794617,
        "mrr_at_1000": 0.79471,
        "nauc_ndcg_at_1_max": 0.588197,
        "nauc_ndcg_at_1_std": 0.080114,
        "nauc_ndcg_at_1_diff1": 0.784689,
        "nauc_ndcg_at_3_max": 0.674389,
        "nauc_ndcg_at_3_std": 0.227988,
        "nauc_ndcg_at_3_diff1": 0.788729,
        "nauc_ndcg_at_5_max": 0.686953,
        "nauc_ndcg_at_5_std": 0.261332,
        "nauc_ndcg_at_5_diff1": 0.781503,
        "nauc_ndcg_at_10_max": 0.681406,
        "nauc_ndcg_at_10_std": 0.240273,
        "nauc_ndcg_at_10_diff1": 0.777135,
        "nauc_ndcg_at_20_max": 0.677669,
        "nauc_ndcg_at_20_std": 0.238514,
        "nauc_ndcg_at_20_diff1": 0.782102,
        "nauc_ndcg_at_100_max": 0.665798,
        "nauc_ndcg_at_100_std": 0.217074,
        "nauc_ndcg_at_100_diff1": 0.783251,
        "nauc_ndcg_at_1000_max": 0.663358,
        "nauc_ndcg_at_1000_std": 0.212464,
        "nauc_ndcg_at_1000_diff1": 0.782686,
        "nauc_map_at_1_max": 0.588197,
        "nauc_map_at_1_std": 0.080114,
        "nauc_map_at_1_diff1": 0.784689,
        "nauc_map_at_3_max": 0.651781,
        "nauc_map_at_3_std": 0.189564,
        "nauc_map_at_3_diff1": 0.788167,
        "nauc_map_at_5_max": 0.657793,
        "nauc_map_at_5_std": 0.205341,
        "nauc_map_at_5_diff1": 0.784202,
        "nauc_map_at_10_max": 0.655159,
        "nauc_map_at_10_std": 0.196519,
        "nauc_map_at_10_diff1": 0.782915,
        "nauc_map_at_20_max": 0.65387,
        "nauc_map_at_20_std": 0.195337,
        "nauc_map_at_20_diff1": 0.783961,
        "nauc_map_at_100_max": 0.652402,
        "nauc_map_at_100_std": 0.192685,
        "nauc_map_at_100_diff1": 0.783929,
        "nauc_map_at_1000_max": 0.652291,
        "nauc_map_at_1000_std": 0.192498,
        "nauc_map_at_1000_diff1": 0.783907,
        "nauc_recall_at_1_max": 0.588197,
        "nauc_recall_at_1_std": 0.080114,
        "nauc_recall_at_1_diff1": 0.784689,
        "nauc_recall_at_3_max": 0.760962,
        "nauc_recall_at_3_std": 0.374899,
        "nauc_recall_at_3_diff1": 0.790573,
        "nauc_recall_at_5_max": 0.813851,
        "nauc_recall_at_5_std": 0.508012,
        "nauc_recall_at_5_diff1": 0.768497,
        "nauc_recall_at_10_max": 0.815118,
        "nauc_recall_at_10_std": 0.459182,
        "nauc_recall_at_10_diff1": 0.74138,
        "nauc_recall_at_20_max": 0.858777,
        "nauc_recall_at_20_std": 0.573459,
        "nauc_recall_at_20_diff1": 0.771499,
        "nauc_recall_at_100_max": 0.855859,
        "nauc_recall_at_100_std": 0.589169,
        "nauc_recall_at_100_diff1": 0.828431,
        "nauc_recall_at_1000_max": NaN,
        "nauc_recall_at_1000_std": NaN,
        "nauc_recall_at_1000_diff1": NaN,
        "nauc_precision_at_1_max": 0.588197,
        "nauc_precision_at_1_std": 0.080114,
        "nauc_precision_at_1_diff1": 0.784689,
        "nauc_precision_at_3_max": 0.760962,
        "nauc_precision_at_3_std": 0.374899,
        "nauc_precision_at_3_diff1": 0.790573,
        "nauc_precision_at_5_max": 0.813851,
        "nauc_precision_at_5_std": 0.508012,
        "nauc_precision_at_5_diff1": 0.768497,
        "nauc_precision_at_10_max": 0.815118,
        "nauc_precision_at_10_std": 0.459182,
        "nauc_precision_at_10_diff1": 0.74138,
        "nauc_precision_at_20_max": 0.858777,
        "nauc_precision_at_20_std": 0.573459,
        "nauc_precision_at_20_diff1": 0.771499,
        "nauc_precision_at_100_max": 0.855859,
        "nauc_precision_at_100_std": 0.589169,
        "nauc_precision_at_100_diff1": 0.828431,
        "nauc_precision_at_1000_max": 1.0,
        "nauc_precision_at_1000_std": 1.0,
        "nauc_precision_at_1000_diff1": 1.0,
        "nauc_mrr_at_1_max": 0.588197,
        "nauc_mrr_at_1_std": 0.080114,
        "nauc_mrr_at_1_diff1": 0.784689,
        "nauc_mrr_at_3_max": 0.651781,
        "nauc_mrr_at_3_std": 0.189564,
        "nauc_mrr_at_3_diff1": 0.788167,
        "nauc_mrr_at_5_max": 0.657793,
        "nauc_mrr_at_5_std": 0.205341,
        "nauc_mrr_at_5_diff1": 0.784202,
        "nauc_mrr_at_10_max": 0.655159,
        "nauc_mrr_at_10_std": 0.196519,
        "nauc_mrr_at_10_diff1": 0.782915,
        "nauc_mrr_at_20_max": 0.65387,
        "nauc_mrr_at_20_std": 0.195337,
        "nauc_mrr_at_20_diff1": 0.783961,
        "nauc_mrr_at_100_max": 0.652402,
        "nauc_mrr_at_100_std": 0.192685,
        "nauc_mrr_at_100_diff1": 0.783929,
        "nauc_mrr_at_1000_max": 0.652291,
        "nauc_mrr_at_1000_std": 0.192498,
        "nauc_mrr_at_1000_diff1": 0.783907,
        "main_score": 0.81576,
        "hf_subset": "default",
        "languages": [
          "tur-Latn"
        ]
      }
    ]
  },
  "evaluation_time": 6.427110910415649,
  "kg_co2_emissions": null
}