{
  "dataset_revision": "main",
  "task_name": "SciFactTR",
  "mteb_version": "1.31.3",
  "scores": {
    "test": [
      {
        "ndcg_at_1": 0.85484,
        "ndcg_at_3": 0.90956,
        "ndcg_at_5": 0.91651,
        "ndcg_at_10": 0.91651,
        "ndcg_at_20": 0.92038,
        "ndcg_at_100": 0.92394,
        "ndcg_at_1000": 0.92394,
        "map_at_1": 0.85484,
        "map_at_3": 0.89516,
        "map_at_5": 0.89919,
        "map_at_10": 0.89919,
        "map_at_20": 0.90014,
        "map_at_100": 0.90088,
        "map_at_1000": 0.90088,
        "recall_at_1": 0.85484,
        "recall_at_3": 0.95161,
        "recall_at_5": 0.96774,
        "recall_at_10": 0.96774,
        "recall_at_20": 0.98387,
        "recall_at_100": 1.0,
        "recall_at_1000": 1.0,
        "precision_at_1": 0.85484,
        "precision_at_3": 0.3172,
        "precision_at_5": 0.19355,
        "precision_at_10": 0.09677,
        "precision_at_20": 0.04919,
        "precision_at_100": 0.01,
        "precision_at_1000": 0.001,
        "mrr_at_1": 0.854839,
        "mrr_at_3": 0.895161,
        "mrr_at_5": 0.899194,
        "mrr_at_10": 0.899194,
        "mrr_at_20": 0.900142,
        "mrr_at_100": 0.900875,
        "mrr_at_1000": 0.900875,
        "nauc_ndcg_at_1_max": 0.569739,
        "nauc_ndcg_at_1_std": 0.427951,
        "nauc_ndcg_at_1_diff1": 0.841472,
        "nauc_ndcg_at_3_max": 0.695832,
        "nauc_ndcg_at_3_std": 0.557373,
        "nauc_ndcg_at_3_diff1": 0.8621,
        "nauc_ndcg_at_5_max": 0.693433,
        "nauc_ndcg_at_5_std": 0.557641,
        "nauc_ndcg_at_5_diff1": 0.87393,
        "nauc_ndcg_at_10_max": 0.693433,
        "nauc_ndcg_at_10_std": 0.557641,
        "nauc_ndcg_at_10_diff1": 0.87393,
        "nauc_ndcg_at_20_max": 0.678093,
        "nauc_ndcg_at_20_std": 0.535506,
        "nauc_ndcg_at_20_diff1": 0.867622,
        "nauc_ndcg_at_100_max": 0.662526,
        "nauc_ndcg_at_100_std": 0.513044,
        "nauc_ndcg_at_100_diff1": 0.86122,
        "nauc_ndcg_at_1000_max": 0.662526,
        "nauc_ndcg_at_1000_std": 0.513044,
        "nauc_ndcg_at_1000_diff1": 0.86122,
        "nauc_map_at_1_max": 0.569739,
        "nauc_map_at_1_std": 0.427951,
        "nauc_map_at_1_diff1": 0.841472,
        "nauc_map_at_3_max": 0.660035,
        "nauc_map_at_3_std": 0.509623,
        "nauc_map_at_3_diff1": 0.854635,
        "nauc_map_at_5_max": 0.6574,
        "nauc_map_at_5_std": 0.50778,
        "nauc_map_at_5_diff1": 0.860035,
        "nauc_map_at_10_max": 0.6574,
        "nauc_map_at_10_std": 0.50778,
        "nauc_map_at_10_diff1": 0.860035,
        "nauc_map_at_20_max": 0.654039,
        "nauc_map_at_20_std": 0.502951,
        "nauc_map_at_20_diff1": 0.858661,
        "nauc_map_at_100_max": 0.651396,
        "nauc_map_at_100_std": 0.499154,
        "nauc_map_at_100_diff1": 0.857582,
        "nauc_map_at_1000_max": 0.651396,
        "nauc_map_at_1000_std": 0.499154,
        "nauc_map_at_1000_diff1": 0.857582,
        "nauc_recall_at_1_max": 0.569739,
        "nauc_recall_at_1_std": 0.427951,
        "nauc_recall_at_1_diff1": 0.841472,
        "nauc_recall_at_3_max": 0.907955,
        "nauc_recall_at_3_std": 0.851412,
        "nauc_recall_at_3_diff1": 0.907955,
        "nauc_recall_at_5_max": 1.0,
        "nauc_recall_at_5_std": 1.0,
        "nauc_recall_at_5_diff1": 1.0,
        "nauc_recall_at_10_max": 1.0,
        "nauc_recall_at_10_std": 1.0,
        "nauc_recall_at_10_diff1": 1.0,
        "nauc_recall_at_20_max": 1.0,
        "nauc_recall_at_20_std": 1.0,
        "nauc_recall_at_20_diff1": 1.0,
        "nauc_recall_at_100_max": NaN,
        "nauc_recall_at_100_std": NaN,
        "nauc_recall_at_100_diff1": NaN,
        "nauc_recall_at_1000_max": NaN,
        "nauc_recall_at_1000_std": NaN,
        "nauc_recall_at_1000_diff1": NaN,
        "nauc_precision_at_1_max": 0.569739,
        "nauc_precision_at_1_std": 0.427951,
        "nauc_precision_at_1_diff1": 0.841472,
        "nauc_precision_at_3_max": 0.907955,
        "nauc_precision_at_3_std": 0.851412,
        "nauc_precision_at_3_diff1": 0.907955,
        "nauc_precision_at_5_max": 1.0,
        "nauc_precision_at_5_std": 1.0,
        "nauc_precision_at_5_diff1": 1.0,
        "nauc_precision_at_10_max": 1.0,
        "nauc_precision_at_10_std": 1.0,
        "nauc_precision_at_10_diff1": 1.0,
        "nauc_precision_at_20_max": 1.0,
        "nauc_precision_at_20_std": 1.0,
        "nauc_precision_at_20_diff1": 1.0,
        "nauc_precision_at_100_max": 1.0,
        "nauc_precision_at_100_std": 1.0,
        "nauc_precision_at_100_diff1": 1.0,
        "nauc_precision_at_1000_max": NaN,
        "nauc_precision_at_1000_std": NaN,
        "nauc_precision_at_1000_diff1": NaN,
        "nauc_mrr_at_1_max": 0.569739,
        "nauc_mrr_at_1_std": 0.427951,
        "nauc_mrr_at_1_diff1": 0.841472,
        "nauc_mrr_at_3_max": 0.660035,
        "nauc_mrr_at_3_std": 0.509623,
        "nauc_mrr_at_3_diff1": 0.854635,
        "nauc_mrr_at_5_max": 0.6574,
        "nauc_mrr_at_5_std": 0.50778,
        "nauc_mrr_at_5_diff1": 0.860035,
        "nauc_mrr_at_10_max": 0.6574,
        "nauc_mrr_at_10_std": 0.50778,
        "nauc_mrr_at_10_diff1": 0.860035,
        "nauc_mrr_at_20_max": 0.654039,
        "nauc_mrr_at_20_std": 0.502951,
        "nauc_mrr_at_20_diff1": 0.858661,
        "nauc_mrr_at_100_max": 0.651396,
        "nauc_mrr_at_100_std": 0.499154,
        "nauc_mrr_at_100_diff1": 0.857582,
        "nauc_mrr_at_1000_max": 0.651396,
        "nauc_mrr_at_1000_std": 0.499154,
        "nauc_mrr_at_1000_diff1": 0.857582,
        "main_score": 0.91651,
        "hf_subset": "default",
        "languages": [
          "tur-Latn"
        ]
      }
    ]
  },
  "evaluation_time": 3.2236461639404297,
  "kg_co2_emissions": null
}