{
  "dataset_revision": "main",
  "task_name": "SquadTRRetrieval",
  "mteb_version": "1.31.3",
  "scores": {
    "test": [
      {
        "ndcg_at_1": 0.52877,
        "ndcg_at_3": 0.63456,
        "ndcg_at_5": 0.66288,
        "ndcg_at_10": 0.68637,
        "ndcg_at_20": 0.70001,
        "ndcg_at_100": 0.71291,
        "ndcg_at_1000": 0.71649,
        "map_at_1": 0.52877,
        "map_at_3": 0.60859,
        "map_at_5": 0.62437,
        "map_at_10": 0.63411,
        "map_at_20": 0.63793,
        "map_at_100": 0.63981,
        "map_at_1000": 0.63995,
        "recall_at_1": 0.52877,
        "recall_at_3": 0.70969,
        "recall_at_5": 0.77819,
        "recall_at_10": 0.85056,
        "recall_at_20": 0.90399,
        "recall_at_100": 0.97202,
        "recall_at_1000": 0.99952,
        "precision_at_1": 0.52877,
        "precision_at_3": 0.23656,
        "precision_at_5": 0.15564,
        "precision_at_10": 0.08506,
        "precision_at_20": 0.0452,
        "precision_at_100": 0.00972,
        "precision_at_1000": 0.001,
        "mrr_at_1": 0.528766,
        "mrr_at_3": 0.608592,
        "mrr_at_5": 0.624368,
        "mrr_at_10": 0.634114,
        "mrr_at_20": 0.637927,
        "mrr_at_100": 0.639808,
        "mrr_at_1000": 0.639952,
        "nauc_ndcg_at_1_max": 0.330488,
        "nauc_ndcg_at_1_std": 0.018478,
        "nauc_ndcg_at_1_diff1": 0.653948,
        "nauc_ndcg_at_3_max": 0.384766,
        "nauc_ndcg_at_3_std": 0.058593,
        "nauc_ndcg_at_3_diff1": 0.606617,
        "nauc_ndcg_at_5_max": 0.400702,
        "nauc_ndcg_at_5_std": 0.074593,
        "nauc_ndcg_at_5_diff1": 0.606007,
        "nauc_ndcg_at_10_max": 0.409362,
        "nauc_ndcg_at_10_std": 0.085954,
        "nauc_ndcg_at_10_diff1": 0.611144,
        "nauc_ndcg_at_20_max": 0.41416,
        "nauc_ndcg_at_20_std": 0.094749,
        "nauc_ndcg_at_20_diff1": 0.611943,
        "nauc_ndcg_at_100_max": 0.401989,
        "nauc_ndcg_at_100_std": 0.083667,
        "nauc_ndcg_at_100_diff1": 0.617354,
        "nauc_ndcg_at_1000_max": 0.39452,
        "nauc_ndcg_at_1000_std": 0.074725,
        "nauc_ndcg_at_1000_diff1": 0.617964,
        "nauc_map_at_1_max": 0.330488,
        "nauc_map_at_1_std": 0.018478,
        "nauc_map_at_1_diff1": 0.653948,
        "nauc_map_at_3_max": 0.371162,
        "nauc_map_at_3_std": 0.048778,
        "nauc_map_at_3_diff1": 0.618908,
        "nauc_map_at_5_max": 0.378911,
        "nauc_map_at_5_std": 0.056638,
        "nauc_map_at_5_diff1": 0.619082,
        "nauc_map_at_10_max": 0.3816,
        "nauc_map_at_10_std": 0.060551,
        "nauc_map_at_10_diff1": 0.621288,
        "nauc_map_at_20_max": 0.382427,
        "nauc_map_at_20_std": 0.062395,
        "nauc_map_at_20_diff1": 0.62163,
        "nauc_map_at_100_max": 0.381026,
        "nauc_map_at_100_std": 0.061141,
        "nauc_map_at_100_diff1": 0.622409,
        "nauc_map_at_1000_max": 0.380774,
        "nauc_map_at_1000_std": 0.060852,
        "nauc_map_at_1000_diff1": 0.622426,
        "nauc_recall_at_1_max": 0.330488,
        "nauc_recall_at_1_std": 0.018478,
        "nauc_recall_at_1_diff1": 0.653948,
        "nauc_recall_at_3_max": 0.431274,
        "nauc_recall_at_3_std": 0.092021,
        "nauc_recall_at_3_diff1": 0.564367,
        "nauc_recall_at_5_max": 0.493357,
        "nauc_recall_at_5_std": 0.151528,
        "nauc_recall_at_5_diff1": 0.552058,
        "nauc_recall_at_10_max": 0.57726,
        "nauc_recall_at_10_std": 0.242067,
        "nauc_recall_at_10_diff1": 0.557601,
        "nauc_recall_at_20_max": 0.705506,
        "nauc_recall_at_20_std": 0.402525,
        "nauc_recall_at_20_diff1": 0.538492,
        "nauc_recall_at_100_max": 0.863374,
        "nauc_recall_at_100_std": 0.642869,
        "nauc_recall_at_100_diff1": 0.578089,
        "nauc_recall_at_1000_max": 0.855863,
        "nauc_recall_at_1000_std": 0.674479,
        "nauc_recall_at_1000_diff1": 0.625947,
        "nauc_precision_at_1_max": 0.330488,
        "nauc_precision_at_1_std": 0.018478,
        "nauc_precision_at_1_diff1": 0.653948,
        "nauc_precision_at_3_max": 0.431274,
        "nauc_precision_at_3_std": 0.092021,
        "nauc_precision_at_3_diff1": 0.564367,
        "nauc_precision_at_5_max": 0.493357,
        "nauc_precision_at_5_std": 0.151528,
        "nauc_precision_at_5_diff1": 0.552058,
        "nauc_precision_at_10_max": 0.57726,
        "nauc_precision_at_10_std": 0.242067,
        "nauc_precision_at_10_diff1": 0.557601,
        "nauc_precision_at_20_max": 0.705506,
        "nauc_precision_at_20_std": 0.402525,
        "nauc_precision_at_20_diff1": 0.538492,
        "nauc_precision_at_100_max": 0.863374,
        "nauc_precision_at_100_std": 0.642869,
        "nauc_precision_at_100_diff1": 0.578089,
        "nauc_precision_at_1000_max": 0.855863,
        "nauc_precision_at_1000_std": 0.674479,
        "nauc_precision_at_1000_diff1": 0.625947,
        "nauc_mrr_at_1_max": 0.330488,
        "nauc_mrr_at_1_std": 0.018478,
        "nauc_mrr_at_1_diff1": 0.653948,
        "nauc_mrr_at_3_max": 0.371162,
        "nauc_mrr_at_3_std": 0.048778,
        "nauc_mrr_at_3_diff1": 0.618908,
        "nauc_mrr_at_5_max": 0.378911,
        "nauc_mrr_at_5_std": 0.056638,
        "nauc_mrr_at_5_diff1": 0.619082,
        "nauc_mrr_at_10_max": 0.3816,
        "nauc_mrr_at_10_std": 0.060551,
        "nauc_mrr_at_10_diff1": 0.621288,
        "nauc_mrr_at_20_max": 0.382427,
        "nauc_mrr_at_20_std": 0.062395,
        "nauc_mrr_at_20_diff1": 0.62163,
        "nauc_mrr_at_100_max": 0.381026,
        "nauc_mrr_at_100_std": 0.061141,
        "nauc_mrr_at_100_diff1": 0.622409,
        "nauc_mrr_at_1000_max": 0.380774,
        "nauc_mrr_at_1000_std": 0.060852,
        "nauc_mrr_at_1000_diff1": 0.622426,
        "main_score": 0.68637,
        "hf_subset": "default",
        "languages": [
          "tur-Latn"
        ]
      }
    ]
  },
  "evaluation_time": 32.54949736595154,
  "kg_co2_emissions": null
}