{
  "dataset_revision": "main",
  "task_name": "TQuadRetrieval",
  "mteb_version": "1.31.3",
  "scores": {
    "test": [
      {
        "ndcg_at_1": 0.6491,
        "ndcg_at_3": 0.78332,
        "ndcg_at_5": 0.80431,
        "ndcg_at_10": 0.81911,
        "ndcg_at_20": 0.82205,
        "ndcg_at_100": 0.82548,
        "ndcg_at_1000": 0.82548,
        "map_at_1": 0.6491,
        "map_at_3": 0.75131,
        "map_at_5": 0.76308,
        "map_at_10": 0.76936,
        "map_at_20": 0.77023,
        "map_at_100": 0.77073,
        "map_at_1000": 0.77073,
        "recall_at_1": 0.6491,
        "recall_at_3": 0.87556,
        "recall_at_5": 0.92601,
        "recall_at_10": 0.97085,
        "recall_at_20": 0.98206,
        "recall_at_100": 1.0,
        "recall_at_1000": 1.0,
        "precision_at_1": 0.6491,
        "precision_at_3": 0.29185,
        "precision_at_5": 0.1852,
        "precision_at_10": 0.09709,
        "precision_at_20": 0.0491,
        "precision_at_100": 0.01,
        "precision_at_1000": 0.001,
        "mrr_at_1": 0.650224,
        "mrr_at_3": 0.751868,
        "mrr_at_5": 0.76364,
        "mrr_at_10": 0.769917,
        "mrr_at_20": 0.770787,
        "mrr_at_100": 0.771289,
        "mrr_at_1000": 0.771289,
        "nauc_ndcg_at_1_max": 0.261061,
        "nauc_ndcg_at_1_std": -0.35128,
        "nauc_ndcg_at_1_diff1": 0.68305,
        "nauc_ndcg_at_3_max": 0.382322,
        "nauc_ndcg_at_3_std": -0.282474,
        "nauc_ndcg_at_3_diff1": 0.635476,
        "nauc_ndcg_at_5_max": 0.385003,
        "nauc_ndcg_at_5_std": -0.269547,
        "nauc_ndcg_at_5_diff1": 0.636019,
        "nauc_ndcg_at_10_max": 0.361201,
        "nauc_ndcg_at_10_std": -0.271695,
        "nauc_ndcg_at_10_diff1": 0.64295,
        "nauc_ndcg_at_20_max": 0.357279,
        "nauc_ndcg_at_20_std": -0.279991,
        "nauc_ndcg_at_20_diff1": 0.651191,
        "nauc_ndcg_at_100_max": 0.343463,
        "nauc_ndcg_at_100_std": -0.295732,
        "nauc_ndcg_at_100_diff1": 0.652096,
        "nauc_ndcg_at_1000_max": 0.343463,
        "nauc_ndcg_at_1000_std": -0.295732,
        "nauc_ndcg_at_1000_diff1": 0.652096,
        "nauc_map_at_1_max": 0.261061,
        "nauc_map_at_1_std": -0.35128,
        "nauc_map_at_1_diff1": 0.68305,
        "nauc_map_at_3_max": 0.344564,
        "nauc_map_at_3_std": -0.305493,
        "nauc_map_at_3_diff1": 0.649661,
        "nauc_map_at_5_max": 0.343993,
        "nauc_map_at_5_std": -0.301061,
        "nauc_map_at_5_diff1": 0.650581,
        "nauc_map_at_10_max": 0.335086,
        "nauc_map_at_10_std": -0.301554,
        "nauc_map_at_10_diff1": 0.653226,
        "nauc_map_at_20_max": 0.33403,
        "nauc_map_at_20_std": -0.303786,
        "nauc_map_at_20_diff1": 0.655341,
        "nauc_map_at_100_max": 0.332421,
        "nauc_map_at_100_std": -0.305598,
        "nauc_map_at_100_diff1": 0.655426,
        "nauc_map_at_1000_max": 0.332421,
        "nauc_map_at_1000_std": -0.305598,
        "nauc_map_at_1000_diff1": 0.655426,
        "nauc_recall_at_1_max": 0.261061,
        "nauc_recall_at_1_std": -0.35128,
        "nauc_recall_at_1_diff1": 0.68305,
        "nauc_recall_at_3_max": 0.573453,
        "nauc_recall_at_3_std": -0.164743,
        "nauc_recall_at_3_diff1": 0.56415,
        "nauc_recall_at_5_max": 0.707933,
        "nauc_recall_at_5_std": -0.013329,
        "nauc_recall_at_5_diff1": 0.522786,
        "nauc_recall_at_10_max": 0.804965,
        "nauc_recall_at_10_std": 0.301912,
        "nauc_recall_at_10_diff1": 0.465873,
        "nauc_recall_at_20_max": 0.958142,
        "nauc_recall_at_20_std": 0.406814,
        "nauc_recall_at_20_diff1": 0.60866,
        "nauc_recall_at_100_max": NaN,
        "nauc_recall_at_100_std": NaN,
        "nauc_recall_at_100_diff1": NaN,
        "nauc_recall_at_1000_max": NaN,
        "nauc_recall_at_1000_std": NaN,
        "nauc_recall_at_1000_diff1": NaN,
        "nauc_precision_at_1_max": 0.261061,
        "nauc_precision_at_1_std": -0.35128,
        "nauc_precision_at_1_diff1": 0.68305,
        "nauc_precision_at_3_max": 0.573453,
        "nauc_precision_at_3_std": -0.164743,
        "nauc_precision_at_3_diff1": 0.56415,
        "nauc_precision_at_5_max": 0.707933,
        "nauc_precision_at_5_std": -0.013329,
        "nauc_precision_at_5_diff1": 0.522786,
        "nauc_precision_at_10_max": 0.804965,
        "nauc_precision_at_10_std": 0.301912,
        "nauc_precision_at_10_diff1": 0.465873,
        "nauc_precision_at_20_max": 0.958142,
        "nauc_precision_at_20_std": 0.406814,
        "nauc_precision_at_20_diff1": 0.60866,
        "nauc_precision_at_100_max": NaN,
        "nauc_precision_at_100_std": NaN,
        "nauc_precision_at_100_diff1": NaN,
        "nauc_precision_at_1000_max": NaN,
        "nauc_precision_at_1000_std": NaN,
        "nauc_precision_at_1000_diff1": NaN,
        "nauc_mrr_at_1_max": 0.274732,
        "nauc_mrr_at_1_std": -0.33349,
        "nauc_mrr_at_1_diff1": 0.68062,
        "nauc_mrr_at_3_max": 0.353863,
        "nauc_mrr_at_3_std": -0.293484,
        "nauc_mrr_at_3_diff1": 0.647981,
        "nauc_mrr_at_5_max": 0.353794,
        "nauc_mrr_at_5_std": -0.288394,
        "nauc_mrr_at_5_diff1": 0.648812,
        "nauc_mrr_at_10_max": 0.345186,
        "nauc_mrr_at_10_std": -0.288483,
        "nauc_mrr_at_10_diff1": 0.651404,
        "nauc_mrr_at_20_max": 0.344174,
        "nauc_mrr_at_20_std": -0.290661,
        "nauc_mrr_at_20_diff1": 0.653515,
        "nauc_mrr_at_100_max": 0.342589,
        "nauc_mrr_at_100_std": -0.292442,
        "nauc_mrr_at_100_diff1": 0.653595,
        "nauc_mrr_at_1000_max": 0.342589,
        "nauc_mrr_at_1000_std": -0.292442,
        "nauc_mrr_at_1000_diff1": 0.653595,
        "main_score": 0.81911,
        "hf_subset": "default",
        "languages": [
          "tur-Latn"
        ]
      }
    ]
  },
  "evaluation_time": 7.166562080383301,
  "kg_co2_emissions": null
}