{
  "dataset_revision": "main",
  "task_name": "CQADupstackGamingRetrievalTR",
  "mteb_version": "1.31.3",
  "scores": {
    "test": [
      {
        "ndcg_at_1": 0.16194,
        "ndcg_at_3": 0.19912,
        "ndcg_at_5": 0.21128,
        "ndcg_at_10": 0.22629,
        "ndcg_at_20": 0.23872,
        "ndcg_at_100": 0.26251,
        "ndcg_at_1000": 0.30157,
        "map_at_1": 0.16194,
        "map_at_3": 0.18983,
        "map_at_5": 0.19655,
        "map_at_10": 0.20284,
        "map_at_20": 0.20624,
        "map_at_100": 0.20935,
        "map_at_1000": 0.21043,
        "recall_at_1": 0.16194,
        "recall_at_3": 0.22605,
        "recall_at_5": 0.25574,
        "recall_at_10": 0.30162,
        "recall_at_20": 0.35088,
        "recall_at_100": 0.48178,
        "recall_at_1000": 0.81242,
        "precision_at_1": 0.16194,
        "precision_at_3": 0.07535,
        "precision_at_5": 0.05115,
        "precision_at_10": 0.03016,
        "precision_at_20": 0.01754,
        "precision_at_100": 0.00482,
        "precision_at_1000": 0.00081,
        "mrr_at_1": 0.161943,
        "mrr_at_3": 0.189834,
        "mrr_at_5": 0.196547,
        "mrr_at_10": 0.20284,
        "mrr_at_20": 0.206238,
        "mrr_at_100": 0.209352,
        "mrr_at_1000": 0.210431,
        "nauc_ndcg_at_1_max": 0.139635,
        "nauc_ndcg_at_1_std": -0.15378,
        "nauc_ndcg_at_1_diff1": 0.609561,
        "nauc_ndcg_at_3_max": 0.132589,
        "nauc_ndcg_at_3_std": -0.140397,
        "nauc_ndcg_at_3_diff1": 0.528685,
        "nauc_ndcg_at_5_max": 0.131051,
        "nauc_ndcg_at_5_std": -0.132481,
        "nauc_ndcg_at_5_diff1": 0.509958,
        "nauc_ndcg_at_10_max": 0.133642,
        "nauc_ndcg_at_10_std": -0.12147,
        "nauc_ndcg_at_10_diff1": 0.495186,
        "nauc_ndcg_at_20_max": 0.141961,
        "nauc_ndcg_at_20_std": -0.099797,
        "nauc_ndcg_at_20_diff1": 0.48444,
        "nauc_ndcg_at_100_max": 0.1407,
        "nauc_ndcg_at_100_std": -0.082208,
        "nauc_ndcg_at_100_diff1": 0.46742,
        "nauc_ndcg_at_1000_max": 0.13843,
        "nauc_ndcg_at_1000_std": -0.08855,
        "nauc_ndcg_at_1000_diff1": 0.471632,
        "nauc_map_at_1_max": 0.139635,
        "nauc_map_at_1_std": -0.15378,
        "nauc_map_at_1_diff1": 0.609561,
        "nauc_map_at_3_max": 0.132997,
        "nauc_map_at_3_std": -0.142989,
        "nauc_map_at_3_diff1": 0.545219,
        "nauc_map_at_5_max": 0.132249,
        "nauc_map_at_5_std": -0.138346,
        "nauc_map_at_5_diff1": 0.534415,
        "nauc_map_at_10_max": 0.1335,
        "nauc_map_at_10_std": -0.133122,
        "nauc_map_at_10_diff1": 0.527392,
        "nauc_map_at_20_max": 0.135868,
        "nauc_map_at_20_std": -0.127031,
        "nauc_map_at_20_diff1": 0.52445,
        "nauc_map_at_100_max": 0.135479,
        "nauc_map_at_100_std": -0.124291,
        "nauc_map_at_100_diff1": 0.521787,
        "nauc_map_at_1000_max": 0.135529,
        "nauc_map_at_1000_std": -0.124299,
        "nauc_map_at_1000_diff1": 0.52175,
        "nauc_recall_at_1_max": 0.139635,
        "nauc_recall_at_1_std": -0.15378,
        "nauc_recall_at_1_diff1": 0.609561,
        "nauc_recall_at_3_max": 0.131952,
        "nauc_recall_at_3_std": -0.133813,
        "nauc_recall_at_3_diff1": 0.486309,
        "nauc_recall_at_5_max": 0.128113,
        "nauc_recall_at_5_std": -0.117061,
        "nauc_recall_at_5_diff1": 0.446925,
        "nauc_recall_at_10_max": 0.13457,
        "nauc_recall_at_10_std": -0.090598,
        "nauc_recall_at_10_diff1": 0.413646,
        "nauc_recall_at_20_max": 0.162637,
        "nauc_recall_at_20_std": -0.017734,
        "nauc_recall_at_20_diff1": 0.378328,
        "nauc_recall_at_100_max": 0.160005,
        "nauc_recall_at_100_std": 0.061404,
        "nauc_recall_at_100_diff1": 0.302054,
        "nauc_recall_at_1000_max": 0.134671,
        "nauc_recall_at_1000_std": 0.095133,
        "nauc_recall_at_1000_diff1": 0.215612,
        "nauc_precision_at_1_max": 0.139635,
        "nauc_precision_at_1_std": -0.15378,
        "nauc_precision_at_1_diff1": 0.609561,
        "nauc_precision_at_3_max": 0.131952,
        "nauc_precision_at_3_std": -0.133813,
        "nauc_precision_at_3_diff1": 0.486309,
        "nauc_precision_at_5_max": 0.128113,
        "nauc_precision_at_5_std": -0.117061,
        "nauc_precision_at_5_diff1": 0.446925,
        "nauc_precision_at_10_max": 0.13457,
        "nauc_precision_at_10_std": -0.090598,
        "nauc_precision_at_10_diff1": 0.413646,
        "nauc_precision_at_20_max": 0.162637,
        "nauc_precision_at_20_std": -0.017734,
        "nauc_precision_at_20_diff1": 0.378328,
        "nauc_precision_at_100_max": 0.160005,
        "nauc_precision_at_100_std": 0.061404,
        "nauc_precision_at_100_diff1": 0.302054,
        "nauc_precision_at_1000_max": 0.134671,
        "nauc_precision_at_1000_std": 0.095133,
        "nauc_precision_at_1000_diff1": 0.215612,
        "nauc_mrr_at_1_max": 0.139635,
        "nauc_mrr_at_1_std": -0.15378,
        "nauc_mrr_at_1_diff1": 0.609561,
        "nauc_mrr_at_3_max": 0.132997,
        "nauc_mrr_at_3_std": -0.142989,
        "nauc_mrr_at_3_diff1": 0.545219,
        "nauc_mrr_at_5_max": 0.132249,
        "nauc_mrr_at_5_std": -0.138346,
        "nauc_mrr_at_5_diff1": 0.534415,
        "nauc_mrr_at_10_max": 0.1335,
        "nauc_mrr_at_10_std": -0.133122,
        "nauc_mrr_at_10_diff1": 0.527392,
        "nauc_mrr_at_20_max": 0.135868,
        "nauc_mrr_at_20_std": -0.127031,
        "nauc_mrr_at_20_diff1": 0.52445,
        "nauc_mrr_at_100_max": 0.135479,
        "nauc_mrr_at_100_std": -0.124291,
        "nauc_mrr_at_100_diff1": 0.521787,
        "nauc_mrr_at_1000_max": 0.135529,
        "nauc_mrr_at_1000_std": -0.124299,
        "nauc_mrr_at_1000_diff1": 0.52175,
        "main_score": 0.22629,
        "hf_subset": "default",
        "languages": [
          "tur-Latn"
        ]
      }
    ]
  },
  "evaluation_time": 15.996094226837158,
  "kg_co2_emissions": null
}