{
  "dataset_revision": "main",
  "task_name": "FiQA2018TR",
  "mteb_version": "1.31.3",
  "scores": {
    "test": [
      {
        "ndcg_at_1": 0.03086,
        "ndcg_at_3": 0.0559,
        "ndcg_at_5": 0.06168,
        "ndcg_at_10": 0.07136,
        "ndcg_at_20": 0.08376,
        "ndcg_at_100": 0.10347,
        "ndcg_at_1000": 0.15977,
        "map_at_1": 0.03086,
        "map_at_3": 0.04964,
        "map_at_5": 0.05288,
        "map_at_10": 0.05698,
        "map_at_20": 0.06034,
        "map_at_100": 0.06284,
        "map_at_1000": 0.06435,
        "recall_at_1": 0.03086,
        "recall_at_3": 0.07407,
        "recall_at_5": 0.08796,
        "recall_at_10": 0.11728,
        "recall_at_20": 0.16667,
        "recall_at_100": 0.27623,
        "recall_at_1000": 0.75617,
        "precision_at_1": 0.03086,
        "precision_at_3": 0.02469,
        "precision_at_5": 0.01759,
        "precision_at_10": 0.01173,
        "precision_at_20": 0.00833,
        "precision_at_100": 0.00276,
        "precision_at_1000": 0.00076,
        "mrr_at_1": 0.030864,
        "mrr_at_3": 0.04964,
        "mrr_at_5": 0.052881,
        "mrr_at_10": 0.056982,
        "mrr_at_20": 0.060345,
        "mrr_at_100": 0.062841,
        "mrr_at_1000": 0.064351,
        "nauc_ndcg_at_1_max": 0.107928,
        "nauc_ndcg_at_1_std": -0.084688,
        "nauc_ndcg_at_1_diff1": 0.282523,
        "nauc_ndcg_at_3_max": 0.091576,
        "nauc_ndcg_at_3_std": -0.066632,
        "nauc_ndcg_at_3_diff1": 0.253992,
        "nauc_ndcg_at_5_max": 0.082703,
        "nauc_ndcg_at_5_std": -0.051396,
        "nauc_ndcg_at_5_diff1": 0.258599,
        "nauc_ndcg_at_10_max": 0.097296,
        "nauc_ndcg_at_10_std": -0.028594,
        "nauc_ndcg_at_10_diff1": 0.268482,
        "nauc_ndcg_at_20_max": 0.107251,
        "nauc_ndcg_at_20_std": 0.020061,
        "nauc_ndcg_at_20_diff1": 0.24613,
        "nauc_ndcg_at_100_max": 0.090297,
        "nauc_ndcg_at_100_std": 0.019077,
        "nauc_ndcg_at_100_diff1": 0.208158,
        "nauc_ndcg_at_1000_max": 0.084569,
        "nauc_ndcg_at_1000_std": 0.033856,
        "nauc_ndcg_at_1000_diff1": 0.200271,
        "nauc_map_at_1_max": 0.107928,
        "nauc_map_at_1_std": -0.084688,
        "nauc_map_at_1_diff1": 0.282523,
        "nauc_map_at_3_max": 0.085717,
        "nauc_map_at_3_std": -0.073002,
        "nauc_map_at_3_diff1": 0.256075,
        "nauc_map_at_5_max": 0.079925,
        "nauc_map_at_5_std": -0.06309,
        "nauc_map_at_5_diff1": 0.259295,
        "nauc_map_at_10_max": 0.088948,
        "nauc_map_at_10_std": -0.049816,
        "nauc_map_at_10_diff1": 0.264056,
        "nauc_map_at_20_max": 0.092234,
        "nauc_map_at_20_std": -0.031526,
        "nauc_map_at_20_diff1": 0.256599,
        "nauc_map_at_100_max": 0.089172,
        "nauc_map_at_100_std": -0.031658,
        "nauc_map_at_100_diff1": 0.248179,
        "nauc_map_at_1000_max": 0.089484,
        "nauc_map_at_1000_std": -0.029833,
        "nauc_map_at_1000_diff1": 0.247563,
        "nauc_recall_at_1_max": 0.107928,
        "nauc_recall_at_1_std": -0.084688,
        "nauc_recall_at_1_diff1": 0.282523,
        "nauc_recall_at_3_max": 0.105207,
        "nauc_recall_at_3_std": -0.053301,
        "nauc_recall_at_3_diff1": 0.25057,
        "nauc_recall_at_5_max": 0.088965,
        "nauc_recall_at_5_std": -0.028617,
        "nauc_recall_at_5_diff1": 0.258043,
        "nauc_recall_at_10_max": 0.112009,
        "nauc_recall_at_10_std": 0.008053,
        "nauc_recall_at_10_diff1": 0.277859,
        "nauc_recall_at_20_max": 0.131982,
        "nauc_recall_at_20_std": 0.104358,
        "nauc_recall_at_20_diff1": 0.226513,
        "nauc_recall_at_100_max": 0.084643,
        "nauc_recall_at_100_std": 0.085721,
        "nauc_recall_at_100_diff1": 0.141214,
        "nauc_recall_at_1000_max": 0.033086,
        "nauc_recall_at_1000_std": 0.161105,
        "nauc_recall_at_1000_diff1": 0.07795,
        "nauc_precision_at_1_max": 0.107928,
        "nauc_precision_at_1_std": -0.084688,
        "nauc_precision_at_1_diff1": 0.282523,
        "nauc_precision_at_3_max": 0.105207,
        "nauc_precision_at_3_std": -0.053301,
        "nauc_precision_at_3_diff1": 0.25057,
        "nauc_precision_at_5_max": 0.088965,
        "nauc_precision_at_5_std": -0.028617,
        "nauc_precision_at_5_diff1": 0.258043,
        "nauc_precision_at_10_max": 0.112009,
        "nauc_precision_at_10_std": 0.008053,
        "nauc_precision_at_10_diff1": 0.277859,
        "nauc_precision_at_20_max": 0.131982,
        "nauc_precision_at_20_std": 0.104358,
        "nauc_precision_at_20_diff1": 0.226513,
        "nauc_precision_at_100_max": 0.084643,
        "nauc_precision_at_100_std": 0.085721,
        "nauc_precision_at_100_diff1": 0.141214,
        "nauc_precision_at_1000_max": 0.033086,
        "nauc_precision_at_1000_std": 0.161105,
        "nauc_precision_at_1000_diff1": 0.07795,
        "nauc_mrr_at_1_max": 0.107928,
        "nauc_mrr_at_1_std": -0.084688,
        "nauc_mrr_at_1_diff1": 0.282523,
        "nauc_mrr_at_3_max": 0.085717,
        "nauc_mrr_at_3_std": -0.073002,
        "nauc_mrr_at_3_diff1": 0.256075,
        "nauc_mrr_at_5_max": 0.079925,
        "nauc_mrr_at_5_std": -0.06309,
        "nauc_mrr_at_5_diff1": 0.259295,
        "nauc_mrr_at_10_max": 0.088948,
        "nauc_mrr_at_10_std": -0.049816,
        "nauc_mrr_at_10_diff1": 0.264056,
        "nauc_mrr_at_20_max": 0.092234,
        "nauc_mrr_at_20_std": -0.031526,
        "nauc_mrr_at_20_diff1": 0.256599,
        "nauc_mrr_at_100_max": 0.089172,
        "nauc_mrr_at_100_std": -0.031658,
        "nauc_mrr_at_100_diff1": 0.248179,
        "nauc_mrr_at_1000_max": 0.089484,
        "nauc_mrr_at_1000_std": -0.029833,
        "nauc_mrr_at_1000_diff1": 0.247563,
        "main_score": 0.07136,
        "hf_subset": "default",
        "languages": [
          "tur-Latn"
        ]
      }
    ]
  },
  "evaluation_time": 20.08014726638794,
  "kg_co2_emissions": null
}