{
  "dataset_revision": "main",
  "task_name": "MSMarcoTRRetrieval",
  "mteb_version": "1.31.3",
  "scores": {
    "test": [
      {
        "ndcg_at_1": 0.21076,
        "ndcg_at_3": 0.23967,
        "ndcg_at_5": 0.24737,
        "ndcg_at_10": 0.25462,
        "ndcg_at_20": 0.26105,
        "ndcg_at_100": 0.27621,
        "ndcg_at_1000": 0.29721,
        "map_at_1": 0.21076,
        "map_at_3": 0.23244,
        "map_at_5": 0.23674,
        "map_at_10": 0.23972,
        "map_at_20": 0.24148,
        "map_at_100": 0.24355,
        "map_at_1000": 0.24416,
        "recall_at_1": 0.21076,
        "recall_at_3": 0.26064,
        "recall_at_5": 0.27922,
        "recall_at_10": 0.30171,
        "recall_at_20": 0.32714,
        "recall_at_100": 0.40929,
        "recall_at_1000": 0.58484,
        "precision_at_1": 0.21076,
        "precision_at_3": 0.08688,
        "precision_at_5": 0.05584,
        "precision_at_10": 0.03017,
        "precision_at_20": 0.01636,
        "precision_at_100": 0.00409,
        "precision_at_1000": 0.00058,
        "mrr_at_1": 0.210758,
        "mrr_at_3": 0.232437,
        "mrr_at_5": 0.23674,
        "mrr_at_10": 0.23972,
        "mrr_at_20": 0.241483,
        "mrr_at_100": 0.243548,
        "mrr_at_1000": 0.244165,
        "nauc_ndcg_at_1_max": 0.109549,
        "nauc_ndcg_at_1_std": -0.29755,
        "nauc_ndcg_at_1_diff1": 0.707988,
        "nauc_ndcg_at_3_max": 0.107934,
        "nauc_ndcg_at_3_std": -0.295716,
        "nauc_ndcg_at_3_diff1": 0.659857,
        "nauc_ndcg_at_5_max": 0.099854,
        "nauc_ndcg_at_5_std": -0.299565,
        "nauc_ndcg_at_5_diff1": 0.643017,
        "nauc_ndcg_at_10_max": 0.102227,
        "nauc_ndcg_at_10_std": -0.290846,
        "nauc_ndcg_at_10_diff1": 0.631133,
        "nauc_ndcg_at_20_max": 0.101523,
        "nauc_ndcg_at_20_std": -0.286836,
        "nauc_ndcg_at_20_diff1": 0.624031,
        "nauc_ndcg_at_100_max": 0.10848,
        "nauc_ndcg_at_100_std": -0.266767,
        "nauc_ndcg_at_100_diff1": 0.605373,
        "nauc_ndcg_at_1000_max": 0.1199,
        "nauc_ndcg_at_1000_std": -0.244431,
        "nauc_ndcg_at_1000_diff1": 0.590386,
        "nauc_map_at_1_max": 0.109549,
        "nauc_map_at_1_std": -0.29755,
        "nauc_map_at_1_diff1": 0.707988,
        "nauc_map_at_3_max": 0.107705,
        "nauc_map_at_3_std": -0.297168,
        "nauc_map_at_3_diff1": 0.67167,
        "nauc_map_at_5_max": 0.102961,
        "nauc_map_at_5_std": -0.29941,
        "nauc_map_at_5_diff1": 0.661895,
        "nauc_map_at_10_max": 0.103891,
        "nauc_map_at_10_std": -0.295839,
        "nauc_map_at_10_diff1": 0.656729,
        "nauc_map_at_20_max": 0.10375,
        "nauc_map_at_20_std": -0.294681,
        "nauc_map_at_20_diff1": 0.654794,
        "nauc_map_at_100_max": 0.104801,
        "nauc_map_at_100_std": -0.291915,
        "nauc_map_at_100_diff1": 0.652235,
        "nauc_map_at_1000_max": 0.105184,
        "nauc_map_at_1000_std": -0.291211,
        "nauc_map_at_1000_diff1": 0.651807,
        "nauc_recall_at_1_max": 0.109549,
        "nauc_recall_at_1_std": -0.29755,
        "nauc_recall_at_1_diff1": 0.707988,
        "nauc_recall_at_3_max": 0.108799,
        "nauc_recall_at_3_std": -0.291326,
        "nauc_recall_at_3_diff1": 0.62718,
        "nauc_recall_at_5_max": 0.090887,
        "nauc_recall_at_5_std": -0.300013,
        "nauc_recall_at_5_diff1": 0.590125,
        "nauc_recall_at_10_max": 0.098261,
        "nauc_recall_at_10_std": -0.274465,
        "nauc_recall_at_10_diff1": 0.558127,
        "nauc_recall_at_20_max": 0.095356,
        "nauc_recall_at_20_std": -0.260267,
        "nauc_recall_at_20_diff1": 0.532632,
        "nauc_recall_at_100_max": 0.128366,
        "nauc_recall_at_100_std": -0.163139,
        "nauc_recall_at_100_diff1": 0.444181,
        "nauc_recall_at_1000_max": 0.22475,
        "nauc_recall_at_1000_std": 0.03482,
        "nauc_recall_at_1000_diff1": 0.298481,
        "nauc_precision_at_1_max": 0.109549,
        "nauc_precision_at_1_std": -0.29755,
        "nauc_precision_at_1_diff1": 0.707988,
        "nauc_precision_at_3_max": 0.108799,
        "nauc_precision_at_3_std": -0.291326,
        "nauc_precision_at_3_diff1": 0.62718,
        "nauc_precision_at_5_max": 0.090887,
        "nauc_precision_at_5_std": -0.300013,
        "nauc_precision_at_5_diff1": 0.590125,
        "nauc_precision_at_10_max": 0.098261,
        "nauc_precision_at_10_std": -0.274465,
        "nauc_precision_at_10_diff1": 0.558127,
        "nauc_precision_at_20_max": 0.095356,
        "nauc_precision_at_20_std": -0.260267,
        "nauc_precision_at_20_diff1": 0.532632,
        "nauc_precision_at_100_max": 0.128366,
        "nauc_precision_at_100_std": -0.163139,
        "nauc_precision_at_100_diff1": 0.444181,
        "nauc_precision_at_1000_max": 0.22475,
        "nauc_precision_at_1000_std": 0.03482,
        "nauc_precision_at_1000_diff1": 0.298481,
        "nauc_mrr_at_1_max": 0.109549,
        "nauc_mrr_at_1_std": -0.29755,
        "nauc_mrr_at_1_diff1": 0.707988,
        "nauc_mrr_at_3_max": 0.107705,
        "nauc_mrr_at_3_std": -0.297168,
        "nauc_mrr_at_3_diff1": 0.67167,
        "nauc_mrr_at_5_max": 0.102961,
        "nauc_mrr_at_5_std": -0.29941,
        "nauc_mrr_at_5_diff1": 0.661895,
        "nauc_mrr_at_10_max": 0.103891,
        "nauc_mrr_at_10_std": -0.295839,
        "nauc_mrr_at_10_diff1": 0.656729,
        "nauc_mrr_at_20_max": 0.10375,
        "nauc_mrr_at_20_std": -0.294681,
        "nauc_mrr_at_20_diff1": 0.654794,
        "nauc_mrr_at_100_max": 0.104801,
        "nauc_mrr_at_100_std": -0.291915,
        "nauc_mrr_at_100_diff1": 0.652235,
        "nauc_mrr_at_1000_max": 0.105184,
        "nauc_mrr_at_1000_std": -0.291211,
        "nauc_mrr_at_1000_diff1": 0.651807,
        "main_score": 0.25462,
        "hf_subset": "default",
        "languages": [
          "tur-Latn"
        ]
      }
    ]
  },
  "evaluation_time": 10.940001726150513,
  "kg_co2_emissions": null
}