{
  "dataset_revision": "main",
  "task_name": "NFCorpusTR",
  "mteb_version": "1.31.3",
  "scores": {
    "test": [
      {
        "ndcg_at_1": 0.01575,
        "ndcg_at_3": 0.01772,
        "ndcg_at_5": 0.02263,
        "ndcg_at_10": 0.02631,
        "ndcg_at_20": 0.03126,
        "ndcg_at_100": 0.04579,
        "ndcg_at_1000": 0.11876,
        "map_at_1": 0.01575,
        "map_at_3": 0.01706,
        "map_at_5": 0.01982,
        "map_at_10": 0.02125,
        "map_at_20": 0.02259,
        "map_at_100": 0.02432,
        "map_at_1000": 0.02604,
        "recall_at_1": 0.01575,
        "recall_at_3": 0.01969,
        "recall_at_5": 0.0315,
        "recall_at_10": 0.04331,
        "recall_at_20": 0.06299,
        "recall_at_100": 0.14567,
        "recall_at_1000": 0.78346,
        "precision_at_1": 0.01575,
        "precision_at_3": 0.00656,
        "precision_at_5": 0.0063,
        "precision_at_10": 0.00433,
        "precision_at_20": 0.00315,
        "precision_at_100": 0.00146,
        "precision_at_1000": 0.00078,
        "mrr_at_1": 0.015748,
        "mrr_at_3": 0.01706,
        "mrr_at_5": 0.019816,
        "mrr_at_10": 0.021254,
        "mrr_at_20": 0.022594,
        "mrr_at_100": 0.024319,
        "mrr_at_1000": 0.026039,
        "nauc_ndcg_at_1_max": 0.205651,
        "nauc_ndcg_at_1_std": -0.028969,
        "nauc_ndcg_at_1_diff1": 0.473184,
        "nauc_ndcg_at_3_max": 0.136866,
        "nauc_ndcg_at_3_std": -0.089344,
        "nauc_ndcg_at_3_diff1": 0.456451,
        "nauc_ndcg_at_5_max": 0.132712,
        "nauc_ndcg_at_5_std": -0.072979,
        "nauc_ndcg_at_5_diff1": 0.334956,
        "nauc_ndcg_at_10_max": 0.254092,
        "nauc_ndcg_at_10_std": -0.078646,
        "nauc_ndcg_at_10_diff1": 0.332261,
        "nauc_ndcg_at_20_max": 0.22626,
        "nauc_ndcg_at_20_std": -0.060766,
        "nauc_ndcg_at_20_diff1": 0.346019,
        "nauc_ndcg_at_100_max": 0.20023,
        "nauc_ndcg_at_100_std": -0.079143,
        "nauc_ndcg_at_100_diff1": 0.266388,
        "nauc_ndcg_at_1000_max": 0.223773,
        "nauc_ndcg_at_1000_std": -0.012098,
        "nauc_ndcg_at_1000_diff1": 0.169568,
        "nauc_map_at_1_max": 0.205651,
        "nauc_map_at_1_std": -0.028969,
        "nauc_map_at_1_diff1": 0.473184,
        "nauc_map_at_3_max": 0.158031,
        "nauc_map_at_3_std": -0.070767,
        "nauc_map_at_3_diff1": 0.4616,
        "nauc_map_at_5_max": 0.149791,
        "nauc_map_at_5_std": -0.061389,
        "nauc_map_at_5_diff1": 0.379358,
        "nauc_map_at_10_max": 0.207288,
        "nauc_map_at_10_std": -0.064752,
        "nauc_map_at_10_diff1": 0.37631,
        "nauc_map_at_20_max": 0.20191,
        "nauc_map_at_20_std": -0.057619,
        "nauc_map_at_20_diff1": 0.380079,
        "nauc_map_at_100_max": 0.198514,
        "nauc_map_at_100_std": -0.063731,
        "nauc_map_at_100_diff1": 0.35293,
        "nauc_map_at_1000_max": 0.198288,
        "nauc_map_at_1000_std": -0.061164,
        "nauc_map_at_1000_diff1": 0.347714,
        "nauc_recall_at_1_max": 0.205651,
        "nauc_recall_at_1_std": -0.028969,
        "nauc_recall_at_1_diff1": 0.473184,
        "nauc_recall_at_3_max": 0.081839,
        "nauc_recall_at_3_std": -0.137645,
        "nauc_recall_at_3_diff1": 0.443064,
        "nauc_recall_at_5_max": 0.102171,
        "nauc_recall_at_5_std": -0.095128,
        "nauc_recall_at_5_diff1": 0.247948,
        "nauc_recall_at_10_max": 0.347033,
        "nauc_recall_at_10_std": -0.100554,
        "nauc_recall_at_10_diff1": 0.263088,
        "nauc_recall_at_20_max": 0.25677,
        "nauc_recall_at_20_std": -0.061477,
        "nauc_recall_at_20_diff1": 0.308432,
        "nauc_recall_at_100_max": 0.192833,
        "nauc_recall_at_100_std": -0.089008,
        "nauc_recall_at_100_diff1": 0.199578,
        "nauc_recall_at_1000_max": 0.292893,
        "nauc_recall_at_1000_std": 0.137043,
        "nauc_recall_at_1000_diff1": -0.133004,
        "nauc_precision_at_1_max": 0.205651,
        "nauc_precision_at_1_std": -0.028969,
        "nauc_precision_at_1_diff1": 0.473184,
        "nauc_precision_at_3_max": 0.081839,
        "nauc_precision_at_3_std": -0.137645,
        "nauc_precision_at_3_diff1": 0.443064,
        "nauc_precision_at_5_max": 0.102171,
        "nauc_precision_at_5_std": -0.095128,
        "nauc_precision_at_5_diff1": 0.247948,
        "nauc_precision_at_10_max": 0.347033,
        "nauc_precision_at_10_std": -0.100554,
        "nauc_precision_at_10_diff1": 0.263088,
        "nauc_precision_at_20_max": 0.25677,
        "nauc_precision_at_20_std": -0.061477,
        "nauc_precision_at_20_diff1": 0.308432,
        "nauc_precision_at_100_max": 0.192833,
        "nauc_precision_at_100_std": -0.089008,
        "nauc_precision_at_100_diff1": 0.199578,
        "nauc_precision_at_1000_max": 0.292893,
        "nauc_precision_at_1000_std": 0.137043,
        "nauc_precision_at_1000_diff1": -0.133004,
        "nauc_mrr_at_1_max": 0.205651,
        "nauc_mrr_at_1_std": -0.028969,
        "nauc_mrr_at_1_diff1": 0.473184,
        "nauc_mrr_at_3_max": 0.158031,
        "nauc_mrr_at_3_std": -0.070767,
        "nauc_mrr_at_3_diff1": 0.4616,
        "nauc_mrr_at_5_max": 0.149791,
        "nauc_mrr_at_5_std": -0.061389,
        "nauc_mrr_at_5_diff1": 0.379358,
        "nauc_mrr_at_10_max": 0.207288,
        "nauc_mrr_at_10_std": -0.064752,
        "nauc_mrr_at_10_diff1": 0.37631,
        "nauc_mrr_at_20_max": 0.20191,
        "nauc_mrr_at_20_std": -0.057619,
        "nauc_mrr_at_20_diff1": 0.380079,
        "nauc_mrr_at_100_max": 0.198496,
        "nauc_mrr_at_100_std": -0.063753,
        "nauc_mrr_at_100_diff1": 0.352939,
        "nauc_mrr_at_1000_max": 0.19827,
        "nauc_mrr_at_1000_std": -0.061186,
        "nauc_mrr_at_1000_diff1": 0.347724,
        "main_score": 0.02631,
        "hf_subset": "default",
        "languages": [
          "tur-Latn"
        ]
      }
    ]
  },
  "evaluation_time": 19.81131887435913,
  "kg_co2_emissions": null
}