{
  "dataset_revision": "main",
  "task_name": "QuoraRetrievalTR",
  "mteb_version": "1.31.3",
  "scores": {
    "test": [
      {
        "ndcg_at_1": 0.65917,
        "ndcg_at_3": 0.72182,
        "ndcg_at_5": 0.73646,
        "ndcg_at_10": 0.74766,
        "ndcg_at_20": 0.75457,
        "ndcg_at_100": 0.76462,
        "ndcg_at_1000": 0.7733,
        "map_at_1": 0.65917,
        "map_at_3": 0.70664,
        "map_at_5": 0.71474,
        "map_at_10": 0.71947,
        "map_at_20": 0.72135,
        "map_at_100": 0.72281,
        "map_at_1000": 0.72306,
        "recall_at_1": 0.65917,
        "recall_at_3": 0.76564,
        "recall_at_5": 0.80132,
        "recall_at_10": 0.83535,
        "recall_at_20": 0.86279,
        "recall_at_100": 0.91603,
        "recall_at_1000": 0.98847,
        "precision_at_1": 0.65917,
        "precision_at_3": 0.25521,
        "precision_at_5": 0.16026,
        "precision_at_10": 0.08353,
        "precision_at_20": 0.04314,
        "precision_at_100": 0.00916,
        "precision_at_1000": 0.00099,
        "mrr_at_1": 0.659166,
        "mrr_at_3": 0.706641,
        "mrr_at_5": 0.714737,
        "mrr_at_10": 0.719468,
        "mrr_at_20": 0.72135,
        "mrr_at_100": 0.722806,
        "mrr_at_1000": 0.72306,
        "nauc_ndcg_at_1_max": 0.55767,
        "nauc_ndcg_at_1_std": -0.206831,
        "nauc_ndcg_at_1_diff1": 0.836035,
        "nauc_ndcg_at_3_max": 0.582221,
        "nauc_ndcg_at_3_std": -0.212244,
        "nauc_ndcg_at_3_diff1": 0.808441,
        "nauc_ndcg_at_5_max": 0.581684,
        "nauc_ndcg_at_5_std": -0.211641,
        "nauc_ndcg_at_5_diff1": 0.806137,
        "nauc_ndcg_at_10_max": 0.580002,
        "nauc_ndcg_at_10_std": -0.202433,
        "nauc_ndcg_at_10_diff1": 0.805741,
        "nauc_ndcg_at_20_max": 0.581563,
        "nauc_ndcg_at_20_std": -0.195242,
        "nauc_ndcg_at_20_diff1": 0.805381,
        "nauc_ndcg_at_100_max": 0.582617,
        "nauc_ndcg_at_100_std": -0.190091,
        "nauc_ndcg_at_100_diff1": 0.805586,
        "nauc_ndcg_at_1000_max": 0.579333,
        "nauc_ndcg_at_1000_std": -0.196396,
        "nauc_ndcg_at_1000_diff1": 0.808596,
        "nauc_map_at_1_max": 0.55767,
        "nauc_map_at_1_std": -0.206831,
        "nauc_map_at_1_diff1": 0.836035,
        "nauc_map_at_3_max": 0.576253,
        "nauc_map_at_3_std": -0.210099,
        "nauc_map_at_3_diff1": 0.815397,
        "nauc_map_at_5_max": 0.575885,
        "nauc_map_at_5_std": -0.209669,
        "nauc_map_at_5_diff1": 0.81432,
        "nauc_map_at_10_max": 0.575081,
        "nauc_map_at_10_std": -0.20635,
        "nauc_map_at_10_diff1": 0.814299,
        "nauc_map_at_20_max": 0.575376,
        "nauc_map_at_20_std": -0.204619,
        "nauc_map_at_20_diff1": 0.814212,
        "nauc_map_at_100_max": 0.575491,
        "nauc_map_at_100_std": -0.204044,
        "nauc_map_at_100_diff1": 0.814184,
        "nauc_map_at_1000_max": 0.575426,
        "nauc_map_at_1000_std": -0.204178,
        "nauc_map_at_1000_diff1": 0.814277,
        "nauc_recall_at_1_max": 0.55767,
        "nauc_recall_at_1_std": -0.206831,
        "nauc_recall_at_1_diff1": 0.836035,
        "nauc_recall_at_3_max": 0.602302,
        "nauc_recall_at_3_std": -0.219914,
        "nauc_recall_at_3_diff1": 0.784903,
        "nauc_recall_at_5_max": 0.603184,
        "nauc_recall_at_5_std": -0.219519,
        "nauc_recall_at_5_diff1": 0.77492,
        "nauc_recall_at_10_max": 0.60051,
        "nauc_recall_at_10_std": -0.179202,
        "nauc_recall_at_10_diff1": 0.767377,
        "nauc_recall_at_20_max": 0.614936,
        "nauc_recall_at_20_std": -0.128826,
        "nauc_recall_at_20_diff1": 0.758919,
        "nauc_recall_at_100_max": 0.646417,
        "nauc_recall_at_100_std": -0.024174,
        "nauc_recall_at_100_diff1": 0.738862,
        "nauc_recall_at_1000_max": 0.545463,
        "nauc_recall_at_1000_std": 0.066133,
        "nauc_recall_at_1000_diff1": 0.732965,
        "nauc_precision_at_1_max": 0.55767,
        "nauc_precision_at_1_std": -0.206831,
        "nauc_precision_at_1_diff1": 0.836035,
        "nauc_precision_at_3_max": 0.602302,
        "nauc_precision_at_3_std": -0.219914,
        "nauc_precision_at_3_diff1": 0.784903,
        "nauc_precision_at_5_max": 0.603184,
        "nauc_precision_at_5_std": -0.219519,
        "nauc_precision_at_5_diff1": 0.77492,
        "nauc_precision_at_10_max": 0.60051,
        "nauc_precision_at_10_std": -0.179202,
        "nauc_precision_at_10_diff1": 0.767377,
        "nauc_precision_at_20_max": 0.614936,
        "nauc_precision_at_20_std": -0.128826,
        "nauc_precision_at_20_diff1": 0.758919,
        "nauc_precision_at_100_max": 0.646417,
        "nauc_precision_at_100_std": -0.024174,
        "nauc_precision_at_100_diff1": 0.738862,
        "nauc_precision_at_1000_max": 0.545463,
        "nauc_precision_at_1000_std": 0.066133,
        "nauc_precision_at_1000_diff1": 0.732965,
        "nauc_mrr_at_1_max": 0.55767,
        "nauc_mrr_at_1_std": -0.206831,
        "nauc_mrr_at_1_diff1": 0.836035,
        "nauc_mrr_at_3_max": 0.576253,
        "nauc_mrr_at_3_std": -0.210099,
        "nauc_mrr_at_3_diff1": 0.815397,
        "nauc_mrr_at_5_max": 0.575885,
        "nauc_mrr_at_5_std": -0.209669,
        "nauc_mrr_at_5_diff1": 0.81432,
        "nauc_mrr_at_10_max": 0.575081,
        "nauc_mrr_at_10_std": -0.20635,
        "nauc_mrr_at_10_diff1": 0.814299,
        "nauc_mrr_at_20_max": 0.575376,
        "nauc_mrr_at_20_std": -0.204619,
        "nauc_mrr_at_20_diff1": 0.814212,
        "nauc_mrr_at_100_max": 0.575491,
        "nauc_mrr_at_100_std": -0.204044,
        "nauc_mrr_at_100_diff1": 0.814184,
        "nauc_mrr_at_1000_max": 0.575426,
        "nauc_mrr_at_1000_std": -0.204178,
        "nauc_mrr_at_1000_diff1": 0.814277,
        "main_score": 0.74766,
        "hf_subset": "default",
        "languages": [
          "tur-Latn"
        ]
      }
    ]
  },
  "evaluation_time": 7.035980224609375,
  "kg_co2_emissions": null
}