{
  "dataset_revision": "main",
  "task_name": "SciFactTR",
  "mteb_version": "1.31.3",
  "scores": {
    "test": [
      {
        "ndcg_at_1": 0.21,
        "ndcg_at_3": 0.28643,
        "ndcg_at_5": 0.29446,
        "ndcg_at_10": 0.31685,
        "ndcg_at_20": 0.33825,
        "ndcg_at_100": 0.39671,
        "ndcg_at_1000": 0.41881,
        "map_at_1": 0.21,
        "map_at_3": 0.26889,
        "map_at_5": 0.27322,
        "map_at_10": 0.28231,
        "map_at_20": 0.28793,
        "map_at_100": 0.29517,
        "map_at_1000": 0.29626,
        "recall_at_1": 0.21,
        "recall_at_3": 0.33667,
        "recall_at_5": 0.35667,
        "recall_at_10": 0.42667,
        "recall_at_20": 0.51333,
        "recall_at_100": 0.84,
        "recall_at_1000": 1.0,
        "precision_at_1": 0.21,
        "precision_at_3": 0.11222,
        "precision_at_5": 0.07133,
        "precision_at_10": 0.04267,
        "precision_at_20": 0.02567,
        "precision_at_100": 0.0084,
        "precision_at_1000": 0.001,
        "mrr_at_1": 0.21,
        "mrr_at_3": 0.268889,
        "mrr_at_5": 0.273222,
        "mrr_at_10": 0.282311,
        "mrr_at_20": 0.28793,
        "mrr_at_100": 0.295168,
        "mrr_at_1000": 0.296259,
        "nauc_ndcg_at_1_max": 0.425763,
        "nauc_ndcg_at_1_std": -0.259944,
        "nauc_ndcg_at_1_diff1": 0.626781,
        "nauc_ndcg_at_3_max": 0.446118,
        "nauc_ndcg_at_3_std": -0.320146,
        "nauc_ndcg_at_3_diff1": 0.564336,
        "nauc_ndcg_at_5_max": 0.443943,
        "nauc_ndcg_at_5_std": -0.326379,
        "nauc_ndcg_at_5_diff1": 0.552244,
        "nauc_ndcg_at_10_max": 0.458703,
        "nauc_ndcg_at_10_std": -0.300787,
        "nauc_ndcg_at_10_diff1": 0.542471,
        "nauc_ndcg_at_20_max": 0.438901,
        "nauc_ndcg_at_20_std": -0.287467,
        "nauc_ndcg_at_20_diff1": 0.521034,
        "nauc_ndcg_at_100_max": 0.426513,
        "nauc_ndcg_at_100_std": -0.300545,
        "nauc_ndcg_at_100_diff1": 0.530546,
        "nauc_ndcg_at_1000_max": 0.43687,
        "nauc_ndcg_at_1000_std": -0.299709,
        "nauc_ndcg_at_1000_diff1": 0.545958,
        "nauc_map_at_1_max": 0.425763,
        "nauc_map_at_1_std": -0.259944,
        "nauc_map_at_1_diff1": 0.626781,
        "nauc_map_at_3_max": 0.441007,
        "nauc_map_at_3_std": -0.3073,
        "nauc_map_at_3_diff1": 0.577171,
        "nauc_map_at_5_max": 0.439295,
        "nauc_map_at_5_std": -0.31086,
        "nauc_map_at_5_diff1": 0.570419,
        "nauc_map_at_10_max": 0.444916,
        "nauc_map_at_10_std": -0.29983,
        "nauc_map_at_10_diff1": 0.566572,
        "nauc_map_at_20_max": 0.439362,
        "nauc_map_at_20_std": -0.297036,
        "nauc_map_at_20_diff1": 0.561014,
        "nauc_map_at_100_max": 0.43763,
        "nauc_map_at_100_std": -0.29878,
        "nauc_map_at_100_diff1": 0.56242,
        "nauc_map_at_1000_max": 0.438117,
        "nauc_map_at_1000_std": -0.298749,
        "nauc_map_at_1000_diff1": 0.563212,
        "nauc_recall_at_1_max": 0.425763,
        "nauc_recall_at_1_std": -0.259944,
        "nauc_recall_at_1_diff1": 0.626781,
        "nauc_recall_at_3_max": 0.459877,
        "nauc_recall_at_3_std": -0.353975,
        "nauc_recall_at_3_diff1": 0.530728,
        "nauc_recall_at_5_max": 0.456645,
        "nauc_recall_at_5_std": -0.367834,
        "nauc_recall_at_5_diff1": 0.503056,
        "nauc_recall_at_10_max": 0.501927,
        "nauc_recall_at_10_std": -0.295043,
        "nauc_recall_at_10_diff1": 0.474131,
        "nauc_recall_at_20_max": 0.428837,
        "nauc_recall_at_20_std": -0.237741,
        "nauc_recall_at_20_diff1": 0.387735,
        "nauc_recall_at_100_max": 0.292342,
        "nauc_recall_at_100_std": -0.31158,
        "nauc_recall_at_100_diff1": 0.331329,
        "nauc_recall_at_1000_max": NaN,
        "nauc_recall_at_1000_std": NaN,
        "nauc_recall_at_1000_diff1": NaN,
        "nauc_precision_at_1_max": 0.425763,
        "nauc_precision_at_1_std": -0.259944,
        "nauc_precision_at_1_diff1": 0.626781,
        "nauc_precision_at_3_max": 0.459877,
        "nauc_precision_at_3_std": -0.353975,
        "nauc_precision_at_3_diff1": 0.530728,
        "nauc_precision_at_5_max": 0.456645,
        "nauc_precision_at_5_std": -0.367834,
        "nauc_precision_at_5_diff1": 0.503056,
        "nauc_precision_at_10_max": 0.501927,
        "nauc_precision_at_10_std": -0.295043,
        "nauc_precision_at_10_diff1": 0.474131,
        "nauc_precision_at_20_max": 0.428837,
        "nauc_precision_at_20_std": -0.237741,
        "nauc_precision_at_20_diff1": 0.387735,
        "nauc_precision_at_100_max": 0.292342,
        "nauc_precision_at_100_std": -0.31158,
        "nauc_precision_at_100_diff1": 0.331329,
        "nauc_precision_at_1000_max": 1.0,
        "nauc_precision_at_1000_std": 1.0,
        "nauc_precision_at_1000_diff1": 1.0,
        "nauc_mrr_at_1_max": 0.425763,
        "nauc_mrr_at_1_std": -0.259944,
        "nauc_mrr_at_1_diff1": 0.626781,
        "nauc_mrr_at_3_max": 0.441007,
        "nauc_mrr_at_3_std": -0.3073,
        "nauc_mrr_at_3_diff1": 0.577171,
        "nauc_mrr_at_5_max": 0.439295,
        "nauc_mrr_at_5_std": -0.31086,
        "nauc_mrr_at_5_diff1": 0.570419,
        "nauc_mrr_at_10_max": 0.444916,
        "nauc_mrr_at_10_std": -0.29983,
        "nauc_mrr_at_10_diff1": 0.566572,
        "nauc_mrr_at_20_max": 0.439362,
        "nauc_mrr_at_20_std": -0.297036,
        "nauc_mrr_at_20_diff1": 0.561014,
        "nauc_mrr_at_100_max": 0.43763,
        "nauc_mrr_at_100_std": -0.29878,
        "nauc_mrr_at_100_diff1": 0.56242,
        "nauc_mrr_at_1000_max": 0.438117,
        "nauc_mrr_at_1000_std": -0.298749,
        "nauc_mrr_at_1000_diff1": 0.563212,
        "main_score": 0.31685,
        "hf_subset": "default",
        "languages": [
          "tur-Latn"
        ]
      }
    ]
  },
  "evaluation_time": 4.504037380218506,
  "kg_co2_emissions": null
}