{
  "dataset_revision": "main",
  "task_name": "SquadTRRetrieval",
  "mteb_version": "1.31.3",
  "scores": {
    "test": [
      {
        "ndcg_at_1": 0.07237,
        "ndcg_at_3": 0.10192,
        "ndcg_at_5": 0.11395,
        "ndcg_at_10": 0.12806,
        "ndcg_at_20": 0.14125,
        "ndcg_at_100": 0.16937,
        "ndcg_at_1000": 0.23174,
        "map_at_1": 0.07237,
        "map_at_3": 0.09434,
        "map_at_5": 0.10102,
        "map_at_10": 0.10679,
        "map_at_20": 0.1104,
        "map_at_100": 0.11402,
        "map_at_1000": 0.11565,
        "recall_at_1": 0.07237,
        "recall_at_3": 0.12399,
        "recall_at_5": 0.15318,
        "recall_at_10": 0.19708,
        "recall_at_20": 0.24931,
        "recall_at_100": 0.40502,
        "recall_at_1000": 0.93873,
        "precision_at_1": 0.07237,
        "precision_at_3": 0.04133,
        "precision_at_5": 0.03064,
        "precision_at_10": 0.01971,
        "precision_at_20": 0.01247,
        "precision_at_100": 0.00405,
        "precision_at_1000": 0.00094,
        "mrr_at_1": 0.072368,
        "mrr_at_3": 0.094339,
        "mrr_at_5": 0.101015,
        "mrr_at_10": 0.10679,
        "mrr_at_20": 0.110402,
        "mrr_at_100": 0.114021,
        "mrr_at_1000": 0.115649,
        "nauc_ndcg_at_1_max": 0.112281,
        "nauc_ndcg_at_1_std": -0.223466,
        "nauc_ndcg_at_1_diff1": 0.458725,
        "nauc_ndcg_at_3_max": 0.101254,
        "nauc_ndcg_at_3_std": -0.225183,
        "nauc_ndcg_at_3_diff1": 0.362723,
        "nauc_ndcg_at_5_max": 0.097475,
        "nauc_ndcg_at_5_std": -0.227678,
        "nauc_ndcg_at_5_diff1": 0.343197,
        "nauc_ndcg_at_10_max": 0.09709,
        "nauc_ndcg_at_10_std": -0.221928,
        "nauc_ndcg_at_10_diff1": 0.319677,
        "nauc_ndcg_at_20_max": 0.099804,
        "nauc_ndcg_at_20_std": -0.216639,
        "nauc_ndcg_at_20_diff1": 0.309768,
        "nauc_ndcg_at_100_max": 0.096036,
        "nauc_ndcg_at_100_std": -0.207867,
        "nauc_ndcg_at_100_diff1": 0.300706,
        "nauc_ndcg_at_1000_max": 0.089601,
        "nauc_ndcg_at_1000_std": -0.214727,
        "nauc_ndcg_at_1000_diff1": 0.313724,
        "nauc_map_at_1_max": 0.112281,
        "nauc_map_at_1_std": -0.223466,
        "nauc_map_at_1_diff1": 0.458725,
        "nauc_map_at_3_max": 0.1024,
        "nauc_map_at_3_std": -0.224764,
        "nauc_map_at_3_diff1": 0.380537,
        "nauc_map_at_5_max": 0.099989,
        "nauc_map_at_5_std": -0.226183,
        "nauc_map_at_5_diff1": 0.367518,
        "nauc_map_at_10_max": 0.099579,
        "nauc_map_at_10_std": -0.223534,
        "nauc_map_at_10_diff1": 0.355295,
        "nauc_map_at_20_max": 0.100434,
        "nauc_map_at_20_std": -0.22187,
        "nauc_map_at_20_diff1": 0.351566,
        "nauc_map_at_100_max": 0.100461,
        "nauc_map_at_100_std": -0.220259,
        "nauc_map_at_100_diff1": 0.349996,
        "nauc_map_at_1000_max": 0.100115,
        "nauc_map_at_1000_std": -0.220334,
        "nauc_map_at_1000_diff1": 0.350329,
        "nauc_recall_at_1_max": 0.112281,
        "nauc_recall_at_1_std": -0.223466,
        "nauc_recall_at_1_diff1": 0.458725,
        "nauc_recall_at_3_max": 0.098951,
        "nauc_recall_at_3_std": -0.22617,
        "nauc_recall_at_3_diff1": 0.322251,
        "nauc_recall_at_5_max": 0.092242,
        "nauc_recall_at_5_std": -0.231137,
        "nauc_recall_at_5_diff1": 0.291706,
        "nauc_recall_at_10_max": 0.092778,
        "nauc_recall_at_10_std": -0.217954,
        "nauc_recall_at_10_diff1": 0.250176,
        "nauc_recall_at_20_max": 0.100201,
        "nauc_recall_at_20_std": -0.204326,
        "nauc_recall_at_20_diff1": 0.231545,
        "nauc_recall_at_100_max": 0.083091,
        "nauc_recall_at_100_std": -0.177972,
        "nauc_recall_at_100_diff1": 0.210043,
        "nauc_recall_at_1000_max": -0.103029,
        "nauc_recall_at_1000_std": -0.232739,
        "nauc_recall_at_1000_diff1": 0.13943,
        "nauc_precision_at_1_max": 0.112281,
        "nauc_precision_at_1_std": -0.223466,
        "nauc_precision_at_1_diff1": 0.458725,
        "nauc_precision_at_3_max": 0.098951,
        "nauc_precision_at_3_std": -0.22617,
        "nauc_precision_at_3_diff1": 0.322251,
        "nauc_precision_at_5_max": 0.092242,
        "nauc_precision_at_5_std": -0.231137,
        "nauc_precision_at_5_diff1": 0.291706,
        "nauc_precision_at_10_max": 0.092778,
        "nauc_precision_at_10_std": -0.217954,
        "nauc_precision_at_10_diff1": 0.250176,
        "nauc_precision_at_20_max": 0.100201,
        "nauc_precision_at_20_std": -0.204326,
        "nauc_precision_at_20_diff1": 0.231545,
        "nauc_precision_at_100_max": 0.083091,
        "nauc_precision_at_100_std": -0.177972,
        "nauc_precision_at_100_diff1": 0.210043,
        "nauc_precision_at_1000_max": -0.103029,
        "nauc_precision_at_1000_std": -0.232739,
        "nauc_precision_at_1000_diff1": 0.13943,
        "nauc_mrr_at_1_max": 0.112281,
        "nauc_mrr_at_1_std": -0.223466,
        "nauc_mrr_at_1_diff1": 0.458725,
        "nauc_mrr_at_3_max": 0.1024,
        "nauc_mrr_at_3_std": -0.224764,
        "nauc_mrr_at_3_diff1": 0.380537,
        "nauc_mrr_at_5_max": 0.099989,
        "nauc_mrr_at_5_std": -0.226183,
        "nauc_mrr_at_5_diff1": 0.367518,
        "nauc_mrr_at_10_max": 0.099579,
        "nauc_mrr_at_10_std": -0.223534,
        "nauc_mrr_at_10_diff1": 0.355295,
        "nauc_mrr_at_20_max": 0.100434,
        "nauc_mrr_at_20_std": -0.22187,
        "nauc_mrr_at_20_diff1": 0.351566,
        "nauc_mrr_at_100_max": 0.100461,
        "nauc_mrr_at_100_std": -0.220259,
        "nauc_mrr_at_100_diff1": 0.349996,
        "nauc_mrr_at_1000_max": 0.100115,
        "nauc_mrr_at_1000_std": -0.220334,
        "nauc_mrr_at_1000_diff1": 0.350329,
        "main_score": 0.12806,
        "hf_subset": "default",
        "languages": [
          "tur-Latn"
        ]
      }
    ]
  },
  "evaluation_time": 36.696492195129395,
  "kg_co2_emissions": null
}