{
  "dataset_revision": "51adfef1c1287aab1d2d91b5bead9bcfb9c68583",
  "task_name": "XQuADRetrieval",
  "mteb_version": "1.31.3",
  "scores": {
    "validation": [
      {
        "ndcg_at_1": 0.26436,
        "ndcg_at_3": 0.33215,
        "ndcg_at_5": 0.3505,
        "ndcg_at_10": 0.36528,
        "ndcg_at_20": 0.3858,
        "ndcg_at_100": 0.43072,
        "ndcg_at_1000": 0.45803,
        "map_at_1": 0.26436,
        "map_at_3": 0.31532,
        "map_at_5": 0.32545,
        "map_at_10": 0.33157,
        "map_at_20": 0.33711,
        "map_at_100": 0.3429,
        "map_at_1000": 0.34422,
        "recall_at_1": 0.26436,
        "recall_at_3": 0.38091,
        "recall_at_5": 0.42568,
        "recall_at_10": 0.47128,
        "recall_at_20": 0.55321,
        "recall_at_100": 0.80152,
        "recall_at_1000": 1.0,
        "precision_at_1": 0.26436,
        "precision_at_3": 0.12697,
        "precision_at_5": 0.08514,
        "precision_at_10": 0.04713,
        "precision_at_20": 0.02766,
        "precision_at_100": 0.00802,
        "precision_at_1000": 0.001,
        "mrr_at_1": 0.264358,
        "mrr_at_3": 0.315315,
        "mrr_at_5": 0.32545,
        "mrr_at_10": 0.331565,
        "mrr_at_20": 0.337109,
        "mrr_at_100": 0.342895,
        "mrr_at_1000": 0.344218,
        "nauc_ndcg_at_1_max": 0.236192,
        "nauc_ndcg_at_1_std": -0.238587,
        "nauc_ndcg_at_1_diff1": 0.55427,
        "nauc_ndcg_at_3_max": 0.281936,
        "nauc_ndcg_at_3_std": -0.263028,
        "nauc_ndcg_at_3_diff1": 0.545985,
        "nauc_ndcg_at_5_max": 0.293841,
        "nauc_ndcg_at_5_std": -0.270801,
        "nauc_ndcg_at_5_diff1": 0.545997,
        "nauc_ndcg_at_10_max": 0.286986,
        "nauc_ndcg_at_10_std": -0.26979,
        "nauc_ndcg_at_10_diff1": 0.540412,
        "nauc_ndcg_at_20_max": 0.274293,
        "nauc_ndcg_at_20_std": -0.263396,
        "nauc_ndcg_at_20_diff1": 0.534275,
        "nauc_ndcg_at_100_max": 0.269803,
        "nauc_ndcg_at_100_std": -0.250453,
        "nauc_ndcg_at_100_diff1": 0.524802,
        "nauc_ndcg_at_1000_max": 0.273594,
        "nauc_ndcg_at_1000_std": -0.257017,
        "nauc_ndcg_at_1000_diff1": 0.53593,
        "nauc_map_at_1_max": 0.236192,
        "nauc_map_at_1_std": -0.238587,
        "nauc_map_at_1_diff1": 0.55427,
        "nauc_map_at_3_max": 0.271095,
        "nauc_map_at_3_std": -0.256844,
        "nauc_map_at_3_diff1": 0.547836,
        "nauc_map_at_5_max": 0.27788,
        "nauc_map_at_5_std": -0.26132,
        "nauc_map_at_5_diff1": 0.547734,
        "nauc_map_at_10_max": 0.275098,
        "nauc_map_at_10_std": -0.260917,
        "nauc_map_at_10_diff1": 0.545549,
        "nauc_map_at_20_max": 0.271728,
        "nauc_map_at_20_std": -0.258985,
        "nauc_map_at_20_diff1": 0.543886,
        "nauc_map_at_100_max": 0.271065,
        "nauc_map_at_100_std": -0.256634,
        "nauc_map_at_100_diff1": 0.542211,
        "nauc_map_at_1000_max": 0.271206,
        "nauc_map_at_1000_std": -0.256945,
        "nauc_map_at_1000_diff1": 0.542721,
        "nauc_recall_at_1_max": 0.236192,
        "nauc_recall_at_1_std": -0.238587,
        "nauc_recall_at_1_diff1": 0.55427,
        "nauc_recall_at_3_max": 0.311761,
        "nauc_recall_at_3_std": -0.280191,
        "nauc_recall_at_3_diff1": 0.540937,
        "nauc_recall_at_5_max": 0.339243,
        "nauc_recall_at_5_std": -0.297954,
        "nauc_recall_at_5_diff1": 0.541391,
        "nauc_recall_at_10_max": 0.318792,
        "nauc_recall_at_10_std": -0.295204,
        "nauc_recall_at_10_diff1": 0.523838,
        "nauc_recall_at_20_max": 0.268312,
        "nauc_recall_at_20_std": -0.272227,
        "nauc_recall_at_20_diff1": 0.497824,
        "nauc_recall_at_100_max": 0.225648,
        "nauc_recall_at_100_std": -0.1775,
        "nauc_recall_at_100_diff1": 0.398485,
        "nauc_recall_at_1000_max": NaN,
        "nauc_recall_at_1000_std": NaN,
        "nauc_recall_at_1000_diff1": NaN,
        "nauc_precision_at_1_max": 0.236192,
        "nauc_precision_at_1_std": -0.238587,
        "nauc_precision_at_1_diff1": 0.55427,
        "nauc_precision_at_3_max": 0.311761,
        "nauc_precision_at_3_std": -0.280191,
        "nauc_precision_at_3_diff1": 0.540937,
        "nauc_precision_at_5_max": 0.339243,
        "nauc_precision_at_5_std": -0.297954,
        "nauc_precision_at_5_diff1": 0.541391,
        "nauc_precision_at_10_max": 0.318792,
        "nauc_precision_at_10_std": -0.295204,
        "nauc_precision_at_10_diff1": 0.523838,
        "nauc_precision_at_20_max": 0.268312,
        "nauc_precision_at_20_std": -0.272227,
        "nauc_precision_at_20_diff1": 0.497824,
        "nauc_precision_at_100_max": 0.225648,
        "nauc_precision_at_100_std": -0.1775,
        "nauc_precision_at_100_diff1": 0.398485,
        "nauc_precision_at_1000_max": 1.0,
        "nauc_precision_at_1000_std": 1.0,
        "nauc_precision_at_1000_diff1": 1.0,
        "nauc_mrr_at_1_max": 0.236192,
        "nauc_mrr_at_1_std": -0.238587,
        "nauc_mrr_at_1_diff1": 0.55427,
        "nauc_mrr_at_3_max": 0.271095,
        "nauc_mrr_at_3_std": -0.256844,
        "nauc_mrr_at_3_diff1": 0.547836,
        "nauc_mrr_at_5_max": 0.27788,
        "nauc_mrr_at_5_std": -0.26132,
        "nauc_mrr_at_5_diff1": 0.547734,
        "nauc_mrr_at_10_max": 0.275098,
        "nauc_mrr_at_10_std": -0.260917,
        "nauc_mrr_at_10_diff1": 0.545549,
        "nauc_mrr_at_20_max": 0.271728,
        "nauc_mrr_at_20_std": -0.258985,
        "nauc_mrr_at_20_diff1": 0.543886,
        "nauc_mrr_at_100_max": 0.271065,
        "nauc_mrr_at_100_std": -0.256634,
        "nauc_mrr_at_100_diff1": 0.542211,
        "nauc_mrr_at_1000_max": 0.271206,
        "nauc_mrr_at_1000_std": -0.256945,
        "nauc_mrr_at_1000_diff1": 0.542721,
        "main_score": 0.36528,
        "hf_subset": "tr",
        "languages": [
          "tur-Latn"
        ]
      }
    ]
  },
  "evaluation_time": 4.464037895202637,
  "kg_co2_emissions": null
}