{
  "dataset_revision": "main",
  "task_name": "FiQA2018TR",
  "mteb_version": "1.31.3",
  "scores": {
    "test": [
      {
        "ndcg_at_1": 0.10802,
        "ndcg_at_3": 0.10555,
        "ndcg_at_5": 0.1135,
        "ndcg_at_10": 0.12771,
        "ndcg_at_20": 0.1423,
        "ndcg_at_100": 0.17413,
        "ndcg_at_1000": 0.21898,
        "map_at_1": 0.04926,
        "map_at_3": 0.07453,
        "map_at_5": 0.08357,
        "map_at_10": 0.0913,
        "map_at_20": 0.09563,
        "map_at_100": 0.10047,
        "map_at_1000": 0.10236,
        "recall_at_1": 0.04926,
        "recall_at_3": 0.09674,
        "recall_at_5": 0.12624,
        "recall_at_10": 0.16817,
        "recall_at_20": 0.2151,
        "recall_at_100": 0.3487,
        "recall_at_1000": 0.63129,
        "precision_at_1": 0.10802,
        "precision_at_3": 0.07356,
        "precision_at_5": 0.05895,
        "precision_at_10": 0.04105,
        "precision_at_20": 0.02623,
        "precision_at_100": 0.00887,
        "precision_at_1000": 0.00165,
        "mrr_at_1": 0.108025,
        "mrr_at_3": 0.138632,
        "mrr_at_5": 0.14874,
        "mrr_at_10": 0.157379,
        "mrr_at_20": 0.162184,
        "mrr_at_100": 0.166498,
        "mrr_at_1000": 0.167551,
        "nauc_ndcg_at_1_max": 0.161825,
        "nauc_ndcg_at_1_std": 0.018066,
        "nauc_ndcg_at_1_diff1": 0.328794,
        "nauc_ndcg_at_3_max": 0.099158,
        "nauc_ndcg_at_3_std": 0.018683,
        "nauc_ndcg_at_3_diff1": 0.314759,
        "nauc_ndcg_at_5_max": 0.076979,
        "nauc_ndcg_at_5_std": 0.033433,
        "nauc_ndcg_at_5_diff1": 0.275147,
        "nauc_ndcg_at_10_max": 0.071965,
        "nauc_ndcg_at_10_std": 0.054264,
        "nauc_ndcg_at_10_diff1": 0.256244,
        "nauc_ndcg_at_20_max": 0.075605,
        "nauc_ndcg_at_20_std": 0.067519,
        "nauc_ndcg_at_20_diff1": 0.24655,
        "nauc_ndcg_at_100_max": 0.084185,
        "nauc_ndcg_at_100_std": 0.088249,
        "nauc_ndcg_at_100_diff1": 0.233871,
        "nauc_ndcg_at_1000_max": 0.116579,
        "nauc_ndcg_at_1000_std": 0.133484,
        "nauc_ndcg_at_1000_diff1": 0.233182,
        "nauc_map_at_1_max": 0.049797,
        "nauc_map_at_1_std": -0.0367,
        "nauc_map_at_1_diff1": 0.376109,
        "nauc_map_at_3_max": 0.038955,
        "nauc_map_at_3_std": -0.024668,
        "nauc_map_at_3_diff1": 0.335852,
        "nauc_map_at_5_max": 0.046909,
        "nauc_map_at_5_std": -0.000704,
        "nauc_map_at_5_diff1": 0.312566,
        "nauc_map_at_10_max": 0.051366,
        "nauc_map_at_10_std": 0.02481,
        "nauc_map_at_10_diff1": 0.294365,
        "nauc_map_at_20_max": 0.053343,
        "nauc_map_at_20_std": 0.030472,
        "nauc_map_at_20_diff1": 0.291939,
        "nauc_map_at_100_max": 0.056944,
        "nauc_map_at_100_std": 0.037165,
        "nauc_map_at_100_diff1": 0.288521,
        "nauc_map_at_1000_max": 0.059818,
        "nauc_map_at_1000_std": 0.040439,
        "nauc_map_at_1000_diff1": 0.287909,
        "nauc_recall_at_1_max": 0.049797,
        "nauc_recall_at_1_std": -0.0367,
        "nauc_recall_at_1_diff1": 0.376109,
        "nauc_recall_at_3_max": 0.013729,
        "nauc_recall_at_3_std": -0.019726,
        "nauc_recall_at_3_diff1": 0.267665,
        "nauc_recall_at_5_max": 0.023787,
        "nauc_recall_at_5_std": 0.030093,
        "nauc_recall_at_5_diff1": 0.210905,
        "nauc_recall_at_10_max": 0.034886,
        "nauc_recall_at_10_std": 0.075827,
        "nauc_recall_at_10_diff1": 0.175323,
        "nauc_recall_at_20_max": 0.049312,
        "nauc_recall_at_20_std": 0.101918,
        "nauc_recall_at_20_diff1": 0.158951,
        "nauc_recall_at_100_max": 0.052794,
        "nauc_recall_at_100_std": 0.134865,
        "nauc_recall_at_100_diff1": 0.121269,
        "nauc_recall_at_1000_max": 0.13927,
        "nauc_recall_at_1000_std": 0.333634,
        "nauc_recall_at_1000_diff1": 0.102016,
        "nauc_precision_at_1_max": 0.161825,
        "nauc_precision_at_1_std": 0.018066,
        "nauc_precision_at_1_diff1": 0.328794,
        "nauc_precision_at_3_max": 0.147436,
        "nauc_precision_at_3_std": 0.059903,
        "nauc_precision_at_3_diff1": 0.297765,
        "nauc_precision_at_5_max": 0.145615,
        "nauc_precision_at_5_std": 0.121011,
        "nauc_precision_at_5_diff1": 0.239069,
        "nauc_precision_at_10_max": 0.161067,
        "nauc_precision_at_10_std": 0.173779,
        "nauc_precision_at_10_diff1": 0.181174,
        "nauc_precision_at_20_max": 0.172289,
        "nauc_precision_at_20_std": 0.190745,
        "nauc_precision_at_20_diff1": 0.155314,
        "nauc_precision_at_100_max": 0.193898,
        "nauc_precision_at_100_std": 0.213338,
        "nauc_precision_at_100_diff1": 0.115107,
        "nauc_precision_at_1000_max": 0.274317,
        "nauc_precision_at_1000_std": 0.256144,
        "nauc_precision_at_1000_diff1": 0.059638,
        "nauc_mrr_at_1_max": 0.161825,
        "nauc_mrr_at_1_std": 0.018066,
        "nauc_mrr_at_1_diff1": 0.328794,
        "nauc_mrr_at_3_max": 0.131307,
        "nauc_mrr_at_3_std": 0.033754,
        "nauc_mrr_at_3_diff1": 0.298087,
        "nauc_mrr_at_5_max": 0.1256,
        "nauc_mrr_at_5_std": 0.046578,
        "nauc_mrr_at_5_diff1": 0.286141,
        "nauc_mrr_at_10_max": 0.129937,
        "nauc_mrr_at_10_std": 0.052105,
        "nauc_mrr_at_10_diff1": 0.27942,
        "nauc_mrr_at_20_max": 0.129427,
        "nauc_mrr_at_20_std": 0.056271,
        "nauc_mrr_at_20_diff1": 0.274525,
        "nauc_mrr_at_100_max": 0.130151,
        "nauc_mrr_at_100_std": 0.0582,
        "nauc_mrr_at_100_diff1": 0.272554,
        "nauc_mrr_at_1000_max": 0.130399,
        "nauc_mrr_at_1000_std": 0.058675,
        "nauc_mrr_at_1000_diff1": 0.273107,
        "main_score": 0.12771,
        "hf_subset": "default",
        "languages": [
          "tur-Latn"
        ]
      }
    ]
  },
  "evaluation_time": 360.8031837940216,
  "kg_co2_emissions": null
}