{
  "dataset_revision": "main",
  "task_name": "MSMarcoTRRetrieval",
  "mteb_version": "1.31.3",
  "scores": {
    "test": [
      {
        "ndcg_at_1": 0.45388,
        "ndcg_at_3": 0.48345,
        "ndcg_at_5": 0.49031,
        "ndcg_at_10": 0.49761,
        "ndcg_at_20": 0.50077,
        "ndcg_at_100": 0.50451,
        "ndcg_at_1000": 0.50626,
        "map_at_1": 0.45388,
        "map_at_3": 0.4762,
        "map_at_5": 0.48,
        "map_at_10": 0.48302,
        "map_at_20": 0.48392,
        "map_at_100": 0.48447,
        "map_at_1000": 0.48454,
        "recall_at_1": 0.45388,
        "recall_at_3": 0.50442,
        "recall_at_5": 0.5211,
        "recall_at_10": 0.54367,
        "recall_at_20": 0.55594,
        "recall_at_100": 0.57556,
        "recall_at_1000": 0.5893,
        "precision_at_1": 0.45388,
        "precision_at_3": 0.16814,
        "precision_at_5": 0.10422,
        "precision_at_10": 0.05437,
        "precision_at_20": 0.0278,
        "precision_at_100": 0.00576,
        "precision_at_1000": 0.00059,
        "mrr_at_1": 0.453876,
        "mrr_at_3": 0.476202,
        "mrr_at_5": 0.480005,
        "mrr_at_10": 0.483017,
        "mrr_at_20": 0.483917,
        "mrr_at_100": 0.484469,
        "mrr_at_1000": 0.484536,
        "nauc_ndcg_at_1_max": 0.74612,
        "nauc_ndcg_at_1_std": 0.050812,
        "nauc_ndcg_at_1_diff1": 0.77283,
        "nauc_ndcg_at_3_max": 0.739466,
        "nauc_ndcg_at_3_std": 0.067834,
        "nauc_ndcg_at_3_diff1": 0.735843,
        "nauc_ndcg_at_5_max": 0.738547,
        "nauc_ndcg_at_5_std": 0.074863,
        "nauc_ndcg_at_5_diff1": 0.729166,
        "nauc_ndcg_at_10_max": 0.735645,
        "nauc_ndcg_at_10_std": 0.080453,
        "nauc_ndcg_at_10_diff1": 0.722042,
        "nauc_ndcg_at_20_max": 0.733675,
        "nauc_ndcg_at_20_std": 0.082517,
        "nauc_ndcg_at_20_diff1": 0.719028,
        "nauc_ndcg_at_100_max": 0.732085,
        "nauc_ndcg_at_100_std": 0.085202,
        "nauc_ndcg_at_100_diff1": 0.716531,
        "nauc_ndcg_at_1000_max": 0.730255,
        "nauc_ndcg_at_1000_std": 0.085452,
        "nauc_ndcg_at_1000_diff1": 0.714719,
        "nauc_map_at_1_max": 0.74612,
        "nauc_map_at_1_std": 0.050812,
        "nauc_map_at_1_diff1": 0.77283,
        "nauc_map_at_3_max": 0.741535,
        "nauc_map_at_3_std": 0.064103,
        "nauc_map_at_3_diff1": 0.744995,
        "nauc_map_at_5_max": 0.741047,
        "nauc_map_at_5_std": 0.067905,
        "nauc_map_at_5_diff1": 0.741365,
        "nauc_map_at_10_max": 0.74002,
        "nauc_map_at_10_std": 0.070343,
        "nauc_map_at_10_diff1": 0.738508,
        "nauc_map_at_20_max": 0.739466,
        "nauc_map_at_20_std": 0.070876,
        "nauc_map_at_20_diff1": 0.737665,
        "nauc_map_at_100_max": 0.73927,
        "nauc_map_at_100_std": 0.071353,
        "nauc_map_at_100_diff1": 0.737266,
        "nauc_map_at_1000_max": 0.739204,
        "nauc_map_at_1000_std": 0.071367,
        "nauc_map_at_1000_diff1": 0.737193,
        "nauc_recall_at_1_max": 0.74612,
        "nauc_recall_at_1_std": 0.050812,
        "nauc_recall_at_1_diff1": 0.77283,
        "nauc_recall_at_3_max": 0.733237,
        "nauc_recall_at_3_std": 0.07856,
        "nauc_recall_at_3_diff1": 0.709054,
        "nauc_recall_at_5_max": 0.730807,
        "nauc_recall_at_5_std": 0.096395,
        "nauc_recall_at_5_diff1": 0.691989,
        "nauc_recall_at_10_max": 0.720493,
        "nauc_recall_at_10_std": 0.11386,
        "nauc_recall_at_10_diff1": 0.668175,
        "nauc_recall_at_20_max": 0.712319,
        "nauc_recall_at_20_std": 0.122977,
        "nauc_recall_at_20_diff1": 0.655307,
        "nauc_recall_at_100_max": 0.702399,
        "nauc_recall_at_100_std": 0.137623,
        "nauc_recall_at_100_diff1": 0.640516,
        "nauc_recall_at_1000_max": 0.68641,
        "nauc_recall_at_1000_std": 0.140214,
        "nauc_recall_at_1000_diff1": 0.624421,
        "nauc_precision_at_1_max": 0.74612,
        "nauc_precision_at_1_std": 0.050812,
        "nauc_precision_at_1_diff1": 0.77283,
        "nauc_precision_at_3_max": 0.733237,
        "nauc_precision_at_3_std": 0.07856,
        "nauc_precision_at_3_diff1": 0.709054,
        "nauc_precision_at_5_max": 0.730807,
        "nauc_precision_at_5_std": 0.096395,
        "nauc_precision_at_5_diff1": 0.691989,
        "nauc_precision_at_10_max": 0.720493,
        "nauc_precision_at_10_std": 0.11386,
        "nauc_precision_at_10_diff1": 0.668175,
        "nauc_precision_at_20_max": 0.712319,
        "nauc_precision_at_20_std": 0.122977,
        "nauc_precision_at_20_diff1": 0.655307,
        "nauc_precision_at_100_max": 0.702399,
        "nauc_precision_at_100_std": 0.137623,
        "nauc_precision_at_100_diff1": 0.640516,
        "nauc_precision_at_1000_max": 0.68641,
        "nauc_precision_at_1000_std": 0.140214,
        "nauc_precision_at_1000_diff1": 0.624421,
        "nauc_mrr_at_1_max": 0.74612,
        "nauc_mrr_at_1_std": 0.050812,
        "nauc_mrr_at_1_diff1": 0.77283,
        "nauc_mrr_at_3_max": 0.741535,
        "nauc_mrr_at_3_std": 0.064103,
        "nauc_mrr_at_3_diff1": 0.744995,
        "nauc_mrr_at_5_max": 0.741047,
        "nauc_mrr_at_5_std": 0.067905,
        "nauc_mrr_at_5_diff1": 0.741365,
        "nauc_mrr_at_10_max": 0.74002,
        "nauc_mrr_at_10_std": 0.070343,
        "nauc_mrr_at_10_diff1": 0.738508,
        "nauc_mrr_at_20_max": 0.739466,
        "nauc_mrr_at_20_std": 0.070876,
        "nauc_mrr_at_20_diff1": 0.737665,
        "nauc_mrr_at_100_max": 0.73927,
        "nauc_mrr_at_100_std": 0.071353,
        "nauc_mrr_at_100_diff1": 0.737266,
        "nauc_mrr_at_1000_max": 0.739204,
        "nauc_mrr_at_1000_std": 0.071367,
        "nauc_mrr_at_1000_diff1": 0.737193,
        "main_score": 0.49761,
        "hf_subset": "default",
        "languages": [
          "tur-Latn"
        ]
      }
    ]
  },
  "evaluation_time": 11.231683015823364,
  "kg_co2_emissions": null
}