{
  "dataset_revision": "main",
  "task_name": "NFCorpusTR",
  "mteb_version": "1.31.3",
  "scores": {
    "test": [
      {
        "ndcg_at_1": 0.23375,
        "ndcg_at_3": 0.21264,
        "ndcg_at_5": 0.19974,
        "ndcg_at_10": 0.18886,
        "ndcg_at_20": 0.18248,
        "ndcg_at_100": 0.18721,
        "ndcg_at_1000": 0.28198,
        "map_at_1": 0.02356,
        "map_at_3": 0.04068,
        "map_at_5": 0.04706,
        "map_at_10": 0.0561,
        "map_at_20": 0.06498,
        "map_at_100": 0.07704,
        "map_at_1000": 0.0886,
        "recall_at_1": 0.02356,
        "recall_at_3": 0.04818,
        "recall_at_5": 0.06166,
        "recall_at_10": 0.08331,
        "recall_at_20": 0.12497,
        "recall_at_100": 0.21461,
        "recall_at_1000": 0.5509,
        "precision_at_1": 0.25077,
        "precision_at_3": 0.20846,
        "precision_at_5": 0.1808,
        "precision_at_10": 0.15046,
        "precision_at_20": 0.11703,
        "precision_at_100": 0.05514,
        "precision_at_1000": 0.01813,
        "mrr_at_1": 0.250774,
        "mrr_at_3": 0.307018,
        "mrr_at_5": 0.321569,
        "mrr_at_10": 0.333726,
        "mrr_at_20": 0.338924,
        "mrr_at_100": 0.342179,
        "mrr_at_1000": 0.34305,
        "nauc_ndcg_at_1_max": 0.415569,
        "nauc_ndcg_at_1_std": 0.285861,
        "nauc_ndcg_at_1_diff1": 0.166082,
        "nauc_ndcg_at_3_max": 0.381656,
        "nauc_ndcg_at_3_std": 0.269835,
        "nauc_ndcg_at_3_diff1": 0.142421,
        "nauc_ndcg_at_5_max": 0.383593,
        "nauc_ndcg_at_5_std": 0.280245,
        "nauc_ndcg_at_5_diff1": 0.134261,
        "nauc_ndcg_at_10_max": 0.373189,
        "nauc_ndcg_at_10_std": 0.306067,
        "nauc_ndcg_at_10_diff1": 0.126731,
        "nauc_ndcg_at_20_max": 0.358287,
        "nauc_ndcg_at_20_std": 0.306619,
        "nauc_ndcg_at_20_diff1": 0.122563,
        "nauc_ndcg_at_100_max": 0.354532,
        "nauc_ndcg_at_100_std": 0.300914,
        "nauc_ndcg_at_100_diff1": 0.118279,
        "nauc_ndcg_at_1000_max": 0.41833,
        "nauc_ndcg_at_1000_std": 0.356626,
        "nauc_ndcg_at_1000_diff1": 0.118417,
        "nauc_map_at_1_max": 0.192833,
        "nauc_map_at_1_std": 0.047203,
        "nauc_map_at_1_diff1": 0.254961,
        "nauc_map_at_3_max": 0.171554,
        "nauc_map_at_3_std": 0.027912,
        "nauc_map_at_3_diff1": 0.19322,
        "nauc_map_at_5_max": 0.187976,
        "nauc_map_at_5_std": 0.034391,
        "nauc_map_at_5_diff1": 0.175383,
        "nauc_map_at_10_max": 0.211559,
        "nauc_map_at_10_std": 0.071184,
        "nauc_map_at_10_diff1": 0.161425,
        "nauc_map_at_20_max": 0.235384,
        "nauc_map_at_20_std": 0.104061,
        "nauc_map_at_20_diff1": 0.151494,
        "nauc_map_at_100_max": 0.266123,
        "nauc_map_at_100_std": 0.179721,
        "nauc_map_at_100_diff1": 0.140795,
        "nauc_map_at_1000_max": 0.286338,
        "nauc_map_at_1000_std": 0.2316,
        "nauc_map_at_1000_diff1": 0.127651,
        "nauc_recall_at_1_max": 0.192833,
        "nauc_recall_at_1_std": 0.047203,
        "nauc_recall_at_1_diff1": 0.254961,
        "nauc_recall_at_3_max": 0.112397,
        "nauc_recall_at_3_std": -0.023692,
        "nauc_recall_at_3_diff1": 0.20237,
        "nauc_recall_at_5_max": 0.115134,
        "nauc_recall_at_5_std": -0.02844,
        "nauc_recall_at_5_diff1": 0.165249,
        "nauc_recall_at_10_max": 0.158029,
        "nauc_recall_at_10_std": 0.051076,
        "nauc_recall_at_10_diff1": 0.125344,
        "nauc_recall_at_20_max": 0.153237,
        "nauc_recall_at_20_std": 0.075945,
        "nauc_recall_at_20_diff1": 0.088245,
        "nauc_recall_at_100_max": 0.215552,
        "nauc_recall_at_100_std": 0.195695,
        "nauc_recall_at_100_diff1": 0.088575,
        "nauc_recall_at_1000_max": 0.21488,
        "nauc_recall_at_1000_std": 0.22402,
        "nauc_recall_at_1000_diff1": 0.03714,
        "nauc_precision_at_1_max": 0.453278,
        "nauc_precision_at_1_std": 0.302237,
        "nauc_precision_at_1_diff1": 0.182679,
        "nauc_precision_at_3_max": 0.399221,
        "nauc_precision_at_3_std": 0.291686,
        "nauc_precision_at_3_diff1": 0.114134,
        "nauc_precision_at_5_max": 0.415932,
        "nauc_precision_at_5_std": 0.321669,
        "nauc_precision_at_5_diff1": 0.081828,
        "nauc_precision_at_10_max": 0.404778,
        "nauc_precision_at_10_std": 0.391847,
        "nauc_precision_at_10_diff1": 0.066477,
        "nauc_precision_at_20_max": 0.404845,
        "nauc_precision_at_20_std": 0.450044,
        "nauc_precision_at_20_diff1": 0.057036,
        "nauc_precision_at_100_max": 0.34085,
        "nauc_precision_at_100_std": 0.520905,
        "nauc_precision_at_100_diff1": 0.002377,
        "nauc_precision_at_1000_max": 0.230371,
        "nauc_precision_at_1000_std": 0.420943,
        "nauc_precision_at_1000_diff1": -0.03297,
        "nauc_mrr_at_1_max": 0.453278,
        "nauc_mrr_at_1_std": 0.302237,
        "nauc_mrr_at_1_diff1": 0.182679,
        "nauc_mrr_at_3_max": 0.434631,
        "nauc_mrr_at_3_std": 0.26616,
        "nauc_mrr_at_3_diff1": 0.233082,
        "nauc_mrr_at_5_max": 0.433958,
        "nauc_mrr_at_5_std": 0.266316,
        "nauc_mrr_at_5_diff1": 0.219867,
        "nauc_mrr_at_10_max": 0.439762,
        "nauc_mrr_at_10_std": 0.281924,
        "nauc_mrr_at_10_diff1": 0.214272,
        "nauc_mrr_at_20_max": 0.438606,
        "nauc_mrr_at_20_std": 0.28273,
        "nauc_mrr_at_20_diff1": 0.214047,
        "nauc_mrr_at_100_max": 0.440778,
        "nauc_mrr_at_100_std": 0.283461,
        "nauc_mrr_at_100_diff1": 0.214924,
        "nauc_mrr_at_1000_max": 0.440687,
        "nauc_mrr_at_1000_std": 0.283303,
        "nauc_mrr_at_1000_diff1": 0.215143,
        "main_score": 0.18886,
        "hf_subset": "default",
        "languages": [
          "tur-Latn"
        ]
      }
    ]
  },
  "evaluation_time": 26.013105869293213,
  "kg_co2_emissions": null
}