{
  "dataset_revision": "main",
  "task_name": "QuoraRetrievalTR",
  "mteb_version": "1.31.3",
  "scores": {
    "test": [
      {
        "ndcg_at_1": 0.669,
        "ndcg_at_3": 0.72183,
        "ndcg_at_5": 0.7425,
        "ndcg_at_10": 0.76071,
        "ndcg_at_20": 0.77299,
        "ndcg_at_100": 0.78603,
        "ndcg_at_1000": 0.7909,
        "map_at_1": 0.5796,
        "map_at_3": 0.68072,
        "map_at_5": 0.70005,
        "map_at_10": 0.71234,
        "map_at_20": 0.71783,
        "map_at_100": 0.72128,
        "map_at_1000": 0.72163,
        "recall_at_1": 0.5796,
        "recall_at_3": 0.75134,
        "recall_at_5": 0.80653,
        "recall_at_10": 0.85993,
        "recall_at_20": 0.90192,
        "recall_at_100": 0.95799,
        "recall_at_1000": 0.98938,
        "precision_at_1": 0.669,
        "precision_at_3": 0.3182,
        "precision_at_5": 0.21328,
        "precision_at_10": 0.11883,
        "precision_at_20": 0.06473,
        "precision_at_100": 0.01461,
        "precision_at_1000": 0.00155,
        "mrr_at_1": 0.6686,
        "mrr_at_3": 0.733117,
        "mrr_at_5": 0.743342,
        "mrr_at_10": 0.748886,
        "mrr_at_20": 0.75114,
        "mrr_at_100": 0.752203,
        "mrr_at_1000": 0.75231,
        "nauc_ndcg_at_1_max": 0.345737,
        "nauc_ndcg_at_1_std": -0.204359,
        "nauc_ndcg_at_1_diff1": 0.713968,
        "nauc_ndcg_at_3_max": 0.332576,
        "nauc_ndcg_at_3_std": -0.217922,
        "nauc_ndcg_at_3_diff1": 0.670498,
        "nauc_ndcg_at_5_max": 0.338297,
        "nauc_ndcg_at_5_std": -0.215719,
        "nauc_ndcg_at_5_diff1": 0.670738,
        "nauc_ndcg_at_10_max": 0.35097,
        "nauc_ndcg_at_10_std": -0.202614,
        "nauc_ndcg_at_10_diff1": 0.669885,
        "nauc_ndcg_at_20_max": 0.353639,
        "nauc_ndcg_at_20_std": -0.192516,
        "nauc_ndcg_at_20_diff1": 0.669663,
        "nauc_ndcg_at_100_max": 0.35997,
        "nauc_ndcg_at_100_std": -0.176863,
        "nauc_ndcg_at_100_diff1": 0.670786,
        "nauc_ndcg_at_1000_max": 0.358287,
        "nauc_ndcg_at_1000_std": -0.180165,
        "nauc_ndcg_at_1000_diff1": 0.672822,
        "nauc_map_at_1_max": 0.246823,
        "nauc_map_at_1_std": -0.257539,
        "nauc_map_at_1_diff1": 0.733056,
        "nauc_map_at_3_max": 0.2999,
        "nauc_map_at_3_std": -0.252847,
        "nauc_map_at_3_diff1": 0.68869,
        "nauc_map_at_5_max": 0.312441,
        "nauc_map_at_5_std": -0.244395,
        "nauc_map_at_5_diff1": 0.684683,
        "nauc_map_at_10_max": 0.324258,
        "nauc_map_at_10_std": -0.2319,
        "nauc_map_at_10_diff1": 0.682154,
        "nauc_map_at_20_max": 0.327704,
        "nauc_map_at_20_std": -0.224426,
        "nauc_map_at_20_diff1": 0.680967,
        "nauc_map_at_100_max": 0.330671,
        "nauc_map_at_100_std": -0.217525,
        "nauc_map_at_100_diff1": 0.680164,
        "nauc_map_at_1000_max": 0.330786,
        "nauc_map_at_1000_std": -0.217176,
        "nauc_map_at_1000_diff1": 0.680183,
        "nauc_recall_at_1_max": 0.246823,
        "nauc_recall_at_1_std": -0.257539,
        "nauc_recall_at_1_diff1": 0.733056,
        "nauc_recall_at_3_max": 0.295456,
        "nauc_recall_at_3_std": -0.251699,
        "nauc_recall_at_3_diff1": 0.635788,
        "nauc_recall_at_5_max": 0.317962,
        "nauc_recall_at_5_std": -0.235415,
        "nauc_recall_at_5_diff1": 0.614936,
        "nauc_recall_at_10_max": 0.368705,
        "nauc_recall_at_10_std": -0.174781,
        "nauc_recall_at_10_diff1": 0.591334,
        "nauc_recall_at_20_max": 0.387458,
        "nauc_recall_at_20_std": -0.10097,
        "nauc_recall_at_20_diff1": 0.563128,
        "nauc_recall_at_100_max": 0.500911,
        "nauc_recall_at_100_std": 0.18257,
        "nauc_recall_at_100_diff1": 0.527456,
        "nauc_recall_at_1000_max": 0.633928,
        "nauc_recall_at_1000_std": 0.526017,
        "nauc_recall_at_1000_diff1": 0.486629,
        "nauc_precision_at_1_max": 0.345737,
        "nauc_precision_at_1_std": -0.204359,
        "nauc_precision_at_1_diff1": 0.713968,
        "nauc_precision_at_3_max": 0.251773,
        "nauc_precision_at_3_std": 0.025043,
        "nauc_precision_at_3_diff1": 0.108783,
        "nauc_precision_at_5_max": 0.213698,
        "nauc_precision_at_5_std": 0.114088,
        "nauc_precision_at_5_diff1": -0.040118,
        "nauc_precision_at_10_max": 0.187572,
        "nauc_precision_at_10_std": 0.214384,
        "nauc_precision_at_10_diff1": -0.161207,
        "nauc_precision_at_20_max": 0.151978,
        "nauc_precision_at_20_std": 0.287665,
        "nauc_precision_at_20_diff1": -0.242634,
        "nauc_precision_at_100_max": 0.109927,
        "nauc_precision_at_100_std": 0.378318,
        "nauc_precision_at_100_diff1": -0.325587,
        "nauc_precision_at_1000_max": 0.079392,
        "nauc_precision_at_1000_std": 0.37721,
        "nauc_precision_at_1000_diff1": -0.354233,
        "nauc_mrr_at_1_max": 0.343295,
        "nauc_mrr_at_1_std": -0.206847,
        "nauc_mrr_at_1_diff1": 0.714842,
        "nauc_mrr_at_3_max": 0.365283,
        "nauc_mrr_at_3_std": -0.192638,
        "nauc_mrr_at_3_diff1": 0.687958,
        "nauc_mrr_at_5_max": 0.366946,
        "nauc_mrr_at_5_std": -0.189535,
        "nauc_mrr_at_5_diff1": 0.687687,
        "nauc_mrr_at_10_max": 0.36868,
        "nauc_mrr_at_10_std": -0.186187,
        "nauc_mrr_at_10_diff1": 0.687776,
        "nauc_mrr_at_20_max": 0.36825,
        "nauc_mrr_at_20_std": -0.185443,
        "nauc_mrr_at_20_diff1": 0.688106,
        "nauc_mrr_at_100_max": 0.367907,
        "nauc_mrr_at_100_std": -0.185383,
        "nauc_mrr_at_100_diff1": 0.688565,
        "nauc_mrr_at_1000_max": 0.36781,
        "nauc_mrr_at_1000_std": -0.185526,
        "nauc_mrr_at_1000_diff1": 0.688614,
        "main_score": 0.76071,
        "hf_subset": "default",
        "languages": [
          "tur-Latn"
        ]
      }
    ]
  },
  "evaluation_time": 885.475821018219,
  "kg_co2_emissions": null
}