{
  "dataset_revision": "main",
  "task_name": "SCIDOCSTR",
  "mteb_version": "1.31.3",
  "scores": {
    "test": [
      {
        "ndcg_at_1": 0.114,
        "ndcg_at_3": 0.0912,
        "ndcg_at_5": 0.0801,
        "ndcg_at_10": 0.09834,
        "ndcg_at_20": 0.1138,
        "ndcg_at_100": 0.15212,
        "ndcg_at_1000": 0.20735,
        "map_at_1": 0.02318,
        "map_at_3": 0.04039,
        "map_at_5": 0.04716,
        "map_at_10": 0.05468,
        "map_at_20": 0.05939,
        "map_at_100": 0.06571,
        "map_at_1000": 0.06825,
        "recall_at_1": 0.02318,
        "recall_at_3": 0.05187,
        "recall_at_5": 0.0714,
        "recall_at_10": 0.1048,
        "recall_at_20": 0.1413,
        "recall_at_100": 0.26618,
        "recall_at_1000": 0.53932,
        "precision_at_1": 0.114,
        "precision_at_3": 0.08467,
        "precision_at_5": 0.07,
        "precision_at_10": 0.0515,
        "precision_at_20": 0.0347,
        "precision_at_100": 0.01312,
        "precision_at_1000": 0.00265,
        "mrr_at_1": 0.114,
        "mrr_at_3": 0.1515,
        "mrr_at_5": 0.1638,
        "mrr_at_10": 0.176034,
        "mrr_at_20": 0.18197,
        "mrr_at_100": 0.18688,
        "mrr_at_1000": 0.187924,
        "nauc_ndcg_at_1_max": 0.328287,
        "nauc_ndcg_at_1_std": 0.186385,
        "nauc_ndcg_at_1_diff1": 0.258205,
        "nauc_ndcg_at_3_max": 0.345913,
        "nauc_ndcg_at_3_std": 0.212231,
        "nauc_ndcg_at_3_diff1": 0.2161,
        "nauc_ndcg_at_5_max": 0.350538,
        "nauc_ndcg_at_5_std": 0.243895,
        "nauc_ndcg_at_5_diff1": 0.2009,
        "nauc_ndcg_at_10_max": 0.378181,
        "nauc_ndcg_at_10_std": 0.27608,
        "nauc_ndcg_at_10_diff1": 0.194873,
        "nauc_ndcg_at_20_max": 0.37589,
        "nauc_ndcg_at_20_std": 0.292903,
        "nauc_ndcg_at_20_diff1": 0.182073,
        "nauc_ndcg_at_100_max": 0.390275,
        "nauc_ndcg_at_100_std": 0.351635,
        "nauc_ndcg_at_100_diff1": 0.162431,
        "nauc_ndcg_at_1000_max": 0.389359,
        "nauc_ndcg_at_1000_std": 0.362494,
        "nauc_ndcg_at_1000_diff1": 0.152097,
        "nauc_map_at_1_max": 0.32876,
        "nauc_map_at_1_std": 0.183133,
        "nauc_map_at_1_diff1": 0.25916,
        "nauc_map_at_3_max": 0.353573,
        "nauc_map_at_3_std": 0.199075,
        "nauc_map_at_3_diff1": 0.222431,
        "nauc_map_at_5_max": 0.354671,
        "nauc_map_at_5_std": 0.223881,
        "nauc_map_at_5_diff1": 0.206627,
        "nauc_map_at_10_max": 0.37534,
        "nauc_map_at_10_std": 0.249552,
        "nauc_map_at_10_diff1": 0.204513,
        "nauc_map_at_20_max": 0.379623,
        "nauc_map_at_20_std": 0.25989,
        "nauc_map_at_20_diff1": 0.197204,
        "nauc_map_at_100_max": 0.387571,
        "nauc_map_at_100_std": 0.283569,
        "nauc_map_at_100_diff1": 0.189401,
        "nauc_map_at_1000_max": 0.387682,
        "nauc_map_at_1000_std": 0.286998,
        "nauc_map_at_1000_diff1": 0.188041,
        "nauc_recall_at_1_max": 0.32876,
        "nauc_recall_at_1_std": 0.183133,
        "nauc_recall_at_1_diff1": 0.25916,
        "nauc_recall_at_3_max": 0.347408,
        "nauc_recall_at_3_std": 0.22083,
        "nauc_recall_at_3_diff1": 0.201159,
        "nauc_recall_at_5_max": 0.344694,
        "nauc_recall_at_5_std": 0.267626,
        "nauc_recall_at_5_diff1": 0.174572,
        "nauc_recall_at_10_max": 0.391112,
        "nauc_recall_at_10_std": 0.317306,
        "nauc_recall_at_10_diff1": 0.166184,
        "nauc_recall_at_20_max": 0.369398,
        "nauc_recall_at_20_std": 0.334883,
        "nauc_recall_at_20_diff1": 0.137294,
        "nauc_recall_at_100_max": 0.373606,
        "nauc_recall_at_100_std": 0.428709,
        "nauc_recall_at_100_diff1": 0.093585,
        "nauc_recall_at_1000_max": 0.325297,
        "nauc_recall_at_1000_std": 0.405591,
        "nauc_recall_at_1000_diff1": 0.04922,
        "nauc_precision_at_1_max": 0.328287,
        "nauc_precision_at_1_std": 0.186385,
        "nauc_precision_at_1_diff1": 0.258205,
        "nauc_precision_at_3_max": 0.349505,
        "nauc_precision_at_3_std": 0.222214,
        "nauc_precision_at_3_diff1": 0.204052,
        "nauc_precision_at_5_max": 0.347098,
        "nauc_precision_at_5_std": 0.268994,
        "nauc_precision_at_5_diff1": 0.17806,
        "nauc_precision_at_10_max": 0.394005,
        "nauc_precision_at_10_std": 0.318612,
        "nauc_precision_at_10_diff1": 0.169905,
        "nauc_precision_at_20_max": 0.376042,
        "nauc_precision_at_20_std": 0.339497,
        "nauc_precision_at_20_diff1": 0.141292,
        "nauc_precision_at_100_max": 0.377533,
        "nauc_precision_at_100_std": 0.431189,
        "nauc_precision_at_100_diff1": 0.097101,
        "nauc_precision_at_1000_max": 0.322575,
        "nauc_precision_at_1000_std": 0.400834,
        "nauc_precision_at_1000_diff1": 0.054728,
        "nauc_mrr_at_1_max": 0.328287,
        "nauc_mrr_at_1_std": 0.186385,
        "nauc_mrr_at_1_diff1": 0.258205,
        "nauc_mrr_at_3_max": 0.329577,
        "nauc_mrr_at_3_std": 0.213167,
        "nauc_mrr_at_3_diff1": 0.222411,
        "nauc_mrr_at_5_max": 0.337292,
        "nauc_mrr_at_5_std": 0.230752,
        "nauc_mrr_at_5_diff1": 0.221547,
        "nauc_mrr_at_10_max": 0.347298,
        "nauc_mrr_at_10_std": 0.243401,
        "nauc_mrr_at_10_diff1": 0.216233,
        "nauc_mrr_at_20_max": 0.345415,
        "nauc_mrr_at_20_std": 0.248189,
        "nauc_mrr_at_20_diff1": 0.213732,
        "nauc_mrr_at_100_max": 0.344598,
        "nauc_mrr_at_100_std": 0.249773,
        "nauc_mrr_at_100_diff1": 0.212932,
        "nauc_mrr_at_1000_max": 0.34464,
        "nauc_mrr_at_1000_std": 0.249464,
        "nauc_mrr_at_1000_diff1": 0.21308,
        "main_score": 0.09834,
        "hf_subset": "default",
        "languages": [
          "tur-Latn"
        ]
      }
    ]
  },
  "evaluation_time": 178.02988600730896,
  "kg_co2_emissions": null
}