{
  "dataset_revision": "main",
  "task_name": "SciFactTR",
  "mteb_version": "1.31.3",
  "scores": {
    "test": [
      {
        "ndcg_at_1": 0.36,
        "ndcg_at_3": 0.42668,
        "ndcg_at_5": 0.45947,
        "ndcg_at_10": 0.48629,
        "ndcg_at_20": 0.50013,
        "ndcg_at_100": 0.52499,
        "ndcg_at_1000": 0.54224,
        "map_at_1": 0.34056,
        "map_at_3": 0.40301,
        "map_at_5": 0.42234,
        "map_at_10": 0.43508,
        "map_at_20": 0.43917,
        "map_at_100": 0.44289,
        "map_at_1000": 0.44355,
        "recall_at_1": 0.34056,
        "recall_at_3": 0.47417,
        "recall_at_5": 0.55344,
        "recall_at_10": 0.63167,
        "recall_at_20": 0.68511,
        "recall_at_100": 0.81489,
        "recall_at_1000": 0.95,
        "precision_at_1": 0.36,
        "precision_at_3": 0.17222,
        "precision_at_5": 0.12267,
        "precision_at_10": 0.072,
        "precision_at_20": 0.039,
        "precision_at_100": 0.00927,
        "precision_at_1000": 0.00108,
        "mrr_at_1": 0.36,
        "mrr_at_3": 0.418889,
        "mrr_at_5": 0.437889,
        "mrr_at_10": 0.446914,
        "mrr_at_20": 0.450439,
        "mrr_at_100": 0.453758,
        "mrr_at_1000": 0.454282,
        "nauc_ndcg_at_1_max": 0.328859,
        "nauc_ndcg_at_1_std": -0.000512,
        "nauc_ndcg_at_1_diff1": 0.542272,
        "nauc_ndcg_at_3_max": 0.331506,
        "nauc_ndcg_at_3_std": 0.054846,
        "nauc_ndcg_at_3_diff1": 0.480257,
        "nauc_ndcg_at_5_max": 0.337684,
        "nauc_ndcg_at_5_std": 0.0641,
        "nauc_ndcg_at_5_diff1": 0.480638,
        "nauc_ndcg_at_10_max": 0.364464,
        "nauc_ndcg_at_10_std": 0.09046,
        "nauc_ndcg_at_10_diff1": 0.487738,
        "nauc_ndcg_at_20_max": 0.372305,
        "nauc_ndcg_at_20_std": 0.082349,
        "nauc_ndcg_at_20_diff1": 0.49491,
        "nauc_ndcg_at_100_max": 0.370753,
        "nauc_ndcg_at_100_std": 0.09058,
        "nauc_ndcg_at_100_diff1": 0.483861,
        "nauc_ndcg_at_1000_max": 0.362754,
        "nauc_ndcg_at_1000_std": 0.08546,
        "nauc_ndcg_at_1000_diff1": 0.487548,
        "nauc_map_at_1_max": 0.276364,
        "nauc_map_at_1_std": -0.056144,
        "nauc_map_at_1_diff1": 0.536206,
        "nauc_map_at_3_max": 0.312468,
        "nauc_map_at_3_std": 0.01665,
        "nauc_map_at_3_diff1": 0.495195,
        "nauc_map_at_5_max": 0.319133,
        "nauc_map_at_5_std": 0.026244,
        "nauc_map_at_5_diff1": 0.497383,
        "nauc_map_at_10_max": 0.33571,
        "nauc_map_at_10_std": 0.041891,
        "nauc_map_at_10_diff1": 0.499599,
        "nauc_map_at_20_max": 0.337435,
        "nauc_map_at_20_std": 0.039146,
        "nauc_map_at_20_diff1": 0.501338,
        "nauc_map_at_100_max": 0.336833,
        "nauc_map_at_100_std": 0.040748,
        "nauc_map_at_100_diff1": 0.500068,
        "nauc_map_at_1000_max": 0.336675,
        "nauc_map_at_1000_std": 0.04092,
        "nauc_map_at_1000_diff1": 0.5001,
        "nauc_recall_at_1_max": 0.276364,
        "nauc_recall_at_1_std": -0.056144,
        "nauc_recall_at_1_diff1": 0.536206,
        "nauc_recall_at_3_max": 0.33278,
        "nauc_recall_at_3_std": 0.095297,
        "nauc_recall_at_3_diff1": 0.437907,
        "nauc_recall_at_5_max": 0.351837,
        "nauc_recall_at_5_std": 0.130644,
        "nauc_recall_at_5_diff1": 0.430018,
        "nauc_recall_at_10_max": 0.436996,
        "nauc_recall_at_10_std": 0.216912,
        "nauc_recall_at_10_diff1": 0.451093,
        "nauc_recall_at_20_max": 0.484287,
        "nauc_recall_at_20_std": 0.194673,
        "nauc_recall_at_20_diff1": 0.482271,
        "nauc_recall_at_100_max": 0.529463,
        "nauc_recall_at_100_std": 0.310437,
        "nauc_recall_at_100_diff1": 0.36628,
        "nauc_recall_at_1000_max": 0.526144,
        "nauc_recall_at_1000_std": 0.491379,
        "nauc_recall_at_1000_diff1": 0.329412,
        "nauc_precision_at_1_max": 0.328859,
        "nauc_precision_at_1_std": -0.000512,
        "nauc_precision_at_1_diff1": 0.542272,
        "nauc_precision_at_3_max": 0.412329,
        "nauc_precision_at_3_std": 0.201541,
        "nauc_precision_at_3_diff1": 0.393458,
        "nauc_precision_at_5_max": 0.440838,
        "nauc_precision_at_5_std": 0.26935,
        "nauc_precision_at_5_diff1": 0.366579,
        "nauc_precision_at_10_max": 0.476188,
        "nauc_precision_at_10_std": 0.356752,
        "nauc_precision_at_10_diff1": 0.297788,
        "nauc_precision_at_20_max": 0.483169,
        "nauc_precision_at_20_std": 0.334625,
        "nauc_precision_at_20_diff1": 0.279376,
        "nauc_precision_at_100_max": 0.439622,
        "nauc_precision_at_100_std": 0.417607,
        "nauc_precision_at_100_diff1": 0.126182,
        "nauc_precision_at_1000_max": 0.326465,
        "nauc_precision_at_1000_std": 0.44038,
        "nauc_precision_at_1000_diff1": -0.037012,
        "nauc_mrr_at_1_max": 0.328859,
        "nauc_mrr_at_1_std": -0.000512,
        "nauc_mrr_at_1_diff1": 0.542272,
        "nauc_mrr_at_3_max": 0.341978,
        "nauc_mrr_at_3_std": 0.062344,
        "nauc_mrr_at_3_diff1": 0.494571,
        "nauc_mrr_at_5_max": 0.347786,
        "nauc_mrr_at_5_std": 0.065658,
        "nauc_mrr_at_5_diff1": 0.491262,
        "nauc_mrr_at_10_max": 0.352277,
        "nauc_mrr_at_10_std": 0.070716,
        "nauc_mrr_at_10_diff1": 0.496138,
        "nauc_mrr_at_20_max": 0.354435,
        "nauc_mrr_at_20_std": 0.068318,
        "nauc_mrr_at_20_diff1": 0.498947,
        "nauc_mrr_at_100_max": 0.354317,
        "nauc_mrr_at_100_std": 0.069016,
        "nauc_mrr_at_100_diff1": 0.497707,
        "nauc_mrr_at_1000_max": 0.354126,
        "nauc_mrr_at_1000_std": 0.069035,
        "nauc_mrr_at_1000_diff1": 0.497833,
        "main_score": 0.48629,
        "hf_subset": "default",
        "languages": [
          "tur-Latn"
        ]
      }
    ]
  },
  "evaluation_time": 39.23503923416138,
  "kg_co2_emissions": null
}