{
  "dataset_revision": "51adfef1c1287aab1d2d91b5bead9bcfb9c68583",
  "task_name": "XQuADRetrieval",
  "mteb_version": "1.31.3",
  "scores": {
    "validation": [
      {
        "ndcg_at_1": 0.74747,
        "ndcg_at_3": 0.83563,
        "ndcg_at_5": 0.85046,
        "ndcg_at_10": 0.8595,
        "ndcg_at_20": 0.86463,
        "ndcg_at_100": 0.86783,
        "ndcg_at_1000": 0.86831,
        "map_at_1": 0.74747,
        "map_at_3": 0.81489,
        "map_at_5": 0.82304,
        "map_at_10": 0.82679,
        "map_at_20": 0.8282,
        "map_at_100": 0.82866,
        "map_at_1000": 0.82869,
        "recall_at_1": 0.74747,
        "recall_at_3": 0.89527,
        "recall_at_5": 0.93159,
        "recall_at_10": 0.95946,
        "recall_at_20": 0.97973,
        "recall_at_100": 0.99662,
        "recall_at_1000": 1.0,
        "precision_at_1": 0.74747,
        "precision_at_3": 0.29842,
        "precision_at_5": 0.18632,
        "precision_at_10": 0.09595,
        "precision_at_20": 0.04899,
        "precision_at_100": 0.00997,
        "precision_at_1000": 0.001,
        "mrr_at_1": 0.747466,
        "mrr_at_3": 0.814893,
        "mrr_at_5": 0.823043,
        "mrr_at_10": 0.826787,
        "mrr_at_20": 0.828201,
        "mrr_at_100": 0.82866,
        "mrr_at_1000": 0.828688,
        "nauc_ndcg_at_1_max": 0.570538,
        "nauc_ndcg_at_1_std": 0.074678,
        "nauc_ndcg_at_1_diff1": 0.776093,
        "nauc_ndcg_at_3_max": 0.643121,
        "nauc_ndcg_at_3_std": 0.157965,
        "nauc_ndcg_at_3_diff1": 0.737774,
        "nauc_ndcg_at_5_max": 0.652059,
        "nauc_ndcg_at_5_std": 0.181981,
        "nauc_ndcg_at_5_diff1": 0.740926,
        "nauc_ndcg_at_10_max": 0.638804,
        "nauc_ndcg_at_10_std": 0.175947,
        "nauc_ndcg_at_10_diff1": 0.736698,
        "nauc_ndcg_at_20_max": 0.630925,
        "nauc_ndcg_at_20_std": 0.160766,
        "nauc_ndcg_at_20_diff1": 0.744008,
        "nauc_ndcg_at_100_max": 0.625875,
        "nauc_ndcg_at_100_std": 0.150949,
        "nauc_ndcg_at_100_diff1": 0.748716,
        "nauc_ndcg_at_1000_max": 0.624814,
        "nauc_ndcg_at_1000_std": 0.148096,
        "nauc_ndcg_at_1000_diff1": 0.748585,
        "nauc_map_at_1_max": 0.570538,
        "nauc_map_at_1_std": 0.074678,
        "nauc_map_at_1_diff1": 0.776093,
        "nauc_map_at_3_max": 0.622061,
        "nauc_map_at_3_std": 0.13319,
        "nauc_map_at_3_diff1": 0.749389,
        "nauc_map_at_5_max": 0.625333,
        "nauc_map_at_5_std": 0.143397,
        "nauc_map_at_5_diff1": 0.751501,
        "nauc_map_at_10_max": 0.620187,
        "nauc_map_at_10_std": 0.140408,
        "nauc_map_at_10_diff1": 0.75035,
        "nauc_map_at_20_max": 0.618214,
        "nauc_map_at_20_std": 0.136906,
        "nauc_map_at_20_diff1": 0.751942,
        "nauc_map_at_100_max": 0.617648,
        "nauc_map_at_100_std": 0.135887,
        "nauc_map_at_100_diff1": 0.752521,
        "nauc_map_at_1000_max": 0.617599,
        "nauc_map_at_1000_std": 0.135756,
        "nauc_map_at_1000_diff1": 0.752515,
        "nauc_recall_at_1_max": 0.570538,
        "nauc_recall_at_1_std": 0.074678,
        "nauc_recall_at_1_diff1": 0.776093,
        "nauc_recall_at_3_max": 0.74105,
        "nauc_recall_at_3_std": 0.273621,
        "nauc_recall_at_3_diff1": 0.683399,
        "nauc_recall_at_5_max": 0.83533,
        "nauc_recall_at_5_std": 0.451577,
        "nauc_recall_at_5_diff1": 0.670107,
        "nauc_recall_at_10_max": 0.831351,
        "nauc_recall_at_10_std": 0.578124,
        "nauc_recall_at_10_diff1": 0.579118,
        "nauc_recall_at_20_max": 0.838288,
        "nauc_recall_at_20_std": 0.604969,
        "nauc_recall_at_20_diff1": 0.606012,
        "nauc_recall_at_100_max": 0.888553,
        "nauc_recall_at_100_std": 0.855886,
        "nauc_recall_at_100_diff1": 0.780683,
        "nauc_recall_at_1000_max": NaN,
        "nauc_recall_at_1000_std": NaN,
        "nauc_recall_at_1000_diff1": NaN,
        "nauc_precision_at_1_max": 0.570538,
        "nauc_precision_at_1_std": 0.074678,
        "nauc_precision_at_1_diff1": 0.776093,
        "nauc_precision_at_3_max": 0.74105,
        "nauc_precision_at_3_std": 0.273621,
        "nauc_precision_at_3_diff1": 0.683399,
        "nauc_precision_at_5_max": 0.83533,
        "nauc_precision_at_5_std": 0.451577,
        "nauc_precision_at_5_diff1": 0.670107,
        "nauc_precision_at_10_max": 0.831351,
        "nauc_precision_at_10_std": 0.578124,
        "nauc_precision_at_10_diff1": 0.579118,
        "nauc_precision_at_20_max": 0.838288,
        "nauc_precision_at_20_std": 0.604969,
        "nauc_precision_at_20_diff1": 0.606012,
        "nauc_precision_at_100_max": 0.888553,
        "nauc_precision_at_100_std": 0.855886,
        "nauc_precision_at_100_diff1": 0.780683,
        "nauc_precision_at_1000_max": 1.0,
        "nauc_precision_at_1000_std": 1.0,
        "nauc_precision_at_1000_diff1": 1.0,
        "nauc_mrr_at_1_max": 0.570538,
        "nauc_mrr_at_1_std": 0.074678,
        "nauc_mrr_at_1_diff1": 0.776093,
        "nauc_mrr_at_3_max": 0.622061,
        "nauc_mrr_at_3_std": 0.13319,
        "nauc_mrr_at_3_diff1": 0.749389,
        "nauc_mrr_at_5_max": 0.625333,
        "nauc_mrr_at_5_std": 0.143397,
        "nauc_mrr_at_5_diff1": 0.751501,
        "nauc_mrr_at_10_max": 0.620187,
        "nauc_mrr_at_10_std": 0.140408,
        "nauc_mrr_at_10_diff1": 0.75035,
        "nauc_mrr_at_20_max": 0.618214,
        "nauc_mrr_at_20_std": 0.136906,
        "nauc_mrr_at_20_diff1": 0.751942,
        "nauc_mrr_at_100_max": 0.617648,
        "nauc_mrr_at_100_std": 0.135887,
        "nauc_mrr_at_100_diff1": 0.752521,
        "nauc_mrr_at_1000_max": 0.617599,
        "nauc_mrr_at_1000_std": 0.135756,
        "nauc_mrr_at_1000_diff1": 0.752515,
        "main_score": 0.8595,
        "hf_subset": "tr",
        "languages": [
          "tur-Latn"
        ]
      }
    ]
  },
  "evaluation_time": 3.816918134689331,
  "kg_co2_emissions": null
}