{
  "dataset_revision": "main",
  "task_name": "CQADupstackGamingRetrievalTR",
  "mteb_version": "1.31.3",
  "scores": {
    "test": [
      {
        "ndcg_at_1": 0.16667,
        "ndcg_at_3": 0.20038,
        "ndcg_at_5": 0.20918,
        "ndcg_at_10": 0.22235,
        "ndcg_at_20": 0.23239,
        "ndcg_at_100": 0.25751,
        "ndcg_at_1000": 0.2992,
        "map_at_1": 0.16667,
        "map_at_3": 0.1922,
        "map_at_5": 0.19702,
        "map_at_10": 0.2025,
        "map_at_20": 0.20525,
        "map_at_100": 0.20843,
        "map_at_1000": 0.20961,
        "recall_at_1": 0.16667,
        "recall_at_3": 0.22402,
        "recall_at_5": 0.24561,
        "recall_at_10": 0.2861,
        "recall_at_20": 0.32591,
        "recall_at_100": 0.46559,
        "recall_at_1000": 0.81781,
        "precision_at_1": 0.16667,
        "precision_at_3": 0.07467,
        "precision_at_5": 0.04912,
        "precision_at_10": 0.02861,
        "precision_at_20": 0.0163,
        "precision_at_100": 0.00466,
        "precision_at_1000": 0.00082,
        "mrr_at_1": 0.166667,
        "mrr_at_3": 0.192195,
        "mrr_at_5": 0.19702,
        "mrr_at_10": 0.202505,
        "mrr_at_20": 0.20525,
        "mrr_at_100": 0.208427,
        "mrr_at_1000": 0.20961,
        "nauc_ndcg_at_1_max": 0.229995,
        "nauc_ndcg_at_1_std": -0.069692,
        "nauc_ndcg_at_1_diff1": 0.613301,
        "nauc_ndcg_at_3_max": 0.192203,
        "nauc_ndcg_at_3_std": -0.082184,
        "nauc_ndcg_at_3_diff1": 0.55165,
        "nauc_ndcg_at_5_max": 0.18678,
        "nauc_ndcg_at_5_std": -0.082901,
        "nauc_ndcg_at_5_diff1": 0.537019,
        "nauc_ndcg_at_10_max": 0.179659,
        "nauc_ndcg_at_10_std": -0.066456,
        "nauc_ndcg_at_10_diff1": 0.517628,
        "nauc_ndcg_at_20_max": 0.172739,
        "nauc_ndcg_at_20_std": -0.062093,
        "nauc_ndcg_at_20_diff1": 0.506503,
        "nauc_ndcg_at_100_max": 0.171454,
        "nauc_ndcg_at_100_std": -0.047728,
        "nauc_ndcg_at_100_diff1": 0.488844,
        "nauc_ndcg_at_1000_max": 0.175111,
        "nauc_ndcg_at_1000_std": -0.049925,
        "nauc_ndcg_at_1000_diff1": 0.491636,
        "nauc_map_at_1_max": 0.229995,
        "nauc_map_at_1_std": -0.069692,
        "nauc_map_at_1_diff1": 0.613301,
        "nauc_map_at_3_max": 0.20015,
        "nauc_map_at_3_std": -0.079644,
        "nauc_map_at_3_diff1": 0.564818,
        "nauc_map_at_5_max": 0.197193,
        "nauc_map_at_5_std": -0.080057,
        "nauc_map_at_5_diff1": 0.556534,
        "nauc_map_at_10_max": 0.194203,
        "nauc_map_at_10_std": -0.072742,
        "nauc_map_at_10_diff1": 0.548265,
        "nauc_map_at_20_max": 0.192226,
        "nauc_map_at_20_std": -0.07152,
        "nauc_map_at_20_diff1": 0.544938,
        "nauc_map_at_100_max": 0.191884,
        "nauc_map_at_100_std": -0.069825,
        "nauc_map_at_100_diff1": 0.542123,
        "nauc_map_at_1000_max": 0.192049,
        "nauc_map_at_1000_std": -0.069647,
        "nauc_map_at_1000_diff1": 0.541881,
        "nauc_recall_at_1_max": 0.229995,
        "nauc_recall_at_1_std": -0.069692,
        "nauc_recall_at_1_diff1": 0.613301,
        "nauc_recall_at_3_max": 0.171501,
        "nauc_recall_at_3_std": -0.088766,
        "nauc_recall_at_3_diff1": 0.51727,
        "nauc_recall_at_5_max": 0.159449,
        "nauc_recall_at_5_std": -0.090184,
        "nauc_recall_at_5_diff1": 0.485334,
        "nauc_recall_at_10_max": 0.141169,
        "nauc_recall_at_10_std": -0.046334,
        "nauc_recall_at_10_diff1": 0.43506,
        "nauc_recall_at_20_max": 0.118752,
        "nauc_recall_at_20_std": -0.032003,
        "nauc_recall_at_20_diff1": 0.400497,
        "nauc_recall_at_100_max": 0.11552,
        "nauc_recall_at_100_std": 0.037614,
        "nauc_recall_at_100_diff1": 0.324236,
        "nauc_recall_at_1000_max": 0.102997,
        "nauc_recall_at_1000_std": 0.070099,
        "nauc_recall_at_1000_diff1": 0.227879,
        "nauc_precision_at_1_max": 0.229995,
        "nauc_precision_at_1_std": -0.069692,
        "nauc_precision_at_1_diff1": 0.613301,
        "nauc_precision_at_3_max": 0.171501,
        "nauc_precision_at_3_std": -0.088766,
        "nauc_precision_at_3_diff1": 0.51727,
        "nauc_precision_at_5_max": 0.159449,
        "nauc_precision_at_5_std": -0.090184,
        "nauc_precision_at_5_diff1": 0.485334,
        "nauc_precision_at_10_max": 0.141169,
        "nauc_precision_at_10_std": -0.046334,
        "nauc_precision_at_10_diff1": 0.43506,
        "nauc_precision_at_20_max": 0.118752,
        "nauc_precision_at_20_std": -0.032003,
        "nauc_precision_at_20_diff1": 0.400497,
        "nauc_precision_at_100_max": 0.11552,
        "nauc_precision_at_100_std": 0.037614,
        "nauc_precision_at_100_diff1": 0.324236,
        "nauc_precision_at_1000_max": 0.102997,
        "nauc_precision_at_1000_std": 0.070099,
        "nauc_precision_at_1000_diff1": 0.227879,
        "nauc_mrr_at_1_max": 0.229995,
        "nauc_mrr_at_1_std": -0.069692,
        "nauc_mrr_at_1_diff1": 0.613301,
        "nauc_mrr_at_3_max": 0.20015,
        "nauc_mrr_at_3_std": -0.079644,
        "nauc_mrr_at_3_diff1": 0.564818,
        "nauc_mrr_at_5_max": 0.197193,
        "nauc_mrr_at_5_std": -0.080057,
        "nauc_mrr_at_5_diff1": 0.556534,
        "nauc_mrr_at_10_max": 0.194203,
        "nauc_mrr_at_10_std": -0.072742,
        "nauc_mrr_at_10_diff1": 0.548265,
        "nauc_mrr_at_20_max": 0.192226,
        "nauc_mrr_at_20_std": -0.07152,
        "nauc_mrr_at_20_diff1": 0.544938,
        "nauc_mrr_at_100_max": 0.191884,
        "nauc_mrr_at_100_std": -0.069825,
        "nauc_mrr_at_100_diff1": 0.542123,
        "nauc_mrr_at_1000_max": 0.192049,
        "nauc_mrr_at_1000_std": -0.069647,
        "nauc_mrr_at_1000_diff1": 0.541881,
        "main_score": 0.22235,
        "hf_subset": "default",
        "languages": [
          "tur-Latn"
        ]
      }
    ]
  },
  "evaluation_time": 4.8278632164001465,
  "kg_co2_emissions": null
}