{
  "dataset_revision": "main",
  "task_name": "MSMarcoTRRetrieval",
  "mteb_version": "1.31.3",
  "scores": {
    "test": [
      {
        "ndcg_at_1": 0.22347,
        "ndcg_at_3": 0.25616,
        "ndcg_at_5": 0.26483,
        "ndcg_at_10": 0.27318,
        "ndcg_at_20": 0.28057,
        "ndcg_at_100": 0.29356,
        "ndcg_at_1000": 0.31303,
        "map_at_1": 0.22347,
        "map_at_3": 0.24833,
        "map_at_5": 0.25315,
        "map_at_10": 0.25658,
        "map_at_20": 0.25866,
        "map_at_100": 0.26036,
        "map_at_1000": 0.26097,
        "recall_at_1": 0.22347,
        "recall_at_3": 0.27873,
        "recall_at_5": 0.29976,
        "recall_at_10": 0.32567,
        "recall_at_20": 0.35452,
        "recall_at_100": 0.42592,
        "recall_at_1000": 0.58631,
        "precision_at_1": 0.22347,
        "precision_at_3": 0.09291,
        "precision_at_5": 0.05995,
        "precision_at_10": 0.03257,
        "precision_at_20": 0.01773,
        "precision_at_100": 0.00426,
        "precision_at_1000": 0.00059,
        "mrr_at_1": 0.223472,
        "mrr_at_3": 0.248329,
        "mrr_at_5": 0.253146,
        "mrr_at_10": 0.256579,
        "mrr_at_20": 0.258657,
        "mrr_at_100": 0.260356,
        "mrr_at_1000": 0.260969,
        "nauc_ndcg_at_1_max": 0.153306,
        "nauc_ndcg_at_1_std": -0.243951,
        "nauc_ndcg_at_1_diff1": 0.732325,
        "nauc_ndcg_at_3_max": 0.131722,
        "nauc_ndcg_at_3_std": -0.25308,
        "nauc_ndcg_at_3_diff1": 0.669265,
        "nauc_ndcg_at_5_max": 0.128214,
        "nauc_ndcg_at_5_std": -0.247164,
        "nauc_ndcg_at_5_diff1": 0.650787,
        "nauc_ndcg_at_10_max": 0.125135,
        "nauc_ndcg_at_10_std": -0.242712,
        "nauc_ndcg_at_10_diff1": 0.636062,
        "nauc_ndcg_at_20_max": 0.124391,
        "nauc_ndcg_at_20_std": -0.235528,
        "nauc_ndcg_at_20_diff1": 0.62778,
        "nauc_ndcg_at_100_max": 0.130436,
        "nauc_ndcg_at_100_std": -0.221121,
        "nauc_ndcg_at_100_diff1": 0.613472,
        "nauc_ndcg_at_1000_max": 0.143612,
        "nauc_ndcg_at_1000_std": -0.200166,
        "nauc_ndcg_at_1000_diff1": 0.602221,
        "nauc_map_at_1_max": 0.153306,
        "nauc_map_at_1_std": -0.243951,
        "nauc_map_at_1_diff1": 0.732325,
        "nauc_map_at_3_max": 0.136889,
        "nauc_map_at_3_std": -0.250642,
        "nauc_map_at_3_diff1": 0.683382,
        "nauc_map_at_5_max": 0.134702,
        "nauc_map_at_5_std": -0.247425,
        "nauc_map_at_5_diff1": 0.672841,
        "nauc_map_at_10_max": 0.133474,
        "nauc_map_at_10_std": -0.245452,
        "nauc_map_at_10_diff1": 0.666513,
        "nauc_map_at_20_max": 0.133246,
        "nauc_map_at_20_std": -0.243458,
        "nauc_map_at_20_diff1": 0.664171,
        "nauc_map_at_100_max": 0.134046,
        "nauc_map_at_100_std": -0.2415,
        "nauc_map_at_100_diff1": 0.66233,
        "nauc_map_at_1000_max": 0.134503,
        "nauc_map_at_1000_std": -0.24078,
        "nauc_map_at_1000_diff1": 0.661987,
        "nauc_recall_at_1_max": 0.153306,
        "nauc_recall_at_1_std": -0.243951,
        "nauc_recall_at_1_diff1": 0.732325,
        "nauc_recall_at_3_max": 0.1175,
        "nauc_recall_at_3_std": -0.259885,
        "nauc_recall_at_3_diff1": 0.630782,
        "nauc_recall_at_5_max": 0.110556,
        "nauc_recall_at_5_std": -0.245678,
        "nauc_recall_at_5_diff1": 0.589631,
        "nauc_recall_at_10_max": 0.101482,
        "nauc_recall_at_10_std": -0.23326,
        "nauc_recall_at_10_diff1": 0.548192,
        "nauc_recall_at_20_max": 0.099181,
        "nauc_recall_at_20_std": -0.206824,
        "nauc_recall_at_20_diff1": 0.518915,
        "nauc_recall_at_100_max": 0.130022,
        "nauc_recall_at_100_std": -0.13488,
        "nauc_recall_at_100_diff1": 0.446949,
        "nauc_recall_at_1000_max": 0.238815,
        "nauc_recall_at_1000_std": 0.048787,
        "nauc_recall_at_1000_diff1": 0.332204,
        "nauc_precision_at_1_max": 0.153306,
        "nauc_precision_at_1_std": -0.243951,
        "nauc_precision_at_1_diff1": 0.732325,
        "nauc_precision_at_3_max": 0.1175,
        "nauc_precision_at_3_std": -0.259885,
        "nauc_precision_at_3_diff1": 0.630782,
        "nauc_precision_at_5_max": 0.110556,
        "nauc_precision_at_5_std": -0.245678,
        "nauc_precision_at_5_diff1": 0.589631,
        "nauc_precision_at_10_max": 0.101482,
        "nauc_precision_at_10_std": -0.23326,
        "nauc_precision_at_10_diff1": 0.548192,
        "nauc_precision_at_20_max": 0.099181,
        "nauc_precision_at_20_std": -0.206824,
        "nauc_precision_at_20_diff1": 0.518915,
        "nauc_precision_at_100_max": 0.130022,
        "nauc_precision_at_100_std": -0.13488,
        "nauc_precision_at_100_diff1": 0.446949,
        "nauc_precision_at_1000_max": 0.238815,
        "nauc_precision_at_1000_std": 0.048787,
        "nauc_precision_at_1000_diff1": 0.332204,
        "nauc_mrr_at_1_max": 0.153306,
        "nauc_mrr_at_1_std": -0.243951,
        "nauc_mrr_at_1_diff1": 0.732325,
        "nauc_mrr_at_3_max": 0.136889,
        "nauc_mrr_at_3_std": -0.250642,
        "nauc_mrr_at_3_diff1": 0.683382,
        "nauc_mrr_at_5_max": 0.134702,
        "nauc_mrr_at_5_std": -0.247425,
        "nauc_mrr_at_5_diff1": 0.672841,
        "nauc_mrr_at_10_max": 0.133474,
        "nauc_mrr_at_10_std": -0.245452,
        "nauc_mrr_at_10_diff1": 0.666513,
        "nauc_mrr_at_20_max": 0.133246,
        "nauc_mrr_at_20_std": -0.243458,
        "nauc_mrr_at_20_diff1": 0.664171,
        "nauc_mrr_at_100_max": 0.134046,
        "nauc_mrr_at_100_std": -0.2415,
        "nauc_mrr_at_100_diff1": 0.66233,
        "nauc_mrr_at_1000_max": 0.134503,
        "nauc_mrr_at_1000_std": -0.24078,
        "nauc_mrr_at_1000_diff1": 0.661987,
        "main_score": 0.27318,
        "hf_subset": "default",
        "languages": [
          "tur-Latn"
        ]
      }
    ]
  },
  "evaluation_time": 5.346722841262817,
  "kg_co2_emissions": null
}