{
  "dataset_revision": "main",
  "task_name": "NFCorpusTR",
  "mteb_version": "1.31.3",
  "scores": {
    "test": [
      {
        "ndcg_at_1": 0.02756,
        "ndcg_at_3": 0.03004,
        "ndcg_at_5": 0.03496,
        "ndcg_at_10": 0.03877,
        "ndcg_at_20": 0.04465,
        "ndcg_at_100": 0.06212,
        "ndcg_at_1000": 0.13522,
        "map_at_1": 0.02756,
        "map_at_3": 0.02953,
        "map_at_5": 0.03228,
        "map_at_10": 0.03385,
        "map_at_20": 0.03541,
        "map_at_100": 0.03783,
        "map_at_1000": 0.03956,
        "recall_at_1": 0.02756,
        "recall_at_3": 0.0315,
        "recall_at_5": 0.04331,
        "recall_at_10": 0.05512,
        "recall_at_20": 0.07874,
        "recall_at_100": 0.17323,
        "recall_at_1000": 0.81102,
        "precision_at_1": 0.02756,
        "precision_at_3": 0.0105,
        "precision_at_5": 0.00866,
        "precision_at_10": 0.00551,
        "precision_at_20": 0.00394,
        "precision_at_100": 0.00173,
        "precision_at_1000": 0.00081,
        "mrr_at_1": 0.027559,
        "mrr_at_3": 0.029528,
        "mrr_at_5": 0.032283,
        "mrr_at_10": 0.033846,
        "mrr_at_20": 0.035408,
        "mrr_at_100": 0.037818,
        "mrr_at_1000": 0.039548,
        "nauc_ndcg_at_1_max": 0.086758,
        "nauc_ndcg_at_1_std": -0.236867,
        "nauc_ndcg_at_1_diff1": 0.457624,
        "nauc_ndcg_at_3_max": 0.062651,
        "nauc_ndcg_at_3_std": -0.209217,
        "nauc_ndcg_at_3_diff1": 0.402854,
        "nauc_ndcg_at_5_max": 0.12917,
        "nauc_ndcg_at_5_std": -0.203413,
        "nauc_ndcg_at_5_diff1": 0.310941,
        "nauc_ndcg_at_10_max": 0.125897,
        "nauc_ndcg_at_10_std": -0.204551,
        "nauc_ndcg_at_10_diff1": 0.297842,
        "nauc_ndcg_at_20_max": 0.165438,
        "nauc_ndcg_at_20_std": -0.151911,
        "nauc_ndcg_at_20_diff1": 0.242343,
        "nauc_ndcg_at_100_max": 0.146911,
        "nauc_ndcg_at_100_std": -0.084253,
        "nauc_ndcg_at_100_diff1": 0.152633,
        "nauc_ndcg_at_1000_max": 0.168988,
        "nauc_ndcg_at_1000_std": -0.066734,
        "nauc_ndcg_at_1000_diff1": 0.159619,
        "nauc_map_at_1_max": 0.086758,
        "nauc_map_at_1_std": -0.236867,
        "nauc_map_at_1_diff1": 0.457624,
        "nauc_map_at_3_max": 0.06732,
        "nauc_map_at_3_std": -0.214573,
        "nauc_map_at_3_diff1": 0.413462,
        "nauc_map_at_5_max": 0.110411,
        "nauc_map_at_5_std": -0.20938,
        "nauc_map_at_5_diff1": 0.355699,
        "nauc_map_at_10_max": 0.111131,
        "nauc_map_at_10_std": -0.208895,
        "nauc_map_at_10_diff1": 0.347647,
        "nauc_map_at_20_max": 0.124263,
        "nauc_map_at_20_std": -0.190186,
        "nauc_map_at_20_diff1": 0.32595,
        "nauc_map_at_100_max": 0.121494,
        "nauc_map_at_100_std": -0.173038,
        "nauc_map_at_100_diff1": 0.299743,
        "nauc_map_at_1000_max": 0.120977,
        "nauc_map_at_1000_std": -0.171579,
        "nauc_map_at_1000_diff1": 0.300169,
        "nauc_recall_at_1_max": 0.086758,
        "nauc_recall_at_1_std": -0.236867,
        "nauc_recall_at_1_diff1": 0.457624,
        "nauc_recall_at_3_max": 0.050312,
        "nauc_recall_at_3_std": -0.195065,
        "nauc_recall_at_3_diff1": 0.374821,
        "nauc_recall_at_5_max": 0.173167,
        "nauc_recall_at_5_std": -0.191406,
        "nauc_recall_at_5_diff1": 0.207375,
        "nauc_recall_at_10_max": 0.151978,
        "nauc_recall_at_10_std": -0.198934,
        "nauc_recall_at_10_diff1": 0.200451,
        "nauc_recall_at_20_max": 0.237055,
        "nauc_recall_at_20_std": -0.083851,
        "nauc_recall_at_20_diff1": 0.10643,
        "nauc_recall_at_100_max": 0.166499,
        "nauc_recall_at_100_std": 0.023556,
        "nauc_recall_at_100_diff1": -0.00975,
        "nauc_recall_at_1000_max": 0.314703,
        "nauc_recall_at_1000_std": 0.153118,
        "nauc_recall_at_1000_diff1": -0.06793,
        "nauc_precision_at_1_max": 0.086758,
        "nauc_precision_at_1_std": -0.236867,
        "nauc_precision_at_1_diff1": 0.457624,
        "nauc_precision_at_3_max": 0.050312,
        "nauc_precision_at_3_std": -0.195065,
        "nauc_precision_at_3_diff1": 0.374821,
        "nauc_precision_at_5_max": 0.173167,
        "nauc_precision_at_5_std": -0.191406,
        "nauc_precision_at_5_diff1": 0.207375,
        "nauc_precision_at_10_max": 0.151978,
        "nauc_precision_at_10_std": -0.198934,
        "nauc_precision_at_10_diff1": 0.200451,
        "nauc_precision_at_20_max": 0.237055,
        "nauc_precision_at_20_std": -0.083851,
        "nauc_precision_at_20_diff1": 0.10643,
        "nauc_precision_at_100_max": 0.166499,
        "nauc_precision_at_100_std": 0.023556,
        "nauc_precision_at_100_diff1": -0.00975,
        "nauc_precision_at_1000_max": 0.314703,
        "nauc_precision_at_1000_std": 0.153118,
        "nauc_precision_at_1000_diff1": -0.06793,
        "nauc_mrr_at_1_max": 0.086758,
        "nauc_mrr_at_1_std": -0.236867,
        "nauc_mrr_at_1_diff1": 0.457624,
        "nauc_mrr_at_3_max": 0.06732,
        "nauc_mrr_at_3_std": -0.214573,
        "nauc_mrr_at_3_diff1": 0.413462,
        "nauc_mrr_at_5_max": 0.110411,
        "nauc_mrr_at_5_std": -0.20938,
        "nauc_mrr_at_5_diff1": 0.355699,
        "nauc_mrr_at_10_max": 0.111131,
        "nauc_mrr_at_10_std": -0.208895,
        "nauc_mrr_at_10_diff1": 0.347647,
        "nauc_mrr_at_20_max": 0.124263,
        "nauc_mrr_at_20_std": -0.190186,
        "nauc_mrr_at_20_diff1": 0.32595,
        "nauc_mrr_at_100_max": 0.121446,
        "nauc_mrr_at_100_std": -0.173271,
        "nauc_mrr_at_100_diff1": 0.299907,
        "nauc_mrr_at_1000_max": 0.12093,
        "nauc_mrr_at_1000_std": -0.17181,
        "nauc_mrr_at_1000_diff1": 0.300332,
        "main_score": 0.03877,
        "hf_subset": "default",
        "languages": [
          "tur-Latn"
        ]
      }
    ]
  },
  "evaluation_time": 2.227395534515381,
  "kg_co2_emissions": null
}