{
  "dataset_revision": "main",
  "task_name": "QuoraRetrievalTR",
  "mteb_version": "1.31.3",
  "scores": {
    "test": [
      {
        "ndcg_at_1": 0.64325,
        "ndcg_at_3": 0.70269,
        "ndcg_at_5": 0.7175,
        "ndcg_at_10": 0.73067,
        "ndcg_at_20": 0.73811,
        "ndcg_at_100": 0.74942,
        "ndcg_at_1000": 0.7576,
        "map_at_1": 0.64325,
        "map_at_3": 0.6888,
        "map_at_5": 0.69695,
        "map_at_10": 0.70231,
        "map_at_20": 0.70432,
        "map_at_100": 0.70579,
        "map_at_1000": 0.70606,
        "recall_at_1": 0.64325,
        "recall_at_3": 0.74259,
        "recall_at_5": 0.77881,
        "recall_at_10": 0.81998,
        "recall_at_20": 0.84962,
        "recall_at_100": 0.91218,
        "recall_at_1000": 0.97859,
        "precision_at_1": 0.64325,
        "precision_at_3": 0.24753,
        "precision_at_5": 0.15576,
        "precision_at_10": 0.082,
        "precision_at_20": 0.04248,
        "precision_at_100": 0.00912,
        "precision_at_1000": 0.00098,
        "mrr_at_1": 0.643249,
        "mrr_at_3": 0.688804,
        "mrr_at_5": 0.696954,
        "mrr_at_10": 0.70231,
        "mrr_at_20": 0.704323,
        "mrr_at_100": 0.705785,
        "mrr_at_1000": 0.70606,
        "nauc_ndcg_at_1_max": 0.581786,
        "nauc_ndcg_at_1_std": -0.052685,
        "nauc_ndcg_at_1_diff1": 0.833995,
        "nauc_ndcg_at_3_max": 0.596488,
        "nauc_ndcg_at_3_std": -0.040109,
        "nauc_ndcg_at_3_diff1": 0.815362,
        "nauc_ndcg_at_5_max": 0.602598,
        "nauc_ndcg_at_5_std": -0.04843,
        "nauc_ndcg_at_5_diff1": 0.810377,
        "nauc_ndcg_at_10_max": 0.597251,
        "nauc_ndcg_at_10_std": -0.044848,
        "nauc_ndcg_at_10_diff1": 0.807191,
        "nauc_ndcg_at_20_max": 0.597851,
        "nauc_ndcg_at_20_std": -0.038019,
        "nauc_ndcg_at_20_diff1": 0.807746,
        "nauc_ndcg_at_100_max": 0.595259,
        "nauc_ndcg_at_100_std": -0.032246,
        "nauc_ndcg_at_100_diff1": 0.807107,
        "nauc_ndcg_at_1000_max": 0.594788,
        "nauc_ndcg_at_1000_std": -0.035124,
        "nauc_ndcg_at_1000_diff1": 0.809548,
        "nauc_map_at_1_max": 0.581786,
        "nauc_map_at_1_std": -0.052685,
        "nauc_map_at_1_diff1": 0.833995,
        "nauc_map_at_3_max": 0.592373,
        "nauc_map_at_3_std": -0.043333,
        "nauc_map_at_3_diff1": 0.81992,
        "nauc_map_at_5_max": 0.595527,
        "nauc_map_at_5_std": -0.047754,
        "nauc_map_at_5_diff1": 0.817494,
        "nauc_map_at_10_max": 0.593337,
        "nauc_map_at_10_std": -0.046225,
        "nauc_map_at_10_diff1": 0.81646,
        "nauc_map_at_20_max": 0.593464,
        "nauc_map_at_20_std": -0.044378,
        "nauc_map_at_20_diff1": 0.816667,
        "nauc_map_at_100_max": 0.593125,
        "nauc_map_at_100_std": -0.043914,
        "nauc_map_at_100_diff1": 0.816629,
        "nauc_map_at_1000_max": 0.593158,
        "nauc_map_at_1000_std": -0.043939,
        "nauc_map_at_1000_diff1": 0.816706,
        "nauc_recall_at_1_max": 0.581786,
        "nauc_recall_at_1_std": -0.052685,
        "nauc_recall_at_1_diff1": 0.833995,
        "nauc_recall_at_3_max": 0.610223,
        "nauc_recall_at_3_std": -0.029477,
        "nauc_recall_at_3_diff1": 0.800443,
        "nauc_recall_at_5_max": 0.629634,
        "nauc_recall_at_5_std": -0.05252,
        "nauc_recall_at_5_diff1": 0.783501,
        "nauc_recall_at_10_max": 0.612406,
        "nauc_recall_at_10_std": -0.039457,
        "nauc_recall_at_10_diff1": 0.764396,
        "nauc_recall_at_20_max": 0.618795,
        "nauc_recall_at_20_std": 0.001792,
        "nauc_recall_at_20_diff1": 0.760095,
        "nauc_recall_at_100_max": 0.597665,
        "nauc_recall_at_100_std": 0.112011,
        "nauc_recall_at_100_diff1": 0.721589,
        "nauc_recall_at_1000_max": 0.533017,
        "nauc_recall_at_1000_std": 0.283264,
        "nauc_recall_at_1000_diff1": 0.651808,
        "nauc_precision_at_1_max": 0.581786,
        "nauc_precision_at_1_std": -0.052685,
        "nauc_precision_at_1_diff1": 0.833995,
        "nauc_precision_at_3_max": 0.610223,
        "nauc_precision_at_3_std": -0.029477,
        "nauc_precision_at_3_diff1": 0.800443,
        "nauc_precision_at_5_max": 0.629634,
        "nauc_precision_at_5_std": -0.05252,
        "nauc_precision_at_5_diff1": 0.783501,
        "nauc_precision_at_10_max": 0.612406,
        "nauc_precision_at_10_std": -0.039457,
        "nauc_precision_at_10_diff1": 0.764396,
        "nauc_precision_at_20_max": 0.618795,
        "nauc_precision_at_20_std": 0.001792,
        "nauc_precision_at_20_diff1": 0.760095,
        "nauc_precision_at_100_max": 0.597665,
        "nauc_precision_at_100_std": 0.112011,
        "nauc_precision_at_100_diff1": 0.721589,
        "nauc_precision_at_1000_max": 0.533017,
        "nauc_precision_at_1000_std": 0.283264,
        "nauc_precision_at_1000_diff1": 0.651808,
        "nauc_mrr_at_1_max": 0.582898,
        "nauc_mrr_at_1_std": -0.051573,
        "nauc_mrr_at_1_diff1": 0.833995,
        "nauc_mrr_at_3_max": 0.592989,
        "nauc_mrr_at_3_std": -0.042718,
        "nauc_mrr_at_3_diff1": 0.81992,
        "nauc_mrr_at_5_max": 0.596157,
        "nauc_mrr_at_5_std": -0.047124,
        "nauc_mrr_at_5_diff1": 0.817494,
        "nauc_mrr_at_10_max": 0.593977,
        "nauc_mrr_at_10_std": -0.045584,
        "nauc_mrr_at_10_diff1": 0.81646,
        "nauc_mrr_at_20_max": 0.594108,
        "nauc_mrr_at_20_std": -0.043733,
        "nauc_mrr_at_20_diff1": 0.816667,
        "nauc_mrr_at_100_max": 0.593773,
        "nauc_mrr_at_100_std": -0.043266,
        "nauc_mrr_at_100_diff1": 0.816629,
        "nauc_mrr_at_1000_max": 0.593807,
        "nauc_mrr_at_1000_std": -0.04329,
        "nauc_mrr_at_1000_diff1": 0.816706,
        "main_score": 0.73067,
        "hf_subset": "default",
        "languages": [
          "tur-Latn"
        ]
      }
    ]
  },
  "evaluation_time": 4.673589468002319,
  "kg_co2_emissions": null
}