{
  "dataset_revision": "main",
  "task_name": "SCIDOCSTR",
  "mteb_version": "1.31.3",
  "scores": {
    "test": [
      {
        "ndcg_at_1": 0.00223,
        "ndcg_at_3": 0.00475,
        "ndcg_at_5": 0.00696,
        "ndcg_at_10": 0.00942,
        "ndcg_at_20": 0.01142,
        "ndcg_at_100": 0.01927,
        "ndcg_at_1000": 0.06997,
        "map_at_1": 0.00223,
        "map_at_3": 0.00409,
        "map_at_5": 0.00526,
        "map_at_10": 0.00624,
        "map_at_20": 0.0068,
        "map_at_100": 0.00766,
        "map_at_1000": 0.00883,
        "recall_at_1": 0.00223,
        "recall_at_3": 0.00669,
        "recall_at_5": 0.01226,
        "recall_at_10": 0.02007,
        "recall_at_20": 0.02787,
        "recall_at_100": 0.07358,
        "recall_at_1000": 0.51839,
        "precision_at_1": 0.00223,
        "precision_at_3": 0.00223,
        "precision_at_5": 0.00245,
        "precision_at_10": 0.00201,
        "precision_at_20": 0.00139,
        "precision_at_100": 0.00074,
        "precision_at_1000": 0.00052,
        "mrr_at_1": 0.00223,
        "mrr_at_3": 0.004088,
        "mrr_at_5": 0.005258,
        "mrr_at_10": 0.006241,
        "mrr_at_20": 0.006799,
        "mrr_at_100": 0.007658,
        "mrr_at_1000": 0.008834,
        "nauc_ndcg_at_1_max": -0.390462,
        "nauc_ndcg_at_1_std": 0.22849,
        "nauc_ndcg_at_1_diff1": 1.0,
        "nauc_ndcg_at_3_max": -0.105485,
        "nauc_ndcg_at_3_std": 0.212469,
        "nauc_ndcg_at_3_diff1": 0.343307,
        "nauc_ndcg_at_5_max": 0.044165,
        "nauc_ndcg_at_5_std": 0.281338,
        "nauc_ndcg_at_5_diff1": 0.155075,
        "nauc_ndcg_at_10_max": 0.035284,
        "nauc_ndcg_at_10_std": 0.202972,
        "nauc_ndcg_at_10_diff1": 0.208346,
        "nauc_ndcg_at_20_max": -0.00709,
        "nauc_ndcg_at_20_std": 0.123745,
        "nauc_ndcg_at_20_diff1": 0.218929,
        "nauc_ndcg_at_100_max": 0.029696,
        "nauc_ndcg_at_100_std": 0.118823,
        "nauc_ndcg_at_100_diff1": 0.119862,
        "nauc_ndcg_at_1000_max": 0.011326,
        "nauc_ndcg_at_1000_std": 0.096966,
        "nauc_ndcg_at_1000_diff1": 0.047772,
        "nauc_map_at_1_max": -0.390462,
        "nauc_map_at_1_std": 0.22849,
        "nauc_map_at_1_diff1": 1.0,
        "nauc_map_at_3_max": -0.149202,
        "nauc_map_at_3_std": 0.211542,
        "nauc_map_at_3_diff1": 0.436485,
        "nauc_map_at_5_max": -0.034626,
        "nauc_map_at_5_std": 0.25819,
        "nauc_map_at_5_diff1": 0.281675,
        "nauc_map_at_10_max": -0.031372,
        "nauc_map_at_10_std": 0.21888,
        "nauc_map_at_10_diff1": 0.288797,
        "nauc_map_at_20_max": -0.044001,
        "nauc_map_at_20_std": 0.179874,
        "nauc_map_at_20_diff1": 0.283598,
        "nauc_map_at_100_max": -0.02654,
        "nauc_map_at_100_std": 0.177444,
        "nauc_map_at_100_diff1": 0.24806,
        "nauc_map_at_1000_max": -0.029807,
        "nauc_map_at_1000_std": 0.16622,
        "nauc_map_at_1000_diff1": 0.226928,
        "nauc_recall_at_1_max": -0.390462,
        "nauc_recall_at_1_std": 0.22849,
        "nauc_recall_at_1_diff1": 1.0,
        "nauc_recall_at_3_max": -0.026816,
        "nauc_recall_at_3_std": 0.214871,
        "nauc_recall_at_3_diff1": 0.17727,
        "nauc_recall_at_5_max": 0.152446,
        "nauc_recall_at_5_std": 0.315942,
        "nauc_recall_at_5_diff1": -0.013818,
        "nauc_recall_at_10_max": 0.103717,
        "nauc_recall_at_10_std": 0.179067,
        "nauc_recall_at_10_diff1": 0.139602,
        "nauc_recall_at_20_max": 0.013482,
        "nauc_recall_at_20_std": 0.059483,
        "nauc_recall_at_20_diff1": 0.182151,
        "nauc_recall_at_100_max": 0.05228,
        "nauc_recall_at_100_std": 0.082765,
        "nauc_recall_at_100_diff1": 0.05566,
        "nauc_recall_at_1000_max": 0.023306,
        "nauc_recall_at_1000_std": 0.08624,
        "nauc_recall_at_1000_diff1": -0.003194,
        "nauc_precision_at_1_max": -0.390462,
        "nauc_precision_at_1_std": 0.22849,
        "nauc_precision_at_1_diff1": 1.0,
        "nauc_precision_at_3_max": -0.026816,
        "nauc_precision_at_3_std": 0.214871,
        "nauc_precision_at_3_diff1": 0.17727,
        "nauc_precision_at_5_max": 0.152446,
        "nauc_precision_at_5_std": 0.315942,
        "nauc_precision_at_5_diff1": -0.013818,
        "nauc_precision_at_10_max": 0.103717,
        "nauc_precision_at_10_std": 0.179067,
        "nauc_precision_at_10_diff1": 0.139602,
        "nauc_precision_at_20_max": 0.013482,
        "nauc_precision_at_20_std": 0.059483,
        "nauc_precision_at_20_diff1": 0.182151,
        "nauc_precision_at_100_max": 0.05228,
        "nauc_precision_at_100_std": 0.082765,
        "nauc_precision_at_100_diff1": 0.05566,
        "nauc_precision_at_1000_max": 0.023306,
        "nauc_precision_at_1000_std": 0.08624,
        "nauc_precision_at_1000_diff1": -0.003194,
        "nauc_mrr_at_1_max": -0.390462,
        "nauc_mrr_at_1_std": 0.22849,
        "nauc_mrr_at_1_diff1": 1.0,
        "nauc_mrr_at_3_max": -0.149202,
        "nauc_mrr_at_3_std": 0.211542,
        "nauc_mrr_at_3_diff1": 0.436485,
        "nauc_mrr_at_5_max": -0.034626,
        "nauc_mrr_at_5_std": 0.25819,
        "nauc_mrr_at_5_diff1": 0.281675,
        "nauc_mrr_at_10_max": -0.031372,
        "nauc_mrr_at_10_std": 0.21888,
        "nauc_mrr_at_10_diff1": 0.288797,
        "nauc_mrr_at_20_max": -0.044001,
        "nauc_mrr_at_20_std": 0.179874,
        "nauc_mrr_at_20_diff1": 0.283598,
        "nauc_mrr_at_100_max": -0.02654,
        "nauc_mrr_at_100_std": 0.177444,
        "nauc_mrr_at_100_diff1": 0.24806,
        "nauc_mrr_at_1000_max": -0.029807,
        "nauc_mrr_at_1000_std": 0.16622,
        "nauc_mrr_at_1000_diff1": 0.226928,
        "main_score": 0.00942,
        "hf_subset": "default",
        "languages": [
          "tur-Latn"
        ]
      }
    ]
  },
  "evaluation_time": 4.258988857269287,
  "kg_co2_emissions": null
}