{
  "dataset_revision": "main",
  "task_name": "SciFactTR",
  "mteb_version": "1.31.3",
  "scores": {
    "test": [
      {
        "ndcg_at_1": 0.21667,
        "ndcg_at_3": 0.26313,
        "ndcg_at_5": 0.28107,
        "ndcg_at_10": 0.31147,
        "ndcg_at_20": 0.3339,
        "ndcg_at_100": 0.39162,
        "ndcg_at_1000": 0.41335,
        "map_at_1": 0.21667,
        "map_at_3": 0.25056,
        "map_at_5": 0.26056,
        "map_at_10": 0.27325,
        "map_at_20": 0.27968,
        "map_at_100": 0.28724,
        "map_at_1000": 0.28824,
        "recall_at_1": 0.21667,
        "recall_at_3": 0.3,
        "recall_at_5": 0.34333,
        "recall_at_10": 0.43667,
        "recall_at_20": 0.52333,
        "recall_at_100": 0.84,
        "recall_at_1000": 1.0,
        "precision_at_1": 0.21667,
        "precision_at_3": 0.1,
        "precision_at_5": 0.06867,
        "precision_at_10": 0.04367,
        "precision_at_20": 0.02617,
        "precision_at_100": 0.0084,
        "precision_at_1000": 0.001,
        "mrr_at_1": 0.216667,
        "mrr_at_3": 0.250556,
        "mrr_at_5": 0.260556,
        "mrr_at_10": 0.273247,
        "mrr_at_20": 0.279678,
        "mrr_at_100": 0.287241,
        "mrr_at_1000": 0.288239,
        "nauc_ndcg_at_1_max": 0.323093,
        "nauc_ndcg_at_1_std": -0.287285,
        "nauc_ndcg_at_1_diff1": 0.52621,
        "nauc_ndcg_at_3_max": 0.368526,
        "nauc_ndcg_at_3_std": -0.250753,
        "nauc_ndcg_at_3_diff1": 0.477354,
        "nauc_ndcg_at_5_max": 0.36354,
        "nauc_ndcg_at_5_std": -0.254944,
        "nauc_ndcg_at_5_diff1": 0.475474,
        "nauc_ndcg_at_10_max": 0.384759,
        "nauc_ndcg_at_10_std": -0.266238,
        "nauc_ndcg_at_10_diff1": 0.454066,
        "nauc_ndcg_at_20_max": 0.394992,
        "nauc_ndcg_at_20_std": -0.257771,
        "nauc_ndcg_at_20_diff1": 0.444386,
        "nauc_ndcg_at_100_max": 0.37074,
        "nauc_ndcg_at_100_std": -0.264956,
        "nauc_ndcg_at_100_diff1": 0.437667,
        "nauc_ndcg_at_1000_max": 0.371417,
        "nauc_ndcg_at_1000_std": -0.261692,
        "nauc_ndcg_at_1000_diff1": 0.458268,
        "nauc_map_at_1_max": 0.323093,
        "nauc_map_at_1_std": -0.287285,
        "nauc_map_at_1_diff1": 0.52621,
        "nauc_map_at_3_max": 0.358473,
        "nauc_map_at_3_std": -0.260604,
        "nauc_map_at_3_diff1": 0.489371,
        "nauc_map_at_5_max": 0.355387,
        "nauc_map_at_5_std": -0.262836,
        "nauc_map_at_5_diff1": 0.48787,
        "nauc_map_at_10_max": 0.36398,
        "nauc_map_at_10_std": -0.267866,
        "nauc_map_at_10_diff1": 0.478185,
        "nauc_map_at_20_max": 0.366801,
        "nauc_map_at_20_std": -0.265365,
        "nauc_map_at_20_diff1": 0.475781,
        "nauc_map_at_100_max": 0.362834,
        "nauc_map_at_100_std": -0.265298,
        "nauc_map_at_100_diff1": 0.474303,
        "nauc_map_at_1000_max": 0.362903,
        "nauc_map_at_1000_std": -0.265232,
        "nauc_map_at_1000_diff1": 0.475363,
        "nauc_recall_at_1_max": 0.323093,
        "nauc_recall_at_1_std": -0.287285,
        "nauc_recall_at_1_diff1": 0.52621,
        "nauc_recall_at_3_max": 0.395104,
        "nauc_recall_at_3_std": -0.224024,
        "nauc_recall_at_3_diff1": 0.445116,
        "nauc_recall_at_5_max": 0.384425,
        "nauc_recall_at_5_std": -0.234417,
        "nauc_recall_at_5_diff1": 0.442921,
        "nauc_recall_at_10_max": 0.446736,
        "nauc_recall_at_10_std": -0.265626,
        "nauc_recall_at_10_diff1": 0.38498,
        "nauc_recall_at_20_max": 0.48799,
        "nauc_recall_at_20_std": -0.234529,
        "nauc_recall_at_20_diff1": 0.343678,
        "nauc_recall_at_100_max": 0.367381,
        "nauc_recall_at_100_std": -0.312735,
        "nauc_recall_at_100_diff1": 0.178101,
        "nauc_recall_at_1000_max": NaN,
        "nauc_recall_at_1000_std": NaN,
        "nauc_recall_at_1000_diff1": NaN,
        "nauc_precision_at_1_max": 0.323093,
        "nauc_precision_at_1_std": -0.287285,
        "nauc_precision_at_1_diff1": 0.52621,
        "nauc_precision_at_3_max": 0.395104,
        "nauc_precision_at_3_std": -0.224024,
        "nauc_precision_at_3_diff1": 0.445116,
        "nauc_precision_at_5_max": 0.384425,
        "nauc_precision_at_5_std": -0.234417,
        "nauc_precision_at_5_diff1": 0.442921,
        "nauc_precision_at_10_max": 0.446736,
        "nauc_precision_at_10_std": -0.265626,
        "nauc_precision_at_10_diff1": 0.38498,
        "nauc_precision_at_20_max": 0.48799,
        "nauc_precision_at_20_std": -0.234529,
        "nauc_precision_at_20_diff1": 0.343678,
        "nauc_precision_at_100_max": 0.367381,
        "nauc_precision_at_100_std": -0.312735,
        "nauc_precision_at_100_diff1": 0.178101,
        "nauc_precision_at_1000_max": 1.0,
        "nauc_precision_at_1000_std": 1.0,
        "nauc_precision_at_1000_diff1": 1.0,
        "nauc_mrr_at_1_max": 0.323093,
        "nauc_mrr_at_1_std": -0.287285,
        "nauc_mrr_at_1_diff1": 0.52621,
        "nauc_mrr_at_3_max": 0.358473,
        "nauc_mrr_at_3_std": -0.260604,
        "nauc_mrr_at_3_diff1": 0.489371,
        "nauc_mrr_at_5_max": 0.355387,
        "nauc_mrr_at_5_std": -0.262836,
        "nauc_mrr_at_5_diff1": 0.48787,
        "nauc_mrr_at_10_max": 0.36398,
        "nauc_mrr_at_10_std": -0.267866,
        "nauc_mrr_at_10_diff1": 0.478185,
        "nauc_mrr_at_20_max": 0.366801,
        "nauc_mrr_at_20_std": -0.265365,
        "nauc_mrr_at_20_diff1": 0.475781,
        "nauc_mrr_at_100_max": 0.362834,
        "nauc_mrr_at_100_std": -0.265298,
        "nauc_mrr_at_100_diff1": 0.474303,
        "nauc_mrr_at_1000_max": 0.362903,
        "nauc_mrr_at_1000_std": -0.265232,
        "nauc_mrr_at_1000_diff1": 0.475363,
        "main_score": 0.31147,
        "hf_subset": "default",
        "languages": [
          "tur-Latn"
        ]
      }
    ]
  },
  "evaluation_time": 0.686835527420044,
  "kg_co2_emissions": null
}