{
  "dataset_revision": "main",
  "task_name": "TQuadRetrieval",
  "mteb_version": "1.31.3",
  "scores": {
    "test": [
      {
        "ndcg_at_1": 0.23206,
        "ndcg_at_3": 0.29917,
        "ndcg_at_5": 0.33231,
        "ndcg_at_10": 0.3635,
        "ndcg_at_20": 0.39,
        "ndcg_at_100": 0.43114,
        "ndcg_at_1000": 0.45057,
        "map_at_1": 0.23206,
        "map_at_3": 0.28214,
        "map_at_5": 0.30047,
        "map_at_10": 0.31356,
        "map_at_20": 0.32091,
        "map_at_100": 0.32615,
        "map_at_1000": 0.32707,
        "recall_at_1": 0.23206,
        "recall_at_3": 0.34865,
        "recall_at_5": 0.42937,
        "recall_at_10": 0.52466,
        "recall_at_20": 0.62892,
        "recall_at_100": 0.85762,
        "recall_at_1000": 1.0,
        "precision_at_1": 0.23206,
        "precision_at_3": 0.11622,
        "precision_at_5": 0.08587,
        "precision_at_10": 0.05247,
        "precision_at_20": 0.03145,
        "precision_at_100": 0.00858,
        "precision_at_1000": 0.001,
        "mrr_at_1": 0.230942,
        "mrr_at_3": 0.281577,
        "mrr_at_5": 0.299963,
        "mrr_at_10": 0.313153,
        "mrr_at_20": 0.320394,
        "mrr_at_100": 0.325638,
        "mrr_at_1000": 0.32655,
        "nauc_ndcg_at_1_max": 0.145903,
        "nauc_ndcg_at_1_std": -0.032455,
        "nauc_ndcg_at_1_diff1": 0.363303,
        "nauc_ndcg_at_3_max": 0.14692,
        "nauc_ndcg_at_3_std": -0.030229,
        "nauc_ndcg_at_3_diff1": 0.294386,
        "nauc_ndcg_at_5_max": 0.141952,
        "nauc_ndcg_at_5_std": -0.032464,
        "nauc_ndcg_at_5_diff1": 0.293438,
        "nauc_ndcg_at_10_max": 0.155281,
        "nauc_ndcg_at_10_std": -0.018792,
        "nauc_ndcg_at_10_diff1": 0.302345,
        "nauc_ndcg_at_20_max": 0.170841,
        "nauc_ndcg_at_20_std": -0.006916,
        "nauc_ndcg_at_20_diff1": 0.303223,
        "nauc_ndcg_at_100_max": 0.169526,
        "nauc_ndcg_at_100_std": -0.007695,
        "nauc_ndcg_at_100_diff1": 0.308822,
        "nauc_ndcg_at_1000_max": 0.159629,
        "nauc_ndcg_at_1000_std": -0.017955,
        "nauc_ndcg_at_1000_diff1": 0.309144,
        "nauc_map_at_1_max": 0.145903,
        "nauc_map_at_1_std": -0.032455,
        "nauc_map_at_1_diff1": 0.363303,
        "nauc_map_at_3_max": 0.145913,
        "nauc_map_at_3_std": -0.031481,
        "nauc_map_at_3_diff1": 0.309749,
        "nauc_map_at_5_max": 0.143223,
        "nauc_map_at_5_std": -0.032793,
        "nauc_map_at_5_diff1": 0.308349,
        "nauc_map_at_10_max": 0.148812,
        "nauc_map_at_10_std": -0.026825,
        "nauc_map_at_10_diff1": 0.31188,
        "nauc_map_at_20_max": 0.153019,
        "nauc_map_at_20_std": -0.023583,
        "nauc_map_at_20_diff1": 0.312055,
        "nauc_map_at_100_max": 0.152818,
        "nauc_map_at_100_std": -0.024108,
        "nauc_map_at_100_diff1": 0.313229,
        "nauc_map_at_1000_max": 0.152364,
        "nauc_map_at_1000_std": -0.024562,
        "nauc_map_at_1000_diff1": 0.313299,
        "nauc_recall_at_1_max": 0.145903,
        "nauc_recall_at_1_std": -0.032455,
        "nauc_recall_at_1_diff1": 0.363303,
        "nauc_recall_at_3_max": 0.149922,
        "nauc_recall_at_3_std": -0.026579,
        "nauc_recall_at_3_diff1": 0.253227,
        "nauc_recall_at_5_max": 0.138059,
        "nauc_recall_at_5_std": -0.03155,
        "nauc_recall_at_5_diff1": 0.254695,
        "nauc_recall_at_10_max": 0.178003,
        "nauc_recall_at_10_std": 0.008434,
        "nauc_recall_at_10_diff1": 0.280925,
        "nauc_recall_at_20_max": 0.247094,
        "nauc_recall_at_20_std": 0.062139,
        "nauc_recall_at_20_diff1": 0.282673,
        "nauc_recall_at_100_max": 0.31417,
        "nauc_recall_at_100_std": 0.143098,
        "nauc_recall_at_100_diff1": 0.308223,
        "nauc_recall_at_1000_max": NaN,
        "nauc_recall_at_1000_std": NaN,
        "nauc_recall_at_1000_diff1": NaN,
        "nauc_precision_at_1_max": 0.145903,
        "nauc_precision_at_1_std": -0.032455,
        "nauc_precision_at_1_diff1": 0.363303,
        "nauc_precision_at_3_max": 0.149922,
        "nauc_precision_at_3_std": -0.026579,
        "nauc_precision_at_3_diff1": 0.253227,
        "nauc_precision_at_5_max": 0.138059,
        "nauc_precision_at_5_std": -0.03155,
        "nauc_precision_at_5_diff1": 0.254695,
        "nauc_precision_at_10_max": 0.178003,
        "nauc_precision_at_10_std": 0.008434,
        "nauc_precision_at_10_diff1": 0.280925,
        "nauc_precision_at_20_max": 0.247094,
        "nauc_precision_at_20_std": 0.062139,
        "nauc_precision_at_20_diff1": 0.282673,
        "nauc_precision_at_100_max": 0.31417,
        "nauc_precision_at_100_std": 0.143098,
        "nauc_precision_at_100_diff1": 0.308223,
        "nauc_precision_at_1000_max": NaN,
        "nauc_precision_at_1000_std": NaN,
        "nauc_precision_at_1000_diff1": NaN,
        "nauc_mrr_at_1_max": 0.149862,
        "nauc_mrr_at_1_std": -0.02988,
        "nauc_mrr_at_1_diff1": 0.367709,
        "nauc_mrr_at_3_max": 0.147758,
        "nauc_mrr_at_3_std": -0.030279,
        "nauc_mrr_at_3_diff1": 0.311751,
        "nauc_mrr_at_5_max": 0.145121,
        "nauc_mrr_at_5_std": -0.031501,
        "nauc_mrr_at_5_diff1": 0.310172,
        "nauc_mrr_at_10_max": 0.150944,
        "nauc_mrr_at_10_std": -0.025338,
        "nauc_mrr_at_10_diff1": 0.313631,
        "nauc_mrr_at_20_max": 0.154976,
        "nauc_mrr_at_20_std": -0.022256,
        "nauc_mrr_at_20_diff1": 0.313835,
        "nauc_mrr_at_100_max": 0.154795,
        "nauc_mrr_at_100_std": -0.022767,
        "nauc_mrr_at_100_diff1": 0.315028,
        "nauc_mrr_at_1000_max": 0.154347,
        "nauc_mrr_at_1000_std": -0.023218,
        "nauc_mrr_at_1000_diff1": 0.315104,
        "main_score": 0.3635,
        "hf_subset": "default",
        "languages": [
          "tur-Latn"
        ]
      }
    ]
  },
  "evaluation_time": 1.0617339611053467,
  "kg_co2_emissions": null
}