{
  "dataset_revision": "main",
  "task_name": "ArguAnaTR",
  "mteb_version": "1.31.3",
  "scores": {
    "test": [
      {
        "ndcg_at_1": 0.00427,
        "ndcg_at_3": 0.00776,
        "ndcg_at_5": 0.00923,
        "ndcg_at_10": 0.01376,
        "ndcg_at_20": 0.01601,
        "ndcg_at_100": 0.02208,
        "ndcg_at_1000": 0.02723,
        "map_at_1": 0.00427,
        "map_at_3": 0.00699,
        "map_at_5": 0.00781,
        "map_at_10": 0.00964,
        "map_at_20": 0.01021,
        "map_at_100": 0.01101,
        "map_at_1000": 0.01115,
        "recall_at_1": 0.00427,
        "recall_at_3": 0.00996,
        "recall_at_5": 0.01351,
        "recall_at_10": 0.02774,
        "recall_at_20": 0.03698,
        "recall_at_100": 0.07041,
        "recall_at_1000": 0.1138,
        "precision_at_1": 0.00427,
        "precision_at_3": 0.00332,
        "precision_at_5": 0.0027,
        "precision_at_10": 0.00277,
        "precision_at_20": 0.00185,
        "precision_at_100": 0.0007,
        "precision_at_1000": 0.00011,
        "mrr_at_1": 0.004267,
        "mrr_at_3": 0.006994,
        "mrr_at_5": 0.007812,
        "mrr_at_10": 0.009644,
        "mrr_at_20": 0.010215,
        "mrr_at_100": 0.01101,
        "mrr_at_1000": 0.011154,
        "nauc_ndcg_at_1_max": -0.450497,
        "nauc_ndcg_at_1_std": 0.57157,
        "nauc_ndcg_at_1_diff1": 0.466769,
        "nauc_ndcg_at_3_max": -0.349697,
        "nauc_ndcg_at_3_std": 0.456275,
        "nauc_ndcg_at_3_diff1": 0.318055,
        "nauc_ndcg_at_5_max": -0.369806,
        "nauc_ndcg_at_5_std": 0.467221,
        "nauc_ndcg_at_5_diff1": 0.353656,
        "nauc_ndcg_at_10_max": -0.248954,
        "nauc_ndcg_at_10_std": 0.55767,
        "nauc_ndcg_at_10_diff1": 0.362702,
        "nauc_ndcg_at_20_max": -0.192184,
        "nauc_ndcg_at_20_std": 0.59034,
        "nauc_ndcg_at_20_diff1": 0.381643,
        "nauc_ndcg_at_100_max": -0.158668,
        "nauc_ndcg_at_100_std": 0.617069,
        "nauc_ndcg_at_100_diff1": 0.317915,
        "nauc_ndcg_at_1000_max": -0.157154,
        "nauc_ndcg_at_1000_std": 0.600104,
        "nauc_ndcg_at_1000_diff1": 0.283349,
        "nauc_map_at_1_max": -0.450497,
        "nauc_map_at_1_std": 0.57157,
        "nauc_map_at_1_diff1": 0.466769,
        "nauc_map_at_3_max": -0.361499,
        "nauc_map_at_3_std": 0.469554,
        "nauc_map_at_3_diff1": 0.340238,
        "nauc_map_at_5_max": -0.37341,
        "nauc_map_at_5_std": 0.476391,
        "nauc_map_at_5_diff1": 0.362241,
        "nauc_map_at_10_max": -0.299197,
        "nauc_map_at_10_std": 0.527184,
        "nauc_map_at_10_diff1": 0.367651,
        "nauc_map_at_20_max": -0.273983,
        "nauc_map_at_20_std": 0.542208,
        "nauc_map_at_20_diff1": 0.375419,
        "nauc_map_at_100_max": -0.261693,
        "nauc_map_at_100_std": 0.551596,
        "nauc_map_at_100_diff1": 0.356978,
        "nauc_map_at_1000_max": -0.259672,
        "nauc_map_at_1000_std": 0.551386,
        "nauc_map_at_1000_diff1": 0.354185,
        "nauc_recall_at_1_max": -0.450497,
        "nauc_recall_at_1_std": 0.57157,
        "nauc_recall_at_1_diff1": 0.466769,
        "nauc_recall_at_3_max": -0.326653,
        "nauc_recall_at_3_std": 0.43043,
        "nauc_recall_at_3_diff1": 0.273005,
        "nauc_recall_at_5_max": -0.366181,
        "nauc_recall_at_5_std": 0.452881,
        "nauc_recall_at_5_diff1": 0.341584,
        "nauc_recall_at_10_max": -0.187106,
        "nauc_recall_at_10_std": 0.600036,
        "nauc_recall_at_10_diff1": 0.358253,
        "nauc_recall_at_20_max": -0.10096,
        "nauc_recall_at_20_std": 0.646999,
        "nauc_recall_at_20_diff1": 0.392112,
        "nauc_recall_at_100_max": -0.080672,
        "nauc_recall_at_100_std": 0.668956,
        "nauc_recall_at_100_diff1": 0.281439,
        "nauc_recall_at_1000_max": -0.109233,
        "nauc_recall_at_1000_std": 0.614433,
        "nauc_recall_at_1000_diff1": 0.223303,
        "nauc_precision_at_1_max": -0.450497,
        "nauc_precision_at_1_std": 0.57157,
        "nauc_precision_at_1_diff1": 0.466769,
        "nauc_precision_at_3_max": -0.326653,
        "nauc_precision_at_3_std": 0.43043,
        "nauc_precision_at_3_diff1": 0.273005,
        "nauc_precision_at_5_max": -0.366181,
        "nauc_precision_at_5_std": 0.452881,
        "nauc_precision_at_5_diff1": 0.341584,
        "nauc_precision_at_10_max": -0.187106,
        "nauc_precision_at_10_std": 0.600036,
        "nauc_precision_at_10_diff1": 0.358253,
        "nauc_precision_at_20_max": -0.10096,
        "nauc_precision_at_20_std": 0.646999,
        "nauc_precision_at_20_diff1": 0.392112,
        "nauc_precision_at_100_max": -0.080672,
        "nauc_precision_at_100_std": 0.668956,
        "nauc_precision_at_100_diff1": 0.281439,
        "nauc_precision_at_1000_max": -0.109233,
        "nauc_precision_at_1000_std": 0.614433,
        "nauc_precision_at_1000_diff1": 0.223303,
        "nauc_mrr_at_1_max": -0.450497,
        "nauc_mrr_at_1_std": 0.57157,
        "nauc_mrr_at_1_diff1": 0.466769,
        "nauc_mrr_at_3_max": -0.361499,
        "nauc_mrr_at_3_std": 0.469554,
        "nauc_mrr_at_3_diff1": 0.340238,
        "nauc_mrr_at_5_max": -0.37341,
        "nauc_mrr_at_5_std": 0.476391,
        "nauc_mrr_at_5_diff1": 0.362241,
        "nauc_mrr_at_10_max": -0.298916,
        "nauc_mrr_at_10_std": 0.527322,
        "nauc_mrr_at_10_diff1": 0.368084,
        "nauc_mrr_at_20_max": -0.273724,
        "nauc_mrr_at_20_std": 0.542334,
        "nauc_mrr_at_20_diff1": 0.375826,
        "nauc_mrr_at_100_max": -0.261456,
        "nauc_mrr_at_100_std": 0.551711,
        "nauc_mrr_at_100_diff1": 0.35736,
        "nauc_mrr_at_1000_max": -0.259438,
        "nauc_mrr_at_1000_std": 0.5515,
        "nauc_mrr_at_1000_diff1": 0.354564,
        "main_score": 0.01376,
        "hf_subset": "default",
        "languages": [
          "tur-Latn"
        ]
      }
    ]
  },
  "evaluation_time": 34.46104383468628,
  "kg_co2_emissions": null
}