{
  "dataset_revision": "main",
  "task_name": "CQADupstackGamingRetrievalTR",
  "mteb_version": "1.31.3",
  "scores": {
    "test": [
      {
        "ndcg_at_1": 0.03824,
        "ndcg_at_3": 0.05346,
        "ndcg_at_5": 0.0581,
        "ndcg_at_10": 0.06465,
        "ndcg_at_20": 0.07056,
        "ndcg_at_100": 0.08342,
        "ndcg_at_1000": 0.10495,
        "map_at_1": 0.0307,
        "map_at_3": 0.04615,
        "map_at_5": 0.04896,
        "map_at_10": 0.05174,
        "map_at_20": 0.05347,
        "map_at_100": 0.05514,
        "map_at_1000": 0.05586,
        "recall_at_1": 0.0307,
        "recall_at_3": 0.06347,
        "recall_at_5": 0.07493,
        "recall_at_10": 0.09396,
        "recall_at_20": 0.11653,
        "recall_at_100": 0.18412,
        "recall_at_1000": 0.3479,
        "precision_at_1": 0.03824,
        "precision_at_3": 0.028,
        "precision_at_5": 0.01994,
        "precision_at_10": 0.01285,
        "precision_at_20": 0.00796,
        "precision_at_100": 0.0026,
        "precision_at_1000": 0.00051,
        "mrr_at_1": 0.038245,
        "mrr_at_3": 0.05465,
        "mrr_at_5": 0.057847,
        "mrr_at_10": 0.060929,
        "mrr_at_20": 0.062554,
        "mrr_at_100": 0.064068,
        "mrr_at_1000": 0.064706,
        "nauc_ndcg_at_1_max": 0.040898,
        "nauc_ndcg_at_1_std": 0.065534,
        "nauc_ndcg_at_1_diff1": 0.53032,
        "nauc_ndcg_at_3_max": 0.00134,
        "nauc_ndcg_at_3_std": 0.108926,
        "nauc_ndcg_at_3_diff1": 0.382193,
        "nauc_ndcg_at_5_max": 0.002307,
        "nauc_ndcg_at_5_std": 0.114741,
        "nauc_ndcg_at_5_diff1": 0.361122,
        "nauc_ndcg_at_10_max": -0.006594,
        "nauc_ndcg_at_10_std": 0.131509,
        "nauc_ndcg_at_10_diff1": 0.328822,
        "nauc_ndcg_at_20_max": -0.007574,
        "nauc_ndcg_at_20_std": 0.136065,
        "nauc_ndcg_at_20_diff1": 0.314421,
        "nauc_ndcg_at_100_max": 0.006121,
        "nauc_ndcg_at_100_std": 0.156132,
        "nauc_ndcg_at_100_diff1": 0.293191,
        "nauc_ndcg_at_1000_max": 0.026474,
        "nauc_ndcg_at_1000_std": 0.206187,
        "nauc_ndcg_at_1000_diff1": 0.290564,
        "nauc_map_at_1_max": -0.010167,
        "nauc_map_at_1_std": 0.019017,
        "nauc_map_at_1_diff1": 0.52948,
        "nauc_map_at_3_max": -0.010423,
        "nauc_map_at_3_std": 0.080017,
        "nauc_map_at_3_diff1": 0.4119,
        "nauc_map_at_5_max": -0.004636,
        "nauc_map_at_5_std": 0.089655,
        "nauc_map_at_5_diff1": 0.39762,
        "nauc_map_at_10_max": -0.005965,
        "nauc_map_at_10_std": 0.10166,
        "nauc_map_at_10_diff1": 0.37921,
        "nauc_map_at_20_max": -0.005435,
        "nauc_map_at_20_std": 0.104576,
        "nauc_map_at_20_diff1": 0.373227,
        "nauc_map_at_100_max": -0.001376,
        "nauc_map_at_100_std": 0.110253,
        "nauc_map_at_100_diff1": 0.367898,
        "nauc_map_at_1000_max": -6.7e-05,
        "nauc_map_at_1000_std": 0.11402,
        "nauc_map_at_1000_diff1": 0.367586,
        "nauc_recall_at_1_max": -0.010167,
        "nauc_recall_at_1_std": 0.019017,
        "nauc_recall_at_1_diff1": 0.52948,
        "nauc_recall_at_3_max": -0.036219,
        "nauc_recall_at_3_std": 0.106875,
        "nauc_recall_at_3_diff1": 0.318753,
        "nauc_recall_at_5_max": -0.022443,
        "nauc_recall_at_5_std": 0.124265,
        "nauc_recall_at_5_diff1": 0.29281,
        "nauc_recall_at_10_max": -0.034025,
        "nauc_recall_at_10_std": 0.155454,
        "nauc_recall_at_10_diff1": 0.238256,
        "nauc_recall_at_20_max": -0.030031,
        "nauc_recall_at_20_std": 0.161336,
        "nauc_recall_at_20_diff1": 0.210435,
        "nauc_recall_at_100_max": 0.004844,
        "nauc_recall_at_100_std": 0.201653,
        "nauc_recall_at_100_diff1": 0.185118,
        "nauc_recall_at_1000_max": 0.064637,
        "nauc_recall_at_1000_std": 0.325209,
        "nauc_recall_at_1000_diff1": 0.191729,
        "nauc_precision_at_1_max": 0.040898,
        "nauc_precision_at_1_std": 0.065534,
        "nauc_precision_at_1_diff1": 0.53032,
        "nauc_precision_at_3_max": 0.042556,
        "nauc_precision_at_3_std": 0.152343,
        "nauc_precision_at_3_diff1": 0.345011,
        "nauc_precision_at_5_max": 0.050523,
        "nauc_precision_at_5_std": 0.167796,
        "nauc_precision_at_5_diff1": 0.31495,
        "nauc_precision_at_10_max": 0.036182,
        "nauc_precision_at_10_std": 0.214769,
        "nauc_precision_at_10_diff1": 0.254357,
        "nauc_precision_at_20_max": 0.044317,
        "nauc_precision_at_20_std": 0.223217,
        "nauc_precision_at_20_diff1": 0.235616,
        "nauc_precision_at_100_max": 0.098101,
        "nauc_precision_at_100_std": 0.283673,
        "nauc_precision_at_100_diff1": 0.208355,
        "nauc_precision_at_1000_max": 0.15668,
        "nauc_precision_at_1000_std": 0.41056,
        "nauc_precision_at_1000_diff1": 0.231328,
        "nauc_mrr_at_1_max": 0.040898,
        "nauc_mrr_at_1_std": 0.065534,
        "nauc_mrr_at_1_diff1": 0.53032,
        "nauc_mrr_at_3_max": 0.030965,
        "nauc_mrr_at_3_std": 0.126647,
        "nauc_mrr_at_3_diff1": 0.40769,
        "nauc_mrr_at_5_max": 0.031507,
        "nauc_mrr_at_5_std": 0.130644,
        "nauc_mrr_at_5_diff1": 0.394856,
        "nauc_mrr_at_10_max": 0.024439,
        "nauc_mrr_at_10_std": 0.136663,
        "nauc_mrr_at_10_diff1": 0.37761,
        "nauc_mrr_at_20_max": 0.02347,
        "nauc_mrr_at_20_std": 0.138795,
        "nauc_mrr_at_20_diff1": 0.372599,
        "nauc_mrr_at_100_max": 0.024992,
        "nauc_mrr_at_100_std": 0.14067,
        "nauc_mrr_at_100_diff1": 0.368854,
        "nauc_mrr_at_1000_max": 0.02553,
        "nauc_mrr_at_1000_std": 0.142883,
        "nauc_mrr_at_1000_diff1": 0.368386,
        "main_score": 0.06465,
        "hf_subset": "default",
        "languages": [
          "tur-Latn"
        ]
      }
    ]
  },
  "evaluation_time": 106.61197066307068,
  "kg_co2_emissions": null
}