{
  "dataset_revision": "main",
  "task_name": "FiQA2018TR",
  "mteb_version": "1.31.3",
  "scores": {
    "test": [
      {
        "ndcg_at_1": 0.00772,
        "ndcg_at_3": 0.00781,
        "ndcg_at_5": 0.0084,
        "ndcg_at_10": 0.00947,
        "ndcg_at_20": 0.01187,
        "ndcg_at_100": 0.01852,
        "ndcg_at_1000": 0.03183,
        "map_at_1": 0.00361,
        "map_at_3": 0.00488,
        "map_at_5": 0.0054,
        "map_at_10": 0.00588,
        "map_at_20": 0.00646,
        "map_at_100": 0.00721,
        "map_at_1000": 0.00757,
        "recall_at_1": 0.00361,
        "recall_at_3": 0.00646,
        "recall_at_5": 0.00857,
        "recall_at_10": 0.01209,
        "recall_at_20": 0.01973,
        "recall_at_100": 0.04885,
        "recall_at_1000": 0.13694,
        "precision_at_1": 0.00772,
        "precision_at_3": 0.00617,
        "precision_at_5": 0.00525,
        "precision_at_10": 0.0034,
        "precision_at_20": 0.00262,
        "precision_at_100": 0.00122,
        "precision_at_1000": 0.00035,
        "mrr_at_1": 0.007716,
        "mrr_at_3": 0.011574,
        "mrr_at_5": 0.013503,
        "mrr_at_10": 0.014264,
        "mrr_at_20": 0.015311,
        "mrr_at_100": 0.016704,
        "mrr_at_1000": 0.017189,
        "nauc_ndcg_at_1_max": 0.179692,
        "nauc_ndcg_at_1_std": -0.06419,
        "nauc_ndcg_at_1_diff1": 0.684719,
        "nauc_ndcg_at_3_max": 0.15204,
        "nauc_ndcg_at_3_std": 0.042355,
        "nauc_ndcg_at_3_diff1": 0.507236,
        "nauc_ndcg_at_5_max": 0.150567,
        "nauc_ndcg_at_5_std": 0.023827,
        "nauc_ndcg_at_5_diff1": 0.392219,
        "nauc_ndcg_at_10_max": 0.14277,
        "nauc_ndcg_at_10_std": 0.001634,
        "nauc_ndcg_at_10_diff1": 0.381827,
        "nauc_ndcg_at_20_max": 0.097016,
        "nauc_ndcg_at_20_std": 0.038727,
        "nauc_ndcg_at_20_diff1": 0.331089,
        "nauc_ndcg_at_100_max": 0.06558,
        "nauc_ndcg_at_100_std": 0.192901,
        "nauc_ndcg_at_100_diff1": 0.30751,
        "nauc_ndcg_at_1000_max": 0.076572,
        "nauc_ndcg_at_1000_std": 0.298712,
        "nauc_ndcg_at_1000_diff1": 0.214756,
        "nauc_map_at_1_max": 0.350214,
        "nauc_map_at_1_std": 0.116524,
        "nauc_map_at_1_diff1": 0.663292,
        "nauc_map_at_3_max": 0.230962,
        "nauc_map_at_3_std": 0.094677,
        "nauc_map_at_3_diff1": 0.564304,
        "nauc_map_at_5_max": 0.213228,
        "nauc_map_at_5_std": 0.072954,
        "nauc_map_at_5_diff1": 0.486849,
        "nauc_map_at_10_max": 0.204871,
        "nauc_map_at_10_std": 0.051585,
        "nauc_map_at_10_diff1": 0.480187,
        "nauc_map_at_20_max": 0.18386,
        "nauc_map_at_20_std": 0.059692,
        "nauc_map_at_20_diff1": 0.446329,
        "nauc_map_at_100_max": 0.164788,
        "nauc_map_at_100_std": 0.103828,
        "nauc_map_at_100_diff1": 0.434788,
        "nauc_map_at_1000_max": 0.157582,
        "nauc_map_at_1000_std": 0.117233,
        "nauc_map_at_1000_diff1": 0.421144,
        "nauc_recall_at_1_max": 0.350214,
        "nauc_recall_at_1_std": 0.116524,
        "nauc_recall_at_1_diff1": 0.663292,
        "nauc_recall_at_3_max": 0.165716,
        "nauc_recall_at_3_std": 0.088544,
        "nauc_recall_at_3_diff1": 0.511105,
        "nauc_recall_at_5_max": 0.137035,
        "nauc_recall_at_5_std": 0.035244,
        "nauc_recall_at_5_diff1": 0.328768,
        "nauc_recall_at_10_max": 0.118086,
        "nauc_recall_at_10_std": -0.019118,
        "nauc_recall_at_10_diff1": 0.365822,
        "nauc_recall_at_20_max": 0.044664,
        "nauc_recall_at_20_std": 0.046859,
        "nauc_recall_at_20_diff1": 0.262726,
        "nauc_recall_at_100_max": 0.015467,
        "nauc_recall_at_100_std": 0.321309,
        "nauc_recall_at_100_diff1": 0.26521,
        "nauc_recall_at_1000_max": 0.06929,
        "nauc_recall_at_1000_std": 0.420101,
        "nauc_recall_at_1000_diff1": 0.118666,
        "nauc_precision_at_1_max": 0.179692,
        "nauc_precision_at_1_std": -0.06419,
        "nauc_precision_at_1_diff1": 0.684719,
        "nauc_precision_at_3_max": 0.05879,
        "nauc_precision_at_3_std": 0.02072,
        "nauc_precision_at_3_diff1": 0.417549,
        "nauc_precision_at_5_max": 0.078968,
        "nauc_precision_at_5_std": -0.003354,
        "nauc_precision_at_5_diff1": 0.24224,
        "nauc_precision_at_10_max": 0.05847,
        "nauc_precision_at_10_std": -0.047286,
        "nauc_precision_at_10_diff1": 0.217901,
        "nauc_precision_at_20_max": -0.009867,
        "nauc_precision_at_20_std": 0.066641,
        "nauc_precision_at_20_diff1": 0.248692,
        "nauc_precision_at_100_max": 0.032457,
        "nauc_precision_at_100_std": 0.27126,
        "nauc_precision_at_100_diff1": 0.232271,
        "nauc_precision_at_1000_max": 0.091536,
        "nauc_precision_at_1000_std": 0.3649,
        "nauc_precision_at_1000_diff1": 0.143065,
        "nauc_mrr_at_1_max": 0.179692,
        "nauc_mrr_at_1_std": -0.06419,
        "nauc_mrr_at_1_diff1": 0.684719,
        "nauc_mrr_at_3_max": 0.118663,
        "nauc_mrr_at_3_std": -0.019184,
        "nauc_mrr_at_3_diff1": 0.455749,
        "nauc_mrr_at_5_max": 0.11991,
        "nauc_mrr_at_5_std": -0.025177,
        "nauc_mrr_at_5_diff1": 0.365142,
        "nauc_mrr_at_10_max": 0.113826,
        "nauc_mrr_at_10_std": -0.032199,
        "nauc_mrr_at_10_diff1": 0.363981,
        "nauc_mrr_at_20_max": 0.099858,
        "nauc_mrr_at_20_std": -0.014456,
        "nauc_mrr_at_20_diff1": 0.346399,
        "nauc_mrr_at_100_max": 0.089544,
        "nauc_mrr_at_100_std": 0.018156,
        "nauc_mrr_at_100_diff1": 0.337103,
        "nauc_mrr_at_1000_max": 0.088047,
        "nauc_mrr_at_1000_std": 0.024928,
        "nauc_mrr_at_1000_diff1": 0.330099,
        "main_score": 0.00947,
        "hf_subset": "default",
        "languages": [
          "tur-Latn"
        ]
      }
    ]
  },
  "evaluation_time": 157.3060610294342,
  "kg_co2_emissions": null
}