{
  "dataset_revision": "main",
  "task_name": "MSMarcoTRRetrieval",
  "mteb_version": "1.31.3",
  "scores": {
    "test": [
      {
        "ndcg_at_1": 0.21884,
        "ndcg_at_3": 0.24885,
        "ndcg_at_5": 0.2573,
        "ndcg_at_10": 0.26614,
        "ndcg_at_20": 0.27357,
        "ndcg_at_100": 0.28815,
        "ndcg_at_1000": 0.30653,
        "map_at_1": 0.21884,
        "map_at_3": 0.24158,
        "map_at_5": 0.24624,
        "map_at_10": 0.24995,
        "map_at_20": 0.25198,
        "map_at_100": 0.25394,
        "map_at_1000": 0.2545,
        "recall_at_1": 0.21884,
        "recall_at_3": 0.26987,
        "recall_at_5": 0.29048,
        "recall_at_10": 0.31747,
        "recall_at_20": 0.34691,
        "recall_at_100": 0.4264,
        "recall_at_1000": 0.57851,
        "precision_at_1": 0.21884,
        "precision_at_3": 0.08996,
        "precision_at_5": 0.0581,
        "precision_at_10": 0.03175,
        "precision_at_20": 0.01735,
        "precision_at_100": 0.00426,
        "precision_at_1000": 0.00058,
        "mrr_at_1": 0.218842,
        "mrr_at_3": 0.241577,
        "mrr_at_5": 0.246238,
        "mrr_at_10": 0.249946,
        "mrr_at_20": 0.251982,
        "mrr_at_100": 0.253937,
        "mrr_at_1000": 0.254499,
        "nauc_ndcg_at_1_max": 0.173042,
        "nauc_ndcg_at_1_std": -0.24675,
        "nauc_ndcg_at_1_diff1": 0.728569,
        "nauc_ndcg_at_3_max": 0.169229,
        "nauc_ndcg_at_3_std": -0.23676,
        "nauc_ndcg_at_3_diff1": 0.662346,
        "nauc_ndcg_at_5_max": 0.173851,
        "nauc_ndcg_at_5_std": -0.222905,
        "nauc_ndcg_at_5_diff1": 0.64902,
        "nauc_ndcg_at_10_max": 0.173685,
        "nauc_ndcg_at_10_std": -0.218033,
        "nauc_ndcg_at_10_diff1": 0.636435,
        "nauc_ndcg_at_20_max": 0.169218,
        "nauc_ndcg_at_20_std": -0.216727,
        "nauc_ndcg_at_20_diff1": 0.626829,
        "nauc_ndcg_at_100_max": 0.172506,
        "nauc_ndcg_at_100_std": -0.201239,
        "nauc_ndcg_at_100_diff1": 0.610316,
        "nauc_ndcg_at_1000_max": 0.182223,
        "nauc_ndcg_at_1000_std": -0.182077,
        "nauc_ndcg_at_1000_diff1": 0.598592,
        "nauc_map_at_1_max": 0.173042,
        "nauc_map_at_1_std": -0.24675,
        "nauc_map_at_1_diff1": 0.728569,
        "nauc_map_at_3_max": 0.170625,
        "nauc_map_at_3_std": -0.238561,
        "nauc_map_at_3_diff1": 0.67727,
        "nauc_map_at_5_max": 0.173329,
        "nauc_map_at_5_std": -0.230727,
        "nauc_map_at_5_diff1": 0.669697,
        "nauc_map_at_10_max": 0.173237,
        "nauc_map_at_10_std": -0.228694,
        "nauc_map_at_10_diff1": 0.66411,
        "nauc_map_at_20_max": 0.171955,
        "nauc_map_at_20_std": -0.228299,
        "nauc_map_at_20_diff1": 0.661309,
        "nauc_map_at_100_max": 0.172301,
        "nauc_map_at_100_std": -0.226249,
        "nauc_map_at_100_diff1": 0.659058,
        "nauc_map_at_1000_max": 0.172521,
        "nauc_map_at_1000_std": -0.225729,
        "nauc_map_at_1000_diff1": 0.658705,
        "nauc_recall_at_1_max": 0.173042,
        "nauc_recall_at_1_std": -0.24675,
        "nauc_recall_at_1_diff1": 0.728569,
        "nauc_recall_at_3_max": 0.165195,
        "nauc_recall_at_3_std": -0.232015,
        "nauc_recall_at_3_diff1": 0.621524,
        "nauc_recall_at_5_max": 0.17555,
        "nauc_recall_at_5_std": -0.200304,
        "nauc_recall_at_5_diff1": 0.591985,
        "nauc_recall_at_10_max": 0.175168,
        "nauc_recall_at_10_std": -0.186545,
        "nauc_recall_at_10_diff1": 0.558037,
        "nauc_recall_at_20_max": 0.159067,
        "nauc_recall_at_20_std": -0.182283,
        "nauc_recall_at_20_diff1": 0.524604,
        "nauc_recall_at_100_max": 0.176843,
        "nauc_recall_at_100_std": -0.104868,
        "nauc_recall_at_100_diff1": 0.443952,
        "nauc_recall_at_1000_max": 0.261711,
        "nauc_recall_at_1000_std": 0.067773,
        "nauc_recall_at_1000_diff1": 0.328074,
        "nauc_precision_at_1_max": 0.173042,
        "nauc_precision_at_1_std": -0.24675,
        "nauc_precision_at_1_diff1": 0.728569,
        "nauc_precision_at_3_max": 0.165195,
        "nauc_precision_at_3_std": -0.232015,
        "nauc_precision_at_3_diff1": 0.621524,
        "nauc_precision_at_5_max": 0.17555,
        "nauc_precision_at_5_std": -0.200304,
        "nauc_precision_at_5_diff1": 0.591985,
        "nauc_precision_at_10_max": 0.175168,
        "nauc_precision_at_10_std": -0.186545,
        "nauc_precision_at_10_diff1": 0.558037,
        "nauc_precision_at_20_max": 0.159067,
        "nauc_precision_at_20_std": -0.182283,
        "nauc_precision_at_20_diff1": 0.524604,
        "nauc_precision_at_100_max": 0.176843,
        "nauc_precision_at_100_std": -0.104868,
        "nauc_precision_at_100_diff1": 0.443952,
        "nauc_precision_at_1000_max": 0.261711,
        "nauc_precision_at_1000_std": 0.067773,
        "nauc_precision_at_1000_diff1": 0.328074,
        "nauc_mrr_at_1_max": 0.173042,
        "nauc_mrr_at_1_std": -0.24675,
        "nauc_mrr_at_1_diff1": 0.728569,
        "nauc_mrr_at_3_max": 0.170625,
        "nauc_mrr_at_3_std": -0.238561,
        "nauc_mrr_at_3_diff1": 0.67727,
        "nauc_mrr_at_5_max": 0.173329,
        "nauc_mrr_at_5_std": -0.230727,
        "nauc_mrr_at_5_diff1": 0.669697,
        "nauc_mrr_at_10_max": 0.173237,
        "nauc_mrr_at_10_std": -0.228694,
        "nauc_mrr_at_10_diff1": 0.66411,
        "nauc_mrr_at_20_max": 0.171955,
        "nauc_mrr_at_20_std": -0.228299,
        "nauc_mrr_at_20_diff1": 0.661309,
        "nauc_mrr_at_100_max": 0.172301,
        "nauc_mrr_at_100_std": -0.226249,
        "nauc_mrr_at_100_diff1": 0.659058,
        "nauc_mrr_at_1000_max": 0.172521,
        "nauc_mrr_at_1000_std": -0.225729,
        "nauc_mrr_at_1000_diff1": 0.658705,
        "main_score": 0.26614,
        "hf_subset": "default",
        "languages": [
          "tur-Latn"
        ]
      }
    ]
  },
  "evaluation_time": 5.470779895782471,
  "kg_co2_emissions": null
}