{
  "dataset_revision": "main",
  "task_name": "NFCorpusTR",
  "mteb_version": "1.31.3",
  "scores": {
    "test": [
      {
        "ndcg_at_1": 0.07895,
        "ndcg_at_3": 0.07834,
        "ndcg_at_5": 0.07829,
        "ndcg_at_10": 0.07366,
        "ndcg_at_20": 0.07155,
        "ndcg_at_100": 0.08109,
        "ndcg_at_1000": 0.1667,
        "map_at_1": 0.01334,
        "map_at_3": 0.02303,
        "map_at_5": 0.0258,
        "map_at_10": 0.02899,
        "map_at_20": 0.03145,
        "map_at_100": 0.03512,
        "map_at_1000": 0.04088,
        "recall_at_1": 0.01334,
        "recall_at_3": 0.02875,
        "recall_at_5": 0.03442,
        "recall_at_10": 0.04383,
        "recall_at_20": 0.05563,
        "recall_at_100": 0.1057,
        "recall_at_1000": 0.39459,
        "precision_at_1": 0.0805,
        "precision_at_3": 0.0743,
        "precision_at_5": 0.06873,
        "precision_at_10": 0.05294,
        "precision_at_20": 0.04025,
        "precision_at_100": 0.02291,
        "precision_at_1000": 0.01284,
        "mrr_at_1": 0.080495,
        "mrr_at_3": 0.107327,
        "mrr_at_5": 0.117699,
        "mrr_at_10": 0.123168,
        "mrr_at_20": 0.127619,
        "mrr_at_100": 0.133675,
        "mrr_at_1000": 0.135007,
        "nauc_ndcg_at_1_max": 0.280297,
        "nauc_ndcg_at_1_std": 0.237951,
        "nauc_ndcg_at_1_diff1": 0.400339,
        "nauc_ndcg_at_3_max": 0.273185,
        "nauc_ndcg_at_3_std": 0.287391,
        "nauc_ndcg_at_3_diff1": 0.246952,
        "nauc_ndcg_at_5_max": 0.266048,
        "nauc_ndcg_at_5_std": 0.301154,
        "nauc_ndcg_at_5_diff1": 0.184521,
        "nauc_ndcg_at_10_max": 0.286223,
        "nauc_ndcg_at_10_std": 0.314708,
        "nauc_ndcg_at_10_diff1": 0.170861,
        "nauc_ndcg_at_20_max": 0.283622,
        "nauc_ndcg_at_20_std": 0.296695,
        "nauc_ndcg_at_20_diff1": 0.155218,
        "nauc_ndcg_at_100_max": 0.255684,
        "nauc_ndcg_at_100_std": 0.227888,
        "nauc_ndcg_at_100_diff1": 0.131491,
        "nauc_ndcg_at_1000_max": 0.229842,
        "nauc_ndcg_at_1000_std": 0.19624,
        "nauc_ndcg_at_1000_diff1": 0.06838,
        "nauc_map_at_1_max": 0.458471,
        "nauc_map_at_1_std": 0.216914,
        "nauc_map_at_1_diff1": 0.511075,
        "nauc_map_at_3_max": 0.413247,
        "nauc_map_at_3_std": 0.265377,
        "nauc_map_at_3_diff1": 0.313847,
        "nauc_map_at_5_max": 0.37734,
        "nauc_map_at_5_std": 0.270694,
        "nauc_map_at_5_diff1": 0.273782,
        "nauc_map_at_10_max": 0.368064,
        "nauc_map_at_10_std": 0.28987,
        "nauc_map_at_10_diff1": 0.240466,
        "nauc_map_at_20_max": 0.369255,
        "nauc_map_at_20_std": 0.307262,
        "nauc_map_at_20_diff1": 0.2214,
        "nauc_map_at_100_max": 0.367785,
        "nauc_map_at_100_std": 0.319371,
        "nauc_map_at_100_diff1": 0.212976,
        "nauc_map_at_1000_max": 0.350481,
        "nauc_map_at_1000_std": 0.31307,
        "nauc_map_at_1000_diff1": 0.195273,
        "nauc_recall_at_1_max": 0.458471,
        "nauc_recall_at_1_std": 0.216914,
        "nauc_recall_at_1_diff1": 0.511075,
        "nauc_recall_at_3_max": 0.325819,
        "nauc_recall_at_3_std": 0.205001,
        "nauc_recall_at_3_diff1": 0.213999,
        "nauc_recall_at_5_max": 0.264156,
        "nauc_recall_at_5_std": 0.186467,
        "nauc_recall_at_5_diff1": 0.150555,
        "nauc_recall_at_10_max": 0.227558,
        "nauc_recall_at_10_std": 0.164737,
        "nauc_recall_at_10_diff1": 0.138966,
        "nauc_recall_at_20_max": 0.236889,
        "nauc_recall_at_20_std": 0.169877,
        "nauc_recall_at_20_diff1": 0.092777,
        "nauc_recall_at_100_max": 0.198065,
        "nauc_recall_at_100_std": 0.13068,
        "nauc_recall_at_100_diff1": 0.068594,
        "nauc_recall_at_1000_max": 0.141909,
        "nauc_recall_at_1000_std": 0.068108,
        "nauc_recall_at_1000_diff1": -0.029713,
        "nauc_precision_at_1_max": 0.287585,
        "nauc_precision_at_1_std": 0.232028,
        "nauc_precision_at_1_diff1": 0.388688,
        "nauc_precision_at_3_max": 0.283251,
        "nauc_precision_at_3_std": 0.322635,
        "nauc_precision_at_3_diff1": 0.200978,
        "nauc_precision_at_5_max": 0.244661,
        "nauc_precision_at_5_std": 0.3341,
        "nauc_precision_at_5_diff1": 0.102498,
        "nauc_precision_at_10_max": 0.276808,
        "nauc_precision_at_10_std": 0.392838,
        "nauc_precision_at_10_diff1": 0.075218,
        "nauc_precision_at_20_max": 0.234983,
        "nauc_precision_at_20_std": 0.367919,
        "nauc_precision_at_20_diff1": 0.053164,
        "nauc_precision_at_100_max": 0.169963,
        "nauc_precision_at_100_std": 0.258579,
        "nauc_precision_at_100_diff1": 0.034344,
        "nauc_precision_at_1000_max": -0.053905,
        "nauc_precision_at_1000_std": 0.014701,
        "nauc_precision_at_1000_diff1": -0.062699,
        "nauc_mrr_at_1_max": 0.287585,
        "nauc_mrr_at_1_std": 0.232028,
        "nauc_mrr_at_1_diff1": 0.388688,
        "nauc_mrr_at_3_max": 0.264625,
        "nauc_mrr_at_3_std": 0.223647,
        "nauc_mrr_at_3_diff1": 0.296414,
        "nauc_mrr_at_5_max": 0.236107,
        "nauc_mrr_at_5_std": 0.206435,
        "nauc_mrr_at_5_diff1": 0.260562,
        "nauc_mrr_at_10_max": 0.222464,
        "nauc_mrr_at_10_std": 0.192741,
        "nauc_mrr_at_10_diff1": 0.256339,
        "nauc_mrr_at_20_max": 0.215832,
        "nauc_mrr_at_20_std": 0.184899,
        "nauc_mrr_at_20_diff1": 0.242811,
        "nauc_mrr_at_100_max": 0.218136,
        "nauc_mrr_at_100_std": 0.185811,
        "nauc_mrr_at_100_diff1": 0.240089,
        "nauc_mrr_at_1000_max": 0.218726,
        "nauc_mrr_at_1000_std": 0.186619,
        "nauc_mrr_at_1000_diff1": 0.240463,
        "main_score": 0.07366,
        "hf_subset": "default",
        "languages": [
          "tur-Latn"
        ]
      }
    ]
  },
  "evaluation_time": 13.570080995559692,
  "kg_co2_emissions": null
}