{
  "dataset_revision": "main",
  "task_name": "QuoraRetrievalTR",
  "mteb_version": "1.31.3",
  "scores": {
    "test": [
      {
        "ndcg_at_1": 0.4293,
        "ndcg_at_3": 0.45932,
        "ndcg_at_5": 0.47336,
        "ndcg_at_10": 0.48828,
        "ndcg_at_20": 0.50054,
        "ndcg_at_100": 0.51973,
        "ndcg_at_1000": 0.53541,
        "map_at_1": 0.36912,
        "map_at_3": 0.42806,
        "map_at_5": 0.43917,
        "map_at_10": 0.44705,
        "map_at_20": 0.45129,
        "map_at_100": 0.45454,
        "map_at_1000": 0.45522,
        "recall_at_1": 0.36912,
        "recall_at_3": 0.48029,
        "recall_at_5": 0.51968,
        "recall_at_10": 0.56578,
        "recall_at_20": 0.61052,
        "recall_at_100": 0.7029,
        "recall_at_1000": 0.8149,
        "precision_at_1": 0.4293,
        "precision_at_3": 0.19913,
        "precision_at_5": 0.13244,
        "precision_at_10": 0.07422,
        "precision_at_20": 0.04116,
        "precision_at_100": 0.00992,
        "precision_at_1000": 0.0012,
        "mrr_at_1": 0.4291,
        "mrr_at_3": 0.4775,
        "mrr_at_5": 0.48646,
        "mrr_at_10": 0.492722,
        "mrr_at_20": 0.49575,
        "mrr_at_100": 0.497951,
        "mrr_at_1000": 0.498368,
        "nauc_ndcg_at_1_max": 0.463054,
        "nauc_ndcg_at_1_std": 0.037768,
        "nauc_ndcg_at_1_diff1": 0.675124,
        "nauc_ndcg_at_3_max": 0.429151,
        "nauc_ndcg_at_3_std": 0.050923,
        "nauc_ndcg_at_3_diff1": 0.620513,
        "nauc_ndcg_at_5_max": 0.429272,
        "nauc_ndcg_at_5_std": 0.061355,
        "nauc_ndcg_at_5_diff1": 0.613941,
        "nauc_ndcg_at_10_max": 0.428534,
        "nauc_ndcg_at_10_std": 0.07024,
        "nauc_ndcg_at_10_diff1": 0.611498,
        "nauc_ndcg_at_20_max": 0.429459,
        "nauc_ndcg_at_20_std": 0.079455,
        "nauc_ndcg_at_20_diff1": 0.610781,
        "nauc_ndcg_at_100_max": 0.43268,
        "nauc_ndcg_at_100_std": 0.094176,
        "nauc_ndcg_at_100_diff1": 0.609183,
        "nauc_ndcg_at_1000_max": 0.434332,
        "nauc_ndcg_at_1000_std": 0.099511,
        "nauc_ndcg_at_1000_diff1": 0.609962,
        "nauc_map_at_1_max": 0.402318,
        "nauc_map_at_1_std": 0.008444,
        "nauc_map_at_1_diff1": 0.663246,
        "nauc_map_at_3_max": 0.414593,
        "nauc_map_at_3_std": 0.034469,
        "nauc_map_at_3_diff1": 0.631301,
        "nauc_map_at_5_max": 0.419176,
        "nauc_map_at_5_std": 0.042674,
        "nauc_map_at_5_diff1": 0.627041,
        "nauc_map_at_10_max": 0.421455,
        "nauc_map_at_10_std": 0.048883,
        "nauc_map_at_10_diff1": 0.62559,
        "nauc_map_at_20_max": 0.42269,
        "nauc_map_at_20_std": 0.052727,
        "nauc_map_at_20_diff1": 0.624935,
        "nauc_map_at_100_max": 0.42368,
        "nauc_map_at_100_std": 0.055714,
        "nauc_map_at_100_diff1": 0.624613,
        "nauc_map_at_1000_max": 0.423871,
        "nauc_map_at_1000_std": 0.056143,
        "nauc_map_at_1000_diff1": 0.624591,
        "nauc_recall_at_1_max": 0.402318,
        "nauc_recall_at_1_std": 0.008444,
        "nauc_recall_at_1_diff1": 0.663246,
        "nauc_recall_at_3_max": 0.393175,
        "nauc_recall_at_3_std": 0.051463,
        "nauc_recall_at_3_diff1": 0.579402,
        "nauc_recall_at_5_max": 0.394809,
        "nauc_recall_at_5_std": 0.077773,
        "nauc_recall_at_5_diff1": 0.556158,
        "nauc_recall_at_10_max": 0.39075,
        "nauc_recall_at_10_std": 0.106505,
        "nauc_recall_at_10_diff1": 0.539336,
        "nauc_recall_at_20_max": 0.389572,
        "nauc_recall_at_20_std": 0.143998,
        "nauc_recall_at_20_diff1": 0.528458,
        "nauc_recall_at_100_max": 0.389645,
        "nauc_recall_at_100_std": 0.238703,
        "nauc_recall_at_100_diff1": 0.500222,
        "nauc_recall_at_1000_max": 0.380797,
        "nauc_recall_at_1000_std": 0.35442,
        "nauc_recall_at_1000_diff1": 0.469909,
        "nauc_precision_at_1_max": 0.463054,
        "nauc_precision_at_1_std": 0.037768,
        "nauc_precision_at_1_diff1": 0.675124,
        "nauc_precision_at_3_max": 0.408683,
        "nauc_precision_at_3_std": 0.099341,
        "nauc_precision_at_3_diff1": 0.456607,
        "nauc_precision_at_5_max": 0.396127,
        "nauc_precision_at_5_std": 0.134744,
        "nauc_precision_at_5_diff1": 0.385488,
        "nauc_precision_at_10_max": 0.370452,
        "nauc_precision_at_10_std": 0.167745,
        "nauc_precision_at_10_diff1": 0.313207,
        "nauc_precision_at_20_max": 0.335142,
        "nauc_precision_at_20_std": 0.202177,
        "nauc_precision_at_20_diff1": 0.2419,
        "nauc_precision_at_100_max": 0.285948,
        "nauc_precision_at_100_std": 0.266398,
        "nauc_precision_at_100_diff1": 0.121784,
        "nauc_precision_at_1000_max": 0.203237,
        "nauc_precision_at_1000_std": 0.28281,
        "nauc_precision_at_1000_diff1": -0.008935,
        "nauc_mrr_at_1_max": 0.461862,
        "nauc_mrr_at_1_std": 0.038693,
        "nauc_mrr_at_1_diff1": 0.675635,
        "nauc_mrr_at_3_max": 0.457042,
        "nauc_mrr_at_3_std": 0.060138,
        "nauc_mrr_at_3_diff1": 0.641497,
        "nauc_mrr_at_5_max": 0.457423,
        "nauc_mrr_at_5_std": 0.066505,
        "nauc_mrr_at_5_diff1": 0.63749,
        "nauc_mrr_at_10_max": 0.456843,
        "nauc_mrr_at_10_std": 0.069166,
        "nauc_mrr_at_10_diff1": 0.635947,
        "nauc_mrr_at_20_max": 0.456839,
        "nauc_mrr_at_20_std": 0.070882,
        "nauc_mrr_at_20_diff1": 0.635684,
        "nauc_mrr_at_100_max": 0.456872,
        "nauc_mrr_at_100_std": 0.071986,
        "nauc_mrr_at_100_diff1": 0.635543,
        "nauc_mrr_at_1000_max": 0.456862,
        "nauc_mrr_at_1000_std": 0.072027,
        "nauc_mrr_at_1000_diff1": 0.635582,
        "main_score": 0.48828,
        "hf_subset": "default",
        "languages": [
          "tur-Latn"
        ]
      }
    ]
  },
  "evaluation_time": 344.5197150707245,
  "kg_co2_emissions": null
}