{
  "dataset_revision": "main",
  "task_name": "SCIDOCSTR",
  "mteb_version": "1.31.3",
  "scores": {
    "test": [
      {
        "ndcg_at_1": 0.032,
        "ndcg_at_3": 0.02616,
        "ndcg_at_5": 0.02227,
        "ndcg_at_10": 0.0268,
        "ndcg_at_20": 0.03374,
        "ndcg_at_100": 0.0488,
        "ndcg_at_1000": 0.07429,
        "map_at_1": 0.00645,
        "map_at_3": 0.01145,
        "map_at_5": 0.01335,
        "map_at_10": 0.01526,
        "map_at_20": 0.01716,
        "map_at_100": 0.01965,
        "map_at_1000": 0.02047,
        "recall_at_1": 0.00645,
        "recall_at_3": 0.01485,
        "recall_at_5": 0.01975,
        "recall_at_10": 0.02823,
        "recall_at_20": 0.04465,
        "recall_at_100": 0.09342,
        "recall_at_1000": 0.22207,
        "precision_at_1": 0.032,
        "precision_at_3": 0.02467,
        "precision_at_5": 0.0196,
        "precision_at_10": 0.0139,
        "precision_at_20": 0.01095,
        "precision_at_100": 0.00458,
        "precision_at_1000": 0.00109,
        "mrr_at_1": 0.032,
        "mrr_at_3": 0.043,
        "mrr_at_5": 0.04555,
        "mrr_at_10": 0.048204,
        "mrr_at_20": 0.051091,
        "mrr_at_100": 0.053582,
        "mrr_at_1000": 0.054552,
        "nauc_ndcg_at_1_max": 0.232836,
        "nauc_ndcg_at_1_std": 0.31338,
        "nauc_ndcg_at_1_diff1": 0.321774,
        "nauc_ndcg_at_3_max": 0.250245,
        "nauc_ndcg_at_3_std": 0.349436,
        "nauc_ndcg_at_3_diff1": 0.270398,
        "nauc_ndcg_at_5_max": 0.233425,
        "nauc_ndcg_at_5_std": 0.343713,
        "nauc_ndcg_at_5_diff1": 0.268413,
        "nauc_ndcg_at_10_max": 0.234439,
        "nauc_ndcg_at_10_std": 0.350292,
        "nauc_ndcg_at_10_diff1": 0.23485,
        "nauc_ndcg_at_20_max": 0.252215,
        "nauc_ndcg_at_20_std": 0.380868,
        "nauc_ndcg_at_20_diff1": 0.190682,
        "nauc_ndcg_at_100_max": 0.271519,
        "nauc_ndcg_at_100_std": 0.434926,
        "nauc_ndcg_at_100_diff1": 0.199988,
        "nauc_ndcg_at_1000_max": 0.262404,
        "nauc_ndcg_at_1000_std": 0.435722,
        "nauc_ndcg_at_1000_diff1": 0.166964,
        "nauc_map_at_1_max": 0.231795,
        "nauc_map_at_1_std": 0.310404,
        "nauc_map_at_1_diff1": 0.315406,
        "nauc_map_at_3_max": 0.253881,
        "nauc_map_at_3_std": 0.347545,
        "nauc_map_at_3_diff1": 0.286832,
        "nauc_map_at_5_max": 0.244648,
        "nauc_map_at_5_std": 0.341415,
        "nauc_map_at_5_diff1": 0.304212,
        "nauc_map_at_10_max": 0.246008,
        "nauc_map_at_10_std": 0.352547,
        "nauc_map_at_10_diff1": 0.274383,
        "nauc_map_at_20_max": 0.258415,
        "nauc_map_at_20_std": 0.373807,
        "nauc_map_at_20_diff1": 0.243613,
        "nauc_map_at_100_max": 0.267082,
        "nauc_map_at_100_std": 0.399775,
        "nauc_map_at_100_diff1": 0.24272,
        "nauc_map_at_1000_max": 0.269256,
        "nauc_map_at_1000_std": 0.404852,
        "nauc_map_at_1000_diff1": 0.238353,
        "nauc_recall_at_1_max": 0.231795,
        "nauc_recall_at_1_std": 0.310404,
        "nauc_recall_at_1_diff1": 0.315406,
        "nauc_recall_at_3_max": 0.258211,
        "nauc_recall_at_3_std": 0.357711,
        "nauc_recall_at_3_diff1": 0.248208,
        "nauc_recall_at_5_max": 0.229942,
        "nauc_recall_at_5_std": 0.349175,
        "nauc_recall_at_5_diff1": 0.252219,
        "nauc_recall_at_10_max": 0.236188,
        "nauc_recall_at_10_std": 0.359701,
        "nauc_recall_at_10_diff1": 0.197869,
        "nauc_recall_at_20_max": 0.269288,
        "nauc_recall_at_20_std": 0.412629,
        "nauc_recall_at_20_diff1": 0.12978,
        "nauc_recall_at_100_max": 0.291675,
        "nauc_recall_at_100_std": 0.486231,
        "nauc_recall_at_100_diff1": 0.171849,
        "nauc_recall_at_1000_max": 0.252872,
        "nauc_recall_at_1000_std": 0.448032,
        "nauc_recall_at_1000_diff1": 0.107124,
        "nauc_precision_at_1_max": 0.232836,
        "nauc_precision_at_1_std": 0.31338,
        "nauc_precision_at_1_diff1": 0.321774,
        "nauc_precision_at_3_max": 0.258751,
        "nauc_precision_at_3_std": 0.359158,
        "nauc_precision_at_3_diff1": 0.250734,
        "nauc_precision_at_5_max": 0.228074,
        "nauc_precision_at_5_std": 0.347788,
        "nauc_precision_at_5_diff1": 0.254346,
        "nauc_precision_at_10_max": 0.228336,
        "nauc_precision_at_10_std": 0.356591,
        "nauc_precision_at_10_diff1": 0.20129,
        "nauc_precision_at_20_max": 0.263793,
        "nauc_precision_at_20_std": 0.410931,
        "nauc_precision_at_20_diff1": 0.136232,
        "nauc_precision_at_100_max": 0.285792,
        "nauc_precision_at_100_std": 0.485339,
        "nauc_precision_at_100_diff1": 0.17712,
        "nauc_precision_at_1000_max": 0.247333,
        "nauc_precision_at_1000_std": 0.448521,
        "nauc_precision_at_1000_diff1": 0.111989,
        "nauc_mrr_at_1_max": 0.232836,
        "nauc_mrr_at_1_std": 0.31338,
        "nauc_mrr_at_1_diff1": 0.321774,
        "nauc_mrr_at_3_max": 0.238761,
        "nauc_mrr_at_3_std": 0.341959,
        "nauc_mrr_at_3_diff1": 0.269246,
        "nauc_mrr_at_5_max": 0.228231,
        "nauc_mrr_at_5_std": 0.33994,
        "nauc_mrr_at_5_diff1": 0.253015,
        "nauc_mrr_at_10_max": 0.223272,
        "nauc_mrr_at_10_std": 0.332697,
        "nauc_mrr_at_10_diff1": 0.246916,
        "nauc_mrr_at_20_max": 0.224458,
        "nauc_mrr_at_20_std": 0.337486,
        "nauc_mrr_at_20_diff1": 0.23702,
        "nauc_mrr_at_100_max": 0.226497,
        "nauc_mrr_at_100_std": 0.343151,
        "nauc_mrr_at_100_diff1": 0.233837,
        "nauc_mrr_at_1000_max": 0.225326,
        "nauc_mrr_at_1000_std": 0.342092,
        "nauc_mrr_at_1000_diff1": 0.232654,
        "main_score": 0.0268,
        "hf_subset": "default",
        "languages": [
          "tur-Latn"
        ]
      }
    ]
  },
  "evaluation_time": 83.48313403129578,
  "kg_co2_emissions": null
}