{
  "dataset_revision": "main",
  "task_name": "SciFactTR",
  "mteb_version": "1.31.3",
  "scores": {
    "test": [
      {
        "ndcg_at_1": 0.07,
        "ndcg_at_3": 0.09135,
        "ndcg_at_5": 0.1058,
        "ndcg_at_10": 0.12813,
        "ndcg_at_20": 0.13738,
        "ndcg_at_100": 0.16516,
        "ndcg_at_1000": 0.21358,
        "map_at_1": 0.06222,
        "map_at_3": 0.08333,
        "map_at_5": 0.09156,
        "map_at_10": 0.10058,
        "map_at_20": 0.10313,
        "map_at_100": 0.10674,
        "map_at_1000": 0.10839,
        "recall_at_1": 0.06222,
        "recall_at_3": 0.10889,
        "recall_at_5": 0.14333,
        "recall_at_10": 0.21178,
        "recall_at_20": 0.24789,
        "recall_at_100": 0.39644,
        "recall_at_1000": 0.78089,
        "precision_at_1": 0.07,
        "precision_at_3": 0.04,
        "precision_at_5": 0.03133,
        "precision_at_10": 0.02333,
        "precision_at_20": 0.01367,
        "precision_at_100": 0.00447,
        "precision_at_1000": 0.00089,
        "mrr_at_1": 0.07,
        "mrr_at_3": 0.09,
        "mrr_at_5": 0.097667,
        "mrr_at_10": 0.107179,
        "mrr_at_20": 0.109662,
        "mrr_at_100": 0.113159,
        "mrr_at_1000": 0.114669,
        "nauc_ndcg_at_1_max": 0.391212,
        "nauc_ndcg_at_1_std": -0.148083,
        "nauc_ndcg_at_1_diff1": 0.460347,
        "nauc_ndcg_at_3_max": 0.411866,
        "nauc_ndcg_at_3_std": -0.022709,
        "nauc_ndcg_at_3_diff1": 0.361359,
        "nauc_ndcg_at_5_max": 0.366514,
        "nauc_ndcg_at_5_std": -0.047886,
        "nauc_ndcg_at_5_diff1": 0.352298,
        "nauc_ndcg_at_10_max": 0.326276,
        "nauc_ndcg_at_10_std": -0.055805,
        "nauc_ndcg_at_10_diff1": 0.298487,
        "nauc_ndcg_at_20_max": 0.341862,
        "nauc_ndcg_at_20_std": -0.029842,
        "nauc_ndcg_at_20_diff1": 0.290585,
        "nauc_ndcg_at_100_max": 0.36496,
        "nauc_ndcg_at_100_std": -0.014179,
        "nauc_ndcg_at_100_diff1": 0.284054,
        "nauc_ndcg_at_1000_max": 0.34433,
        "nauc_ndcg_at_1000_std": -0.027265,
        "nauc_ndcg_at_1000_diff1": 0.269102,
        "nauc_map_at_1_max": 0.380615,
        "nauc_map_at_1_std": -0.151139,
        "nauc_map_at_1_diff1": 0.54598,
        "nauc_map_at_3_max": 0.407164,
        "nauc_map_at_3_std": -0.046853,
        "nauc_map_at_3_diff1": 0.40947,
        "nauc_map_at_5_max": 0.378093,
        "nauc_map_at_5_std": -0.061753,
        "nauc_map_at_5_diff1": 0.398667,
        "nauc_map_at_10_max": 0.359269,
        "nauc_map_at_10_std": -0.0641,
        "nauc_map_at_10_diff1": 0.369476,
        "nauc_map_at_20_max": 0.365785,
        "nauc_map_at_20_std": -0.055284,
        "nauc_map_at_20_diff1": 0.367926,
        "nauc_map_at_100_max": 0.370341,
        "nauc_map_at_100_std": -0.051201,
        "nauc_map_at_100_diff1": 0.364759,
        "nauc_map_at_1000_max": 0.369359,
        "nauc_map_at_1000_std": -0.051786,
        "nauc_map_at_1000_diff1": 0.36403,
        "nauc_recall_at_1_max": 0.380615,
        "nauc_recall_at_1_std": -0.151139,
        "nauc_recall_at_1_diff1": 0.54598,
        "nauc_recall_at_3_max": 0.413381,
        "nauc_recall_at_3_std": 0.034988,
        "nauc_recall_at_3_diff1": 0.282807,
        "nauc_recall_at_5_max": 0.332553,
        "nauc_recall_at_5_std": -0.019582,
        "nauc_recall_at_5_diff1": 0.284767,
        "nauc_recall_at_10_max": 0.252569,
        "nauc_recall_at_10_std": -0.041215,
        "nauc_recall_at_10_diff1": 0.187758,
        "nauc_recall_at_20_max": 0.291913,
        "nauc_recall_at_20_std": 0.022428,
        "nauc_recall_at_20_diff1": 0.17112,
        "nauc_recall_at_100_max": 0.367057,
        "nauc_recall_at_100_std": 0.058282,
        "nauc_recall_at_100_diff1": 0.177991,
        "nauc_recall_at_1000_max": 0.236817,
        "nauc_recall_at_1000_std": 0.020292,
        "nauc_recall_at_1000_diff1": -0.002551,
        "nauc_precision_at_1_max": 0.391212,
        "nauc_precision_at_1_std": -0.148083,
        "nauc_precision_at_1_diff1": 0.460347,
        "nauc_precision_at_3_max": 0.418786,
        "nauc_precision_at_3_std": 0.013295,
        "nauc_precision_at_3_diff1": 0.241937,
        "nauc_precision_at_5_max": 0.346223,
        "nauc_precision_at_5_std": -0.028509,
        "nauc_precision_at_5_diff1": 0.239312,
        "nauc_precision_at_10_max": 0.27065,
        "nauc_precision_at_10_std": -0.045588,
        "nauc_precision_at_10_diff1": 0.1479,
        "nauc_precision_at_20_max": 0.310217,
        "nauc_precision_at_20_std": 0.010141,
        "nauc_precision_at_20_diff1": 0.138514,
        "nauc_precision_at_100_max": 0.346526,
        "nauc_precision_at_100_std": 0.042476,
        "nauc_precision_at_100_diff1": 0.120063,
        "nauc_precision_at_1000_max": 0.110637,
        "nauc_precision_at_1000_std": -0.028026,
        "nauc_precision_at_1000_diff1": -0.079046,
        "nauc_mrr_at_1_max": 0.391212,
        "nauc_mrr_at_1_std": -0.148083,
        "nauc_mrr_at_1_diff1": 0.460347,
        "nauc_mrr_at_3_max": 0.41267,
        "nauc_mrr_at_3_std": -0.048478,
        "nauc_mrr_at_3_diff1": 0.355053,
        "nauc_mrr_at_5_max": 0.383628,
        "nauc_mrr_at_5_std": -0.064552,
        "nauc_mrr_at_5_diff1": 0.352814,
        "nauc_mrr_at_10_max": 0.363467,
        "nauc_mrr_at_10_std": -0.0693,
        "nauc_mrr_at_10_diff1": 0.328944,
        "nauc_mrr_at_20_max": 0.367593,
        "nauc_mrr_at_20_std": -0.06037,
        "nauc_mrr_at_20_diff1": 0.32533,
        "nauc_mrr_at_100_max": 0.371252,
        "nauc_mrr_at_100_std": -0.057214,
        "nauc_mrr_at_100_diff1": 0.323329,
        "nauc_mrr_at_1000_max": 0.370709,
        "nauc_mrr_at_1000_std": -0.057574,
        "nauc_mrr_at_1000_diff1": 0.323347,
        "main_score": 0.12813,
        "hf_subset": "default",
        "languages": [
          "tur-Latn"
        ]
      }
    ]
  },
  "evaluation_time": 19.100414991378784,
  "kg_co2_emissions": null
}