{
  "dataset_revision": "main",
  "task_name": "SquadTRRetrieval",
  "mteb_version": "1.31.3",
  "scores": {
    "test": [
      {
        "ndcg_at_1": 0.08093,
        "ndcg_at_3": 0.11377,
        "ndcg_at_5": 0.12777,
        "ndcg_at_10": 0.14469,
        "ndcg_at_20": 0.16091,
        "ndcg_at_100": 0.19534,
        "ndcg_at_1000": 0.25254,
        "map_at_1": 0.08093,
        "map_at_3": 0.10552,
        "map_at_5": 0.1133,
        "map_at_10": 0.12026,
        "map_at_20": 0.12468,
        "map_at_100": 0.12919,
        "map_at_1000": 0.1308,
        "recall_at_1": 0.08093,
        "recall_at_3": 0.13774,
        "recall_at_5": 0.17163,
        "recall_at_10": 0.2241,
        "recall_at_20": 0.28851,
        "recall_at_100": 0.47787,
        "recall_at_1000": 0.96056,
        "precision_at_1": 0.08093,
        "precision_at_3": 0.04591,
        "precision_at_5": 0.03433,
        "precision_at_10": 0.02241,
        "precision_at_20": 0.01443,
        "precision_at_100": 0.00478,
        "precision_at_1000": 0.00096,
        "mrr_at_1": 0.080931,
        "mrr_at_3": 0.105516,
        "mrr_at_5": 0.113302,
        "mrr_at_10": 0.120257,
        "mrr_at_20": 0.12468,
        "mrr_at_100": 0.129187,
        "mrr_at_1000": 0.130798,
        "nauc_ndcg_at_1_max": -0.027887,
        "nauc_ndcg_at_1_std": -0.172798,
        "nauc_ndcg_at_1_diff1": 0.399276,
        "nauc_ndcg_at_3_max": -0.035151,
        "nauc_ndcg_at_3_std": -0.165678,
        "nauc_ndcg_at_3_diff1": 0.29806,
        "nauc_ndcg_at_5_max": -0.039104,
        "nauc_ndcg_at_5_std": -0.166629,
        "nauc_ndcg_at_5_diff1": 0.273218,
        "nauc_ndcg_at_10_max": -0.044438,
        "nauc_ndcg_at_10_std": -0.162026,
        "nauc_ndcg_at_10_diff1": 0.24983,
        "nauc_ndcg_at_20_max": -0.047042,
        "nauc_ndcg_at_20_std": -0.159213,
        "nauc_ndcg_at_20_diff1": 0.240624,
        "nauc_ndcg_at_100_max": -0.052843,
        "nauc_ndcg_at_100_std": -0.160897,
        "nauc_ndcg_at_100_diff1": 0.236375,
        "nauc_ndcg_at_1000_max": -0.046767,
        "nauc_ndcg_at_1000_std": -0.160042,
        "nauc_ndcg_at_1000_diff1": 0.252568,
        "nauc_map_at_1_max": -0.027887,
        "nauc_map_at_1_std": -0.172798,
        "nauc_map_at_1_diff1": 0.399276,
        "nauc_map_at_3_max": -0.033661,
        "nauc_map_at_3_std": -0.166781,
        "nauc_map_at_3_diff1": 0.318482,
        "nauc_map_at_5_max": -0.036142,
        "nauc_map_at_5_std": -0.16716,
        "nauc_map_at_5_diff1": 0.302266,
        "nauc_map_at_10_max": -0.038626,
        "nauc_map_at_10_std": -0.16473,
        "nauc_map_at_10_diff1": 0.290022,
        "nauc_map_at_20_max": -0.039444,
        "nauc_map_at_20_std": -0.163629,
        "nauc_map_at_20_diff1": 0.286454,
        "nauc_map_at_100_max": -0.040131,
        "nauc_map_at_100_std": -0.163627,
        "nauc_map_at_100_diff1": 0.28575,
        "nauc_map_at_1000_max": -0.040016,
        "nauc_map_at_1000_std": -0.163684,
        "nauc_map_at_1000_diff1": 0.286379,
        "nauc_recall_at_1_max": -0.027887,
        "nauc_recall_at_1_std": -0.172798,
        "nauc_recall_at_1_diff1": 0.399276,
        "nauc_recall_at_3_max": -0.03863,
        "nauc_recall_at_3_std": -0.163213,
        "nauc_recall_at_3_diff1": 0.250454,
        "nauc_recall_at_5_max": -0.04566,
        "nauc_recall_at_5_std": -0.165842,
        "nauc_recall_at_5_diff1": 0.210456,
        "nauc_recall_at_10_max": -0.056912,
        "nauc_recall_at_10_std": -0.156553,
        "nauc_recall_at_10_diff1": 0.168978,
        "nauc_recall_at_20_max": -0.062836,
        "nauc_recall_at_20_std": -0.150378,
        "nauc_recall_at_20_diff1": 0.153674,
        "nauc_recall_at_100_max": -0.085071,
        "nauc_recall_at_100_std": -0.159008,
        "nauc_recall_at_100_diff1": 0.141109,
        "nauc_recall_at_1000_max": -0.060569,
        "nauc_recall_at_1000_std": -0.09445,
        "nauc_recall_at_1000_diff1": 0.064711,
        "nauc_precision_at_1_max": -0.027887,
        "nauc_precision_at_1_std": -0.172798,
        "nauc_precision_at_1_diff1": 0.399276,
        "nauc_precision_at_3_max": -0.03863,
        "nauc_precision_at_3_std": -0.163213,
        "nauc_precision_at_3_diff1": 0.250454,
        "nauc_precision_at_5_max": -0.04566,
        "nauc_precision_at_5_std": -0.165842,
        "nauc_precision_at_5_diff1": 0.210456,
        "nauc_precision_at_10_max": -0.056912,
        "nauc_precision_at_10_std": -0.156553,
        "nauc_precision_at_10_diff1": 0.168978,
        "nauc_precision_at_20_max": -0.062836,
        "nauc_precision_at_20_std": -0.150378,
        "nauc_precision_at_20_diff1": 0.153674,
        "nauc_precision_at_100_max": -0.085071,
        "nauc_precision_at_100_std": -0.159008,
        "nauc_precision_at_100_diff1": 0.141109,
        "nauc_precision_at_1000_max": -0.060569,
        "nauc_precision_at_1000_std": -0.09445,
        "nauc_precision_at_1000_diff1": 0.064711,
        "nauc_mrr_at_1_max": -0.027887,
        "nauc_mrr_at_1_std": -0.172798,
        "nauc_mrr_at_1_diff1": 0.399276,
        "nauc_mrr_at_3_max": -0.033661,
        "nauc_mrr_at_3_std": -0.166781,
        "nauc_mrr_at_3_diff1": 0.318482,
        "nauc_mrr_at_5_max": -0.036142,
        "nauc_mrr_at_5_std": -0.16716,
        "nauc_mrr_at_5_diff1": 0.302266,
        "nauc_mrr_at_10_max": -0.038626,
        "nauc_mrr_at_10_std": -0.16473,
        "nauc_mrr_at_10_diff1": 0.290022,
        "nauc_mrr_at_20_max": -0.039444,
        "nauc_mrr_at_20_std": -0.163629,
        "nauc_mrr_at_20_diff1": 0.286454,
        "nauc_mrr_at_100_max": -0.040131,
        "nauc_mrr_at_100_std": -0.163627,
        "nauc_mrr_at_100_diff1": 0.28575,
        "nauc_mrr_at_1000_max": -0.040016,
        "nauc_mrr_at_1000_std": -0.163684,
        "nauc_mrr_at_1000_diff1": 0.286379,
        "main_score": 0.14469,
        "hf_subset": "default",
        "languages": [
          "tur-Latn"
        ]
      }
    ]
  },
  "evaluation_time": 15.269346952438354,
  "kg_co2_emissions": null
}