{
  "dataset_revision": "main",
  "task_name": "CQADupstackGamingRetrievalTR",
  "mteb_version": "1.31.3",
  "scores": {
    "test": [
      {
        "ndcg_at_1": 0.17429,
        "ndcg_at_3": 0.20277,
        "ndcg_at_5": 0.21961,
        "ndcg_at_10": 0.23979,
        "ndcg_at_20": 0.25456,
        "ndcg_at_100": 0.28391,
        "ndcg_at_1000": 0.31263,
        "map_at_1": 0.14707,
        "map_at_3": 0.18487,
        "map_at_5": 0.19522,
        "map_at_10": 0.20414,
        "map_at_20": 0.20845,
        "map_at_100": 0.21249,
        "map_at_1000": 0.21356,
        "recall_at_1": 0.14707,
        "recall_at_3": 0.22488,
        "recall_at_5": 0.26546,
        "recall_at_10": 0.32641,
        "recall_at_20": 0.38182,
        "recall_at_100": 0.53348,
        "recall_at_1000": 0.7493,
        "precision_at_1": 0.17429,
        "precision_at_3": 0.09237,
        "precision_at_5": 0.06696,
        "precision_at_10": 0.04113,
        "precision_at_20": 0.02439,
        "precision_at_100": 0.00702,
        "precision_at_1000": 0.00102,
        "mrr_at_1": 0.174295,
        "mrr_at_3": 0.209927,
        "mrr_at_5": 0.220428,
        "mrr_at_10": 0.228815,
        "mrr_at_20": 0.232713,
        "mrr_at_100": 0.236308,
        "mrr_at_1000": 0.23715,
        "nauc_ndcg_at_1_max": 0.263809,
        "nauc_ndcg_at_1_std": -0.030908,
        "nauc_ndcg_at_1_diff1": 0.432262,
        "nauc_ndcg_at_3_max": 0.227515,
        "nauc_ndcg_at_3_std": -0.01945,
        "nauc_ndcg_at_3_diff1": 0.361318,
        "nauc_ndcg_at_5_max": 0.228764,
        "nauc_ndcg_at_5_std": -0.009268,
        "nauc_ndcg_at_5_diff1": 0.348841,
        "nauc_ndcg_at_10_max": 0.221239,
        "nauc_ndcg_at_10_std": 0.000322,
        "nauc_ndcg_at_10_diff1": 0.341078,
        "nauc_ndcg_at_20_max": 0.226267,
        "nauc_ndcg_at_20_std": 0.005677,
        "nauc_ndcg_at_20_diff1": 0.32707,
        "nauc_ndcg_at_100_max": 0.239697,
        "nauc_ndcg_at_100_std": 0.02957,
        "nauc_ndcg_at_100_diff1": 0.321881,
        "nauc_ndcg_at_1000_max": 0.249585,
        "nauc_ndcg_at_1000_std": 0.03251,
        "nauc_ndcg_at_1000_diff1": 0.322699,
        "nauc_map_at_1_max": 0.244226,
        "nauc_map_at_1_std": -0.045459,
        "nauc_map_at_1_diff1": 0.443943,
        "nauc_map_at_3_max": 0.227433,
        "nauc_map_at_3_std": -0.029882,
        "nauc_map_at_3_diff1": 0.381224,
        "nauc_map_at_5_max": 0.229307,
        "nauc_map_at_5_std": -0.023397,
        "nauc_map_at_5_diff1": 0.374099,
        "nauc_map_at_10_max": 0.226334,
        "nauc_map_at_10_std": -0.018778,
        "nauc_map_at_10_diff1": 0.370038,
        "nauc_map_at_20_max": 0.228328,
        "nauc_map_at_20_std": -0.016818,
        "nauc_map_at_20_diff1": 0.365452,
        "nauc_map_at_100_max": 0.230357,
        "nauc_map_at_100_std": -0.013199,
        "nauc_map_at_100_diff1": 0.364825,
        "nauc_map_at_1000_max": 0.230917,
        "nauc_map_at_1000_std": -0.012877,
        "nauc_map_at_1000_diff1": 0.364731,
        "nauc_recall_at_1_max": 0.244226,
        "nauc_recall_at_1_std": -0.045459,
        "nauc_recall_at_1_diff1": 0.443943,
        "nauc_recall_at_3_max": 0.201248,
        "nauc_recall_at_3_std": -0.01341,
        "nauc_recall_at_3_diff1": 0.310569,
        "nauc_recall_at_5_max": 0.20529,
        "nauc_recall_at_5_std": 0.010566,
        "nauc_recall_at_5_diff1": 0.291526,
        "nauc_recall_at_10_max": 0.184648,
        "nauc_recall_at_10_std": 0.035039,
        "nauc_recall_at_10_diff1": 0.265959,
        "nauc_recall_at_20_max": 0.197177,
        "nauc_recall_at_20_std": 0.048711,
        "nauc_recall_at_20_diff1": 0.223203,
        "nauc_recall_at_100_max": 0.250207,
        "nauc_recall_at_100_std": 0.154968,
        "nauc_recall_at_100_diff1": 0.192721,
        "nauc_recall_at_1000_max": 0.336625,
        "nauc_recall_at_1000_std": 0.229855,
        "nauc_recall_at_1000_diff1": 0.148783,
        "nauc_precision_at_1_max": 0.263809,
        "nauc_precision_at_1_std": -0.030908,
        "nauc_precision_at_1_diff1": 0.432262,
        "nauc_precision_at_3_max": 0.223699,
        "nauc_precision_at_3_std": 0.008071,
        "nauc_precision_at_3_diff1": 0.303626,
        "nauc_precision_at_5_max": 0.233306,
        "nauc_precision_at_5_std": 0.038175,
        "nauc_precision_at_5_diff1": 0.266382,
        "nauc_precision_at_10_max": 0.21643,
        "nauc_precision_at_10_std": 0.063942,
        "nauc_precision_at_10_diff1": 0.237771,
        "nauc_precision_at_20_max": 0.237252,
        "nauc_precision_at_20_std": 0.09071,
        "nauc_precision_at_20_diff1": 0.185213,
        "nauc_precision_at_100_max": 0.282756,
        "nauc_precision_at_100_std": 0.189942,
        "nauc_precision_at_100_diff1": 0.121959,
        "nauc_precision_at_1000_max": 0.29499,
        "nauc_precision_at_1000_std": 0.208196,
        "nauc_precision_at_1000_diff1": 0.032266,
        "nauc_mrr_at_1_max": 0.263809,
        "nauc_mrr_at_1_std": -0.030908,
        "nauc_mrr_at_1_diff1": 0.432262,
        "nauc_mrr_at_3_max": 0.242079,
        "nauc_mrr_at_3_std": -0.014657,
        "nauc_mrr_at_3_diff1": 0.37447,
        "nauc_mrr_at_5_max": 0.244545,
        "nauc_mrr_at_5_std": -0.006665,
        "nauc_mrr_at_5_diff1": 0.366154,
        "nauc_mrr_at_10_max": 0.241435,
        "nauc_mrr_at_10_std": -0.002922,
        "nauc_mrr_at_10_diff1": 0.362325,
        "nauc_mrr_at_20_max": 0.242892,
        "nauc_mrr_at_20_std": -0.002224,
        "nauc_mrr_at_20_diff1": 0.358604,
        "nauc_mrr_at_100_max": 0.244276,
        "nauc_mrr_at_100_std": 0.000105,
        "nauc_mrr_at_100_diff1": 0.357909,
        "nauc_mrr_at_1000_max": 0.244477,
        "nauc_mrr_at_1000_std": 5.2e-05,
        "nauc_mrr_at_1000_diff1": 0.358024,
        "main_score": 0.23979,
        "hf_subset": "default",
        "languages": [
          "tur-Latn"
        ]
      }
    ]
  },
  "evaluation_time": 455.2956590652466,
  "kg_co2_emissions": null
}