{
  "dataset_revision": "main",
  "task_name": "FiQA2018TR",
  "mteb_version": "1.31.3",
  "scores": {
    "test": [
      {
        "ndcg_at_1": 0.05864,
        "ndcg_at_3": 0.06413,
        "ndcg_at_5": 0.0728,
        "ndcg_at_10": 0.08365,
        "ndcg_at_20": 0.10084,
        "ndcg_at_100": 0.13816,
        "ndcg_at_1000": 0.18055,
        "map_at_1": 0.02548,
        "map_at_3": 0.04435,
        "map_at_5": 0.05161,
        "map_at_10": 0.05745,
        "map_at_20": 0.06244,
        "map_at_100": 0.06786,
        "map_at_1000": 0.06947,
        "recall_at_1": 0.02548,
        "recall_at_3": 0.0627,
        "recall_at_5": 0.08672,
        "recall_at_10": 0.11779,
        "recall_at_20": 0.17341,
        "recall_at_100": 0.33126,
        "recall_at_1000": 0.60391,
        "precision_at_1": 0.05864,
        "precision_at_3": 0.0463,
        "precision_at_5": 0.03889,
        "precision_at_10": 0.02716,
        "precision_at_20": 0.01991,
        "precision_at_100": 0.00816,
        "precision_at_1000": 0.00154,
        "mrr_at_1": 0.058642,
        "mrr_at_3": 0.08642,
        "mrr_at_5": 0.094753,
        "mrr_at_10": 0.100724,
        "mrr_at_20": 0.106557,
        "mrr_at_100": 0.112091,
        "mrr_at_1000": 0.113167,
        "nauc_ndcg_at_1_max": 0.067516,
        "nauc_ndcg_at_1_std": -0.143987,
        "nauc_ndcg_at_1_diff1": 0.362885,
        "nauc_ndcg_at_3_max": -0.022149,
        "nauc_ndcg_at_3_std": -0.093006,
        "nauc_ndcg_at_3_diff1": 0.24906,
        "nauc_ndcg_at_5_max": -0.032506,
        "nauc_ndcg_at_5_std": -0.051401,
        "nauc_ndcg_at_5_diff1": 0.235626,
        "nauc_ndcg_at_10_max": -0.032951,
        "nauc_ndcg_at_10_std": -0.006073,
        "nauc_ndcg_at_10_diff1": 0.208839,
        "nauc_ndcg_at_20_max": -0.050991,
        "nauc_ndcg_at_20_std": 0.012588,
        "nauc_ndcg_at_20_diff1": 0.183541,
        "nauc_ndcg_at_100_max": -0.010608,
        "nauc_ndcg_at_100_std": 0.069042,
        "nauc_ndcg_at_100_diff1": 0.16223,
        "nauc_ndcg_at_1000_max": 0.039,
        "nauc_ndcg_at_1000_std": 0.093355,
        "nauc_ndcg_at_1000_diff1": 0.160772,
        "nauc_map_at_1_max": -0.028764,
        "nauc_map_at_1_std": -0.176443,
        "nauc_map_at_1_diff1": 0.474692,
        "nauc_map_at_3_max": -0.0442,
        "nauc_map_at_3_std": -0.120173,
        "nauc_map_at_3_diff1": 0.292064,
        "nauc_map_at_5_max": -0.043993,
        "nauc_map_at_5_std": -0.088283,
        "nauc_map_at_5_diff1": 0.280058,
        "nauc_map_at_10_max": -0.041124,
        "nauc_map_at_10_std": -0.052266,
        "nauc_map_at_10_diff1": 0.264858,
        "nauc_map_at_20_max": -0.051857,
        "nauc_map_at_20_std": -0.041033,
        "nauc_map_at_20_diff1": 0.251887,
        "nauc_map_at_100_max": -0.042301,
        "nauc_map_at_100_std": -0.023092,
        "nauc_map_at_100_diff1": 0.243539,
        "nauc_map_at_1000_max": -0.038247,
        "nauc_map_at_1000_std": -0.020375,
        "nauc_map_at_1000_diff1": 0.242966,
        "nauc_recall_at_1_max": -0.028764,
        "nauc_recall_at_1_std": -0.176443,
        "nauc_recall_at_1_diff1": 0.474692,
        "nauc_recall_at_3_max": -0.057174,
        "nauc_recall_at_3_std": -0.076736,
        "nauc_recall_at_3_diff1": 0.203144,
        "nauc_recall_at_5_max": -0.06379,
        "nauc_recall_at_5_std": -0.018596,
        "nauc_recall_at_5_diff1": 0.179657,
        "nauc_recall_at_10_max": -0.060496,
        "nauc_recall_at_10_std": 0.060648,
        "nauc_recall_at_10_diff1": 0.133739,
        "nauc_recall_at_20_max": -0.083684,
        "nauc_recall_at_20_std": 0.075492,
        "nauc_recall_at_20_diff1": 0.089789,
        "nauc_recall_at_100_max": 0.001795,
        "nauc_recall_at_100_std": 0.172426,
        "nauc_recall_at_100_diff1": 0.060781,
        "nauc_recall_at_1000_max": 0.137947,
        "nauc_recall_at_1000_std": 0.259093,
        "nauc_recall_at_1000_diff1": 0.057708,
        "nauc_precision_at_1_max": 0.067516,
        "nauc_precision_at_1_std": -0.143987,
        "nauc_precision_at_1_diff1": 0.362885,
        "nauc_precision_at_3_max": -0.011757,
        "nauc_precision_at_3_std": -0.061752,
        "nauc_precision_at_3_diff1": 0.189821,
        "nauc_precision_at_5_max": 0.006707,
        "nauc_precision_at_5_std": 0.027685,
        "nauc_precision_at_5_diff1": 0.204976,
        "nauc_precision_at_10_max": 0.024458,
        "nauc_precision_at_10_std": 0.108993,
        "nauc_precision_at_10_diff1": 0.168535,
        "nauc_precision_at_20_max": -0.010976,
        "nauc_precision_at_20_std": 0.126732,
        "nauc_precision_at_20_diff1": 0.130168,
        "nauc_precision_at_100_max": 0.094953,
        "nauc_precision_at_100_std": 0.203871,
        "nauc_precision_at_100_diff1": 0.064412,
        "nauc_precision_at_1000_max": 0.232272,
        "nauc_precision_at_1000_std": 0.197228,
        "nauc_precision_at_1000_diff1": 0.004285,
        "nauc_mrr_at_1_max": 0.067516,
        "nauc_mrr_at_1_std": -0.143987,
        "nauc_mrr_at_1_diff1": 0.362885,
        "nauc_mrr_at_3_max": 0.012728,
        "nauc_mrr_at_3_std": -0.091704,
        "nauc_mrr_at_3_diff1": 0.23941,
        "nauc_mrr_at_5_max": 0.016162,
        "nauc_mrr_at_5_std": -0.066095,
        "nauc_mrr_at_5_diff1": 0.228852,
        "nauc_mrr_at_10_max": 0.017015,
        "nauc_mrr_at_10_std": -0.047538,
        "nauc_mrr_at_10_diff1": 0.218591,
        "nauc_mrr_at_20_max": 0.01296,
        "nauc_mrr_at_20_std": -0.040574,
        "nauc_mrr_at_20_diff1": 0.210056,
        "nauc_mrr_at_100_max": 0.018002,
        "nauc_mrr_at_100_std": -0.035529,
        "nauc_mrr_at_100_diff1": 0.207856,
        "nauc_mrr_at_1000_max": 0.018651,
        "nauc_mrr_at_1000_std": -0.035792,
        "nauc_mrr_at_1000_diff1": 0.208134,
        "main_score": 0.08365,
        "hf_subset": "default",
        "languages": [
          "tur-Latn"
        ]
      }
    ]
  },
  "evaluation_time": 870.6679301261902,
  "kg_co2_emissions": null
}