{
  "dataset_revision": "main",
  "task_name": "MSMarcoTRRetrieval",
  "mteb_version": "1.31.3",
  "scores": {
    "test": [
      {
        "ndcg_at_1": 0.43425,
        "ndcg_at_3": 0.4702,
        "ndcg_at_5": 0.47685,
        "ndcg_at_10": 0.48314,
        "ndcg_at_20": 0.48673,
        "ndcg_at_100": 0.49117,
        "ndcg_at_1000": 0.49385,
        "map_at_1": 0.43425,
        "map_at_3": 0.46156,
        "map_at_5": 0.46524,
        "map_at_10": 0.46781,
        "map_at_20": 0.46879,
        "map_at_100": 0.46943,
        "map_at_1000": 0.46954,
        "recall_at_1": 0.43425,
        "recall_at_3": 0.49509,
        "recall_at_5": 0.51129,
        "recall_at_10": 0.53091,
        "recall_at_20": 0.54514,
        "recall_at_100": 0.56869,
        "recall_at_1000": 0.5893,
        "precision_at_1": 0.43425,
        "precision_at_3": 0.16503,
        "precision_at_5": 0.10226,
        "precision_at_10": 0.05309,
        "precision_at_20": 0.02726,
        "precision_at_100": 0.00569,
        "precision_at_1000": 0.00059,
        "mrr_at_1": 0.434249,
        "mrr_at_3": 0.461564,
        "mrr_at_5": 0.465244,
        "mrr_at_10": 0.467809,
        "mrr_at_20": 0.468792,
        "mrr_at_100": 0.469434,
        "mrr_at_1000": 0.469544,
        "nauc_ndcg_at_1_max": 0.74711,
        "nauc_ndcg_at_1_std": 0.126643,
        "nauc_ndcg_at_1_diff1": 0.785699,
        "nauc_ndcg_at_3_max": 0.736092,
        "nauc_ndcg_at_3_std": 0.139201,
        "nauc_ndcg_at_3_diff1": 0.745792,
        "nauc_ndcg_at_5_max": 0.731585,
        "nauc_ndcg_at_5_std": 0.14144,
        "nauc_ndcg_at_5_diff1": 0.738597,
        "nauc_ndcg_at_10_max": 0.727233,
        "nauc_ndcg_at_10_std": 0.142183,
        "nauc_ndcg_at_10_diff1": 0.731922,
        "nauc_ndcg_at_20_max": 0.724954,
        "nauc_ndcg_at_20_std": 0.142053,
        "nauc_ndcg_at_20_diff1": 0.731732,
        "nauc_ndcg_at_100_max": 0.720536,
        "nauc_ndcg_at_100_std": 0.141602,
        "nauc_ndcg_at_100_diff1": 0.726349,
        "nauc_ndcg_at_1000_max": 0.716991,
        "nauc_ndcg_at_1000_std": 0.139724,
        "nauc_ndcg_at_1000_diff1": 0.724141,
        "nauc_map_at_1_max": 0.74711,
        "nauc_map_at_1_std": 0.126643,
        "nauc_map_at_1_diff1": 0.785699,
        "nauc_map_at_3_max": 0.738914,
        "nauc_map_at_3_std": 0.136104,
        "nauc_map_at_3_diff1": 0.755431,
        "nauc_map_at_5_max": 0.736426,
        "nauc_map_at_5_std": 0.137282,
        "nauc_map_at_5_diff1": 0.751484,
        "nauc_map_at_10_max": 0.734673,
        "nauc_map_at_10_std": 0.137497,
        "nauc_map_at_10_diff1": 0.748805,
        "nauc_map_at_20_max": 0.734111,
        "nauc_map_at_20_std": 0.137561,
        "nauc_map_at_20_diff1": 0.748763,
        "nauc_map_at_100_max": 0.733561,
        "nauc_map_at_100_std": 0.137649,
        "nauc_map_at_100_diff1": 0.748009,
        "nauc_map_at_1000_max": 0.73342,
        "nauc_map_at_1000_std": 0.137594,
        "nauc_map_at_1000_diff1": 0.747915,
        "nauc_recall_at_1_max": 0.74711,
        "nauc_recall_at_1_std": 0.126643,
        "nauc_recall_at_1_diff1": 0.785699,
        "nauc_recall_at_3_max": 0.727792,
        "nauc_recall_at_3_std": 0.148257,
        "nauc_recall_at_3_diff1": 0.717684,
        "nauc_recall_at_5_max": 0.716595,
        "nauc_recall_at_5_std": 0.154117,
        "nauc_recall_at_5_diff1": 0.69956,
        "nauc_recall_at_10_max": 0.702348,
        "nauc_recall_at_10_std": 0.157203,
        "nauc_recall_at_10_diff1": 0.677373,
        "nauc_recall_at_20_max": 0.692193,
        "nauc_recall_at_20_std": 0.156093,
        "nauc_recall_at_20_diff1": 0.6758,
        "nauc_recall_at_100_max": 0.665245,
        "nauc_recall_at_100_std": 0.151563,
        "nauc_recall_at_100_diff1": 0.643782,
        "nauc_recall_at_1000_max": 0.634402,
        "nauc_recall_at_1000_std": 0.134844,
        "nauc_recall_at_1000_diff1": 0.62388,
        "nauc_precision_at_1_max": 0.74711,
        "nauc_precision_at_1_std": 0.126643,
        "nauc_precision_at_1_diff1": 0.785699,
        "nauc_precision_at_3_max": 0.727792,
        "nauc_precision_at_3_std": 0.148257,
        "nauc_precision_at_3_diff1": 0.717684,
        "nauc_precision_at_5_max": 0.716595,
        "nauc_precision_at_5_std": 0.154117,
        "nauc_precision_at_5_diff1": 0.69956,
        "nauc_precision_at_10_max": 0.702348,
        "nauc_precision_at_10_std": 0.157203,
        "nauc_precision_at_10_diff1": 0.677373,
        "nauc_precision_at_20_max": 0.692193,
        "nauc_precision_at_20_std": 0.156093,
        "nauc_precision_at_20_diff1": 0.6758,
        "nauc_precision_at_100_max": 0.665245,
        "nauc_precision_at_100_std": 0.151563,
        "nauc_precision_at_100_diff1": 0.643782,
        "nauc_precision_at_1000_max": 0.634402,
        "nauc_precision_at_1000_std": 0.134844,
        "nauc_precision_at_1000_diff1": 0.62388,
        "nauc_mrr_at_1_max": 0.74711,
        "nauc_mrr_at_1_std": 0.126643,
        "nauc_mrr_at_1_diff1": 0.785699,
        "nauc_mrr_at_3_max": 0.738914,
        "nauc_mrr_at_3_std": 0.136104,
        "nauc_mrr_at_3_diff1": 0.755431,
        "nauc_mrr_at_5_max": 0.736426,
        "nauc_mrr_at_5_std": 0.137282,
        "nauc_mrr_at_5_diff1": 0.751484,
        "nauc_mrr_at_10_max": 0.734673,
        "nauc_mrr_at_10_std": 0.137497,
        "nauc_mrr_at_10_diff1": 0.748805,
        "nauc_mrr_at_20_max": 0.734111,
        "nauc_mrr_at_20_std": 0.137561,
        "nauc_mrr_at_20_diff1": 0.748763,
        "nauc_mrr_at_100_max": 0.733561,
        "nauc_mrr_at_100_std": 0.137649,
        "nauc_mrr_at_100_diff1": 0.748009,
        "nauc_mrr_at_1000_max": 0.73342,
        "nauc_mrr_at_1000_std": 0.137594,
        "nauc_mrr_at_1000_diff1": 0.747915,
        "main_score": 0.48314,
        "hf_subset": "default",
        "languages": [
          "tur-Latn"
        ]
      }
    ]
  },
  "evaluation_time": 12.015420913696289,
  "kg_co2_emissions": null
}