{
  "dataset_revision": "main",
  "task_name": "NFCorpusTR",
  "mteb_version": "1.31.3",
  "scores": {
    "test": [
      {
        "ndcg_at_1": 0.25232,
        "ndcg_at_3": 0.22742,
        "ndcg_at_5": 0.20771,
        "ndcg_at_10": 0.19233,
        "ndcg_at_20": 0.17862,
        "ndcg_at_100": 0.1867,
        "ndcg_at_1000": 0.28727,
        "map_at_1": 0.02224,
        "map_at_3": 0.03841,
        "map_at_5": 0.04364,
        "map_at_10": 0.05257,
        "map_at_20": 0.05846,
        "map_at_100": 0.06888,
        "map_at_1000": 0.08091,
        "recall_at_1": 0.02224,
        "recall_at_3": 0.04764,
        "recall_at_5": 0.05824,
        "recall_at_10": 0.09325,
        "recall_at_20": 0.11957,
        "recall_at_100": 0.22298,
        "recall_at_1000": 0.5728,
        "precision_at_1": 0.26935,
        "precision_at_3": 0.21878,
        "precision_at_5": 0.1839,
        "precision_at_10": 0.14644,
        "precision_at_20": 0.10991,
        "precision_at_100": 0.0517,
        "precision_at_1000": 0.01857,
        "mrr_at_1": 0.26935,
        "mrr_at_3": 0.332301,
        "mrr_at_5": 0.343911,
        "mrr_at_10": 0.35679,
        "mrr_at_20": 0.36188,
        "mrr_at_100": 0.365783,
        "mrr_at_1000": 0.366419,
        "nauc_ndcg_at_1_max": 0.25589,
        "nauc_ndcg_at_1_std": 0.17105,
        "nauc_ndcg_at_1_diff1": 0.241877,
        "nauc_ndcg_at_3_max": 0.302078,
        "nauc_ndcg_at_3_std": 0.209238,
        "nauc_ndcg_at_3_diff1": 0.217358,
        "nauc_ndcg_at_5_max": 0.3368,
        "nauc_ndcg_at_5_std": 0.210787,
        "nauc_ndcg_at_5_diff1": 0.228996,
        "nauc_ndcg_at_10_max": 0.322636,
        "nauc_ndcg_at_10_std": 0.219062,
        "nauc_ndcg_at_10_diff1": 0.211889,
        "nauc_ndcg_at_20_max": 0.336536,
        "nauc_ndcg_at_20_std": 0.226537,
        "nauc_ndcg_at_20_diff1": 0.196198,
        "nauc_ndcg_at_100_max": 0.370597,
        "nauc_ndcg_at_100_std": 0.229719,
        "nauc_ndcg_at_100_diff1": 0.162351,
        "nauc_ndcg_at_1000_max": 0.42414,
        "nauc_ndcg_at_1000_std": 0.274851,
        "nauc_ndcg_at_1000_diff1": 0.178938,
        "nauc_map_at_1_max": 0.26814,
        "nauc_map_at_1_std": 0.080461,
        "nauc_map_at_1_diff1": 0.2403,
        "nauc_map_at_3_max": 0.268348,
        "nauc_map_at_3_std": 0.048642,
        "nauc_map_at_3_diff1": 0.202455,
        "nauc_map_at_5_max": 0.294095,
        "nauc_map_at_5_std": 0.058737,
        "nauc_map_at_5_diff1": 0.211794,
        "nauc_map_at_10_max": 0.291434,
        "nauc_map_at_10_std": 0.088776,
        "nauc_map_at_10_diff1": 0.21181,
        "nauc_map_at_20_max": 0.313416,
        "nauc_map_at_20_std": 0.113057,
        "nauc_map_at_20_diff1": 0.205893,
        "nauc_map_at_100_max": 0.32317,
        "nauc_map_at_100_std": 0.15103,
        "nauc_map_at_100_diff1": 0.197467,
        "nauc_map_at_1000_max": 0.332995,
        "nauc_map_at_1000_std": 0.187466,
        "nauc_map_at_1000_diff1": 0.188162,
        "nauc_recall_at_1_max": 0.26814,
        "nauc_recall_at_1_std": 0.080461,
        "nauc_recall_at_1_diff1": 0.2403,
        "nauc_recall_at_3_max": 0.264916,
        "nauc_recall_at_3_std": 0.051983,
        "nauc_recall_at_3_diff1": 0.141284,
        "nauc_recall_at_5_max": 0.296371,
        "nauc_recall_at_5_std": 0.041707,
        "nauc_recall_at_5_diff1": 0.148294,
        "nauc_recall_at_10_max": 0.186009,
        "nauc_recall_at_10_std": 0.091264,
        "nauc_recall_at_10_diff1": 0.122377,
        "nauc_recall_at_20_max": 0.240595,
        "nauc_recall_at_20_std": 0.142005,
        "nauc_recall_at_20_diff1": 0.105716,
        "nauc_recall_at_100_max": 0.198121,
        "nauc_recall_at_100_std": 0.175524,
        "nauc_recall_at_100_diff1": 0.047606,
        "nauc_recall_at_1000_max": 0.206201,
        "nauc_recall_at_1000_std": 0.239701,
        "nauc_recall_at_1000_diff1": 0.010012,
        "nauc_precision_at_1_max": 0.268003,
        "nauc_precision_at_1_std": 0.161827,
        "nauc_precision_at_1_diff1": 0.236662,
        "nauc_precision_at_3_max": 0.315584,
        "nauc_precision_at_3_std": 0.214207,
        "nauc_precision_at_3_diff1": 0.205395,
        "nauc_precision_at_5_max": 0.354124,
        "nauc_precision_at_5_std": 0.23577,
        "nauc_precision_at_5_diff1": 0.214422,
        "nauc_precision_at_10_max": 0.307722,
        "nauc_precision_at_10_std": 0.258758,
        "nauc_precision_at_10_diff1": 0.16574,
        "nauc_precision_at_20_max": 0.283242,
        "nauc_precision_at_20_std": 0.301289,
        "nauc_precision_at_20_diff1": 0.120378,
        "nauc_precision_at_100_max": 0.214643,
        "nauc_precision_at_100_std": 0.334912,
        "nauc_precision_at_100_diff1": 0.080145,
        "nauc_precision_at_1000_max": 0.090432,
        "nauc_precision_at_1000_std": 0.270707,
        "nauc_precision_at_1000_diff1": -0.000244,
        "nauc_mrr_at_1_max": 0.268003,
        "nauc_mrr_at_1_std": 0.161827,
        "nauc_mrr_at_1_diff1": 0.236662,
        "nauc_mrr_at_3_max": 0.320112,
        "nauc_mrr_at_3_std": 0.16687,
        "nauc_mrr_at_3_diff1": 0.219167,
        "nauc_mrr_at_5_max": 0.338814,
        "nauc_mrr_at_5_std": 0.160687,
        "nauc_mrr_at_5_diff1": 0.222231,
        "nauc_mrr_at_10_max": 0.339477,
        "nauc_mrr_at_10_std": 0.16859,
        "nauc_mrr_at_10_diff1": 0.2216,
        "nauc_mrr_at_20_max": 0.342992,
        "nauc_mrr_at_20_std": 0.172107,
        "nauc_mrr_at_20_diff1": 0.219796,
        "nauc_mrr_at_100_max": 0.341113,
        "nauc_mrr_at_100_std": 0.173565,
        "nauc_mrr_at_100_diff1": 0.21926,
        "nauc_mrr_at_1000_max": 0.340817,
        "nauc_mrr_at_1000_std": 0.173288,
        "nauc_mrr_at_1000_diff1": 0.219719,
        "main_score": 0.19233,
        "hf_subset": "default",
        "languages": [
          "tur-Latn"
        ]
      }
    ]
  },
  "evaluation_time": 114.05172991752625,
  "kg_co2_emissions": null
}