{
  "dataset_revision": "main",
  "task_name": "SciFactTR",
  "mteb_version": "1.31.3",
  "scores": {
    "test": [
      {
        "ndcg_at_1": 0.27667,
        "ndcg_at_3": 0.31351,
        "ndcg_at_5": 0.32904,
        "ndcg_at_10": 0.35268,
        "ndcg_at_20": 0.36887,
        "ndcg_at_100": 0.40106,
        "ndcg_at_1000": 0.43018,
        "map_at_1": 0.254,
        "map_at_3": 0.29417,
        "map_at_5": 0.30423,
        "map_at_10": 0.3151,
        "map_at_20": 0.32027,
        "map_at_100": 0.32468,
        "map_at_1000": 0.32564,
        "recall_at_1": 0.254,
        "recall_at_3": 0.34522,
        "recall_at_5": 0.38422,
        "recall_at_10": 0.45378,
        "recall_at_20": 0.51306,
        "recall_at_100": 0.687,
        "recall_at_1000": 0.92267,
        "precision_at_1": 0.27667,
        "precision_at_3": 0.12778,
        "precision_at_5": 0.08667,
        "precision_at_10": 0.05167,
        "precision_at_20": 0.02967,
        "precision_at_100": 0.00793,
        "precision_at_1000": 0.00105,
        "mrr_at_1": 0.276667,
        "mrr_at_3": 0.313889,
        "mrr_at_5": 0.323056,
        "mrr_at_10": 0.332017,
        "mrr_at_20": 0.336377,
        "mrr_at_100": 0.339922,
        "mrr_at_1000": 0.340769,
        "nauc_ndcg_at_1_max": 0.257813,
        "nauc_ndcg_at_1_std": 0.115755,
        "nauc_ndcg_at_1_diff1": 0.463248,
        "nauc_ndcg_at_3_max": 0.269648,
        "nauc_ndcg_at_3_std": 0.120917,
        "nauc_ndcg_at_3_diff1": 0.461696,
        "nauc_ndcg_at_5_max": 0.280895,
        "nauc_ndcg_at_5_std": 0.135276,
        "nauc_ndcg_at_5_diff1": 0.443631,
        "nauc_ndcg_at_10_max": 0.28084,
        "nauc_ndcg_at_10_std": 0.150566,
        "nauc_ndcg_at_10_diff1": 0.440893,
        "nauc_ndcg_at_20_max": 0.279273,
        "nauc_ndcg_at_20_std": 0.173987,
        "nauc_ndcg_at_20_diff1": 0.443633,
        "nauc_ndcg_at_100_max": 0.275998,
        "nauc_ndcg_at_100_std": 0.176789,
        "nauc_ndcg_at_100_diff1": 0.436894,
        "nauc_ndcg_at_1000_max": 0.284934,
        "nauc_ndcg_at_1000_std": 0.159006,
        "nauc_ndcg_at_1000_diff1": 0.446395,
        "nauc_map_at_1_max": 0.227376,
        "nauc_map_at_1_std": 0.089116,
        "nauc_map_at_1_diff1": 0.487795,
        "nauc_map_at_3_max": 0.253572,
        "nauc_map_at_3_std": 0.109611,
        "nauc_map_at_3_diff1": 0.471031,
        "nauc_map_at_5_max": 0.26368,
        "nauc_map_at_5_std": 0.122357,
        "nauc_map_at_5_diff1": 0.459091,
        "nauc_map_at_10_max": 0.266705,
        "nauc_map_at_10_std": 0.129232,
        "nauc_map_at_10_diff1": 0.459392,
        "nauc_map_at_20_max": 0.266733,
        "nauc_map_at_20_std": 0.138172,
        "nauc_map_at_20_diff1": 0.45938,
        "nauc_map_at_100_max": 0.267552,
        "nauc_map_at_100_std": 0.138391,
        "nauc_map_at_100_diff1": 0.459105,
        "nauc_map_at_1000_max": 0.267722,
        "nauc_map_at_1000_std": 0.137739,
        "nauc_map_at_1000_diff1": 0.459294,
        "nauc_recall_at_1_max": 0.227376,
        "nauc_recall_at_1_std": 0.089116,
        "nauc_recall_at_1_diff1": 0.487795,
        "nauc_recall_at_3_max": 0.265952,
        "nauc_recall_at_3_std": 0.118871,
        "nauc_recall_at_3_diff1": 0.448709,
        "nauc_recall_at_5_max": 0.300142,
        "nauc_recall_at_5_std": 0.155297,
        "nauc_recall_at_5_diff1": 0.408468,
        "nauc_recall_at_10_max": 0.289658,
        "nauc_recall_at_10_std": 0.19878,
        "nauc_recall_at_10_diff1": 0.393778,
        "nauc_recall_at_20_max": 0.279829,
        "nauc_recall_at_20_std": 0.275601,
        "nauc_recall_at_20_diff1": 0.406253,
        "nauc_recall_at_100_max": 0.241557,
        "nauc_recall_at_100_std": 0.324686,
        "nauc_recall_at_100_diff1": 0.348893,
        "nauc_recall_at_1000_max": 0.484654,
        "nauc_recall_at_1000_std": 0.124147,
        "nauc_recall_at_1000_diff1": 0.475498,
        "nauc_precision_at_1_max": 0.257813,
        "nauc_precision_at_1_std": 0.115755,
        "nauc_precision_at_1_diff1": 0.463248,
        "nauc_precision_at_3_max": 0.320836,
        "nauc_precision_at_3_std": 0.167331,
        "nauc_precision_at_3_diff1": 0.40704,
        "nauc_precision_at_5_max": 0.36987,
        "nauc_precision_at_5_std": 0.202066,
        "nauc_precision_at_5_diff1": 0.360031,
        "nauc_precision_at_10_max": 0.380544,
        "nauc_precision_at_10_std": 0.229542,
        "nauc_precision_at_10_diff1": 0.346356,
        "nauc_precision_at_20_max": 0.385552,
        "nauc_precision_at_20_std": 0.326083,
        "nauc_precision_at_20_diff1": 0.337215,
        "nauc_precision_at_100_max": 0.36628,
        "nauc_precision_at_100_std": 0.351106,
        "nauc_precision_at_100_diff1": 0.246885,
        "nauc_precision_at_1000_max": 0.466722,
        "nauc_precision_at_1000_std": 0.252114,
        "nauc_precision_at_1000_diff1": 0.16135,
        "nauc_mrr_at_1_max": 0.257813,
        "nauc_mrr_at_1_std": 0.115755,
        "nauc_mrr_at_1_diff1": 0.463248,
        "nauc_mrr_at_3_max": 0.274168,
        "nauc_mrr_at_3_std": 0.128631,
        "nauc_mrr_at_3_diff1": 0.447892,
        "nauc_mrr_at_5_max": 0.284174,
        "nauc_mrr_at_5_std": 0.133837,
        "nauc_mrr_at_5_diff1": 0.440451,
        "nauc_mrr_at_10_max": 0.281748,
        "nauc_mrr_at_10_std": 0.139468,
        "nauc_mrr_at_10_diff1": 0.437933,
        "nauc_mrr_at_20_max": 0.281112,
        "nauc_mrr_at_20_std": 0.145683,
        "nauc_mrr_at_20_diff1": 0.438759,
        "nauc_mrr_at_100_max": 0.280148,
        "nauc_mrr_at_100_std": 0.144848,
        "nauc_mrr_at_100_diff1": 0.438296,
        "nauc_mrr_at_1000_max": 0.280113,
        "nauc_mrr_at_1000_std": 0.144285,
        "nauc_mrr_at_1000_diff1": 0.438516,
        "main_score": 0.35268,
        "hf_subset": "default",
        "languages": [
          "tur-Latn"
        ]
      }
    ]
  },
  "evaluation_time": 153.30979204177856,
  "kg_co2_emissions": null
}