{
  "dataset_revision": "main",
  "task_name": "SquadTRRetrieval",
  "mteb_version": "1.31.3",
  "scores": {
    "test": [
      {
        "ndcg_at_1": 0.28115,
        "ndcg_at_3": 0.37792,
        "ndcg_at_5": 0.40896,
        "ndcg_at_10": 0.44422,
        "ndcg_at_20": 0.47163,
        "ndcg_at_100": 0.5031,
        "ndcg_at_1000": 0.51488,
        "map_at_1": 0.28115,
        "map_at_3": 0.35402,
        "map_at_5": 0.37121,
        "map_at_10": 0.38581,
        "map_at_20": 0.39339,
        "map_at_100": 0.39787,
        "map_at_1000": 0.39834,
        "recall_at_1": 0.28115,
        "recall_at_3": 0.44711,
        "recall_at_5": 0.52261,
        "recall_at_10": 0.63141,
        "recall_at_20": 0.73936,
        "recall_at_100": 0.90713,
        "recall_at_1000": 0.99867,
        "precision_at_1": 0.28115,
        "precision_at_3": 0.14904,
        "precision_at_5": 0.10452,
        "precision_at_10": 0.06314,
        "precision_at_20": 0.03697,
        "precision_at_100": 0.00907,
        "precision_at_1000": 0.001,
        "mrr_at_1": 0.281148,
        "mrr_at_3": 0.354018,
        "mrr_at_5": 0.371212,
        "mrr_at_10": 0.385811,
        "mrr_at_20": 0.393392,
        "mrr_at_100": 0.397873,
        "mrr_at_1000": 0.398336,
        "nauc_ndcg_at_1_max": 0.2337,
        "nauc_ndcg_at_1_std": 0.007661,
        "nauc_ndcg_at_1_diff1": 0.464211,
        "nauc_ndcg_at_3_max": 0.265063,
        "nauc_ndcg_at_3_std": 0.03731,
        "nauc_ndcg_at_3_diff1": 0.394746,
        "nauc_ndcg_at_5_max": 0.2749,
        "nauc_ndcg_at_5_std": 0.046011,
        "nauc_ndcg_at_5_diff1": 0.385627,
        "nauc_ndcg_at_10_max": 0.292231,
        "nauc_ndcg_at_10_std": 0.061716,
        "nauc_ndcg_at_10_diff1": 0.379086,
        "nauc_ndcg_at_20_max": 0.301019,
        "nauc_ndcg_at_20_std": 0.071482,
        "nauc_ndcg_at_20_diff1": 0.378739,
        "nauc_ndcg_at_100_max": 0.301448,
        "nauc_ndcg_at_100_std": 0.07545,
        "nauc_ndcg_at_100_diff1": 0.387446,
        "nauc_ndcg_at_1000_max": 0.287495,
        "nauc_ndcg_at_1000_std": 0.059948,
        "nauc_ndcg_at_1000_diff1": 0.393263,
        "nauc_map_at_1_max": 0.2337,
        "nauc_map_at_1_std": 0.007661,
        "nauc_map_at_1_diff1": 0.464211,
        "nauc_map_at_3_max": 0.257764,
        "nauc_map_at_3_std": 0.030818,
        "nauc_map_at_3_diff1": 0.411025,
        "nauc_map_at_5_max": 0.263107,
        "nauc_map_at_5_std": 0.035558,
        "nauc_map_at_5_diff1": 0.406136,
        "nauc_map_at_10_max": 0.269715,
        "nauc_map_at_10_std": 0.041456,
        "nauc_map_at_10_diff1": 0.403926,
        "nauc_map_at_20_max": 0.27166,
        "nauc_map_at_20_std": 0.04368,
        "nauc_map_at_20_diff1": 0.404121,
        "nauc_map_at_100_max": 0.272041,
        "nauc_map_at_100_std": 0.044455,
        "nauc_map_at_100_diff1": 0.405281,
        "nauc_map_at_1000_max": 0.271582,
        "nauc_map_at_1000_std": 0.043958,
        "nauc_map_at_1000_diff1": 0.40549,
        "nauc_recall_at_1_max": 0.2337,
        "nauc_recall_at_1_std": 0.007661,
        "nauc_recall_at_1_diff1": 0.464211,
        "nauc_recall_at_3_max": 0.285507,
        "nauc_recall_at_3_std": 0.055334,
        "nauc_recall_at_3_diff1": 0.349102,
        "nauc_recall_at_5_max": 0.31054,
        "nauc_recall_at_5_std": 0.077407,
        "nauc_recall_at_5_diff1": 0.324853,
        "nauc_recall_at_10_max": 0.376197,
        "nauc_recall_at_10_std": 0.137317,
        "nauc_recall_at_10_diff1": 0.292875,
        "nauc_recall_at_20_max": 0.447506,
        "nauc_recall_at_20_std": 0.211499,
        "nauc_recall_at_20_diff1": 0.266831,
        "nauc_recall_at_100_max": 0.639083,
        "nauc_recall_at_100_std": 0.454615,
        "nauc_recall_at_100_diff1": 0.254366,
        "nauc_recall_at_1000_max": 0.939098,
        "nauc_recall_at_1000_std": 0.913846,
        "nauc_recall_at_1000_diff1": 0.427802,
        "nauc_precision_at_1_max": 0.2337,
        "nauc_precision_at_1_std": 0.007661,
        "nauc_precision_at_1_diff1": 0.464211,
        "nauc_precision_at_3_max": 0.285507,
        "nauc_precision_at_3_std": 0.055334,
        "nauc_precision_at_3_diff1": 0.349102,
        "nauc_precision_at_5_max": 0.31054,
        "nauc_precision_at_5_std": 0.077407,
        "nauc_precision_at_5_diff1": 0.324853,
        "nauc_precision_at_10_max": 0.376197,
        "nauc_precision_at_10_std": 0.137317,
        "nauc_precision_at_10_diff1": 0.292875,
        "nauc_precision_at_20_max": 0.447506,
        "nauc_precision_at_20_std": 0.211499,
        "nauc_precision_at_20_diff1": 0.266831,
        "nauc_precision_at_100_max": 0.639083,
        "nauc_precision_at_100_std": 0.454615,
        "nauc_precision_at_100_diff1": 0.254366,
        "nauc_precision_at_1000_max": 0.939098,
        "nauc_precision_at_1000_std": 0.913846,
        "nauc_precision_at_1000_diff1": 0.427802,
        "nauc_mrr_at_1_max": 0.2337,
        "nauc_mrr_at_1_std": 0.007661,
        "nauc_mrr_at_1_diff1": 0.464211,
        "nauc_mrr_at_3_max": 0.257764,
        "nauc_mrr_at_3_std": 0.030818,
        "nauc_mrr_at_3_diff1": 0.411025,
        "nauc_mrr_at_5_max": 0.263107,
        "nauc_mrr_at_5_std": 0.035558,
        "nauc_mrr_at_5_diff1": 0.406136,
        "nauc_mrr_at_10_max": 0.269715,
        "nauc_mrr_at_10_std": 0.041456,
        "nauc_mrr_at_10_diff1": 0.403926,
        "nauc_mrr_at_20_max": 0.27166,
        "nauc_mrr_at_20_std": 0.04368,
        "nauc_mrr_at_20_diff1": 0.404121,
        "nauc_mrr_at_100_max": 0.272041,
        "nauc_mrr_at_100_std": 0.044455,
        "nauc_mrr_at_100_diff1": 0.405281,
        "nauc_mrr_at_1000_max": 0.271582,
        "nauc_mrr_at_1000_std": 0.043958,
        "nauc_mrr_at_1000_diff1": 0.40549,
        "main_score": 0.44422,
        "hf_subset": "default",
        "languages": [
          "tur-Latn"
        ]
      }
    ]
  },
  "evaluation_time": 39.11768913269043,
  "kg_co2_emissions": null
}