{
  "dataset_revision": "09698e0180d87dc247ca447d3a1248b931ac0cdb",
  "task_name": "XNLI",
  "mteb_version": "1.31.3",
  "scores": {
    "test": [
      {
        "similarity_accuracy": 0.578022,
        "similarity_accuracy_threshold": 0.659315,
        "similarity_f1": 0.670623,
        "similarity_f1_threshold": 0.24214,
        "similarity_precision": 0.50597,
        "similarity_recall": 0.994135,
        "similarity_ap": 0.597008,
        "cosine_accuracy": 0.578022,
        "cosine_accuracy_threshold": 0.659315,
        "cosine_f1": 0.670623,
        "cosine_f1_threshold": 0.24214,
        "cosine_precision": 0.50597,
        "cosine_recall": 0.994135,
        "cosine_ap": 0.59701,
        "manhattan_accuracy": 0.580952,
        "manhattan_accuracy_threshold": 340.815948,
        "manhattan_f1": 0.669661,
        "manhattan_f1_threshold": 489.447876,
        "manhattan_precision": 0.507564,
        "manhattan_recall": 0.983871,
        "manhattan_ap": 0.597881,
        "euclidean_accuracy": 0.580952,
        "euclidean_accuracy_threshold": 15.213544,
        "euclidean_f1": 0.670292,
        "euclidean_f1_threshold": 22.931557,
        "euclidean_precision": 0.505593,
        "euclidean_recall": 0.994135,
        "euclidean_ap": 0.597862,
        "dot_accuracy": 0.569231,
        "dot_accuracy_threshold": 230.530624,
        "dot_f1": 0.672294,
        "dot_f1_threshold": 85.77224,
        "dot_precision": 0.508258,
        "dot_recall": 0.992669,
        "dot_ap": 0.582501,
        "max_accuracy": 0.580952,
        "max_f1": 0.672294,
        "max_precision": 0.508258,
        "max_recall": 0.994135,
        "max_ap": 0.597881,
        "main_score": 0.597881,
        "hf_subset": "tr",
        "languages": [
          "tur-Latn"
        ]
      }
    ],
    "validation": [
      {
        "similarity_accuracy": 0.608059,
        "similarity_accuracy_threshold": 0.64073,
        "similarity_f1": 0.676907,
        "similarity_f1_threshold": 0.356464,
        "similarity_precision": 0.520063,
        "similarity_recall": 0.969208,
        "similarity_ap": 0.611327,
        "cosine_accuracy": 0.608059,
        "cosine_accuracy_threshold": 0.64073,
        "cosine_f1": 0.676907,
        "cosine_f1_threshold": 0.356464,
        "cosine_precision": 0.520063,
        "cosine_recall": 0.969208,
        "cosine_ap": 0.611327,
        "manhattan_accuracy": 0.603663,
        "manhattan_accuracy_threshold": 336.162323,
        "manhattan_f1": 0.676056,
        "manhattan_f1_threshold": 448.309448,
        "manhattan_precision": 0.524696,
        "manhattan_recall": 0.950147,
        "manhattan_ap": 0.608286,
        "euclidean_accuracy": 0.603663,
        "euclidean_accuracy_threshold": 14.926356,
        "euclidean_f1": 0.675406,
        "euclidean_f1_threshold": 20.148769,
        "euclidean_precision": 0.525714,
        "euclidean_recall": 0.944282,
        "euclidean_ap": 0.609059,
        "dot_accuracy": 0.589744,
        "dot_accuracy_threshold": 191.699158,
        "dot_f1": 0.676607,
        "dot_f1_threshold": 117.694351,
        "dot_precision": 0.520982,
        "dot_recall": 0.964809,
        "dot_ap": 0.605379,
        "max_accuracy": 0.608059,
        "max_f1": 0.676907,
        "max_precision": 0.525714,
        "max_recall": 0.969208,
        "max_ap": 0.611327,
        "main_score": 0.611327,
        "hf_subset": "tr",
        "languages": [
          "tur-Latn"
        ]
      }
    ]
  },
  "evaluation_time": 8.370936393737793,
  "kg_co2_emissions": null
}