{
  "dataset_revision": "51adfef1c1287aab1d2d91b5bead9bcfb9c68583",
  "task_name": "XQuADRetrieval",
  "mteb_version": "1.31.3",
  "scores": {
    "validation": [
      {
        "ndcg_at_1": 0.66047,
        "ndcg_at_3": 0.7699,
        "ndcg_at_5": 0.79559,
        "ndcg_at_10": 0.80854,
        "ndcg_at_20": 0.81362,
        "ndcg_at_100": 0.81889,
        "ndcg_at_1000": 0.81973,
        "map_at_1": 0.66047,
        "map_at_3": 0.74395,
        "map_at_5": 0.75818,
        "map_at_10": 0.76359,
        "map_at_20": 0.76496,
        "map_at_100": 0.76578,
        "map_at_1000": 0.76582,
        "recall_at_1": 0.66047,
        "recall_at_3": 0.84459,
        "recall_at_5": 0.90709,
        "recall_at_10": 0.94679,
        "recall_at_20": 0.96706,
        "recall_at_100": 0.99409,
        "recall_at_1000": 1.0,
        "precision_at_1": 0.66047,
        "precision_at_3": 0.28153,
        "precision_at_5": 0.18142,
        "precision_at_10": 0.09468,
        "precision_at_20": 0.04835,
        "precision_at_100": 0.00994,
        "precision_at_1000": 0.001,
        "mrr_at_1": 0.660473,
        "mrr_at_3": 0.743947,
        "mrr_at_5": 0.758178,
        "mrr_at_10": 0.763587,
        "mrr_at_20": 0.764959,
        "mrr_at_100": 0.765779,
        "mrr_at_1000": 0.765825,
        "nauc_ndcg_at_1_max": 0.410996,
        "nauc_ndcg_at_1_std": -0.001356,
        "nauc_ndcg_at_1_diff1": 0.743894,
        "nauc_ndcg_at_3_max": 0.47495,
        "nauc_ndcg_at_3_std": 0.030481,
        "nauc_ndcg_at_3_diff1": 0.702238,
        "nauc_ndcg_at_5_max": 0.499469,
        "nauc_ndcg_at_5_std": 0.053086,
        "nauc_ndcg_at_5_diff1": 0.709366,
        "nauc_ndcg_at_10_max": 0.490216,
        "nauc_ndcg_at_10_std": 0.05532,
        "nauc_ndcg_at_10_diff1": 0.714534,
        "nauc_ndcg_at_20_max": 0.482011,
        "nauc_ndcg_at_20_std": 0.051904,
        "nauc_ndcg_at_20_diff1": 0.713591,
        "nauc_ndcg_at_100_max": 0.46848,
        "nauc_ndcg_at_100_std": 0.037599,
        "nauc_ndcg_at_100_diff1": 0.715766,
        "nauc_ndcg_at_1000_max": 0.467536,
        "nauc_ndcg_at_1000_std": 0.036121,
        "nauc_ndcg_at_1000_diff1": 0.716627,
        "nauc_map_at_1_max": 0.410996,
        "nauc_map_at_1_std": -0.001356,
        "nauc_map_at_1_diff1": 0.743894,
        "nauc_map_at_3_max": 0.454522,
        "nauc_map_at_3_std": 0.020422,
        "nauc_map_at_3_diff1": 0.713044,
        "nauc_map_at_5_max": 0.465151,
        "nauc_map_at_5_std": 0.030446,
        "nauc_map_at_5_diff1": 0.717018,
        "nauc_map_at_10_max": 0.461136,
        "nauc_map_at_10_std": 0.030403,
        "nauc_map_at_10_diff1": 0.718931,
        "nauc_map_at_20_max": 0.459256,
        "nauc_map_at_20_std": 0.029692,
        "nauc_map_at_20_diff1": 0.718858,
        "nauc_map_at_100_max": 0.457565,
        "nauc_map_at_100_std": 0.027941,
        "nauc_map_at_100_diff1": 0.71921,
        "nauc_map_at_1000_max": 0.457527,
        "nauc_map_at_1000_std": 0.027884,
        "nauc_map_at_1000_diff1": 0.719244,
        "nauc_recall_at_1_max": 0.410996,
        "nauc_recall_at_1_std": -0.001356,
        "nauc_recall_at_1_diff1": 0.743894,
        "nauc_recall_at_3_max": 0.563807,
        "nauc_recall_at_3_std": 0.07417,
        "nauc_recall_at_3_diff1": 0.656715,
        "nauc_recall_at_5_max": 0.730792,
        "nauc_recall_at_5_std": 0.208212,
        "nauc_recall_at_5_diff1": 0.663962,
        "nauc_recall_at_10_max": 0.812857,
        "nauc_recall_at_10_std": 0.349883,
        "nauc_recall_at_10_diff1": 0.681056,
        "nauc_recall_at_20_max": 0.845795,
        "nauc_recall_at_20_std": 0.454486,
        "nauc_recall_at_20_diff1": 0.637326,
        "nauc_recall_at_100_max": 0.649325,
        "nauc_recall_at_100_std": 0.321574,
        "nauc_recall_at_100_diff1": 0.552234,
        "nauc_recall_at_1000_max": NaN,
        "nauc_recall_at_1000_std": NaN,
        "nauc_recall_at_1000_diff1": NaN,
        "nauc_precision_at_1_max": 0.410996,
        "nauc_precision_at_1_std": -0.001356,
        "nauc_precision_at_1_diff1": 0.743894,
        "nauc_precision_at_3_max": 0.563807,
        "nauc_precision_at_3_std": 0.07417,
        "nauc_precision_at_3_diff1": 0.656715,
        "nauc_precision_at_5_max": 0.730792,
        "nauc_precision_at_5_std": 0.208212,
        "nauc_precision_at_5_diff1": 0.663962,
        "nauc_precision_at_10_max": 0.812857,
        "nauc_precision_at_10_std": 0.349883,
        "nauc_precision_at_10_diff1": 0.681056,
        "nauc_precision_at_20_max": 0.845795,
        "nauc_precision_at_20_std": 0.454486,
        "nauc_precision_at_20_diff1": 0.637326,
        "nauc_precision_at_100_max": 0.649325,
        "nauc_precision_at_100_std": 0.321574,
        "nauc_precision_at_100_diff1": 0.552234,
        "nauc_precision_at_1000_max": 1.0,
        "nauc_precision_at_1000_std": 1.0,
        "nauc_precision_at_1000_diff1": 1.0,
        "nauc_mrr_at_1_max": 0.410996,
        "nauc_mrr_at_1_std": -0.001356,
        "nauc_mrr_at_1_diff1": 0.743894,
        "nauc_mrr_at_3_max": 0.454522,
        "nauc_mrr_at_3_std": 0.020422,
        "nauc_mrr_at_3_diff1": 0.713044,
        "nauc_mrr_at_5_max": 0.465151,
        "nauc_mrr_at_5_std": 0.030446,
        "nauc_mrr_at_5_diff1": 0.717018,
        "nauc_mrr_at_10_max": 0.461136,
        "nauc_mrr_at_10_std": 0.030403,
        "nauc_mrr_at_10_diff1": 0.718931,
        "nauc_mrr_at_20_max": 0.459256,
        "nauc_mrr_at_20_std": 0.029692,
        "nauc_mrr_at_20_diff1": 0.718858,
        "nauc_mrr_at_100_max": 0.457565,
        "nauc_mrr_at_100_std": 0.027941,
        "nauc_mrr_at_100_diff1": 0.71921,
        "nauc_mrr_at_1000_max": 0.457527,
        "nauc_mrr_at_1000_std": 0.027884,
        "nauc_mrr_at_1000_diff1": 0.719244,
        "main_score": 0.80854,
        "hf_subset": "tr",
        "languages": [
          "tur-Latn"
        ]
      }
    ]
  },
  "evaluation_time": 6.066123008728027,
  "kg_co2_emissions": null
}