{
  "dataset_revision": "main",
  "task_name": "ArguAnaTR",
  "mteb_version": "1.31.3",
  "scores": {
    "test": [
      {
        "ndcg_at_1": 0.17639,
        "ndcg_at_3": 0.2632,
        "ndcg_at_5": 0.31251,
        "ndcg_at_10": 0.36322,
        "ndcg_at_20": 0.39356,
        "ndcg_at_100": 0.42075,
        "ndcg_at_1000": 0.43202,
        "map_at_1": 0.17639,
        "map_at_3": 0.24075,
        "map_at_5": 0.26817,
        "map_at_10": 0.28931,
        "map_at_20": 0.29779,
        "map_at_100": 0.30165,
        "map_at_1000": 0.30203,
        "recall_at_1": 0.17639,
        "recall_at_3": 0.32859,
        "recall_at_5": 0.44808,
        "recall_at_10": 0.60384,
        "recall_at_20": 0.72262,
        "recall_at_100": 0.86771,
        "recall_at_1000": 0.95875,
        "precision_at_1": 0.17639,
        "precision_at_3": 0.10953,
        "precision_at_5": 0.08962,
        "precision_at_10": 0.06038,
        "precision_at_20": 0.03613,
        "precision_at_100": 0.00868,
        "precision_at_1000": 0.00096,
        "mrr_at_1": 0.176387,
        "mrr_at_3": 0.24111,
        "mrr_at_5": 0.267994,
        "mrr_at_10": 0.289382,
        "mrr_at_20": 0.297765,
        "mrr_at_100": 0.301582,
        "mrr_at_1000": 0.301967,
        "nauc_ndcg_at_1_max": -0.060689,
        "nauc_ndcg_at_1_std": -0.006305,
        "nauc_ndcg_at_1_diff1": 0.154509,
        "nauc_ndcg_at_3_max": -0.070732,
        "nauc_ndcg_at_3_std": 0.008718,
        "nauc_ndcg_at_3_diff1": 0.084709,
        "nauc_ndcg_at_5_max": -0.055701,
        "nauc_ndcg_at_5_std": 0.023674,
        "nauc_ndcg_at_5_diff1": 0.076921,
        "nauc_ndcg_at_10_max": -0.054784,
        "nauc_ndcg_at_10_std": 0.044573,
        "nauc_ndcg_at_10_diff1": 0.086511,
        "nauc_ndcg_at_20_max": -0.054884,
        "nauc_ndcg_at_20_std": 0.070245,
        "nauc_ndcg_at_20_diff1": 0.094963,
        "nauc_ndcg_at_100_max": -0.062276,
        "nauc_ndcg_at_100_std": 0.062862,
        "nauc_ndcg_at_100_diff1": 0.103965,
        "nauc_ndcg_at_1000_max": -0.0646,
        "nauc_ndcg_at_1000_std": 0.050832,
        "nauc_ndcg_at_1000_diff1": 0.101241,
        "nauc_map_at_1_max": -0.060689,
        "nauc_map_at_1_std": -0.006305,
        "nauc_map_at_1_diff1": 0.154509,
        "nauc_map_at_3_max": -0.06958,
        "nauc_map_at_3_std": 0.004767,
        "nauc_map_at_3_diff1": 0.099577,
        "nauc_map_at_5_max": -0.060805,
        "nauc_map_at_5_std": 0.013456,
        "nauc_map_at_5_diff1": 0.095098,
        "nauc_map_at_10_max": -0.060545,
        "nauc_map_at_10_std": 0.022296,
        "nauc_map_at_10_diff1": 0.099251,
        "nauc_map_at_20_max": -0.060483,
        "nauc_map_at_20_std": 0.028706,
        "nauc_map_at_20_diff1": 0.101994,
        "nauc_map_at_100_max": -0.061398,
        "nauc_map_at_100_std": 0.028024,
        "nauc_map_at_100_diff1": 0.103524,
        "nauc_map_at_1000_max": -0.061639,
        "nauc_map_at_1000_std": 0.027562,
        "nauc_map_at_1000_diff1": 0.103428,
        "nauc_recall_at_1_max": -0.060689,
        "nauc_recall_at_1_std": -0.006305,
        "nauc_recall_at_1_diff1": 0.154509,
        "nauc_recall_at_3_max": -0.073254,
        "nauc_recall_at_3_std": 0.018811,
        "nauc_recall_at_3_diff1": 0.047712,
        "nauc_recall_at_5_max": -0.041001,
        "nauc_recall_at_5_std": 0.050938,
        "nauc_recall_at_5_diff1": 0.031107,
        "nauc_recall_at_10_max": -0.036046,
        "nauc_recall_at_10_std": 0.116364,
        "nauc_recall_at_10_diff1": 0.054429,
        "nauc_recall_at_20_max": -0.032838,
        "nauc_recall_at_20_std": 0.256995,
        "nauc_recall_at_20_diff1": 0.081969,
        "nauc_recall_at_100_max": -0.097891,
        "nauc_recall_at_100_std": 0.321105,
        "nauc_recall_at_100_diff1": 0.158748,
        "nauc_recall_at_1000_max": -0.217822,
        "nauc_recall_at_1000_std": 0.295377,
        "nauc_recall_at_1000_diff1": 0.141869,
        "nauc_precision_at_1_max": -0.060689,
        "nauc_precision_at_1_std": -0.006305,
        "nauc_precision_at_1_diff1": 0.154509,
        "nauc_precision_at_3_max": -0.073254,
        "nauc_precision_at_3_std": 0.018811,
        "nauc_precision_at_3_diff1": 0.047712,
        "nauc_precision_at_5_max": -0.041001,
        "nauc_precision_at_5_std": 0.050938,
        "nauc_precision_at_5_diff1": 0.031107,
        "nauc_precision_at_10_max": -0.036046,
        "nauc_precision_at_10_std": 0.116364,
        "nauc_precision_at_10_diff1": 0.054429,
        "nauc_precision_at_20_max": -0.032838,
        "nauc_precision_at_20_std": 0.256995,
        "nauc_precision_at_20_diff1": 0.081969,
        "nauc_precision_at_100_max": -0.097891,
        "nauc_precision_at_100_std": 0.321105,
        "nauc_precision_at_100_diff1": 0.158748,
        "nauc_precision_at_1000_max": -0.217822,
        "nauc_precision_at_1000_std": 0.295377,
        "nauc_precision_at_1000_diff1": 0.141869,
        "nauc_mrr_at_1_max": -0.061221,
        "nauc_mrr_at_1_std": -0.005773,
        "nauc_mrr_at_1_diff1": 0.154509,
        "nauc_mrr_at_3_max": -0.069451,
        "nauc_mrr_at_3_std": 0.006395,
        "nauc_mrr_at_3_diff1": 0.097667,
        "nauc_mrr_at_5_max": -0.062551,
        "nauc_mrr_at_5_std": 0.013258,
        "nauc_mrr_at_5_diff1": 0.093163,
        "nauc_mrr_at_10_max": -0.061701,
        "nauc_mrr_at_10_std": 0.023344,
        "nauc_mrr_at_10_diff1": 0.097241,
        "nauc_mrr_at_20_max": -0.061684,
        "nauc_mrr_at_20_std": 0.029237,
        "nauc_mrr_at_20_diff1": 0.100105,
        "nauc_mrr_at_100_max": -0.062761,
        "nauc_mrr_at_100_std": 0.028537,
        "nauc_mrr_at_100_diff1": 0.101677,
        "nauc_mrr_at_1000_max": -0.063003,
        "nauc_mrr_at_1000_std": 0.028076,
        "nauc_mrr_at_1000_diff1": 0.101578,
        "main_score": 0.36322,
        "hf_subset": "default",
        "languages": [
          "tur-Latn"
        ]
      }
    ]
  },
  "evaluation_time": 639.9531152248383,
  "kg_co2_emissions": null
}