{
  "dataset_revision": "main",
  "task_name": "NFCorpusTR",
  "mteb_version": "1.31.3",
  "scores": {
    "test": [
      {
        "ndcg_at_1": 0.04331,
        "ndcg_at_3": 0.0779,
        "ndcg_at_5": 0.08433,
        "ndcg_at_10": 0.09923,
        "ndcg_at_20": 0.11562,
        "ndcg_at_100": 0.16645,
        "ndcg_at_1000": 0.21626,
        "map_at_1": 0.04331,
        "map_at_3": 0.06824,
        "map_at_5": 0.07178,
        "map_at_10": 0.07772,
        "map_at_20": 0.08195,
        "map_at_100": 0.0889,
        "map_at_1000": 0.09029,
        "recall_at_1": 0.04331,
        "recall_at_3": 0.1063,
        "recall_at_5": 0.12205,
        "recall_at_10": 0.16929,
        "recall_at_20": 0.23622,
        "recall_at_100": 0.51181,
        "recall_at_1000": 0.93307,
        "precision_at_1": 0.04331,
        "precision_at_3": 0.03543,
        "precision_at_5": 0.02441,
        "precision_at_10": 0.01693,
        "precision_at_20": 0.01181,
        "precision_at_100": 0.00512,
        "precision_at_1000": 0.00093,
        "mrr_at_1": 0.043307,
        "mrr_at_3": 0.068241,
        "mrr_at_5": 0.071785,
        "mrr_at_10": 0.077722,
        "mrr_at_20": 0.081924,
        "mrr_at_100": 0.088872,
        "mrr_at_1000": 0.090262,
        "nauc_ndcg_at_1_max": 0.205525,
        "nauc_ndcg_at_1_std": 0.085317,
        "nauc_ndcg_at_1_diff1": 0.57723,
        "nauc_ndcg_at_3_max": 0.14307,
        "nauc_ndcg_at_3_std": 0.098283,
        "nauc_ndcg_at_3_diff1": 0.365803,
        "nauc_ndcg_at_5_max": 0.160909,
        "nauc_ndcg_at_5_std": 0.147979,
        "nauc_ndcg_at_5_diff1": 0.330412,
        "nauc_ndcg_at_10_max": 0.179745,
        "nauc_ndcg_at_10_std": 0.142755,
        "nauc_ndcg_at_10_diff1": 0.271276,
        "nauc_ndcg_at_20_max": 0.155919,
        "nauc_ndcg_at_20_std": 0.141329,
        "nauc_ndcg_at_20_diff1": 0.250032,
        "nauc_ndcg_at_100_max": 0.16647,
        "nauc_ndcg_at_100_std": 0.190287,
        "nauc_ndcg_at_100_diff1": 0.246706,
        "nauc_ndcg_at_1000_max": 0.188056,
        "nauc_ndcg_at_1000_std": 0.176012,
        "nauc_ndcg_at_1000_diff1": 0.282852,
        "nauc_map_at_1_max": 0.205525,
        "nauc_map_at_1_std": 0.085317,
        "nauc_map_at_1_diff1": 0.57723,
        "nauc_map_at_3_max": 0.146863,
        "nauc_map_at_3_std": 0.086463,
        "nauc_map_at_3_diff1": 0.399229,
        "nauc_map_at_5_max": 0.158654,
        "nauc_map_at_5_std": 0.119538,
        "nauc_map_at_5_diff1": 0.374952,
        "nauc_map_at_10_max": 0.168924,
        "nauc_map_at_10_std": 0.118198,
        "nauc_map_at_10_diff1": 0.341647,
        "nauc_map_at_20_max": 0.16125,
        "nauc_map_at_20_std": 0.11792,
        "nauc_map_at_20_diff1": 0.331419,
        "nauc_map_at_100_max": 0.160929,
        "nauc_map_at_100_std": 0.125057,
        "nauc_map_at_100_diff1": 0.328158,
        "nauc_map_at_1000_max": 0.16245,
        "nauc_map_at_1000_std": 0.125143,
        "nauc_map_at_1000_diff1": 0.329828,
        "nauc_recall_at_1_max": 0.205525,
        "nauc_recall_at_1_std": 0.085317,
        "nauc_recall_at_1_diff1": 0.57723,
        "nauc_recall_at_3_max": 0.137536,
        "nauc_recall_at_3_std": 0.123089,
        "nauc_recall_at_3_diff1": 0.302932,
        "nauc_recall_at_5_max": 0.167625,
        "nauc_recall_at_5_std": 0.204572,
        "nauc_recall_at_5_diff1": 0.248726,
        "nauc_recall_at_10_max": 0.201182,
        "nauc_recall_at_10_std": 0.18286,
        "nauc_recall_at_10_diff1": 0.154379,
        "nauc_recall_at_20_max": 0.143051,
        "nauc_recall_at_20_std": 0.173892,
        "nauc_recall_at_20_diff1": 0.131074,
        "nauc_recall_at_100_max": 0.188536,
        "nauc_recall_at_100_std": 0.32046,
        "nauc_recall_at_100_diff1": 0.144099,
        "nauc_recall_at_1000_max": 0.56954,
        "nauc_recall_at_1000_std": 0.478927,
        "nauc_recall_at_1000_diff1": 0.388863,
        "nauc_precision_at_1_max": 0.205525,
        "nauc_precision_at_1_std": 0.085317,
        "nauc_precision_at_1_diff1": 0.57723,
        "nauc_precision_at_3_max": 0.137536,
        "nauc_precision_at_3_std": 0.123089,
        "nauc_precision_at_3_diff1": 0.302932,
        "nauc_precision_at_5_max": 0.167625,
        "nauc_precision_at_5_std": 0.204572,
        "nauc_precision_at_5_diff1": 0.248726,
        "nauc_precision_at_10_max": 0.201182,
        "nauc_precision_at_10_std": 0.18286,
        "nauc_precision_at_10_diff1": 0.154379,
        "nauc_precision_at_20_max": 0.143051,
        "nauc_precision_at_20_std": 0.173892,
        "nauc_precision_at_20_diff1": 0.131074,
        "nauc_precision_at_100_max": 0.188536,
        "nauc_precision_at_100_std": 0.32046,
        "nauc_precision_at_100_diff1": 0.144099,
        "nauc_precision_at_1000_max": 0.56954,
        "nauc_precision_at_1000_std": 0.478927,
        "nauc_precision_at_1000_diff1": 0.388863,
        "nauc_mrr_at_1_max": 0.205525,
        "nauc_mrr_at_1_std": 0.085317,
        "nauc_mrr_at_1_diff1": 0.57723,
        "nauc_mrr_at_3_max": 0.146863,
        "nauc_mrr_at_3_std": 0.086463,
        "nauc_mrr_at_3_diff1": 0.399229,
        "nauc_mrr_at_5_max": 0.158654,
        "nauc_mrr_at_5_std": 0.119538,
        "nauc_mrr_at_5_diff1": 0.374952,
        "nauc_mrr_at_10_max": 0.168924,
        "nauc_mrr_at_10_std": 0.118198,
        "nauc_mrr_at_10_diff1": 0.341647,
        "nauc_mrr_at_20_max": 0.161253,
        "nauc_mrr_at_20_std": 0.117838,
        "nauc_mrr_at_20_diff1": 0.331459,
        "nauc_mrr_at_100_max": 0.160932,
        "nauc_mrr_at_100_std": 0.124978,
        "nauc_mrr_at_100_diff1": 0.328197,
        "nauc_mrr_at_1000_max": 0.162453,
        "nauc_mrr_at_1000_std": 0.125064,
        "nauc_mrr_at_1000_diff1": 0.329868,
        "main_score": 0.09923,
        "hf_subset": "default",
        "languages": [
          "tur-Latn"
        ]
      }
    ]
  },
  "evaluation_time": 68.36730909347534,
  "kg_co2_emissions": null
}