{
  "dataset_revision": "main",
  "task_name": "QuoraRetrievalTR",
  "mteb_version": "1.31.3",
  "scores": {
    "test": [
      {
        "ndcg_at_1": 0.8831,
        "ndcg_at_3": 0.93073,
        "ndcg_at_5": 0.93697,
        "ndcg_at_10": 0.94006,
        "ndcg_at_20": 0.94175,
        "ndcg_at_100": 0.94297,
        "ndcg_at_1000": 0.94312,
        "map_at_1": 0.8831,
        "map_at_3": 0.91978,
        "map_at_5": 0.92332,
        "map_at_10": 0.92464,
        "map_at_20": 0.92511,
        "map_at_100": 0.92532,
        "map_at_1000": 0.92533,
        "recall_at_1": 0.8831,
        "recall_at_3": 0.96213,
        "recall_at_5": 0.97695,
        "recall_at_10": 0.98628,
        "recall_at_20": 0.99286,
        "recall_at_100": 0.9989,
        "recall_at_1000": 1.0,
        "precision_at_1": 0.8831,
        "precision_at_3": 0.32071,
        "precision_at_5": 0.19539,
        "precision_at_10": 0.09863,
        "precision_at_20": 0.04964,
        "precision_at_100": 0.00999,
        "precision_at_1000": 0.001,
        "mrr_at_1": 0.883095,
        "mrr_at_3": 0.919777,
        "mrr_at_5": 0.923317,
        "mrr_at_10": 0.924637,
        "mrr_at_20": 0.925112,
        "mrr_at_100": 0.92532,
        "mrr_at_1000": 0.925326,
        "nauc_ndcg_at_1_max": 0.419273,
        "nauc_ndcg_at_1_std": -0.435599,
        "nauc_ndcg_at_1_diff1": 0.905311,
        "nauc_ndcg_at_3_max": 0.503201,
        "nauc_ndcg_at_3_std": -0.439734,
        "nauc_ndcg_at_3_diff1": 0.905965,
        "nauc_ndcg_at_5_max": 0.506748,
        "nauc_ndcg_at_5_std": -0.42017,
        "nauc_ndcg_at_5_diff1": 0.90516,
        "nauc_ndcg_at_10_max": 0.492993,
        "nauc_ndcg_at_10_std": -0.433429,
        "nauc_ndcg_at_10_diff1": 0.903041,
        "nauc_ndcg_at_20_max": 0.491401,
        "nauc_ndcg_at_20_std": -0.425511,
        "nauc_ndcg_at_20_diff1": 0.904043,
        "nauc_ndcg_at_100_max": 0.480533,
        "nauc_ndcg_at_100_std": -0.431081,
        "nauc_ndcg_at_100_diff1": 0.904709,
        "nauc_ndcg_at_1000_max": 0.479222,
        "nauc_ndcg_at_1000_std": -0.433099,
        "nauc_ndcg_at_1000_diff1": 0.904646,
        "nauc_map_at_1_max": 0.419273,
        "nauc_map_at_1_std": -0.435599,
        "nauc_map_at_1_diff1": 0.905311,
        "nauc_map_at_3_max": 0.476824,
        "nauc_map_at_3_std": -0.441068,
        "nauc_map_at_3_diff1": 0.90548,
        "nauc_map_at_5_max": 0.477583,
        "nauc_map_at_5_std": -0.432055,
        "nauc_map_at_5_diff1": 0.905077,
        "nauc_map_at_10_max": 0.472304,
        "nauc_map_at_10_std": -0.436903,
        "nauc_map_at_10_diff1": 0.904366,
        "nauc_map_at_20_max": 0.472055,
        "nauc_map_at_20_std": -0.434948,
        "nauc_map_at_20_diff1": 0.904645,
        "nauc_map_at_100_max": 0.470577,
        "nauc_map_at_100_std": -0.435843,
        "nauc_map_at_100_diff1": 0.904744,
        "nauc_map_at_1000_max": 0.470539,
        "nauc_map_at_1000_std": -0.435888,
        "nauc_map_at_1000_diff1": 0.904743,
        "nauc_recall_at_1_max": 0.419273,
        "nauc_recall_at_1_std": -0.435599,
        "nauc_recall_at_1_diff1": 0.905311,
        "nauc_recall_at_3_max": 0.659656,
        "nauc_recall_at_3_std": -0.429295,
        "nauc_recall_at_3_diff1": 0.90911,
        "nauc_recall_at_5_max": 0.778385,
        "nauc_recall_at_5_std": -0.29628,
        "nauc_recall_at_5_diff1": 0.906029,
        "nauc_recall_at_10_max": 0.786733,
        "nauc_recall_at_10_std": -0.380686,
        "nauc_recall_at_10_diff1": 0.878725,
        "nauc_recall_at_20_max": 0.989946,
        "nauc_recall_at_20_std": -0.101942,
        "nauc_recall_at_20_diff1": 0.884017,
        "nauc_recall_at_100_max": 1.0,
        "nauc_recall_at_100_std": 0.414357,
        "nauc_recall_at_100_diff1": 0.934648,
        "nauc_recall_at_1000_max": NaN,
        "nauc_recall_at_1000_std": NaN,
        "nauc_recall_at_1000_diff1": NaN,
        "nauc_precision_at_1_max": 0.419273,
        "nauc_precision_at_1_std": -0.435599,
        "nauc_precision_at_1_diff1": 0.905311,
        "nauc_precision_at_3_max": 0.659656,
        "nauc_precision_at_3_std": -0.429295,
        "nauc_precision_at_3_diff1": 0.90911,
        "nauc_precision_at_5_max": 0.778385,
        "nauc_precision_at_5_std": -0.29628,
        "nauc_precision_at_5_diff1": 0.906029,
        "nauc_precision_at_10_max": 0.786733,
        "nauc_precision_at_10_std": -0.380686,
        "nauc_precision_at_10_diff1": 0.878725,
        "nauc_precision_at_20_max": 0.989946,
        "nauc_precision_at_20_std": -0.101942,
        "nauc_precision_at_20_diff1": 0.884017,
        "nauc_precision_at_100_max": 1.0,
        "nauc_precision_at_100_std": 0.414357,
        "nauc_precision_at_100_diff1": 0.934648,
        "nauc_precision_at_1000_max": 1.0,
        "nauc_precision_at_1000_std": 1.0,
        "nauc_precision_at_1000_diff1": 1.0,
        "nauc_mrr_at_1_max": 0.429318,
        "nauc_mrr_at_1_std": -0.432781,
        "nauc_mrr_at_1_diff1": 0.905311,
        "nauc_mrr_at_3_max": 0.484105,
        "nauc_mrr_at_3_std": -0.439025,
        "nauc_mrr_at_3_diff1": 0.90548,
        "nauc_mrr_at_5_max": 0.485205,
        "nauc_mrr_at_5_std": -0.429917,
        "nauc_mrr_at_5_diff1": 0.905077,
        "nauc_mrr_at_10_max": 0.480062,
        "nauc_mrr_at_10_std": -0.434727,
        "nauc_mrr_at_10_diff1": 0.904366,
        "nauc_mrr_at_20_max": 0.479862,
        "nauc_mrr_at_20_std": -0.432757,
        "nauc_mrr_at_20_diff1": 0.904645,
        "nauc_mrr_at_100_max": 0.478407,
        "nauc_mrr_at_100_std": -0.433646,
        "nauc_mrr_at_100_diff1": 0.904744,
        "nauc_mrr_at_1000_max": 0.478369,
        "nauc_mrr_at_1000_std": -0.433691,
        "nauc_mrr_at_1000_diff1": 0.904743,
        "main_score": 0.94006,
        "hf_subset": "default",
        "languages": [
          "tur-Latn"
        ]
      }
    ]
  },
  "evaluation_time": 10.51719880104065,
  "kg_co2_emissions": null
}