{
  "dataset_revision": "main",
  "task_name": "SCIDOCSTR",
  "mteb_version": "1.31.3",
  "scores": {
    "test": [
      {
        "ndcg_at_1": 0.00892,
        "ndcg_at_3": 0.01607,
        "ndcg_at_5": 0.0201,
        "ndcg_at_10": 0.02308,
        "ndcg_at_20": 0.02835,
        "ndcg_at_100": 0.03905,
        "ndcg_at_1000": 0.08872,
        "map_at_1": 0.00892,
        "map_at_3": 0.01431,
        "map_at_5": 0.01648,
        "map_at_10": 0.01777,
        "map_at_20": 0.01917,
        "map_at_100": 0.02048,
        "map_at_1000": 0.02164,
        "recall_at_1": 0.00892,
        "recall_at_3": 0.02118,
        "recall_at_5": 0.03122,
        "recall_at_10": 0.04013,
        "recall_at_20": 0.06132,
        "recall_at_100": 0.12152,
        "recall_at_1000": 0.5563,
        "precision_at_1": 0.00892,
        "precision_at_3": 0.00706,
        "precision_at_5": 0.00624,
        "precision_at_10": 0.00401,
        "precision_at_20": 0.00307,
        "precision_at_100": 0.00122,
        "precision_at_1000": 0.00056,
        "mrr_at_1": 0.008919,
        "mrr_at_3": 0.014307,
        "mrr_at_5": 0.016481,
        "mrr_at_10": 0.017766,
        "mrr_at_20": 0.01917,
        "mrr_at_100": 0.020482,
        "mrr_at_1000": 0.021643,
        "nauc_ndcg_at_1_max": 0.129758,
        "nauc_ndcg_at_1_std": -0.015155,
        "nauc_ndcg_at_1_diff1": 0.509645,
        "nauc_ndcg_at_3_max": 0.085888,
        "nauc_ndcg_at_3_std": 0.128907,
        "nauc_ndcg_at_3_diff1": 0.282302,
        "nauc_ndcg_at_5_max": 0.045761,
        "nauc_ndcg_at_5_std": 0.158269,
        "nauc_ndcg_at_5_diff1": 0.201647,
        "nauc_ndcg_at_10_max": 0.053945,
        "nauc_ndcg_at_10_std": 0.157609,
        "nauc_ndcg_at_10_diff1": 0.180567,
        "nauc_ndcg_at_20_max": 0.053714,
        "nauc_ndcg_at_20_std": 0.144819,
        "nauc_ndcg_at_20_diff1": 0.144387,
        "nauc_ndcg_at_100_max": 0.032367,
        "nauc_ndcg_at_100_std": 0.105347,
        "nauc_ndcg_at_100_diff1": 0.094924,
        "nauc_ndcg_at_1000_max": 0.035665,
        "nauc_ndcg_at_1000_std": 0.083234,
        "nauc_ndcg_at_1000_diff1": 0.071967,
        "nauc_map_at_1_max": 0.129758,
        "nauc_map_at_1_std": -0.015155,
        "nauc_map_at_1_diff1": 0.509645,
        "nauc_map_at_3_max": 0.096829,
        "nauc_map_at_3_std": 0.109042,
        "nauc_map_at_3_diff1": 0.319388,
        "nauc_map_at_5_max": 0.068257,
        "nauc_map_at_5_std": 0.131778,
        "nauc_map_at_5_diff1": 0.260765,
        "nauc_map_at_10_max": 0.0717,
        "nauc_map_at_10_std": 0.132186,
        "nauc_map_at_10_diff1": 0.243388,
        "nauc_map_at_20_max": 0.068635,
        "nauc_map_at_20_std": 0.130134,
        "nauc_map_at_20_diff1": 0.224637,
        "nauc_map_at_100_max": 0.063795,
        "nauc_map_at_100_std": 0.124033,
        "nauc_map_at_100_diff1": 0.208366,
        "nauc_map_at_1000_max": 0.064648,
        "nauc_map_at_1000_std": 0.122898,
        "nauc_map_at_1000_diff1": 0.204899,
        "nauc_recall_at_1_max": 0.129758,
        "nauc_recall_at_1_std": -0.015155,
        "nauc_recall_at_1_diff1": 0.509645,
        "nauc_recall_at_3_max": 0.06335,
        "nauc_recall_at_3_std": 0.167128,
        "nauc_recall_at_3_diff1": 0.209205,
        "nauc_recall_at_5_max": 0.0078,
        "nauc_recall_at_5_std": 0.20021,
        "nauc_recall_at_5_diff1": 0.104742,
        "nauc_recall_at_10_max": 0.029239,
        "nauc_recall_at_10_std": 0.192408,
        "nauc_recall_at_10_diff1": 0.09284,
        "nauc_recall_at_20_max": 0.041479,
        "nauc_recall_at_20_std": 0.154179,
        "nauc_recall_at_20_diff1": 0.055765,
        "nauc_recall_at_100_max": 0.005702,
        "nauc_recall_at_100_std": 0.071317,
        "nauc_recall_at_100_diff1": 0.005339,
        "nauc_recall_at_1000_max": 0.014918,
        "nauc_recall_at_1000_std": 0.034956,
        "nauc_recall_at_1000_diff1": -0.009994,
        "nauc_precision_at_1_max": 0.129758,
        "nauc_precision_at_1_std": -0.015155,
        "nauc_precision_at_1_diff1": 0.509645,
        "nauc_precision_at_3_max": 0.06335,
        "nauc_precision_at_3_std": 0.167128,
        "nauc_precision_at_3_diff1": 0.209205,
        "nauc_precision_at_5_max": 0.0078,
        "nauc_precision_at_5_std": 0.20021,
        "nauc_precision_at_5_diff1": 0.104742,
        "nauc_precision_at_10_max": 0.029239,
        "nauc_precision_at_10_std": 0.192408,
        "nauc_precision_at_10_diff1": 0.09284,
        "nauc_precision_at_20_max": 0.041479,
        "nauc_precision_at_20_std": 0.154179,
        "nauc_precision_at_20_diff1": 0.055765,
        "nauc_precision_at_100_max": 0.005702,
        "nauc_precision_at_100_std": 0.071317,
        "nauc_precision_at_100_diff1": 0.005339,
        "nauc_precision_at_1000_max": 0.014918,
        "nauc_precision_at_1000_std": 0.034956,
        "nauc_precision_at_1000_diff1": -0.009994,
        "nauc_mrr_at_1_max": 0.129758,
        "nauc_mrr_at_1_std": -0.015155,
        "nauc_mrr_at_1_diff1": 0.509645,
        "nauc_mrr_at_3_max": 0.096829,
        "nauc_mrr_at_3_std": 0.109042,
        "nauc_mrr_at_3_diff1": 0.319388,
        "nauc_mrr_at_5_max": 0.068257,
        "nauc_mrr_at_5_std": 0.131778,
        "nauc_mrr_at_5_diff1": 0.260765,
        "nauc_mrr_at_10_max": 0.0717,
        "nauc_mrr_at_10_std": 0.132186,
        "nauc_mrr_at_10_diff1": 0.243388,
        "nauc_mrr_at_20_max": 0.068635,
        "nauc_mrr_at_20_std": 0.130134,
        "nauc_mrr_at_20_diff1": 0.224637,
        "nauc_mrr_at_100_max": 0.063795,
        "nauc_mrr_at_100_std": 0.124033,
        "nauc_mrr_at_100_diff1": 0.208366,
        "nauc_mrr_at_1000_max": 0.064647,
        "nauc_mrr_at_1000_std": 0.122898,
        "nauc_mrr_at_1000_diff1": 0.204899,
        "main_score": 0.02308,
        "hf_subset": "default",
        "languages": [
          "tur-Latn"
        ]
      }
    ]
  },
  "evaluation_time": 345.1298780441284,
  "kg_co2_emissions": null
}