{
  "dataset_revision": "main",
  "task_name": "SquadTRRetrieval",
  "mteb_version": "1.31.3",
  "scores": {
    "test": [
      {
        "ndcg_at_1": 0.44422,
        "ndcg_at_3": 0.55437,
        "ndcg_at_5": 0.58432,
        "ndcg_at_10": 0.61328,
        "ndcg_at_20": 0.63079,
        "ndcg_at_100": 0.64862,
        "ndcg_at_1000": 0.65415,
        "map_at_1": 0.44422,
        "map_at_3": 0.52758,
        "map_at_5": 0.54416,
        "map_at_10": 0.5562,
        "map_at_20": 0.56106,
        "map_at_100": 0.56366,
        "map_at_1000": 0.56388,
        "recall_at_1": 0.44422,
        "recall_at_3": 0.63177,
        "recall_at_5": 0.70462,
        "recall_at_10": 0.79375,
        "recall_at_20": 0.86262,
        "recall_at_100": 0.9567,
        "recall_at_1000": 0.99988,
        "precision_at_1": 0.44422,
        "precision_at_3": 0.21059,
        "precision_at_5": 0.14092,
        "precision_at_10": 0.07938,
        "precision_at_20": 0.04313,
        "precision_at_100": 0.00957,
        "precision_at_1000": 0.001,
        "mrr_at_1": 0.444217,
        "mrr_at_3": 0.52758,
        "mrr_at_5": 0.544164,
        "mrr_at_10": 0.556195,
        "mrr_at_20": 0.561057,
        "mrr_at_100": 0.563664,
        "mrr_at_1000": 0.563879,
        "nauc_ndcg_at_1_max": 0.32482,
        "nauc_ndcg_at_1_std": 0.032369,
        "nauc_ndcg_at_1_diff1": 0.569468,
        "nauc_ndcg_at_3_max": 0.370241,
        "nauc_ndcg_at_3_std": 0.062956,
        "nauc_ndcg_at_3_diff1": 0.523642,
        "nauc_ndcg_at_5_max": 0.379055,
        "nauc_ndcg_at_5_std": 0.071451,
        "nauc_ndcg_at_5_diff1": 0.516015,
        "nauc_ndcg_at_10_max": 0.386199,
        "nauc_ndcg_at_10_std": 0.076123,
        "nauc_ndcg_at_10_diff1": 0.518316,
        "nauc_ndcg_at_20_max": 0.393365,
        "nauc_ndcg_at_20_std": 0.085194,
        "nauc_ndcg_at_20_diff1": 0.520825,
        "nauc_ndcg_at_100_max": 0.386131,
        "nauc_ndcg_at_100_std": 0.081932,
        "nauc_ndcg_at_100_diff1": 0.527114,
        "nauc_ndcg_at_1000_max": 0.378038,
        "nauc_ndcg_at_1000_std": 0.073585,
        "nauc_ndcg_at_1000_diff1": 0.528303,
        "nauc_map_at_1_max": 0.32482,
        "nauc_map_at_1_std": 0.032369,
        "nauc_map_at_1_diff1": 0.569468,
        "nauc_map_at_3_max": 0.358054,
        "nauc_map_at_3_std": 0.054866,
        "nauc_map_at_3_diff1": 0.534609,
        "nauc_map_at_5_max": 0.362352,
        "nauc_map_at_5_std": 0.059177,
        "nauc_map_at_5_diff1": 0.530868,
        "nauc_map_at_10_max": 0.36486,
        "nauc_map_at_10_std": 0.060824,
        "nauc_map_at_10_diff1": 0.532171,
        "nauc_map_at_20_max": 0.366367,
        "nauc_map_at_20_std": 0.062905,
        "nauc_map_at_20_diff1": 0.532939,
        "nauc_map_at_100_max": 0.365635,
        "nauc_map_at_100_std": 0.062686,
        "nauc_map_at_100_diff1": 0.533798,
        "nauc_map_at_1000_max": 0.365394,
        "nauc_map_at_1000_std": 0.06247,
        "nauc_map_at_1000_diff1": 0.533863,
        "nauc_recall_at_1_max": 0.32482,
        "nauc_recall_at_1_std": 0.032369,
        "nauc_recall_at_1_diff1": 0.569468,
        "nauc_recall_at_3_max": 0.409726,
        "nauc_recall_at_3_std": 0.089118,
        "nauc_recall_at_3_diff1": 0.488706,
        "nauc_recall_at_5_max": 0.441626,
        "nauc_recall_at_5_std": 0.117622,
        "nauc_recall_at_5_diff1": 0.461151,
        "nauc_recall_at_10_max": 0.493074,
        "nauc_recall_at_10_std": 0.152597,
        "nauc_recall_at_10_diff1": 0.453073,
        "nauc_recall_at_20_max": 0.59716,
        "nauc_recall_at_20_std": 0.257889,
        "nauc_recall_at_20_diff1": 0.444589,
        "nauc_recall_at_100_max": 0.758749,
        "nauc_recall_at_100_std": 0.477594,
        "nauc_recall_at_100_diff1": 0.481986,
        "nauc_recall_at_1000_max": 0.869283,
        "nauc_recall_at_1000_std": 0.358107,
        "nauc_recall_at_1000_diff1": 0.722228,
        "nauc_precision_at_1_max": 0.32482,
        "nauc_precision_at_1_std": 0.032369,
        "nauc_precision_at_1_diff1": 0.569468,
        "nauc_precision_at_3_max": 0.409726,
        "nauc_precision_at_3_std": 0.089118,
        "nauc_precision_at_3_diff1": 0.488706,
        "nauc_precision_at_5_max": 0.441626,
        "nauc_precision_at_5_std": 0.117622,
        "nauc_precision_at_5_diff1": 0.461151,
        "nauc_precision_at_10_max": 0.493074,
        "nauc_precision_at_10_std": 0.152597,
        "nauc_precision_at_10_diff1": 0.453073,
        "nauc_precision_at_20_max": 0.59716,
        "nauc_precision_at_20_std": 0.257889,
        "nauc_precision_at_20_diff1": 0.444589,
        "nauc_precision_at_100_max": 0.758749,
        "nauc_precision_at_100_std": 0.477594,
        "nauc_precision_at_100_diff1": 0.481986,
        "nauc_precision_at_1000_max": 0.869283,
        "nauc_precision_at_1000_std": 0.358107,
        "nauc_precision_at_1000_diff1": 0.722228,
        "nauc_mrr_at_1_max": 0.32482,
        "nauc_mrr_at_1_std": 0.032369,
        "nauc_mrr_at_1_diff1": 0.569468,
        "nauc_mrr_at_3_max": 0.358054,
        "nauc_mrr_at_3_std": 0.054866,
        "nauc_mrr_at_3_diff1": 0.534609,
        "nauc_mrr_at_5_max": 0.362352,
        "nauc_mrr_at_5_std": 0.059177,
        "nauc_mrr_at_5_diff1": 0.530868,
        "nauc_mrr_at_10_max": 0.36486,
        "nauc_mrr_at_10_std": 0.060824,
        "nauc_mrr_at_10_diff1": 0.532171,
        "nauc_mrr_at_20_max": 0.366367,
        "nauc_mrr_at_20_std": 0.062905,
        "nauc_mrr_at_20_diff1": 0.532939,
        "nauc_mrr_at_100_max": 0.365635,
        "nauc_mrr_at_100_std": 0.062686,
        "nauc_mrr_at_100_diff1": 0.533798,
        "nauc_mrr_at_1000_max": 0.365394,
        "nauc_mrr_at_1000_std": 0.06247,
        "nauc_mrr_at_1000_diff1": 0.533863,
        "main_score": 0.61328,
        "hf_subset": "default",
        "languages": [
          "tur-Latn"
        ]
      }
    ]
  },
  "evaluation_time": 38.951268911361694,
  "kg_co2_emissions": null
}