{
  "dataset_revision": "main",
  "task_name": "TQuadRetrieval",
  "mteb_version": "1.31.3",
  "scores": {
    "test": [
      {
        "ndcg_at_1": 0.59529,
        "ndcg_at_3": 0.72397,
        "ndcg_at_5": 0.75678,
        "ndcg_at_10": 0.77987,
        "ndcg_at_20": 0.78274,
        "ndcg_at_100": 0.7871,
        "ndcg_at_1000": 0.78741,
        "map_at_1": 0.59529,
        "map_at_3": 0.69283,
        "map_at_5": 0.71104,
        "map_at_10": 0.72072,
        "map_at_20": 0.72152,
        "map_at_100": 0.7222,
        "map_at_1000": 0.72221,
        "recall_at_1": 0.59529,
        "recall_at_3": 0.8139,
        "recall_at_5": 0.8935,
        "recall_at_10": 0.96413,
        "recall_at_20": 0.97534,
        "recall_at_100": 0.99776,
        "recall_at_1000": 1.0,
        "precision_at_1": 0.59529,
        "precision_at_3": 0.2713,
        "precision_at_5": 0.1787,
        "precision_at_10": 0.09641,
        "precision_at_20": 0.04877,
        "precision_at_100": 0.00998,
        "precision_at_1000": 0.001,
        "mrr_at_1": 0.590807,
        "mrr_at_3": 0.690957,
        "mrr_at_5": 0.708894,
        "mrr_at_10": 0.718568,
        "mrr_at_20": 0.719374,
        "mrr_at_100": 0.720048,
        "mrr_at_1000": 0.720063,
        "nauc_ndcg_at_1_max": 0.260162,
        "nauc_ndcg_at_1_std": -0.181853,
        "nauc_ndcg_at_1_diff1": 0.596958,
        "nauc_ndcg_at_3_max": 0.284726,
        "nauc_ndcg_at_3_std": -0.20165,
        "nauc_ndcg_at_3_diff1": 0.550702,
        "nauc_ndcg_at_5_max": 0.303299,
        "nauc_ndcg_at_5_std": -0.195263,
        "nauc_ndcg_at_5_diff1": 0.559973,
        "nauc_ndcg_at_10_max": 0.315287,
        "nauc_ndcg_at_10_std": -0.18472,
        "nauc_ndcg_at_10_diff1": 0.583314,
        "nauc_ndcg_at_20_max": 0.311003,
        "nauc_ndcg_at_20_std": -0.179304,
        "nauc_ndcg_at_20_diff1": 0.579864,
        "nauc_ndcg_at_100_max": 0.296838,
        "nauc_ndcg_at_100_std": -0.184802,
        "nauc_ndcg_at_100_diff1": 0.576396,
        "nauc_ndcg_at_1000_max": 0.29571,
        "nauc_ndcg_at_1000_std": -0.184954,
        "nauc_ndcg_at_1000_diff1": 0.576049,
        "nauc_map_at_1_max": 0.260162,
        "nauc_map_at_1_std": -0.181853,
        "nauc_map_at_1_diff1": 0.596958,
        "nauc_map_at_3_max": 0.277674,
        "nauc_map_at_3_std": -0.194802,
        "nauc_map_at_3_diff1": 0.563673,
        "nauc_map_at_5_max": 0.286268,
        "nauc_map_at_5_std": -0.190951,
        "nauc_map_at_5_diff1": 0.568725,
        "nauc_map_at_10_max": 0.290545,
        "nauc_map_at_10_std": -0.186348,
        "nauc_map_at_10_diff1": 0.577449,
        "nauc_map_at_20_max": 0.289592,
        "nauc_map_at_20_std": -0.185201,
        "nauc_map_at_20_diff1": 0.576689,
        "nauc_map_at_100_max": 0.287898,
        "nauc_map_at_100_std": -0.185818,
        "nauc_map_at_100_diff1": 0.576278,
        "nauc_map_at_1000_max": 0.287855,
        "nauc_map_at_1000_std": -0.185817,
        "nauc_map_at_1000_diff1": 0.576266,
        "nauc_recall_at_1_max": 0.260162,
        "nauc_recall_at_1_std": -0.181853,
        "nauc_recall_at_1_diff1": 0.596958,
        "nauc_recall_at_3_max": 0.314155,
        "nauc_recall_at_3_std": -0.230956,
        "nauc_recall_at_3_diff1": 0.49677,
        "nauc_recall_at_5_max": 0.419401,
        "nauc_recall_at_5_std": -0.223208,
        "nauc_recall_at_5_diff1": 0.507474,
        "nauc_recall_at_10_max": 0.799195,
        "nauc_recall_at_10_std": -0.143482,
        "nauc_recall_at_10_diff1": 0.749995,
        "nauc_recall_at_20_max": 0.891818,
        "nauc_recall_at_20_std": 0.033063,
        "nauc_recall_at_20_diff1": 0.72589,
        "nauc_recall_at_100_max": 0.934657,
        "nauc_recall_at_100_std": -0.076183,
        "nauc_recall_at_100_diff1": 0.777081,
        "nauc_recall_at_1000_max": NaN,
        "nauc_recall_at_1000_std": NaN,
        "nauc_recall_at_1000_diff1": NaN,
        "nauc_precision_at_1_max": 0.260162,
        "nauc_precision_at_1_std": -0.181853,
        "nauc_precision_at_1_diff1": 0.596958,
        "nauc_precision_at_3_max": 0.314155,
        "nauc_precision_at_3_std": -0.230956,
        "nauc_precision_at_3_diff1": 0.49677,
        "nauc_precision_at_5_max": 0.419401,
        "nauc_precision_at_5_std": -0.223208,
        "nauc_precision_at_5_diff1": 0.507474,
        "nauc_precision_at_10_max": 0.799195,
        "nauc_precision_at_10_std": -0.143482,
        "nauc_precision_at_10_diff1": 0.749995,
        "nauc_precision_at_20_max": 0.891818,
        "nauc_precision_at_20_std": 0.033063,
        "nauc_precision_at_20_diff1": 0.72589,
        "nauc_precision_at_100_max": 0.934657,
        "nauc_precision_at_100_std": -0.076183,
        "nauc_precision_at_100_diff1": 0.777081,
        "nauc_precision_at_1000_max": NaN,
        "nauc_precision_at_1000_std": NaN,
        "nauc_precision_at_1000_diff1": NaN,
        "nauc_mrr_at_1_max": 0.261283,
        "nauc_mrr_at_1_std": -0.169184,
        "nauc_mrr_at_1_diff1": 0.60805,
        "nauc_mrr_at_3_max": 0.277613,
        "nauc_mrr_at_3_std": -0.185419,
        "nauc_mrr_at_3_diff1": 0.570355,
        "nauc_mrr_at_5_max": 0.28674,
        "nauc_mrr_at_5_std": -0.18212,
        "nauc_mrr_at_5_diff1": 0.576098,
        "nauc_mrr_at_10_max": 0.291023,
        "nauc_mrr_at_10_std": -0.177165,
        "nauc_mrr_at_10_diff1": 0.585101,
        "nauc_mrr_at_20_max": 0.290075,
        "nauc_mrr_at_20_std": -0.175989,
        "nauc_mrr_at_20_diff1": 0.584371,
        "nauc_mrr_at_100_max": 0.288388,
        "nauc_mrr_at_100_std": -0.176577,
        "nauc_mrr_at_100_diff1": 0.583984,
        "nauc_mrr_at_1000_max": 0.288345,
        "nauc_mrr_at_1000_std": -0.176576,
        "nauc_mrr_at_1000_diff1": 0.583972,
        "main_score": 0.77987,
        "hf_subset": "default",
        "languages": [
          "tur-Latn"
        ]
      }
    ]
  },
  "evaluation_time": 8.059944152832031,
  "kg_co2_emissions": null
}