{
  "dataset_revision": "51adfef1c1287aab1d2d91b5bead9bcfb9c68583",
  "task_name": "XQuADRetrieval",
  "mteb_version": "1.31.3",
  "scores": {
    "validation": [
      {
        "ndcg_at_1": 0.78716,
        "ndcg_at_3": 0.86381,
        "ndcg_at_5": 0.88027,
        "ndcg_at_10": 0.88554,
        "ndcg_at_20": 0.88814,
        "ndcg_at_100": 0.89138,
        "ndcg_at_1000": 0.89138,
        "map_at_1": 0.78716,
        "map_at_3": 0.8453,
        "map_at_5": 0.8545,
        "map_at_10": 0.85672,
        "map_at_20": 0.85745,
        "map_at_100": 0.85794,
        "map_at_1000": 0.85794,
        "recall_at_1": 0.78716,
        "recall_at_3": 0.91723,
        "recall_at_5": 0.95693,
        "recall_at_10": 0.97297,
        "recall_at_20": 0.98311,
        "recall_at_100": 1.0,
        "recall_at_1000": 1.0,
        "precision_at_1": 0.78716,
        "precision_at_3": 0.30574,
        "precision_at_5": 0.19139,
        "precision_at_10": 0.0973,
        "precision_at_20": 0.04916,
        "precision_at_100": 0.01,
        "precision_at_1000": 0.001,
        "mrr_at_1": 0.787162,
        "mrr_at_3": 0.845298,
        "mrr_at_5": 0.854505,
        "mrr_at_10": 0.85672,
        "mrr_at_20": 0.857453,
        "mrr_at_100": 0.857937,
        "mrr_at_1000": 0.857937,
        "nauc_ndcg_at_1_max": 0.592153,
        "nauc_ndcg_at_1_std": 0.20848,
        "nauc_ndcg_at_1_diff1": 0.783875,
        "nauc_ndcg_at_3_max": 0.617563,
        "nauc_ndcg_at_3_std": 0.20217,
        "nauc_ndcg_at_3_diff1": 0.747258,
        "nauc_ndcg_at_5_max": 0.640749,
        "nauc_ndcg_at_5_std": 0.215485,
        "nauc_ndcg_at_5_diff1": 0.762958,
        "nauc_ndcg_at_10_max": 0.634561,
        "nauc_ndcg_at_10_std": 0.213298,
        "nauc_ndcg_at_10_diff1": 0.767387,
        "nauc_ndcg_at_20_max": 0.628862,
        "nauc_ndcg_at_20_std": 0.214778,
        "nauc_ndcg_at_20_diff1": 0.766552,
        "nauc_ndcg_at_100_max": 0.62081,
        "nauc_ndcg_at_100_std": 0.21022,
        "nauc_ndcg_at_100_diff1": 0.767775,
        "nauc_ndcg_at_1000_max": 0.62081,
        "nauc_ndcg_at_1000_std": 0.21022,
        "nauc_ndcg_at_1000_diff1": 0.767775,
        "nauc_map_at_1_max": 0.592153,
        "nauc_map_at_1_std": 0.20848,
        "nauc_map_at_1_diff1": 0.783875,
        "nauc_map_at_3_max": 0.610648,
        "nauc_map_at_3_std": 0.203242,
        "nauc_map_at_3_diff1": 0.759062,
        "nauc_map_at_5_max": 0.62039,
        "nauc_map_at_5_std": 0.20886,
        "nauc_map_at_5_diff1": 0.767244,
        "nauc_map_at_10_max": 0.617978,
        "nauc_map_at_10_std": 0.208026,
        "nauc_map_at_10_diff1": 0.768863,
        "nauc_map_at_20_max": 0.616604,
        "nauc_map_at_20_std": 0.208405,
        "nauc_map_at_20_diff1": 0.768635,
        "nauc_map_at_100_max": 0.61567,
        "nauc_map_at_100_std": 0.208097,
        "nauc_map_at_100_diff1": 0.768916,
        "nauc_map_at_1000_max": 0.61567,
        "nauc_map_at_1000_std": 0.208097,
        "nauc_map_at_1000_diff1": 0.768916,
        "nauc_recall_at_1_max": 0.592153,
        "nauc_recall_at_1_std": 0.20848,
        "nauc_recall_at_1_diff1": 0.783875,
        "nauc_recall_at_3_max": 0.651763,
        "nauc_recall_at_3_std": 0.197428,
        "nauc_recall_at_3_diff1": 0.687295,
        "nauc_recall_at_5_max": 0.83704,
        "nauc_recall_at_5_std": 0.285524,
        "nauc_recall_at_5_diff1": 0.729911,
        "nauc_recall_at_10_max": 0.877991,
        "nauc_recall_at_10_std": 0.30023,
        "nauc_recall_at_10_diff1": 0.762755,
        "nauc_recall_at_20_max": 0.886471,
        "nauc_recall_at_20_std": 0.383496,
        "nauc_recall_at_20_diff1": 0.742594,
        "nauc_recall_at_100_max": NaN,
        "nauc_recall_at_100_std": NaN,
        "nauc_recall_at_100_diff1": NaN,
        "nauc_recall_at_1000_max": NaN,
        "nauc_recall_at_1000_std": NaN,
        "nauc_recall_at_1000_diff1": NaN,
        "nauc_precision_at_1_max": 0.592153,
        "nauc_precision_at_1_std": 0.20848,
        "nauc_precision_at_1_diff1": 0.783875,
        "nauc_precision_at_3_max": 0.651763,
        "nauc_precision_at_3_std": 0.197428,
        "nauc_precision_at_3_diff1": 0.687295,
        "nauc_precision_at_5_max": 0.83704,
        "nauc_precision_at_5_std": 0.285524,
        "nauc_precision_at_5_diff1": 0.729911,
        "nauc_precision_at_10_max": 0.877991,
        "nauc_precision_at_10_std": 0.30023,
        "nauc_precision_at_10_diff1": 0.762755,
        "nauc_precision_at_20_max": 0.886471,
        "nauc_precision_at_20_std": 0.383496,
        "nauc_precision_at_20_diff1": 0.742594,
        "nauc_precision_at_100_max": 1.0,
        "nauc_precision_at_100_std": 1.0,
        "nauc_precision_at_100_diff1": 1.0,
        "nauc_precision_at_1000_max": 1.0,
        "nauc_precision_at_1000_std": 1.0,
        "nauc_precision_at_1000_diff1": 1.0,
        "nauc_mrr_at_1_max": 0.592153,
        "nauc_mrr_at_1_std": 0.20848,
        "nauc_mrr_at_1_diff1": 0.783875,
        "nauc_mrr_at_3_max": 0.610648,
        "nauc_mrr_at_3_std": 0.203242,
        "nauc_mrr_at_3_diff1": 0.759062,
        "nauc_mrr_at_5_max": 0.62039,
        "nauc_mrr_at_5_std": 0.20886,
        "nauc_mrr_at_5_diff1": 0.767244,
        "nauc_mrr_at_10_max": 0.617978,
        "nauc_mrr_at_10_std": 0.208026,
        "nauc_mrr_at_10_diff1": 0.768863,
        "nauc_mrr_at_20_max": 0.616604,
        "nauc_mrr_at_20_std": 0.208405,
        "nauc_mrr_at_20_diff1": 0.768635,
        "nauc_mrr_at_100_max": 0.61567,
        "nauc_mrr_at_100_std": 0.208097,
        "nauc_mrr_at_100_diff1": 0.768916,
        "nauc_mrr_at_1000_max": 0.61567,
        "nauc_mrr_at_1000_std": 0.208097,
        "nauc_mrr_at_1000_diff1": 0.768916,
        "main_score": 0.88554,
        "hf_subset": "tr",
        "languages": [
          "tur-Latn"
        ]
      }
    ]
  },
  "evaluation_time": 6.884917497634888,
  "kg_co2_emissions": null
}