{
  "dataset_revision": "main",
  "task_name": "ArguAnaTR",
  "mteb_version": "1.31.3",
  "scores": {
    "test": [
      {
        "ndcg_at_1": 0.16643,
        "ndcg_at_3": 0.26195,
        "ndcg_at_5": 0.29703,
        "ndcg_at_10": 0.33489,
        "ndcg_at_20": 0.36032,
        "ndcg_at_100": 0.39413,
        "ndcg_at_1000": 0.4117,
        "map_at_1": 0.16643,
        "map_at_3": 0.23779,
        "map_at_5": 0.25721,
        "map_at_10": 0.27305,
        "map_at_20": 0.28007,
        "map_at_100": 0.28479,
        "map_at_1000": 0.28541,
        "recall_at_1": 0.16643,
        "recall_at_3": 0.33215,
        "recall_at_5": 0.4175,
        "recall_at_10": 0.53343,
        "recall_at_20": 0.63371,
        "recall_at_100": 0.81508,
        "recall_at_1000": 0.9559,
        "precision_at_1": 0.16643,
        "precision_at_3": 0.11072,
        "precision_at_5": 0.0835,
        "precision_at_10": 0.05334,
        "precision_at_20": 0.03169,
        "precision_at_100": 0.00815,
        "precision_at_1000": 0.00096,
        "mrr_at_1": 0.16643,
        "mrr_at_3": 0.238028,
        "mrr_at_5": 0.257089,
        "mrr_at_10": 0.273047,
        "mrr_at_20": 0.280038,
        "mrr_at_100": 0.284795,
        "mrr_at_1000": 0.285411,
        "nauc_ndcg_at_1_max": -0.031766,
        "nauc_ndcg_at_1_std": -0.053429,
        "nauc_ndcg_at_1_diff1": 0.01448,
        "nauc_ndcg_at_3_max": 0.016397,
        "nauc_ndcg_at_3_std": -0.020998,
        "nauc_ndcg_at_3_diff1": 0.009464,
        "nauc_ndcg_at_5_max": 0.042024,
        "nauc_ndcg_at_5_std": 0.00749,
        "nauc_ndcg_at_5_diff1": 0.028689,
        "nauc_ndcg_at_10_max": 0.050435,
        "nauc_ndcg_at_10_std": 0.029423,
        "nauc_ndcg_at_10_diff1": 0.03315,
        "nauc_ndcg_at_20_max": 0.059989,
        "nauc_ndcg_at_20_std": 0.046206,
        "nauc_ndcg_at_20_diff1": 0.033705,
        "nauc_ndcg_at_100_max": 0.068458,
        "nauc_ndcg_at_100_std": 0.053009,
        "nauc_ndcg_at_100_diff1": 0.044616,
        "nauc_ndcg_at_1000_max": 0.051627,
        "nauc_ndcg_at_1000_std": 0.035759,
        "nauc_ndcg_at_1000_diff1": 0.032297,
        "nauc_map_at_1_max": -0.031766,
        "nauc_map_at_1_std": -0.053429,
        "nauc_map_at_1_diff1": 0.01448,
        "nauc_map_at_3_max": 0.004491,
        "nauc_map_at_3_std": -0.030171,
        "nauc_map_at_3_diff1": 0.009611,
        "nauc_map_at_5_max": 0.019707,
        "nauc_map_at_5_std": -0.013862,
        "nauc_map_at_5_diff1": 0.020736,
        "nauc_map_at_10_max": 0.022787,
        "nauc_map_at_10_std": -0.004611,
        "nauc_map_at_10_diff1": 0.022365,
        "nauc_map_at_20_max": 0.025281,
        "nauc_map_at_20_std": -0.000405,
        "nauc_map_at_20_diff1": 0.022558,
        "nauc_map_at_100_max": 0.026041,
        "nauc_map_at_100_std": 0.000419,
        "nauc_map_at_100_diff1": 0.023929,
        "nauc_map_at_1000_max": 0.025365,
        "nauc_map_at_1000_std": -0.000142,
        "nauc_map_at_1000_diff1": 0.023426,
        "nauc_recall_at_1_max": -0.031766,
        "nauc_recall_at_1_std": -0.053429,
        "nauc_recall_at_1_diff1": 0.01448,
        "nauc_recall_at_3_max": 0.046137,
        "nauc_recall_at_3_std": 0.002247,
        "nauc_recall_at_3_diff1": 0.009413,
        "nauc_recall_at_5_max": 0.099126,
        "nauc_recall_at_5_std": 0.063382,
        "nauc_recall_at_5_diff1": 0.050502,
        "nauc_recall_at_10_max": 0.127962,
        "nauc_recall_at_10_std": 0.128428,
        "nauc_recall_at_10_diff1": 0.065374,
        "nauc_recall_at_20_max": 0.176286,
        "nauc_recall_at_20_std": 0.210198,
        "nauc_recall_at_20_diff1": 0.071181,
        "nauc_recall_at_100_max": 0.328574,
        "nauc_recall_at_100_std": 0.373048,
        "nauc_recall_at_100_diff1": 0.187307,
        "nauc_recall_at_1000_max": 0.332518,
        "nauc_recall_at_1000_std": 0.474872,
        "nauc_recall_at_1000_diff1": 0.065973,
        "nauc_precision_at_1_max": -0.031766,
        "nauc_precision_at_1_std": -0.053429,
        "nauc_precision_at_1_diff1": 0.01448,
        "nauc_precision_at_3_max": 0.046137,
        "nauc_precision_at_3_std": 0.002247,
        "nauc_precision_at_3_diff1": 0.009413,
        "nauc_precision_at_5_max": 0.099126,
        "nauc_precision_at_5_std": 0.063382,
        "nauc_precision_at_5_diff1": 0.050502,
        "nauc_precision_at_10_max": 0.127962,
        "nauc_precision_at_10_std": 0.128428,
        "nauc_precision_at_10_diff1": 0.065374,
        "nauc_precision_at_20_max": 0.176286,
        "nauc_precision_at_20_std": 0.210198,
        "nauc_precision_at_20_diff1": 0.071181,
        "nauc_precision_at_100_max": 0.328574,
        "nauc_precision_at_100_std": 0.373048,
        "nauc_precision_at_100_diff1": 0.187307,
        "nauc_precision_at_1000_max": 0.332518,
        "nauc_precision_at_1000_std": 0.474872,
        "nauc_precision_at_1000_diff1": 0.065973,
        "nauc_mrr_at_1_max": -0.031766,
        "nauc_mrr_at_1_std": -0.053429,
        "nauc_mrr_at_1_diff1": 0.01448,
        "nauc_mrr_at_3_max": 0.005749,
        "nauc_mrr_at_3_std": -0.029281,
        "nauc_mrr_at_3_diff1": 0.008954,
        "nauc_mrr_at_5_max": 0.019445,
        "nauc_mrr_at_5_std": -0.013874,
        "nauc_mrr_at_5_diff1": 0.019659,
        "nauc_mrr_at_10_max": 0.02322,
        "nauc_mrr_at_10_std": -0.003928,
        "nauc_mrr_at_10_diff1": 0.021974,
        "nauc_mrr_at_20_max": 0.025481,
        "nauc_mrr_at_20_std": 0.000364,
        "nauc_mrr_at_20_diff1": 0.021925,
        "nauc_mrr_at_100_max": 0.026435,
        "nauc_mrr_at_100_std": 0.001109,
        "nauc_mrr_at_100_diff1": 0.023482,
        "nauc_mrr_at_1000_max": 0.025759,
        "nauc_mrr_at_1000_std": 0.000549,
        "nauc_mrr_at_1000_diff1": 0.022977,
        "main_score": 0.33489,
        "hf_subset": "default",
        "languages": [
          "tur-Latn"
        ]
      }
    ]
  },
  "evaluation_time": 133.95683002471924,
  "kg_co2_emissions": null
}