{
  "dataset_revision": "main",
  "task_name": "CQADupstackGamingRetrievalTR",
  "mteb_version": "1.31.3",
  "scores": {
    "test": [
      {
        "ndcg_at_1": 0.22696,
        "ndcg_at_3": 0.264,
        "ndcg_at_5": 0.28016,
        "ndcg_at_10": 0.3018,
        "ndcg_at_20": 0.31695,
        "ndcg_at_100": 0.34726,
        "ndcg_at_1000": 0.37365,
        "map_at_1": 0.19073,
        "map_at_3": 0.24061,
        "map_at_5": 0.25082,
        "map_at_10": 0.26026,
        "map_at_20": 0.26487,
        "map_at_100": 0.26931,
        "map_at_1000": 0.2703,
        "recall_at_1": 0.19073,
        "recall_at_3": 0.29157,
        "recall_at_5": 0.33362,
        "recall_at_10": 0.39741,
        "recall_at_20": 0.45435,
        "recall_at_100": 0.6067,
        "recall_at_1000": 0.80551,
        "precision_at_1": 0.22696,
        "precision_at_3": 0.11975,
        "precision_at_5": 0.08201,
        "precision_at_10": 0.05041,
        "precision_at_20": 0.02909,
        "precision_at_100": 0.00814,
        "precision_at_1000": 0.00112,
        "mrr_at_1": 0.226959,
        "mrr_at_3": 0.273668,
        "mrr_at_5": 0.283887,
        "mrr_at_10": 0.292562,
        "mrr_at_20": 0.296842,
        "mrr_at_100": 0.300534,
        "mrr_at_1000": 0.301275,
        "nauc_ndcg_at_1_max": 0.321885,
        "nauc_ndcg_at_1_std": -0.013676,
        "nauc_ndcg_at_1_diff1": 0.477802,
        "nauc_ndcg_at_3_max": 0.304973,
        "nauc_ndcg_at_3_std": -0.018796,
        "nauc_ndcg_at_3_diff1": 0.421169,
        "nauc_ndcg_at_5_max": 0.310078,
        "nauc_ndcg_at_5_std": -0.008396,
        "nauc_ndcg_at_5_diff1": 0.415945,
        "nauc_ndcg_at_10_max": 0.316509,
        "nauc_ndcg_at_10_std": 0.008762,
        "nauc_ndcg_at_10_diff1": 0.404068,
        "nauc_ndcg_at_20_max": 0.320956,
        "nauc_ndcg_at_20_std": 0.015906,
        "nauc_ndcg_at_20_diff1": 0.402872,
        "nauc_ndcg_at_100_max": 0.332699,
        "nauc_ndcg_at_100_std": 0.037352,
        "nauc_ndcg_at_100_diff1": 0.397672,
        "nauc_ndcg_at_1000_max": 0.335193,
        "nauc_ndcg_at_1000_std": 0.038294,
        "nauc_ndcg_at_1000_diff1": 0.400008,
        "nauc_map_at_1_max": 0.291279,
        "nauc_map_at_1_std": -0.046613,
        "nauc_map_at_1_diff1": 0.464579,
        "nauc_map_at_3_max": 0.299106,
        "nauc_map_at_3_std": -0.033723,
        "nauc_map_at_3_diff1": 0.432146,
        "nauc_map_at_5_max": 0.30392,
        "nauc_map_at_5_std": -0.02553,
        "nauc_map_at_5_diff1": 0.429621,
        "nauc_map_at_10_max": 0.308116,
        "nauc_map_at_10_std": -0.017155,
        "nauc_map_at_10_diff1": 0.424262,
        "nauc_map_at_20_max": 0.310156,
        "nauc_map_at_20_std": -0.014098,
        "nauc_map_at_20_diff1": 0.424118,
        "nauc_map_at_100_max": 0.312836,
        "nauc_map_at_100_std": -0.010116,
        "nauc_map_at_100_diff1": 0.423525,
        "nauc_map_at_1000_max": 0.313249,
        "nauc_map_at_1000_std": -0.009806,
        "nauc_map_at_1000_diff1": 0.42361,
        "nauc_recall_at_1_max": 0.291279,
        "nauc_recall_at_1_std": -0.046613,
        "nauc_recall_at_1_diff1": 0.464579,
        "nauc_recall_at_3_max": 0.281636,
        "nauc_recall_at_3_std": -0.025437,
        "nauc_recall_at_3_diff1": 0.376917,
        "nauc_recall_at_5_max": 0.29364,
        "nauc_recall_at_5_std": 0.003738,
        "nauc_recall_at_5_diff1": 0.363263,
        "nauc_recall_at_10_max": 0.308194,
        "nauc_recall_at_10_std": 0.048636,
        "nauc_recall_at_10_diff1": 0.330545,
        "nauc_recall_at_20_max": 0.322848,
        "nauc_recall_at_20_std": 0.073272,
        "nauc_recall_at_20_diff1": 0.324628,
        "nauc_recall_at_100_max": 0.369044,
        "nauc_recall_at_100_std": 0.177867,
        "nauc_recall_at_100_diff1": 0.281892,
        "nauc_recall_at_1000_max": 0.415387,
        "nauc_recall_at_1000_std": 0.26542,
        "nauc_recall_at_1000_diff1": 0.248817,
        "nauc_precision_at_1_max": 0.321885,
        "nauc_precision_at_1_std": -0.013676,
        "nauc_precision_at_1_diff1": 0.477802,
        "nauc_precision_at_3_max": 0.320991,
        "nauc_precision_at_3_std": 0.028355,
        "nauc_precision_at_3_diff1": 0.392309,
        "nauc_precision_at_5_max": 0.330353,
        "nauc_precision_at_5_std": 0.055809,
        "nauc_precision_at_5_diff1": 0.382123,
        "nauc_precision_at_10_max": 0.34044,
        "nauc_precision_at_10_std": 0.110218,
        "nauc_precision_at_10_diff1": 0.325033,
        "nauc_precision_at_20_max": 0.350461,
        "nauc_precision_at_20_std": 0.141517,
        "nauc_precision_at_20_diff1": 0.312291,
        "nauc_precision_at_100_max": 0.363309,
        "nauc_precision_at_100_std": 0.265085,
        "nauc_precision_at_100_diff1": 0.219834,
        "nauc_precision_at_1000_max": 0.296173,
        "nauc_precision_at_1000_std": 0.290454,
        "nauc_precision_at_1000_diff1": 0.131635,
        "nauc_mrr_at_1_max": 0.321885,
        "nauc_mrr_at_1_std": -0.013676,
        "nauc_mrr_at_1_diff1": 0.477802,
        "nauc_mrr_at_3_max": 0.316455,
        "nauc_mrr_at_3_std": -0.003274,
        "nauc_mrr_at_3_diff1": 0.431227,
        "nauc_mrr_at_5_max": 0.319715,
        "nauc_mrr_at_5_std": 0.004776,
        "nauc_mrr_at_5_diff1": 0.428937,
        "nauc_mrr_at_10_max": 0.322362,
        "nauc_mrr_at_10_std": 0.01303,
        "nauc_mrr_at_10_diff1": 0.425154,
        "nauc_mrr_at_20_max": 0.323659,
        "nauc_mrr_at_20_std": 0.015033,
        "nauc_mrr_at_20_diff1": 0.424632,
        "nauc_mrr_at_100_max": 0.324599,
        "nauc_mrr_at_100_std": 0.016773,
        "nauc_mrr_at_100_diff1": 0.423848,
        "nauc_mrr_at_1000_max": 0.324652,
        "nauc_mrr_at_1000_std": 0.016633,
        "nauc_mrr_at_1000_diff1": 0.423925,
        "main_score": 0.3018,
        "hf_subset": "default",
        "languages": [
          "tur-Latn"
        ]
      }
    ]
  },
  "evaluation_time": 684.9049069881439,
  "kg_co2_emissions": null
}