{
  "dataset_revision": "main",
  "task_name": "FiQA2018TR",
  "mteb_version": "1.31.3",
  "scores": {
    "test": [
      {
        "ndcg_at_1": 0.05556,
        "ndcg_at_3": 0.04653,
        "ndcg_at_5": 0.04966,
        "ndcg_at_10": 0.0597,
        "ndcg_at_20": 0.07206,
        "ndcg_at_100": 0.09981,
        "ndcg_at_1000": 0.14133,
        "map_at_1": 0.02363,
        "map_at_3": 0.03173,
        "map_at_5": 0.03497,
        "map_at_10": 0.0395,
        "map_at_20": 0.04291,
        "map_at_100": 0.04641,
        "map_at_1000": 0.04793,
        "recall_at_1": 0.02363,
        "recall_at_3": 0.04031,
        "recall_at_5": 0.05238,
        "recall_at_10": 0.08205,
        "recall_at_20": 0.12156,
        "recall_at_100": 0.24513,
        "recall_at_1000": 0.51012,
        "precision_at_1": 0.05556,
        "precision_at_3": 0.03344,
        "precision_at_5": 0.02654,
        "precision_at_10": 0.02006,
        "precision_at_20": 0.01458,
        "precision_at_100": 0.00596,
        "precision_at_1000": 0.0013,
        "mrr_at_1": 0.055556,
        "mrr_at_3": 0.067901,
        "mrr_at_5": 0.073765,
        "mrr_at_10": 0.080114,
        "mrr_at_20": 0.084656,
        "mrr_at_100": 0.088859,
        "mrr_at_1000": 0.08996,
        "nauc_ndcg_at_1_max": 0.20737,
        "nauc_ndcg_at_1_std": 0.075653,
        "nauc_ndcg_at_1_diff1": 0.306703,
        "nauc_ndcg_at_3_max": 0.178471,
        "nauc_ndcg_at_3_std": 0.054326,
        "nauc_ndcg_at_3_diff1": 0.24833,
        "nauc_ndcg_at_5_max": 0.161394,
        "nauc_ndcg_at_5_std": 0.056583,
        "nauc_ndcg_at_5_diff1": 0.208339,
        "nauc_ndcg_at_10_max": 0.120264,
        "nauc_ndcg_at_10_std": 0.051934,
        "nauc_ndcg_at_10_diff1": 0.187521,
        "nauc_ndcg_at_20_max": 0.114934,
        "nauc_ndcg_at_20_std": 0.072839,
        "nauc_ndcg_at_20_diff1": 0.152412,
        "nauc_ndcg_at_100_max": 0.123916,
        "nauc_ndcg_at_100_std": 0.09407,
        "nauc_ndcg_at_100_diff1": 0.13556,
        "nauc_ndcg_at_1000_max": 0.144693,
        "nauc_ndcg_at_1000_std": 0.129276,
        "nauc_ndcg_at_1000_diff1": 0.136211,
        "nauc_map_at_1_max": 0.166662,
        "nauc_map_at_1_std": 0.080277,
        "nauc_map_at_1_diff1": 0.344103,
        "nauc_map_at_3_max": 0.1624,
        "nauc_map_at_3_std": 0.04232,
        "nauc_map_at_3_diff1": 0.290647,
        "nauc_map_at_5_max": 0.160631,
        "nauc_map_at_5_std": 0.0465,
        "nauc_map_at_5_diff1": 0.252513,
        "nauc_map_at_10_max": 0.140685,
        "nauc_map_at_10_std": 0.047932,
        "nauc_map_at_10_diff1": 0.237623,
        "nauc_map_at_20_max": 0.136594,
        "nauc_map_at_20_std": 0.058634,
        "nauc_map_at_20_diff1": 0.219254,
        "nauc_map_at_100_max": 0.138299,
        "nauc_map_at_100_std": 0.063792,
        "nauc_map_at_100_diff1": 0.214498,
        "nauc_map_at_1000_max": 0.139558,
        "nauc_map_at_1000_std": 0.067272,
        "nauc_map_at_1000_diff1": 0.213304,
        "nauc_recall_at_1_max": 0.166662,
        "nauc_recall_at_1_std": 0.080277,
        "nauc_recall_at_1_diff1": 0.344103,
        "nauc_recall_at_3_max": 0.133006,
        "nauc_recall_at_3_std": 0.01887,
        "nauc_recall_at_3_diff1": 0.225341,
        "nauc_recall_at_5_max": 0.13601,
        "nauc_recall_at_5_std": 0.047363,
        "nauc_recall_at_5_diff1": 0.144596,
        "nauc_recall_at_10_max": 0.064555,
        "nauc_recall_at_10_std": 0.046908,
        "nauc_recall_at_10_diff1": 0.111208,
        "nauc_recall_at_20_max": 0.06913,
        "nauc_recall_at_20_std": 0.090317,
        "nauc_recall_at_20_diff1": 0.060586,
        "nauc_recall_at_100_max": 0.073993,
        "nauc_recall_at_100_std": 0.11281,
        "nauc_recall_at_100_diff1": 0.033159,
        "nauc_recall_at_1000_max": 0.106545,
        "nauc_recall_at_1000_std": 0.19577,
        "nauc_recall_at_1000_diff1": 0.044929,
        "nauc_precision_at_1_max": 0.20737,
        "nauc_precision_at_1_std": 0.075653,
        "nauc_precision_at_1_diff1": 0.306703,
        "nauc_precision_at_3_max": 0.181777,
        "nauc_precision_at_3_std": 0.056121,
        "nauc_precision_at_3_diff1": 0.206049,
        "nauc_precision_at_5_max": 0.161828,
        "nauc_precision_at_5_std": 0.067681,
        "nauc_precision_at_5_diff1": 0.154557,
        "nauc_precision_at_10_max": 0.134838,
        "nauc_precision_at_10_std": 0.068155,
        "nauc_precision_at_10_diff1": 0.116891,
        "nauc_precision_at_20_max": 0.122136,
        "nauc_precision_at_20_std": 0.097603,
        "nauc_precision_at_20_diff1": 0.060277,
        "nauc_precision_at_100_max": 0.176118,
        "nauc_precision_at_100_std": 0.168535,
        "nauc_precision_at_100_diff1": 0.06322,
        "nauc_precision_at_1000_max": 0.218804,
        "nauc_precision_at_1000_std": 0.17897,
        "nauc_precision_at_1000_diff1": 0.053905,
        "nauc_mrr_at_1_max": 0.20737,
        "nauc_mrr_at_1_std": 0.075653,
        "nauc_mrr_at_1_diff1": 0.306703,
        "nauc_mrr_at_3_max": 0.182196,
        "nauc_mrr_at_3_std": 0.063194,
        "nauc_mrr_at_3_diff1": 0.25716,
        "nauc_mrr_at_5_max": 0.174185,
        "nauc_mrr_at_5_std": 0.067528,
        "nauc_mrr_at_5_diff1": 0.235382,
        "nauc_mrr_at_10_max": 0.158109,
        "nauc_mrr_at_10_std": 0.060472,
        "nauc_mrr_at_10_diff1": 0.2152,
        "nauc_mrr_at_20_max": 0.155564,
        "nauc_mrr_at_20_std": 0.06471,
        "nauc_mrr_at_20_diff1": 0.203916,
        "nauc_mrr_at_100_max": 0.158419,
        "nauc_mrr_at_100_std": 0.065309,
        "nauc_mrr_at_100_diff1": 0.201263,
        "nauc_mrr_at_1000_max": 0.158128,
        "nauc_mrr_at_1000_std": 0.065777,
        "nauc_mrr_at_1000_diff1": 0.201238,
        "main_score": 0.0597,
        "hf_subset": "default",
        "languages": [
          "tur-Latn"
        ]
      }
    ]
  },
  "evaluation_time": 654.4379110336304,
  "kg_co2_emissions": null
}