{
  "dataset_revision": "main",
  "task_name": "MSMarcoTRRetrieval",
  "mteb_version": "1.31.3",
  "scores": {
    "test": [
      {
        "ndcg_at_1": 0.38813,
        "ndcg_at_3": 0.43056,
        "ndcg_at_5": 0.43987,
        "ndcg_at_10": 0.44772,
        "ndcg_at_20": 0.45246,
        "ndcg_at_100": 0.45974,
        "ndcg_at_1000": 0.463,
        "map_at_1": 0.38813,
        "map_at_3": 0.42043,
        "map_at_5": 0.42561,
        "map_at_10": 0.42898,
        "map_at_20": 0.43029,
        "map_at_100": 0.43133,
        "map_at_1000": 0.43145,
        "recall_at_1": 0.38813,
        "recall_at_3": 0.45976,
        "recall_at_5": 0.48234,
        "recall_at_10": 0.50589,
        "recall_at_20": 0.52453,
        "recall_at_100": 0.5633,
        "recall_at_1000": 0.5893,
        "precision_at_1": 0.38813,
        "precision_at_3": 0.15325,
        "precision_at_5": 0.09647,
        "precision_at_10": 0.05059,
        "precision_at_20": 0.02623,
        "precision_at_100": 0.00563,
        "precision_at_1000": 0.00059,
        "mrr_at_1": 0.388126,
        "mrr_at_3": 0.420429,
        "mrr_at_5": 0.425605,
        "mrr_at_10": 0.428977,
        "mrr_at_20": 0.430292,
        "mrr_at_100": 0.431332,
        "mrr_at_1000": 0.431448,
        "nauc_ndcg_at_1_max": 0.631087,
        "nauc_ndcg_at_1_std": 0.257116,
        "nauc_ndcg_at_1_diff1": 0.748687,
        "nauc_ndcg_at_3_max": 0.618656,
        "nauc_ndcg_at_3_std": 0.274357,
        "nauc_ndcg_at_3_diff1": 0.704369,
        "nauc_ndcg_at_5_max": 0.612661,
        "nauc_ndcg_at_5_std": 0.276789,
        "nauc_ndcg_at_5_diff1": 0.694317,
        "nauc_ndcg_at_10_max": 0.605396,
        "nauc_ndcg_at_10_std": 0.276962,
        "nauc_ndcg_at_10_diff1": 0.687458,
        "nauc_ndcg_at_20_max": 0.600477,
        "nauc_ndcg_at_20_std": 0.272522,
        "nauc_ndcg_at_20_diff1": 0.68411,
        "nauc_ndcg_at_100_max": 0.592611,
        "nauc_ndcg_at_100_std": 0.264692,
        "nauc_ndcg_at_100_diff1": 0.678176,
        "nauc_ndcg_at_1000_max": 0.587647,
        "nauc_ndcg_at_1000_std": 0.259657,
        "nauc_ndcg_at_1000_diff1": 0.675583,
        "nauc_map_at_1_max": 0.631087,
        "nauc_map_at_1_std": 0.257116,
        "nauc_map_at_1_diff1": 0.748687,
        "nauc_map_at_3_max": 0.622342,
        "nauc_map_at_3_std": 0.271033,
        "nauc_map_at_3_diff1": 0.715278,
        "nauc_map_at_5_max": 0.619013,
        "nauc_map_at_5_std": 0.272281,
        "nauc_map_at_5_diff1": 0.709728,
        "nauc_map_at_10_max": 0.615968,
        "nauc_map_at_10_std": 0.272416,
        "nauc_map_at_10_diff1": 0.706819,
        "nauc_map_at_20_max": 0.614644,
        "nauc_map_at_20_std": 0.271254,
        "nauc_map_at_20_diff1": 0.705888,
        "nauc_map_at_100_max": 0.613599,
        "nauc_map_at_100_std": 0.270297,
        "nauc_map_at_100_diff1": 0.705091,
        "nauc_map_at_1000_max": 0.613434,
        "nauc_map_at_1000_std": 0.270124,
        "nauc_map_at_1000_diff1": 0.705005,
        "nauc_recall_at_1_max": 0.631087,
        "nauc_recall_at_1_std": 0.257116,
        "nauc_recall_at_1_diff1": 0.748687,
        "nauc_recall_at_3_max": 0.607649,
        "nauc_recall_at_3_std": 0.283675,
        "nauc_recall_at_3_diff1": 0.67255,
        "nauc_recall_at_5_max": 0.592931,
        "nauc_recall_at_5_std": 0.2901,
        "nauc_recall_at_5_diff1": 0.647671,
        "nauc_recall_at_10_max": 0.570185,
        "nauc_recall_at_10_std": 0.290422,
        "nauc_recall_at_10_diff1": 0.626093,
        "nauc_recall_at_20_max": 0.549398,
        "nauc_recall_at_20_std": 0.27213,
        "nauc_recall_at_20_diff1": 0.611573,
        "nauc_recall_at_100_max": 0.501743,
        "nauc_recall_at_100_std": 0.225333,
        "nauc_recall_at_100_diff1": 0.574481,
        "nauc_recall_at_1000_max": 0.455081,
        "nauc_recall_at_1000_std": 0.179765,
        "nauc_recall_at_1000_diff1": 0.54849,
        "nauc_precision_at_1_max": 0.631087,
        "nauc_precision_at_1_std": 0.257116,
        "nauc_precision_at_1_diff1": 0.748687,
        "nauc_precision_at_3_max": 0.607649,
        "nauc_precision_at_3_std": 0.283675,
        "nauc_precision_at_3_diff1": 0.67255,
        "nauc_precision_at_5_max": 0.592931,
        "nauc_precision_at_5_std": 0.2901,
        "nauc_precision_at_5_diff1": 0.647671,
        "nauc_precision_at_10_max": 0.570185,
        "nauc_precision_at_10_std": 0.290422,
        "nauc_precision_at_10_diff1": 0.626093,
        "nauc_precision_at_20_max": 0.549398,
        "nauc_precision_at_20_std": 0.27213,
        "nauc_precision_at_20_diff1": 0.611573,
        "nauc_precision_at_100_max": 0.501743,
        "nauc_precision_at_100_std": 0.225333,
        "nauc_precision_at_100_diff1": 0.574481,
        "nauc_precision_at_1000_max": 0.455081,
        "nauc_precision_at_1000_std": 0.179765,
        "nauc_precision_at_1000_diff1": 0.54849,
        "nauc_mrr_at_1_max": 0.631087,
        "nauc_mrr_at_1_std": 0.257116,
        "nauc_mrr_at_1_diff1": 0.748687,
        "nauc_mrr_at_3_max": 0.622342,
        "nauc_mrr_at_3_std": 0.271033,
        "nauc_mrr_at_3_diff1": 0.715278,
        "nauc_mrr_at_5_max": 0.619013,
        "nauc_mrr_at_5_std": 0.272281,
        "nauc_mrr_at_5_diff1": 0.709728,
        "nauc_mrr_at_10_max": 0.615968,
        "nauc_mrr_at_10_std": 0.272416,
        "nauc_mrr_at_10_diff1": 0.706819,
        "nauc_mrr_at_20_max": 0.614644,
        "nauc_mrr_at_20_std": 0.271254,
        "nauc_mrr_at_20_diff1": 0.705888,
        "nauc_mrr_at_100_max": 0.613599,
        "nauc_mrr_at_100_std": 0.270297,
        "nauc_mrr_at_100_diff1": 0.705091,
        "nauc_mrr_at_1000_max": 0.613434,
        "nauc_mrr_at_1000_std": 0.270124,
        "nauc_mrr_at_1000_diff1": 0.705005,
        "main_score": 0.44772,
        "hf_subset": "default",
        "languages": [
          "tur-Latn"
        ]
      }
    ]
  },
  "evaluation_time": 12.186087846755981,
  "kg_co2_emissions": null
}