{
  "dataset_revision": "main",
  "task_name": "NFCorpusTR",
  "mteb_version": "1.31.3",
  "scores": {
    "test": [
      {
        "ndcg_at_1": 0.21827,
        "ndcg_at_3": 0.19955,
        "ndcg_at_5": 0.18633,
        "ndcg_at_10": 0.16939,
        "ndcg_at_20": 0.15837,
        "ndcg_at_100": 0.16751,
        "ndcg_at_1000": 0.26245,
        "map_at_1": 0.02309,
        "map_at_3": 0.03501,
        "map_at_5": 0.04009,
        "map_at_10": 0.04633,
        "map_at_20": 0.05168,
        "map_at_100": 0.06222,
        "map_at_1000": 0.07299,
        "recall_at_1": 0.02309,
        "recall_at_3": 0.04122,
        "recall_at_5": 0.05291,
        "recall_at_10": 0.07078,
        "recall_at_20": 0.09634,
        "recall_at_100": 0.19834,
        "recall_at_1000": 0.53092,
        "precision_at_1": 0.2291,
        "precision_at_3": 0.19298,
        "precision_at_5": 0.16656,
        "precision_at_10": 0.13158,
        "precision_at_20": 0.10124,
        "precision_at_100": 0.05211,
        "precision_at_1000": 0.01807,
        "mrr_at_1": 0.229102,
        "mrr_at_3": 0.288958,
        "mrr_at_5": 0.302425,
        "mrr_at_10": 0.312304,
        "mrr_at_20": 0.318293,
        "mrr_at_100": 0.322248,
        "mrr_at_1000": 0.322954,
        "nauc_ndcg_at_1_max": 0.177357,
        "nauc_ndcg_at_1_std": 0.234416,
        "nauc_ndcg_at_1_diff1": 0.232173,
        "nauc_ndcg_at_3_max": 0.170843,
        "nauc_ndcg_at_3_std": 0.264902,
        "nauc_ndcg_at_3_diff1": 0.231684,
        "nauc_ndcg_at_5_max": 0.174955,
        "nauc_ndcg_at_5_std": 0.264794,
        "nauc_ndcg_at_5_diff1": 0.226021,
        "nauc_ndcg_at_10_max": 0.17655,
        "nauc_ndcg_at_10_std": 0.278351,
        "nauc_ndcg_at_10_diff1": 0.21618,
        "nauc_ndcg_at_20_max": 0.187947,
        "nauc_ndcg_at_20_std": 0.30284,
        "nauc_ndcg_at_20_diff1": 0.216028,
        "nauc_ndcg_at_100_max": 0.185734,
        "nauc_ndcg_at_100_std": 0.339134,
        "nauc_ndcg_at_100_diff1": 0.239319,
        "nauc_ndcg_at_1000_max": 0.23429,
        "nauc_ndcg_at_1000_std": 0.386082,
        "nauc_ndcg_at_1000_diff1": 0.244996,
        "nauc_map_at_1_max": 0.033304,
        "nauc_map_at_1_std": 0.265072,
        "nauc_map_at_1_diff1": 0.481532,
        "nauc_map_at_3_max": 0.075108,
        "nauc_map_at_3_std": 0.264147,
        "nauc_map_at_3_diff1": 0.464519,
        "nauc_map_at_5_max": 0.093348,
        "nauc_map_at_5_std": 0.266692,
        "nauc_map_at_5_diff1": 0.436904,
        "nauc_map_at_10_max": 0.076973,
        "nauc_map_at_10_std": 0.25407,
        "nauc_map_at_10_diff1": 0.38854,
        "nauc_map_at_20_max": 0.088458,
        "nauc_map_at_20_std": 0.277911,
        "nauc_map_at_20_diff1": 0.358592,
        "nauc_map_at_100_max": 0.115023,
        "nauc_map_at_100_std": 0.303837,
        "nauc_map_at_100_diff1": 0.332759,
        "nauc_map_at_1000_max": 0.12254,
        "nauc_map_at_1000_std": 0.317949,
        "nauc_map_at_1000_diff1": 0.31514,
        "nauc_recall_at_1_max": 0.033304,
        "nauc_recall_at_1_std": 0.265072,
        "nauc_recall_at_1_diff1": 0.481532,
        "nauc_recall_at_3_max": 0.083511,
        "nauc_recall_at_3_std": 0.266693,
        "nauc_recall_at_3_diff1": 0.448509,
        "nauc_recall_at_5_max": 0.139655,
        "nauc_recall_at_5_std": 0.274282,
        "nauc_recall_at_5_diff1": 0.412379,
        "nauc_recall_at_10_max": 0.117833,
        "nauc_recall_at_10_std": 0.236446,
        "nauc_recall_at_10_diff1": 0.304025,
        "nauc_recall_at_20_max": 0.106687,
        "nauc_recall_at_20_std": 0.284348,
        "nauc_recall_at_20_diff1": 0.217582,
        "nauc_recall_at_100_max": 0.142077,
        "nauc_recall_at_100_std": 0.297845,
        "nauc_recall_at_100_diff1": 0.185358,
        "nauc_recall_at_1000_max": 0.132169,
        "nauc_recall_at_1000_std": 0.208869,
        "nauc_recall_at_1000_diff1": 0.170986,
        "nauc_precision_at_1_max": 0.191442,
        "nauc_precision_at_1_std": 0.243672,
        "nauc_precision_at_1_diff1": 0.233022,
        "nauc_precision_at_3_max": 0.18637,
        "nauc_precision_at_3_std": 0.267725,
        "nauc_precision_at_3_diff1": 0.198901,
        "nauc_precision_at_5_max": 0.186302,
        "nauc_precision_at_5_std": 0.247356,
        "nauc_precision_at_5_diff1": 0.156908,
        "nauc_precision_at_10_max": 0.177453,
        "nauc_precision_at_10_std": 0.280145,
        "nauc_precision_at_10_diff1": 0.100275,
        "nauc_precision_at_20_max": 0.190597,
        "nauc_precision_at_20_std": 0.298439,
        "nauc_precision_at_20_diff1": 0.060081,
        "nauc_precision_at_100_max": 0.177349,
        "nauc_precision_at_100_std": 0.299428,
        "nauc_precision_at_100_diff1": 0.01903,
        "nauc_precision_at_1000_max": 0.08237,
        "nauc_precision_at_1000_std": 0.220004,
        "nauc_precision_at_1000_diff1": 0.022668,
        "nauc_mrr_at_1_max": 0.191442,
        "nauc_mrr_at_1_std": 0.243672,
        "nauc_mrr_at_1_diff1": 0.233022,
        "nauc_mrr_at_3_max": 0.185513,
        "nauc_mrr_at_3_std": 0.276117,
        "nauc_mrr_at_3_diff1": 0.223259,
        "nauc_mrr_at_5_max": 0.198038,
        "nauc_mrr_at_5_std": 0.281895,
        "nauc_mrr_at_5_diff1": 0.222129,
        "nauc_mrr_at_10_max": 0.208064,
        "nauc_mrr_at_10_std": 0.291386,
        "nauc_mrr_at_10_diff1": 0.215201,
        "nauc_mrr_at_20_max": 0.207471,
        "nauc_mrr_at_20_std": 0.292723,
        "nauc_mrr_at_20_diff1": 0.211624,
        "nauc_mrr_at_100_max": 0.208102,
        "nauc_mrr_at_100_std": 0.29383,
        "nauc_mrr_at_100_diff1": 0.21311,
        "nauc_mrr_at_1000_max": 0.207927,
        "nauc_mrr_at_1000_std": 0.293466,
        "nauc_mrr_at_1000_diff1": 0.21343,
        "main_score": 0.16939,
        "hf_subset": "default",
        "languages": [
          "tur-Latn"
        ]
      }
    ]
  },
  "evaluation_time": 54.609795808792114,
  "kg_co2_emissions": null
}