{
  "dataset_revision": "main",
  "task_name": "QuoraRetrievalTR",
  "mteb_version": "1.31.3",
  "scores": {
    "test": [
      {
        "ndcg_at_1": 0.6423,
        "ndcg_at_3": 0.69137,
        "ndcg_at_5": 0.71207,
        "ndcg_at_10": 0.73176,
        "ndcg_at_20": 0.74442,
        "ndcg_at_100": 0.75924,
        "ndcg_at_1000": 0.76543,
        "map_at_1": 0.55761,
        "map_at_3": 0.65088,
        "map_at_5": 0.66886,
        "map_at_10": 0.68079,
        "map_at_20": 0.68615,
        "map_at_100": 0.68954,
        "map_at_1000": 0.68998,
        "recall_at_1": 0.55761,
        "recall_at_3": 0.72035,
        "recall_at_5": 0.77615,
        "recall_at_10": 0.83445,
        "recall_at_20": 0.87811,
        "recall_at_100": 0.94382,
        "recall_at_1000": 0.98264,
        "precision_at_1": 0.6423,
        "precision_at_3": 0.30257,
        "precision_at_5": 0.202,
        "precision_at_10": 0.11281,
        "precision_at_20": 0.06162,
        "precision_at_100": 0.01406,
        "precision_at_1000": 0.00152,
        "mrr_at_1": 0.6416,
        "mrr_at_3": 0.706283,
        "mrr_at_5": 0.717283,
        "mrr_at_10": 0.723894,
        "mrr_at_20": 0.726149,
        "mrr_at_100": 0.727347,
        "mrr_at_1000": 0.727473,
        "nauc_ndcg_at_1_max": 0.331514,
        "nauc_ndcg_at_1_std": -0.249057,
        "nauc_ndcg_at_1_diff1": 0.708619,
        "nauc_ndcg_at_3_max": 0.316987,
        "nauc_ndcg_at_3_std": -0.260442,
        "nauc_ndcg_at_3_diff1": 0.659422,
        "nauc_ndcg_at_5_max": 0.317657,
        "nauc_ndcg_at_5_std": -0.264617,
        "nauc_ndcg_at_5_diff1": 0.656176,
        "nauc_ndcg_at_10_max": 0.322403,
        "nauc_ndcg_at_10_std": -0.262776,
        "nauc_ndcg_at_10_diff1": 0.659087,
        "nauc_ndcg_at_20_max": 0.323688,
        "nauc_ndcg_at_20_std": -0.256607,
        "nauc_ndcg_at_20_diff1": 0.659309,
        "nauc_ndcg_at_100_max": 0.331444,
        "nauc_ndcg_at_100_std": -0.242588,
        "nauc_ndcg_at_100_diff1": 0.662134,
        "nauc_ndcg_at_1000_max": 0.3326,
        "nauc_ndcg_at_1000_std": -0.242206,
        "nauc_ndcg_at_1000_diff1": 0.663258,
        "nauc_map_at_1_max": 0.25636,
        "nauc_map_at_1_std": -0.267058,
        "nauc_map_at_1_diff1": 0.704987,
        "nauc_map_at_3_max": 0.294558,
        "nauc_map_at_3_std": -0.278501,
        "nauc_map_at_3_diff1": 0.67247,
        "nauc_map_at_5_max": 0.301774,
        "nauc_map_at_5_std": -0.27628,
        "nauc_map_at_5_diff1": 0.667796,
        "nauc_map_at_10_max": 0.307185,
        "nauc_map_at_10_std": -0.27262,
        "nauc_map_at_10_diff1": 0.66851,
        "nauc_map_at_20_max": 0.309234,
        "nauc_map_at_20_std": -0.268206,
        "nauc_map_at_20_diff1": 0.667835,
        "nauc_map_at_100_max": 0.311626,
        "nauc_map_at_100_std": -0.263823,
        "nauc_map_at_100_diff1": 0.667744,
        "nauc_map_at_1000_max": 0.311857,
        "nauc_map_at_1000_std": -0.263415,
        "nauc_map_at_1000_diff1": 0.667742,
        "nauc_recall_at_1_max": 0.25636,
        "nauc_recall_at_1_std": -0.267058,
        "nauc_recall_at_1_diff1": 0.704987,
        "nauc_recall_at_3_max": 0.284644,
        "nauc_recall_at_3_std": -0.279261,
        "nauc_recall_at_3_diff1": 0.618851,
        "nauc_recall_at_5_max": 0.289223,
        "nauc_recall_at_5_std": -0.282633,
        "nauc_recall_at_5_diff1": 0.590611,
        "nauc_recall_at_10_max": 0.302225,
        "nauc_recall_at_10_std": -0.275567,
        "nauc_recall_at_10_diff1": 0.577044,
        "nauc_recall_at_20_max": 0.299957,
        "nauc_recall_at_20_std": -0.247198,
        "nauc_recall_at_20_diff1": 0.561417,
        "nauc_recall_at_100_max": 0.367121,
        "nauc_recall_at_100_std": -0.077514,
        "nauc_recall_at_100_diff1": 0.544356,
        "nauc_recall_at_1000_max": 0.477553,
        "nauc_recall_at_1000_std": 0.139069,
        "nauc_recall_at_1000_diff1": 0.503817,
        "nauc_precision_at_1_max": 0.331514,
        "nauc_precision_at_1_std": -0.249057,
        "nauc_precision_at_1_diff1": 0.708619,
        "nauc_precision_at_3_max": 0.236112,
        "nauc_precision_at_3_std": -0.068743,
        "nauc_precision_at_3_diff1": 0.190147,
        "nauc_precision_at_5_max": 0.201898,
        "nauc_precision_at_5_std": 0.004764,
        "nauc_precision_at_5_diff1": 0.051581,
        "nauc_precision_at_10_max": 0.161221,
        "nauc_precision_at_10_std": 0.090723,
        "nauc_precision_at_10_diff1": -0.072328,
        "nauc_precision_at_20_max": 0.124543,
        "nauc_precision_at_20_std": 0.16881,
        "nauc_precision_at_20_diff1": -0.162925,
        "nauc_precision_at_100_max": 0.086745,
        "nauc_precision_at_100_std": 0.273893,
        "nauc_precision_at_100_diff1": -0.264672,
        "nauc_precision_at_1000_max": 0.061283,
        "nauc_precision_at_1000_std": 0.294208,
        "nauc_precision_at_1000_diff1": -0.30766,
        "nauc_mrr_at_1_max": 0.327679,
        "nauc_mrr_at_1_std": -0.252833,
        "nauc_mrr_at_1_diff1": 0.710077,
        "nauc_mrr_at_3_max": 0.342657,
        "nauc_mrr_at_3_std": -0.244715,
        "nauc_mrr_at_3_diff1": 0.683084,
        "nauc_mrr_at_5_max": 0.342532,
        "nauc_mrr_at_5_std": -0.246171,
        "nauc_mrr_at_5_diff1": 0.681447,
        "nauc_mrr_at_10_max": 0.343741,
        "nauc_mrr_at_10_std": -0.245312,
        "nauc_mrr_at_10_diff1": 0.68229,
        "nauc_mrr_at_20_max": 0.343228,
        "nauc_mrr_at_20_std": -0.244919,
        "nauc_mrr_at_20_diff1": 0.68258,
        "nauc_mrr_at_100_max": 0.343212,
        "nauc_mrr_at_100_std": -0.24465,
        "nauc_mrr_at_100_diff1": 0.682999,
        "nauc_mrr_at_1000_max": 0.343151,
        "nauc_mrr_at_1000_std": -0.244733,
        "nauc_mrr_at_1000_diff1": 0.683053,
        "main_score": 0.73176,
        "hf_subset": "default",
        "languages": [
          "tur-Latn"
        ]
      }
    ]
  },
  "evaluation_time": 924.1982960700989,
  "kg_co2_emissions": null
}