{
  "dataset_revision": "main",
  "task_name": "SCIDOCSTR",
  "mteb_version": "1.31.3",
  "scores": {
    "test": [
      {
        "ndcg_at_1": 0.078,
        "ndcg_at_3": 0.06693,
        "ndcg_at_5": 0.06036,
        "ndcg_at_10": 0.07228,
        "ndcg_at_20": 0.08564,
        "ndcg_at_100": 0.11923,
        "ndcg_at_1000": 0.16864,
        "map_at_1": 0.01588,
        "map_at_3": 0.02837,
        "map_at_5": 0.03374,
        "map_at_10": 0.0385,
        "map_at_20": 0.04204,
        "map_at_100": 0.0469,
        "map_at_1000": 0.04897,
        "recall_at_1": 0.01588,
        "recall_at_3": 0.03873,
        "recall_at_5": 0.05537,
        "recall_at_10": 0.07737,
        "recall_at_20": 0.10935,
        "recall_at_100": 0.21965,
        "recall_at_1000": 0.46443,
        "precision_at_1": 0.078,
        "precision_at_3": 0.06367,
        "precision_at_5": 0.0544,
        "precision_at_10": 0.038,
        "precision_at_20": 0.02675,
        "precision_at_100": 0.0108,
        "precision_at_1000": 0.00228,
        "mrr_at_1": 0.078,
        "mrr_at_3": 0.113167,
        "mrr_at_5": 0.125767,
        "mrr_at_10": 0.133604,
        "mrr_at_20": 0.139582,
        "mrr_at_100": 0.144816,
        "mrr_at_1000": 0.145973,
        "nauc_ndcg_at_1_max": 0.26995,
        "nauc_ndcg_at_1_std": 0.087604,
        "nauc_ndcg_at_1_diff1": 0.219961,
        "nauc_ndcg_at_3_max": 0.28736,
        "nauc_ndcg_at_3_std": 0.151092,
        "nauc_ndcg_at_3_diff1": 0.192206,
        "nauc_ndcg_at_5_max": 0.302074,
        "nauc_ndcg_at_5_std": 0.191902,
        "nauc_ndcg_at_5_diff1": 0.189966,
        "nauc_ndcg_at_10_max": 0.294702,
        "nauc_ndcg_at_10_std": 0.210933,
        "nauc_ndcg_at_10_diff1": 0.17284,
        "nauc_ndcg_at_20_max": 0.295436,
        "nauc_ndcg_at_20_std": 0.228843,
        "nauc_ndcg_at_20_diff1": 0.164908,
        "nauc_ndcg_at_100_max": 0.299588,
        "nauc_ndcg_at_100_std": 0.267044,
        "nauc_ndcg_at_100_diff1": 0.158232,
        "nauc_ndcg_at_1000_max": 0.307663,
        "nauc_ndcg_at_1000_std": 0.308064,
        "nauc_ndcg_at_1000_diff1": 0.153181,
        "nauc_map_at_1_max": 0.276765,
        "nauc_map_at_1_std": 0.081997,
        "nauc_map_at_1_diff1": 0.226887,
        "nauc_map_at_3_max": 0.302598,
        "nauc_map_at_3_std": 0.148492,
        "nauc_map_at_3_diff1": 0.212421,
        "nauc_map_at_5_max": 0.317146,
        "nauc_map_at_5_std": 0.185512,
        "nauc_map_at_5_diff1": 0.217253,
        "nauc_map_at_10_max": 0.317613,
        "nauc_map_at_10_std": 0.207081,
        "nauc_map_at_10_diff1": 0.20098,
        "nauc_map_at_20_max": 0.318478,
        "nauc_map_at_20_std": 0.22028,
        "nauc_map_at_20_diff1": 0.198948,
        "nauc_map_at_100_max": 0.319637,
        "nauc_map_at_100_std": 0.238521,
        "nauc_map_at_100_diff1": 0.198099,
        "nauc_map_at_1000_max": 0.321109,
        "nauc_map_at_1000_std": 0.244595,
        "nauc_map_at_1000_diff1": 0.196058,
        "nauc_recall_at_1_max": 0.276765,
        "nauc_recall_at_1_std": 0.081997,
        "nauc_recall_at_1_diff1": 0.226887,
        "nauc_recall_at_3_max": 0.293176,
        "nauc_recall_at_3_std": 0.173306,
        "nauc_recall_at_3_diff1": 0.182627,
        "nauc_recall_at_5_max": 0.313893,
        "nauc_recall_at_5_std": 0.237304,
        "nauc_recall_at_5_diff1": 0.178861,
        "nauc_recall_at_10_max": 0.288804,
        "nauc_recall_at_10_std": 0.254592,
        "nauc_recall_at_10_diff1": 0.144263,
        "nauc_recall_at_20_max": 0.281841,
        "nauc_recall_at_20_std": 0.275532,
        "nauc_recall_at_20_diff1": 0.128145,
        "nauc_recall_at_100_max": 0.27391,
        "nauc_recall_at_100_std": 0.318827,
        "nauc_recall_at_100_diff1": 0.110438,
        "nauc_recall_at_1000_max": 0.25894,
        "nauc_recall_at_1000_std": 0.381889,
        "nauc_recall_at_1000_diff1": 0.089811,
        "nauc_precision_at_1_max": 0.26995,
        "nauc_precision_at_1_std": 0.087604,
        "nauc_precision_at_1_diff1": 0.219961,
        "nauc_precision_at_3_max": 0.291634,
        "nauc_precision_at_3_std": 0.178041,
        "nauc_precision_at_3_diff1": 0.182555,
        "nauc_precision_at_5_max": 0.309317,
        "nauc_precision_at_5_std": 0.240937,
        "nauc_precision_at_5_diff1": 0.179366,
        "nauc_precision_at_10_max": 0.28507,
        "nauc_precision_at_10_std": 0.260459,
        "nauc_precision_at_10_diff1": 0.145765,
        "nauc_precision_at_20_max": 0.280571,
        "nauc_precision_at_20_std": 0.279536,
        "nauc_precision_at_20_diff1": 0.132135,
        "nauc_precision_at_100_max": 0.27008,
        "nauc_precision_at_100_std": 0.320654,
        "nauc_precision_at_100_diff1": 0.115565,
        "nauc_precision_at_1000_max": 0.252394,
        "nauc_precision_at_1000_std": 0.380936,
        "nauc_precision_at_1000_diff1": 0.098382,
        "nauc_mrr_at_1_max": 0.26995,
        "nauc_mrr_at_1_std": 0.087604,
        "nauc_mrr_at_1_diff1": 0.219961,
        "nauc_mrr_at_3_max": 0.269133,
        "nauc_mrr_at_3_std": 0.122951,
        "nauc_mrr_at_3_diff1": 0.183892,
        "nauc_mrr_at_5_max": 0.270199,
        "nauc_mrr_at_5_std": 0.144646,
        "nauc_mrr_at_5_diff1": 0.173501,
        "nauc_mrr_at_10_max": 0.263378,
        "nauc_mrr_at_10_std": 0.147715,
        "nauc_mrr_at_10_diff1": 0.170275,
        "nauc_mrr_at_20_max": 0.265178,
        "nauc_mrr_at_20_std": 0.152113,
        "nauc_mrr_at_20_diff1": 0.165815,
        "nauc_mrr_at_100_max": 0.265788,
        "nauc_mrr_at_100_std": 0.153647,
        "nauc_mrr_at_100_diff1": 0.164385,
        "nauc_mrr_at_1000_max": 0.265708,
        "nauc_mrr_at_1000_std": 0.153681,
        "nauc_mrr_at_1000_diff1": 0.1647,
        "main_score": 0.07228,
        "hf_subset": "default",
        "languages": [
          "tur-Latn"
        ]
      }
    ]
  },
  "evaluation_time": 421.24950885772705,
  "kg_co2_emissions": null
}