{
  "dataset_revision": "main",
  "task_name": "SciFactTR",
  "mteb_version": "1.31.3",
  "scores": {
    "test": [
      {
        "ndcg_at_1": 0.31,
        "ndcg_at_3": 0.35686,
        "ndcg_at_5": 0.38165,
        "ndcg_at_10": 0.40672,
        "ndcg_at_20": 0.42375,
        "ndcg_at_100": 0.45036,
        "ndcg_at_1000": 0.4735,
        "map_at_1": 0.29678,
        "map_at_3": 0.33818,
        "map_at_5": 0.35291,
        "map_at_10": 0.36415,
        "map_at_20": 0.3689,
        "map_at_100": 0.3728,
        "map_at_1000": 0.37357,
        "recall_at_1": 0.29678,
        "recall_at_3": 0.39189,
        "recall_at_5": 0.45106,
        "recall_at_10": 0.52494,
        "recall_at_20": 0.58994,
        "recall_at_100": 0.73078,
        "recall_at_1000": 0.91533,
        "precision_at_1": 0.31,
        "precision_at_3": 0.14,
        "precision_at_5": 0.09933,
        "precision_at_10": 0.05867,
        "precision_at_20": 0.03317,
        "precision_at_100": 0.00827,
        "precision_at_1000": 0.00104,
        "mrr_at_1": 0.31,
        "mrr_at_3": 0.355556,
        "mrr_at_5": 0.369389,
        "mrr_at_10": 0.37946,
        "mrr_at_20": 0.384121,
        "mrr_at_100": 0.387232,
        "mrr_at_1000": 0.387903,
        "nauc_ndcg_at_1_max": 0.351619,
        "nauc_ndcg_at_1_std": 0.001004,
        "nauc_ndcg_at_1_diff1": 0.622244,
        "nauc_ndcg_at_3_max": 0.339716,
        "nauc_ndcg_at_3_std": 0.006966,
        "nauc_ndcg_at_3_diff1": 0.558642,
        "nauc_ndcg_at_5_max": 0.344246,
        "nauc_ndcg_at_5_std": 0.032043,
        "nauc_ndcg_at_5_diff1": 0.553597,
        "nauc_ndcg_at_10_max": 0.344195,
        "nauc_ndcg_at_10_std": 0.045878,
        "nauc_ndcg_at_10_diff1": 0.528641,
        "nauc_ndcg_at_20_max": 0.354477,
        "nauc_ndcg_at_20_std": 0.05987,
        "nauc_ndcg_at_20_diff1": 0.521444,
        "nauc_ndcg_at_100_max": 0.358304,
        "nauc_ndcg_at_100_std": 0.071509,
        "nauc_ndcg_at_100_diff1": 0.513872,
        "nauc_ndcg_at_1000_max": 0.356956,
        "nauc_ndcg_at_1000_std": 0.068795,
        "nauc_ndcg_at_1000_diff1": 0.528983,
        "nauc_map_at_1_max": 0.361867,
        "nauc_map_at_1_std": -0.003031,
        "nauc_map_at_1_diff1": 0.621881,
        "nauc_map_at_3_max": 0.342962,
        "nauc_map_at_3_std": 0.002577,
        "nauc_map_at_3_diff1": 0.574754,
        "nauc_map_at_5_max": 0.345396,
        "nauc_map_at_5_std": 0.017882,
        "nauc_map_at_5_diff1": 0.572503,
        "nauc_map_at_10_max": 0.347268,
        "nauc_map_at_10_std": 0.025369,
        "nauc_map_at_10_diff1": 0.56033,
        "nauc_map_at_20_max": 0.349745,
        "nauc_map_at_20_std": 0.028631,
        "nauc_map_at_20_diff1": 0.559125,
        "nauc_map_at_100_max": 0.351164,
        "nauc_map_at_100_std": 0.031095,
        "nauc_map_at_100_diff1": 0.557479,
        "nauc_map_at_1000_max": 0.351112,
        "nauc_map_at_1000_std": 0.030966,
        "nauc_map_at_1000_diff1": 0.557984,
        "nauc_recall_at_1_max": 0.361867,
        "nauc_recall_at_1_std": -0.003031,
        "nauc_recall_at_1_diff1": 0.621881,
        "nauc_recall_at_3_max": 0.322764,
        "nauc_recall_at_3_std": 0.005131,
        "nauc_recall_at_3_diff1": 0.514292,
        "nauc_recall_at_5_max": 0.324126,
        "nauc_recall_at_5_std": 0.054331,
        "nauc_recall_at_5_diff1": 0.495291,
        "nauc_recall_at_10_max": 0.317972,
        "nauc_recall_at_10_std": 0.090222,
        "nauc_recall_at_10_diff1": 0.417905,
        "nauc_recall_at_20_max": 0.359295,
        "nauc_recall_at_20_std": 0.14598,
        "nauc_recall_at_20_diff1": 0.377671,
        "nauc_recall_at_100_max": 0.36908,
        "nauc_recall_at_100_std": 0.247132,
        "nauc_recall_at_100_diff1": 0.291168,
        "nauc_recall_at_1000_max": 0.383092,
        "nauc_recall_at_1000_std": 0.493214,
        "nauc_recall_at_1000_diff1": 0.359731,
        "nauc_precision_at_1_max": 0.351619,
        "nauc_precision_at_1_std": 0.001004,
        "nauc_precision_at_1_diff1": 0.622244,
        "nauc_precision_at_3_max": 0.333996,
        "nauc_precision_at_3_std": 0.030724,
        "nauc_precision_at_3_diff1": 0.49312,
        "nauc_precision_at_5_max": 0.342771,
        "nauc_precision_at_5_std": 0.126511,
        "nauc_precision_at_5_diff1": 0.427226,
        "nauc_precision_at_10_max": 0.336166,
        "nauc_precision_at_10_std": 0.188288,
        "nauc_precision_at_10_diff1": 0.297041,
        "nauc_precision_at_20_max": 0.364401,
        "nauc_precision_at_20_std": 0.273199,
        "nauc_precision_at_20_diff1": 0.248246,
        "nauc_precision_at_100_max": 0.349603,
        "nauc_precision_at_100_std": 0.392566,
        "nauc_precision_at_100_diff1": 0.098003,
        "nauc_precision_at_1000_max": 0.23883,
        "nauc_precision_at_1000_std": 0.448214,
        "nauc_precision_at_1000_diff1": -0.013137,
        "nauc_mrr_at_1_max": 0.351619,
        "nauc_mrr_at_1_std": 0.001004,
        "nauc_mrr_at_1_diff1": 0.622244,
        "nauc_mrr_at_3_max": 0.347325,
        "nauc_mrr_at_3_std": 0.015819,
        "nauc_mrr_at_3_diff1": 0.574265,
        "nauc_mrr_at_5_max": 0.349974,
        "nauc_mrr_at_5_std": 0.029456,
        "nauc_mrr_at_5_diff1": 0.572721,
        "nauc_mrr_at_10_max": 0.347456,
        "nauc_mrr_at_10_std": 0.034399,
        "nauc_mrr_at_10_diff1": 0.564038,
        "nauc_mrr_at_20_max": 0.350411,
        "nauc_mrr_at_20_std": 0.038269,
        "nauc_mrr_at_20_diff1": 0.561432,
        "nauc_mrr_at_100_max": 0.350075,
        "nauc_mrr_at_100_std": 0.037257,
        "nauc_mrr_at_100_diff1": 0.560216,
        "nauc_mrr_at_1000_max": 0.349905,
        "nauc_mrr_at_1000_std": 0.037023,
        "nauc_mrr_at_1000_diff1": 0.560655,
        "main_score": 0.40672,
        "hf_subset": "default",
        "languages": [
          "tur-Latn"
        ]
      }
    ]
  },
  "evaluation_time": 108.87269592285156,
  "kg_co2_emissions": null
}