{
  "dataset_revision": "main",
  "task_name": "SquadTRRetrieval",
  "mteb_version": "1.31.3",
  "scores": {
    "test": [
      {
        "ndcg_at_1": 0.41901,
        "ndcg_at_3": 0.52746,
        "ndcg_at_5": 0.55678,
        "ndcg_at_10": 0.5836,
        "ndcg_at_20": 0.6024,
        "ndcg_at_100": 0.62244,
        "ndcg_at_1000": 0.63007,
        "map_at_1": 0.41901,
        "map_at_3": 0.50105,
        "map_at_5": 0.51732,
        "map_at_10": 0.52845,
        "map_at_20": 0.53367,
        "map_at_100": 0.53649,
        "map_at_1000": 0.53678,
        "recall_at_1": 0.41901,
        "recall_at_3": 0.60379,
        "recall_at_5": 0.67495,
        "recall_at_10": 0.75757,
        "recall_at_20": 0.8315,
        "recall_at_100": 0.93873,
        "recall_at_1000": 0.99843,
        "precision_at_1": 0.41901,
        "precision_at_3": 0.20126,
        "precision_at_5": 0.13499,
        "precision_at_10": 0.07576,
        "precision_at_20": 0.04158,
        "precision_at_100": 0.00939,
        "precision_at_1000": 0.001,
        "mrr_at_1": 0.419009,
        "mrr_at_3": 0.501045,
        "mrr_at_5": 0.517322,
        "mrr_at_10": 0.528452,
        "mrr_at_20": 0.533668,
        "mrr_at_100": 0.536492,
        "mrr_at_1000": 0.536782,
        "nauc_ndcg_at_1_max": 0.379134,
        "nauc_ndcg_at_1_std": 0.124562,
        "nauc_ndcg_at_1_diff1": 0.584928,
        "nauc_ndcg_at_3_max": 0.399586,
        "nauc_ndcg_at_3_std": 0.163928,
        "nauc_ndcg_at_3_diff1": 0.516928,
        "nauc_ndcg_at_5_max": 0.413097,
        "nauc_ndcg_at_5_std": 0.183902,
        "nauc_ndcg_at_5_diff1": 0.509007,
        "nauc_ndcg_at_10_max": 0.426388,
        "nauc_ndcg_at_10_std": 0.202969,
        "nauc_ndcg_at_10_diff1": 0.511715,
        "nauc_ndcg_at_20_max": 0.430715,
        "nauc_ndcg_at_20_std": 0.209163,
        "nauc_ndcg_at_20_diff1": 0.515564,
        "nauc_ndcg_at_100_max": 0.424762,
        "nauc_ndcg_at_100_std": 0.202684,
        "nauc_ndcg_at_100_diff1": 0.521788,
        "nauc_ndcg_at_1000_max": 0.417002,
        "nauc_ndcg_at_1000_std": 0.189177,
        "nauc_ndcg_at_1000_diff1": 0.525015,
        "nauc_map_at_1_max": 0.379134,
        "nauc_map_at_1_std": 0.124562,
        "nauc_map_at_1_diff1": 0.584928,
        "nauc_map_at_3_max": 0.394247,
        "nauc_map_at_3_std": 0.153788,
        "nauc_map_at_3_diff1": 0.533739,
        "nauc_map_at_5_max": 0.401258,
        "nauc_map_at_5_std": 0.164253,
        "nauc_map_at_5_diff1": 0.530027,
        "nauc_map_at_10_max": 0.406029,
        "nauc_map_at_10_std": 0.17114,
        "nauc_map_at_10_diff1": 0.531468,
        "nauc_map_at_20_max": 0.40684,
        "nauc_map_at_20_std": 0.172198,
        "nauc_map_at_20_diff1": 0.532663,
        "nauc_map_at_100_max": 0.406096,
        "nauc_map_at_100_std": 0.171429,
        "nauc_map_at_100_diff1": 0.53354,
        "nauc_map_at_1000_max": 0.405856,
        "nauc_map_at_1000_std": 0.171012,
        "nauc_map_at_1000_diff1": 0.53366,
        "nauc_recall_at_1_max": 0.379134,
        "nauc_recall_at_1_std": 0.124562,
        "nauc_recall_at_1_diff1": 0.584928,
        "nauc_recall_at_3_max": 0.416413,
        "nauc_recall_at_3_std": 0.195826,
        "nauc_recall_at_3_diff1": 0.464357,
        "nauc_recall_at_5_max": 0.457003,
        "nauc_recall_at_5_std": 0.256035,
        "nauc_recall_at_5_diff1": 0.434257,
        "nauc_recall_at_10_max": 0.52486,
        "nauc_recall_at_10_std": 0.354905,
        "nauc_recall_at_10_diff1": 0.427229,
        "nauc_recall_at_20_max": 0.591023,
        "nauc_recall_at_20_std": 0.454543,
        "nauc_recall_at_20_diff1": 0.423586,
        "nauc_recall_at_100_max": 0.69825,
        "nauc_recall_at_100_std": 0.675391,
        "nauc_recall_at_100_diff1": 0.421334,
        "nauc_recall_at_1000_max": 0.892806,
        "nauc_recall_at_1000_std": 0.920458,
        "nauc_recall_at_1000_diff1": 0.648137,
        "nauc_precision_at_1_max": 0.379134,
        "nauc_precision_at_1_std": 0.124562,
        "nauc_precision_at_1_diff1": 0.584928,
        "nauc_precision_at_3_max": 0.416413,
        "nauc_precision_at_3_std": 0.195826,
        "nauc_precision_at_3_diff1": 0.464357,
        "nauc_precision_at_5_max": 0.457003,
        "nauc_precision_at_5_std": 0.256035,
        "nauc_precision_at_5_diff1": 0.434257,
        "nauc_precision_at_10_max": 0.52486,
        "nauc_precision_at_10_std": 0.354905,
        "nauc_precision_at_10_diff1": 0.427229,
        "nauc_precision_at_20_max": 0.591023,
        "nauc_precision_at_20_std": 0.454543,
        "nauc_precision_at_20_diff1": 0.423586,
        "nauc_precision_at_100_max": 0.69825,
        "nauc_precision_at_100_std": 0.675391,
        "nauc_precision_at_100_diff1": 0.421334,
        "nauc_precision_at_1000_max": 0.892806,
        "nauc_precision_at_1000_std": 0.920458,
        "nauc_precision_at_1000_diff1": 0.648137,
        "nauc_mrr_at_1_max": 0.379134,
        "nauc_mrr_at_1_std": 0.124562,
        "nauc_mrr_at_1_diff1": 0.584928,
        "nauc_mrr_at_3_max": 0.394247,
        "nauc_mrr_at_3_std": 0.153788,
        "nauc_mrr_at_3_diff1": 0.533739,
        "nauc_mrr_at_5_max": 0.401258,
        "nauc_mrr_at_5_std": 0.164253,
        "nauc_mrr_at_5_diff1": 0.530027,
        "nauc_mrr_at_10_max": 0.406029,
        "nauc_mrr_at_10_std": 0.17114,
        "nauc_mrr_at_10_diff1": 0.531468,
        "nauc_mrr_at_20_max": 0.40684,
        "nauc_mrr_at_20_std": 0.172198,
        "nauc_mrr_at_20_diff1": 0.532663,
        "nauc_mrr_at_100_max": 0.406096,
        "nauc_mrr_at_100_std": 0.171429,
        "nauc_mrr_at_100_diff1": 0.53354,
        "nauc_mrr_at_1000_max": 0.405856,
        "nauc_mrr_at_1000_std": 0.171012,
        "nauc_mrr_at_1000_diff1": 0.53366,
        "main_score": 0.5836,
        "hf_subset": "default",
        "languages": [
          "tur-Latn"
        ]
      }
    ]
  },
  "evaluation_time": 33.291253089904785,
  "kg_co2_emissions": null
}