{
  "dataset_revision": "main",
  "task_name": "TQuadRetrieval",
  "mteb_version": "1.31.3",
  "scores": {
    "test": [
      {
        "ndcg_at_1": 0.45516,
        "ndcg_at_3": 0.59307,
        "ndcg_at_5": 0.62946,
        "ndcg_at_10": 0.66246,
        "ndcg_at_20": 0.67309,
        "ndcg_at_100": 0.68584,
        "ndcg_at_1000": 0.68706,
        "map_at_1": 0.45516,
        "map_at_3": 0.55867,
        "map_at_5": 0.57907,
        "map_at_10": 0.59292,
        "map_at_20": 0.59591,
        "map_at_100": 0.5977,
        "map_at_1000": 0.59776,
        "recall_at_1": 0.45516,
        "recall_at_3": 0.69283,
        "recall_at_5": 0.78027,
        "recall_at_10": 0.88117,
        "recall_at_20": 0.92265,
        "recall_at_100": 0.99103,
        "recall_at_1000": 1.0,
        "precision_at_1": 0.45516,
        "precision_at_3": 0.23094,
        "precision_at_5": 0.15605,
        "precision_at_10": 0.08812,
        "precision_at_20": 0.04613,
        "precision_at_100": 0.00991,
        "precision_at_1000": 0.001,
        "mrr_at_1": 0.452915,
        "mrr_at_3": 0.557549,
        "mrr_at_5": 0.577952,
        "mrr_at_10": 0.591795,
        "mrr_at_20": 0.594793,
        "mrr_at_100": 0.596577,
        "mrr_at_1000": 0.596635,
        "nauc_ndcg_at_1_max": 0.18474,
        "nauc_ndcg_at_1_std": -0.156656,
        "nauc_ndcg_at_1_diff1": 0.472001,
        "nauc_ndcg_at_3_max": 0.245636,
        "nauc_ndcg_at_3_std": -0.113967,
        "nauc_ndcg_at_3_diff1": 0.403214,
        "nauc_ndcg_at_5_max": 0.262024,
        "nauc_ndcg_at_5_std": -0.099915,
        "nauc_ndcg_at_5_diff1": 0.410187,
        "nauc_ndcg_at_10_max": 0.268001,
        "nauc_ndcg_at_10_std": -0.08615,
        "nauc_ndcg_at_10_diff1": 0.415663,
        "nauc_ndcg_at_20_max": 0.263633,
        "nauc_ndcg_at_20_std": -0.088661,
        "nauc_ndcg_at_20_diff1": 0.423957,
        "nauc_ndcg_at_100_max": 0.25155,
        "nauc_ndcg_at_100_std": -0.097471,
        "nauc_ndcg_at_100_diff1": 0.426804,
        "nauc_ndcg_at_1000_max": 0.247788,
        "nauc_ndcg_at_1000_std": -0.102882,
        "nauc_ndcg_at_1000_diff1": 0.425882,
        "nauc_map_at_1_max": 0.18474,
        "nauc_map_at_1_std": -0.156656,
        "nauc_map_at_1_diff1": 0.472001,
        "nauc_map_at_3_max": 0.229116,
        "nauc_map_at_3_std": -0.123487,
        "nauc_map_at_3_diff1": 0.42033,
        "nauc_map_at_5_max": 0.237058,
        "nauc_map_at_5_std": -0.116393,
        "nauc_map_at_5_diff1": 0.424619,
        "nauc_map_at_10_max": 0.238282,
        "nauc_map_at_10_std": -0.112177,
        "nauc_map_at_10_diff1": 0.427377,
        "nauc_map_at_20_max": 0.237209,
        "nauc_map_at_20_std": -0.11286,
        "nauc_map_at_20_diff1": 0.429679,
        "nauc_map_at_100_max": 0.235932,
        "nauc_map_at_100_std": -0.113649,
        "nauc_map_at_100_diff1": 0.429986,
        "nauc_map_at_1000_max": 0.23579,
        "nauc_map_at_1000_std": -0.113854,
        "nauc_map_at_1000_diff1": 0.429937,
        "nauc_recall_at_1_max": 0.18474,
        "nauc_recall_at_1_std": -0.156656,
        "nauc_recall_at_1_diff1": 0.472001,
        "nauc_recall_at_3_max": 0.303298,
        "nauc_recall_at_3_std": -0.081759,
        "nauc_recall_at_3_diff1": 0.344243,
        "nauc_recall_at_5_max": 0.373677,
        "nauc_recall_at_5_std": -0.02712,
        "nauc_recall_at_5_diff1": 0.34993,
        "nauc_recall_at_10_max": 0.493481,
        "nauc_recall_at_10_std": 0.117409,
        "nauc_recall_at_10_diff1": 0.33939,
        "nauc_recall_at_20_max": 0.547539,
        "nauc_recall_at_20_std": 0.185623,
        "nauc_recall_at_20_diff1": 0.394706,
        "nauc_recall_at_100_max": 0.948956,
        "nauc_recall_at_100_std": 0.903416,
        "nauc_recall_at_100_diff1": 0.57864,
        "nauc_recall_at_1000_max": NaN,
        "nauc_recall_at_1000_std": NaN,
        "nauc_recall_at_1000_diff1": NaN,
        "nauc_precision_at_1_max": 0.18474,
        "nauc_precision_at_1_std": -0.156656,
        "nauc_precision_at_1_diff1": 0.472001,
        "nauc_precision_at_3_max": 0.303298,
        "nauc_precision_at_3_std": -0.081759,
        "nauc_precision_at_3_diff1": 0.344243,
        "nauc_precision_at_5_max": 0.373677,
        "nauc_precision_at_5_std": -0.02712,
        "nauc_precision_at_5_diff1": 0.34993,
        "nauc_precision_at_10_max": 0.493481,
        "nauc_precision_at_10_std": 0.117409,
        "nauc_precision_at_10_diff1": 0.33939,
        "nauc_precision_at_20_max": 0.547539,
        "nauc_precision_at_20_std": 0.185623,
        "nauc_precision_at_20_diff1": 0.394706,
        "nauc_precision_at_100_max": 0.948956,
        "nauc_precision_at_100_std": 0.903416,
        "nauc_precision_at_100_diff1": 0.57864,
        "nauc_precision_at_1000_max": NaN,
        "nauc_precision_at_1000_std": NaN,
        "nauc_precision_at_1000_diff1": NaN,
        "nauc_mrr_at_1_max": 0.181166,
        "nauc_mrr_at_1_std": -0.152518,
        "nauc_mrr_at_1_diff1": 0.477932,
        "nauc_mrr_at_3_max": 0.227096,
        "nauc_mrr_at_3_std": -0.121185,
        "nauc_mrr_at_3_diff1": 0.423672,
        "nauc_mrr_at_5_max": 0.234939,
        "nauc_mrr_at_5_std": -0.113984,
        "nauc_mrr_at_5_diff1": 0.428118,
        "nauc_mrr_at_10_max": 0.236078,
        "nauc_mrr_at_10_std": -0.109675,
        "nauc_mrr_at_10_diff1": 0.431013,
        "nauc_mrr_at_20_max": 0.234984,
        "nauc_mrr_at_20_std": -0.110333,
        "nauc_mrr_at_20_diff1": 0.433349,
        "nauc_mrr_at_100_max": 0.233694,
        "nauc_mrr_at_100_std": -0.111106,
        "nauc_mrr_at_100_diff1": 0.433678,
        "nauc_mrr_at_1000_max": 0.233552,
        "nauc_mrr_at_1000_std": -0.11131,
        "nauc_mrr_at_1000_diff1": 0.43363,
        "main_score": 0.66246,
        "hf_subset": "default",
        "languages": [
          "tur-Latn"
        ]
      }
    ]
  },
  "evaluation_time": 4.944686651229858,
  "kg_co2_emissions": null
}