{
  "dataset_revision": "main",
  "task_name": "ArguAnaTR",
  "mteb_version": "1.31.3",
  "scores": {
    "test": [
      {
        "ndcg_at_1": 0.16714,
        "ndcg_at_3": 0.26812,
        "ndcg_at_5": 0.31038,
        "ndcg_at_10": 0.36537,
        "ndcg_at_20": 0.40489,
        "ndcg_at_100": 0.43578,
        "ndcg_at_1000": 0.44309,
        "map_at_1": 0.16714,
        "map_at_3": 0.24135,
        "map_at_5": 0.26468,
        "map_at_10": 0.28737,
        "map_at_20": 0.29838,
        "map_at_100": 0.30295,
        "map_at_1000": 0.30324,
        "recall_at_1": 0.16714,
        "recall_at_3": 0.34637,
        "recall_at_5": 0.4495,
        "recall_at_10": 0.61949,
        "recall_at_20": 0.77454,
        "recall_at_100": 0.9367,
        "recall_at_1000": 0.9936,
        "precision_at_1": 0.16714,
        "precision_at_3": 0.11546,
        "precision_at_5": 0.0899,
        "precision_at_10": 0.06195,
        "precision_at_20": 0.03873,
        "precision_at_100": 0.00937,
        "precision_at_1000": 0.00099,
        "mrr_at_1": 0.168563,
        "mrr_at_3": 0.242413,
        "mrr_at_5": 0.26528,
        "mrr_at_10": 0.287981,
        "mrr_at_20": 0.298994,
        "mrr_at_100": 0.303565,
        "mrr_at_1000": 0.303853,
        "nauc_ndcg_at_1_max": -0.067026,
        "nauc_ndcg_at_1_std": -0.010191,
        "nauc_ndcg_at_1_diff1": 0.115417,
        "nauc_ndcg_at_3_max": -0.064275,
        "nauc_ndcg_at_3_std": -0.024543,
        "nauc_ndcg_at_3_diff1": 0.052554,
        "nauc_ndcg_at_5_max": -0.040995,
        "nauc_ndcg_at_5_std": -0.018782,
        "nauc_ndcg_at_5_diff1": 0.074654,
        "nauc_ndcg_at_10_max": -0.035713,
        "nauc_ndcg_at_10_std": -0.018376,
        "nauc_ndcg_at_10_diff1": 0.064049,
        "nauc_ndcg_at_20_max": -0.020697,
        "nauc_ndcg_at_20_std": 0.003925,
        "nauc_ndcg_at_20_diff1": 0.069129,
        "nauc_ndcg_at_100_max": -0.028676,
        "nauc_ndcg_at_100_std": 0.014283,
        "nauc_ndcg_at_100_diff1": 0.067067,
        "nauc_ndcg_at_1000_max": -0.036194,
        "nauc_ndcg_at_1000_std": 0.000762,
        "nauc_ndcg_at_1000_diff1": 0.071129,
        "nauc_map_at_1_max": -0.067026,
        "nauc_map_at_1_std": -0.010191,
        "nauc_map_at_1_diff1": 0.115417,
        "nauc_map_at_3_max": -0.065902,
        "nauc_map_at_3_std": -0.022281,
        "nauc_map_at_3_diff1": 0.064502,
        "nauc_map_at_5_max": -0.052485,
        "nauc_map_at_5_std": -0.018872,
        "nauc_map_at_5_diff1": 0.076858,
        "nauc_map_at_10_max": -0.049767,
        "nauc_map_at_10_std": -0.018355,
        "nauc_map_at_10_diff1": 0.072236,
        "nauc_map_at_20_max": -0.046543,
        "nauc_map_at_20_std": -0.012773,
        "nauc_map_at_20_diff1": 0.073893,
        "nauc_map_at_100_max": -0.047532,
        "nauc_map_at_100_std": -0.011099,
        "nauc_map_at_100_diff1": 0.073971,
        "nauc_map_at_1000_max": -0.047836,
        "nauc_map_at_1000_std": -0.011526,
        "nauc_map_at_1000_diff1": 0.074059,
        "nauc_recall_at_1_max": -0.067026,
        "nauc_recall_at_1_std": -0.010191,
        "nauc_recall_at_1_diff1": 0.115417,
        "nauc_recall_at_3_max": -0.059966,
        "nauc_recall_at_3_std": -0.029789,
        "nauc_recall_at_3_diff1": 0.023917,
        "nauc_recall_at_5_max": -0.009829,
        "nauc_recall_at_5_std": -0.01767,
        "nauc_recall_at_5_diff1": 0.072939,
        "nauc_recall_at_10_max": 0.007635,
        "nauc_recall_at_10_std": -0.017968,
        "nauc_recall_at_10_diff1": 0.041642,
        "nauc_recall_at_20_max": 0.110766,
        "nauc_recall_at_20_std": 0.101402,
        "nauc_recall_at_20_diff1": 0.056189,
        "nauc_recall_at_100_max": 0.218667,
        "nauc_recall_at_100_std": 0.495198,
        "nauc_recall_at_100_diff1": -0.036511,
        "nauc_recall_at_1000_max": 0.30852,
        "nauc_recall_at_1000_std": 0.735705,
        "nauc_recall_at_1000_diff1": 0.360411,
        "nauc_precision_at_1_max": -0.067026,
        "nauc_precision_at_1_std": -0.010191,
        "nauc_precision_at_1_diff1": 0.115417,
        "nauc_precision_at_3_max": -0.059966,
        "nauc_precision_at_3_std": -0.029789,
        "nauc_precision_at_3_diff1": 0.023917,
        "nauc_precision_at_5_max": -0.009829,
        "nauc_precision_at_5_std": -0.01767,
        "nauc_precision_at_5_diff1": 0.072939,
        "nauc_precision_at_10_max": 0.007635,
        "nauc_precision_at_10_std": -0.017968,
        "nauc_precision_at_10_diff1": 0.041642,
        "nauc_precision_at_20_max": 0.110766,
        "nauc_precision_at_20_std": 0.101402,
        "nauc_precision_at_20_diff1": 0.056189,
        "nauc_precision_at_100_max": 0.218667,
        "nauc_precision_at_100_std": 0.495198,
        "nauc_precision_at_100_diff1": -0.036511,
        "nauc_precision_at_1000_max": 0.30852,
        "nauc_precision_at_1000_std": 0.735705,
        "nauc_precision_at_1000_diff1": 0.360411,
        "nauc_mrr_at_1_max": -0.064526,
        "nauc_mrr_at_1_std": -0.007231,
        "nauc_mrr_at_1_diff1": 0.109047,
        "nauc_mrr_at_3_max": -0.068713,
        "nauc_mrr_at_3_std": -0.022035,
        "nauc_mrr_at_3_diff1": 0.057513,
        "nauc_mrr_at_5_max": -0.054286,
        "nauc_mrr_at_5_std": -0.018054,
        "nauc_mrr_at_5_diff1": 0.071263,
        "nauc_mrr_at_10_max": -0.051741,
        "nauc_mrr_at_10_std": -0.017526,
        "nauc_mrr_at_10_diff1": 0.066285,
        "nauc_mrr_at_20_max": -0.04864,
        "nauc_mrr_at_20_std": -0.011933,
        "nauc_mrr_at_20_diff1": 0.067649,
        "nauc_mrr_at_100_max": -0.049676,
        "nauc_mrr_at_100_std": -0.010252,
        "nauc_mrr_at_100_diff1": 0.067615,
        "nauc_mrr_at_1000_max": -0.049982,
        "nauc_mrr_at_1000_std": -0.010677,
        "nauc_mrr_at_1000_diff1": 0.067697,
        "main_score": 0.36537,
        "hf_subset": "default",
        "languages": [
          "tur-Latn"
        ]
      }
    ]
  },
  "evaluation_time": 172.42329859733582,
  "kg_co2_emissions": null
}