{
  "dataset_revision": "main",
  "task_name": "CQADupstackGamingRetrievalTR",
  "mteb_version": "1.31.3",
  "scores": {
    "test": [
      {
        "ndcg_at_1": 0.36302,
        "ndcg_at_3": 0.4534,
        "ndcg_at_5": 0.47555,
        "ndcg_at_10": 0.5074,
        "ndcg_at_20": 0.52377,
        "ndcg_at_100": 0.54832,
        "ndcg_at_1000": 0.56397,
        "map_at_1": 0.36302,
        "map_at_3": 0.43061,
        "map_at_5": 0.44286,
        "map_at_10": 0.45611,
        "map_at_20": 0.46061,
        "map_at_100": 0.4639,
        "map_at_1000": 0.46449,
        "recall_at_1": 0.36302,
        "recall_at_3": 0.51957,
        "recall_at_5": 0.57355,
        "recall_at_10": 0.67139,
        "recall_at_20": 0.73617,
        "recall_at_100": 0.86977,
        "recall_at_1000": 0.99325,
        "precision_at_1": 0.36302,
        "precision_at_3": 0.17319,
        "precision_at_5": 0.11471,
        "precision_at_10": 0.06714,
        "precision_at_20": 0.03681,
        "precision_at_100": 0.0087,
        "precision_at_1000": 0.00099,
        "mrr_at_1": 0.363023,
        "mrr_at_3": 0.430612,
        "mrr_at_5": 0.442859,
        "mrr_at_10": 0.456115,
        "mrr_at_20": 0.460607,
        "mrr_at_100": 0.463904,
        "mrr_at_1000": 0.464488,
        "nauc_ndcg_at_1_max": 0.306974,
        "nauc_ndcg_at_1_std": -0.05137,
        "nauc_ndcg_at_1_diff1": 0.572601,
        "nauc_ndcg_at_3_max": 0.321759,
        "nauc_ndcg_at_3_std": 0.004435,
        "nauc_ndcg_at_3_diff1": 0.502344,
        "nauc_ndcg_at_5_max": 0.323296,
        "nauc_ndcg_at_5_std": 0.0098,
        "nauc_ndcg_at_5_diff1": 0.500042,
        "nauc_ndcg_at_10_max": 0.328205,
        "nauc_ndcg_at_10_std": 0.027791,
        "nauc_ndcg_at_10_diff1": 0.495799,
        "nauc_ndcg_at_20_max": 0.323081,
        "nauc_ndcg_at_20_std": 0.02565,
        "nauc_ndcg_at_20_diff1": 0.497917,
        "nauc_ndcg_at_100_max": 0.329274,
        "nauc_ndcg_at_100_std": 0.028451,
        "nauc_ndcg_at_100_diff1": 0.502166,
        "nauc_ndcg_at_1000_max": 0.32539,
        "nauc_ndcg_at_1000_std": 0.017289,
        "nauc_ndcg_at_1000_diff1": 0.50735,
        "nauc_map_at_1_max": 0.306974,
        "nauc_map_at_1_std": -0.05137,
        "nauc_map_at_1_diff1": 0.572601,
        "nauc_map_at_3_max": 0.318113,
        "nauc_map_at_3_std": -0.008812,
        "nauc_map_at_3_diff1": 0.518893,
        "nauc_map_at_5_max": 0.318842,
        "nauc_map_at_5_std": -0.006237,
        "nauc_map_at_5_diff1": 0.518066,
        "nauc_map_at_10_max": 0.320188,
        "nauc_map_at_10_std": 0.000625,
        "nauc_map_at_10_diff1": 0.516214,
        "nauc_map_at_20_max": 0.318955,
        "nauc_map_at_20_std": -0.000165,
        "nauc_map_at_20_diff1": 0.516991,
        "nauc_map_at_100_max": 0.319671,
        "nauc_map_at_100_std": 0.000155,
        "nauc_map_at_100_diff1": 0.517556,
        "nauc_map_at_1000_max": 0.319586,
        "nauc_map_at_1000_std": -0.000215,
        "nauc_map_at_1000_diff1": 0.517779,
        "nauc_recall_at_1_max": 0.306974,
        "nauc_recall_at_1_std": -0.05137,
        "nauc_recall_at_1_diff1": 0.572601,
        "nauc_recall_at_3_max": 0.332554,
        "nauc_recall_at_3_std": 0.043453,
        "nauc_recall_at_3_diff1": 0.453657,
        "nauc_recall_at_5_max": 0.337424,
        "nauc_recall_at_5_std": 0.060345,
        "nauc_recall_at_5_diff1": 0.443873,
        "nauc_recall_at_10_max": 0.361336,
        "nauc_recall_at_10_std": 0.135062,
        "nauc_recall_at_10_diff1": 0.421683,
        "nauc_recall_at_20_max": 0.338237,
        "nauc_recall_at_20_std": 0.143012,
        "nauc_recall_at_20_diff1": 0.418952,
        "nauc_recall_at_100_max": 0.429056,
        "nauc_recall_at_100_std": 0.270633,
        "nauc_recall_at_100_diff1": 0.410331,
        "nauc_recall_at_1000_max": 0.788121,
        "nauc_recall_at_1000_std": 0.827982,
        "nauc_recall_at_1000_diff1": 0.395022,
        "nauc_precision_at_1_max": 0.306974,
        "nauc_precision_at_1_std": -0.05137,
        "nauc_precision_at_1_diff1": 0.572601,
        "nauc_precision_at_3_max": 0.332554,
        "nauc_precision_at_3_std": 0.043453,
        "nauc_precision_at_3_diff1": 0.453657,
        "nauc_precision_at_5_max": 0.337424,
        "nauc_precision_at_5_std": 0.060345,
        "nauc_precision_at_5_diff1": 0.443873,
        "nauc_precision_at_10_max": 0.361336,
        "nauc_precision_at_10_std": 0.135062,
        "nauc_precision_at_10_diff1": 0.421683,
        "nauc_precision_at_20_max": 0.338237,
        "nauc_precision_at_20_std": 0.143012,
        "nauc_precision_at_20_diff1": 0.418952,
        "nauc_precision_at_100_max": 0.429056,
        "nauc_precision_at_100_std": 0.270633,
        "nauc_precision_at_100_diff1": 0.410331,
        "nauc_precision_at_1000_max": 0.788121,
        "nauc_precision_at_1000_std": 0.827982,
        "nauc_precision_at_1000_diff1": 0.395022,
        "nauc_mrr_at_1_max": 0.306974,
        "nauc_mrr_at_1_std": -0.05137,
        "nauc_mrr_at_1_diff1": 0.572601,
        "nauc_mrr_at_3_max": 0.318113,
        "nauc_mrr_at_3_std": -0.008812,
        "nauc_mrr_at_3_diff1": 0.518893,
        "nauc_mrr_at_5_max": 0.318842,
        "nauc_mrr_at_5_std": -0.006237,
        "nauc_mrr_at_5_diff1": 0.518066,
        "nauc_mrr_at_10_max": 0.320188,
        "nauc_mrr_at_10_std": 0.000625,
        "nauc_mrr_at_10_diff1": 0.516214,
        "nauc_mrr_at_20_max": 0.318955,
        "nauc_mrr_at_20_std": -0.000165,
        "nauc_mrr_at_20_diff1": 0.516991,
        "nauc_mrr_at_100_max": 0.319671,
        "nauc_mrr_at_100_std": 0.000155,
        "nauc_mrr_at_100_diff1": 0.517556,
        "nauc_mrr_at_1000_max": 0.319586,
        "nauc_mrr_at_1000_std": -0.000215,
        "nauc_mrr_at_1000_diff1": 0.517779,
        "main_score": 0.5074,
        "hf_subset": "default",
        "languages": [
          "tur-Latn"
        ]
      }
    ]
  },
  "evaluation_time": 21.26820707321167,
  "kg_co2_emissions": null
}