{
  "dataset_revision": "main",
  "task_name": "MSMarcoTRRetrieval",
  "mteb_version": "1.31.3",
  "scores": {
    "test": [
      {
        "ndcg_at_1": 0.48313,
        "ndcg_at_3": 0.5185,
        "ndcg_at_5": 0.52593,
        "ndcg_at_10": 0.53021,
        "ndcg_at_20": 0.53156,
        "ndcg_at_100": 0.5348,
        "ndcg_at_1000": 0.53548,
        "map_at_1": 0.48313,
        "map_at_3": 0.51051,
        "map_at_5": 0.51462,
        "map_at_10": 0.51631,
        "map_at_20": 0.51667,
        "map_at_100": 0.51714,
        "map_at_1000": 0.51717,
        "recall_at_1": 0.48313,
        "recall_at_3": 0.54132,
        "recall_at_5": 0.55941,
        "recall_at_10": 0.57311,
        "recall_at_20": 0.57848,
        "recall_at_100": 0.5956,
        "recall_at_1000": 0.60098,
        "precision_at_1": 0.48313,
        "precision_at_3": 0.18044,
        "precision_at_5": 0.11188,
        "precision_at_10": 0.05731,
        "precision_at_20": 0.02892,
        "precision_at_100": 0.00596,
        "precision_at_1000": 0.0006,
        "mrr_at_1": 0.48313,
        "mrr_at_3": 0.510513,
        "mrr_at_5": 0.514621,
        "mrr_at_10": 0.516309,
        "mrr_at_20": 0.51667,
        "mrr_at_100": 0.517145,
        "mrr_at_1000": 0.517171,
        "nauc_ndcg_at_1_max": 0.718996,
        "nauc_ndcg_at_1_std": 0.085683,
        "nauc_ndcg_at_1_diff1": 0.771525,
        "nauc_ndcg_at_3_max": 0.712111,
        "nauc_ndcg_at_3_std": 0.097543,
        "nauc_ndcg_at_3_diff1": 0.736357,
        "nauc_ndcg_at_5_max": 0.703692,
        "nauc_ndcg_at_5_std": 0.093067,
        "nauc_ndcg_at_5_diff1": 0.728261,
        "nauc_ndcg_at_10_max": 0.701495,
        "nauc_ndcg_at_10_std": 0.093364,
        "nauc_ndcg_at_10_diff1": 0.725492,
        "nauc_ndcg_at_20_max": 0.700472,
        "nauc_ndcg_at_20_std": 0.092485,
        "nauc_ndcg_at_20_diff1": 0.724485,
        "nauc_ndcg_at_100_max": 0.695856,
        "nauc_ndcg_at_100_std": 0.089147,
        "nauc_ndcg_at_100_diff1": 0.722019,
        "nauc_ndcg_at_1000_max": 0.694852,
        "nauc_ndcg_at_1000_std": 0.088778,
        "nauc_ndcg_at_1000_diff1": 0.7213,
        "nauc_map_at_1_max": 0.718996,
        "nauc_map_at_1_std": 0.085683,
        "nauc_map_at_1_diff1": 0.771525,
        "nauc_map_at_3_max": 0.713852,
        "nauc_map_at_3_std": 0.094944,
        "nauc_map_at_3_diff1": 0.74424,
        "nauc_map_at_5_max": 0.709327,
        "nauc_map_at_5_std": 0.092527,
        "nauc_map_at_5_diff1": 0.739889,
        "nauc_map_at_10_max": 0.708467,
        "nauc_map_at_10_std": 0.092618,
        "nauc_map_at_10_diff1": 0.738884,
        "nauc_map_at_20_max": 0.708226,
        "nauc_map_at_20_std": 0.092463,
        "nauc_map_at_20_diff1": 0.738628,
        "nauc_map_at_100_max": 0.707538,
        "nauc_map_at_100_std": 0.091956,
        "nauc_map_at_100_diff1": 0.738304,
        "nauc_map_at_1000_max": 0.707502,
        "nauc_map_at_1000_std": 0.091953,
        "nauc_map_at_1000_diff1": 0.738272,
        "nauc_recall_at_1_max": 0.718996,
        "nauc_recall_at_1_std": 0.085683,
        "nauc_recall_at_1_diff1": 0.771525,
        "nauc_recall_at_3_max": 0.706934,
        "nauc_recall_at_3_std": 0.105106,
        "nauc_recall_at_3_diff1": 0.713332,
        "nauc_recall_at_5_max": 0.685344,
        "nauc_recall_at_5_std": 0.093814,
        "nauc_recall_at_5_diff1": 0.692327,
        "nauc_recall_at_10_max": 0.677851,
        "nauc_recall_at_10_std": 0.094964,
        "nauc_recall_at_10_diff1": 0.682272,
        "nauc_recall_at_20_max": 0.673216,
        "nauc_recall_at_20_std": 0.090673,
        "nauc_recall_at_20_diff1": 0.677744,
        "nauc_recall_at_100_max": 0.647199,
        "nauc_recall_at_100_std": 0.07238,
        "nauc_recall_at_100_diff1": 0.662669,
        "nauc_recall_at_1000_max": 0.638334,
        "nauc_recall_at_1000_std": 0.068536,
        "nauc_recall_at_1000_diff1": 0.656538,
        "nauc_precision_at_1_max": 0.718996,
        "nauc_precision_at_1_std": 0.085683,
        "nauc_precision_at_1_diff1": 0.771525,
        "nauc_precision_at_3_max": 0.706934,
        "nauc_precision_at_3_std": 0.105106,
        "nauc_precision_at_3_diff1": 0.713332,
        "nauc_precision_at_5_max": 0.685344,
        "nauc_precision_at_5_std": 0.093814,
        "nauc_precision_at_5_diff1": 0.692327,
        "nauc_precision_at_10_max": 0.677851,
        "nauc_precision_at_10_std": 0.094964,
        "nauc_precision_at_10_diff1": 0.682272,
        "nauc_precision_at_20_max": 0.673216,
        "nauc_precision_at_20_std": 0.090673,
        "nauc_precision_at_20_diff1": 0.677744,
        "nauc_precision_at_100_max": 0.647199,
        "nauc_precision_at_100_std": 0.07238,
        "nauc_precision_at_100_diff1": 0.662669,
        "nauc_precision_at_1000_max": 0.638334,
        "nauc_precision_at_1000_std": 0.068536,
        "nauc_precision_at_1000_diff1": 0.656538,
        "nauc_mrr_at_1_max": 0.718996,
        "nauc_mrr_at_1_std": 0.085683,
        "nauc_mrr_at_1_diff1": 0.771525,
        "nauc_mrr_at_3_max": 0.713852,
        "nauc_mrr_at_3_std": 0.094944,
        "nauc_mrr_at_3_diff1": 0.74424,
        "nauc_mrr_at_5_max": 0.709327,
        "nauc_mrr_at_5_std": 0.092527,
        "nauc_mrr_at_5_diff1": 0.739889,
        "nauc_mrr_at_10_max": 0.708467,
        "nauc_mrr_at_10_std": 0.092618,
        "nauc_mrr_at_10_diff1": 0.738884,
        "nauc_mrr_at_20_max": 0.708226,
        "nauc_mrr_at_20_std": 0.092463,
        "nauc_mrr_at_20_diff1": 0.738628,
        "nauc_mrr_at_100_max": 0.707538,
        "nauc_mrr_at_100_std": 0.091956,
        "nauc_mrr_at_100_diff1": 0.738304,
        "nauc_mrr_at_1000_max": 0.707502,
        "nauc_mrr_at_1000_std": 0.091953,
        "nauc_mrr_at_1000_diff1": 0.738272,
        "main_score": 0.53021,
        "hf_subset": "default",
        "languages": [
          "tur-Latn"
        ]
      }
    ]
  },
  "evaluation_time": 13.455912828445435,
  "kg_co2_emissions": null
}