{
  "dataset_revision": "main",
  "task_name": "NFCorpusTR",
  "mteb_version": "1.31.3",
  "scores": {
    "test": [
      {
        "ndcg_at_1": 0.01575,
        "ndcg_at_3": 0.03014,
        "ndcg_at_5": 0.03996,
        "ndcg_at_10": 0.04981,
        "ndcg_at_20": 0.05466,
        "ndcg_at_100": 0.0823,
        "ndcg_at_1000": 0.15334,
        "map_at_1": 0.01575,
        "map_at_3": 0.0269,
        "map_at_5": 0.03241,
        "map_at_10": 0.03628,
        "map_at_20": 0.03754,
        "map_at_100": 0.04105,
        "map_at_1000": 0.04305,
        "recall_at_1": 0.01575,
        "recall_at_3": 0.03937,
        "recall_at_5": 0.06299,
        "recall_at_10": 0.09449,
        "recall_at_20": 0.11417,
        "recall_at_100": 0.26772,
        "recall_at_1000": 0.87008,
        "precision_at_1": 0.01575,
        "precision_at_3": 0.01312,
        "precision_at_5": 0.0126,
        "precision_at_10": 0.00945,
        "precision_at_20": 0.00571,
        "precision_at_100": 0.00268,
        "precision_at_1000": 0.00087,
        "mrr_at_1": 0.015748,
        "mrr_at_3": 0.026903,
        "mrr_at_5": 0.032415,
        "mrr_at_10": 0.03628,
        "mrr_at_20": 0.037542,
        "mrr_at_100": 0.041052,
        "mrr_at_1000": 0.043053,
        "nauc_ndcg_at_1_max": 0.293598,
        "nauc_ndcg_at_1_std": -0.062333,
        "nauc_ndcg_at_1_diff1": 0.421033,
        "nauc_ndcg_at_3_max": 0.154676,
        "nauc_ndcg_at_3_std": -0.016527,
        "nauc_ndcg_at_3_diff1": 0.268382,
        "nauc_ndcg_at_5_max": 0.143533,
        "nauc_ndcg_at_5_std": 0.025378,
        "nauc_ndcg_at_5_diff1": 0.291917,
        "nauc_ndcg_at_10_max": 0.162481,
        "nauc_ndcg_at_10_std": 0.055087,
        "nauc_ndcg_at_10_diff1": 0.299635,
        "nauc_ndcg_at_20_max": 0.138624,
        "nauc_ndcg_at_20_std": 0.048401,
        "nauc_ndcg_at_20_diff1": 0.267557,
        "nauc_ndcg_at_100_max": 0.128378,
        "nauc_ndcg_at_100_std": 0.02763,
        "nauc_ndcg_at_100_diff1": 0.181215,
        "nauc_ndcg_at_1000_max": 0.150005,
        "nauc_ndcg_at_1000_std": 0.027315,
        "nauc_ndcg_at_1000_diff1": 0.165454,
        "nauc_map_at_1_max": 0.293598,
        "nauc_map_at_1_std": -0.062333,
        "nauc_map_at_1_diff1": 0.421033,
        "nauc_map_at_3_max": 0.175897,
        "nauc_map_at_3_std": -0.021598,
        "nauc_map_at_3_diff1": 0.293202,
        "nauc_map_at_5_max": 0.16396,
        "nauc_map_at_5_std": 0.012349,
        "nauc_map_at_5_diff1": 0.303501,
        "nauc_map_at_10_max": 0.17147,
        "nauc_map_at_10_std": 0.032142,
        "nauc_map_at_10_diff1": 0.304227,
        "nauc_map_at_20_max": 0.161142,
        "nauc_map_at_20_std": 0.029665,
        "nauc_map_at_20_diff1": 0.292136,
        "nauc_map_at_100_max": 0.156047,
        "nauc_map_at_100_std": 0.025775,
        "nauc_map_at_100_diff1": 0.270698,
        "nauc_map_at_1000_max": 0.157164,
        "nauc_map_at_1000_std": 0.02671,
        "nauc_map_at_1000_diff1": 0.26779,
        "nauc_recall_at_1_max": 0.293598,
        "nauc_recall_at_1_std": -0.062333,
        "nauc_recall_at_1_diff1": 0.421033,
        "nauc_recall_at_3_max": 0.112376,
        "nauc_recall_at_3_std": -0.006921,
        "nauc_recall_at_3_diff1": 0.218515,
        "nauc_recall_at_5_max": 0.112575,
        "nauc_recall_at_5_std": 0.044613,
        "nauc_recall_at_5_diff1": 0.27684,
        "nauc_recall_at_10_max": 0.155595,
        "nauc_recall_at_10_std": 0.083471,
        "nauc_recall_at_10_diff1": 0.299154,
        "nauc_recall_at_20_max": 0.112136,
        "nauc_recall_at_20_std": 0.067809,
        "nauc_recall_at_20_diff1": 0.235255,
        "nauc_recall_at_100_max": 0.107402,
        "nauc_recall_at_100_std": 0.018012,
        "nauc_recall_at_100_diff1": 0.077729,
        "nauc_recall_at_1000_max": 0.194644,
        "nauc_recall_at_1000_std": -0.02999,
        "nauc_recall_at_1000_diff1": -0.120804,
        "nauc_precision_at_1_max": 0.293598,
        "nauc_precision_at_1_std": -0.062333,
        "nauc_precision_at_1_diff1": 0.421033,
        "nauc_precision_at_3_max": 0.112376,
        "nauc_precision_at_3_std": -0.006921,
        "nauc_precision_at_3_diff1": 0.218515,
        "nauc_precision_at_5_max": 0.112575,
        "nauc_precision_at_5_std": 0.044613,
        "nauc_precision_at_5_diff1": 0.27684,
        "nauc_precision_at_10_max": 0.155595,
        "nauc_precision_at_10_std": 0.083471,
        "nauc_precision_at_10_diff1": 0.299154,
        "nauc_precision_at_20_max": 0.112136,
        "nauc_precision_at_20_std": 0.067809,
        "nauc_precision_at_20_diff1": 0.235255,
        "nauc_precision_at_100_max": 0.107402,
        "nauc_precision_at_100_std": 0.018012,
        "nauc_precision_at_100_diff1": 0.077729,
        "nauc_precision_at_1000_max": 0.194644,
        "nauc_precision_at_1000_std": -0.02999,
        "nauc_precision_at_1000_diff1": -0.120804,
        "nauc_mrr_at_1_max": 0.293598,
        "nauc_mrr_at_1_std": -0.062333,
        "nauc_mrr_at_1_diff1": 0.421033,
        "nauc_mrr_at_3_max": 0.175897,
        "nauc_mrr_at_3_std": -0.021598,
        "nauc_mrr_at_3_diff1": 0.293202,
        "nauc_mrr_at_5_max": 0.16396,
        "nauc_mrr_at_5_std": 0.012349,
        "nauc_mrr_at_5_diff1": 0.303501,
        "nauc_mrr_at_10_max": 0.17147,
        "nauc_mrr_at_10_std": 0.032142,
        "nauc_mrr_at_10_diff1": 0.304227,
        "nauc_mrr_at_20_max": 0.161142,
        "nauc_mrr_at_20_std": 0.029665,
        "nauc_mrr_at_20_diff1": 0.292136,
        "nauc_mrr_at_100_max": 0.156047,
        "nauc_mrr_at_100_std": 0.025775,
        "nauc_mrr_at_100_diff1": 0.270698,
        "nauc_mrr_at_1000_max": 0.157164,
        "nauc_mrr_at_1000_std": 0.02671,
        "nauc_mrr_at_1000_diff1": 0.26779,
        "main_score": 0.04981,
        "hf_subset": "default",
        "languages": [
          "tur-Latn"
        ]
      }
    ]
  },
  "evaluation_time": 42.79337787628174,
  "kg_co2_emissions": null
}