{
  "dataset_revision": "main",
  "task_name": "QuoraRetrievalTR",
  "mteb_version": "1.31.3",
  "scores": {
    "test": [
      {
        "ndcg_at_1": 0.87706,
        "ndcg_at_3": 0.92421,
        "ndcg_at_5": 0.9311,
        "ndcg_at_10": 0.93445,
        "ndcg_at_20": 0.93728,
        "ndcg_at_100": 0.93819,
        "ndcg_at_1000": 0.93841,
        "map_at_1": 0.87706,
        "map_at_3": 0.91328,
        "map_at_5": 0.91718,
        "map_at_10": 0.91855,
        "map_at_20": 0.91935,
        "map_at_100": 0.91948,
        "map_at_1000": 0.91949,
        "recall_at_1": 0.87706,
        "recall_at_3": 0.95554,
        "recall_at_5": 0.97201,
        "recall_at_10": 0.98244,
        "recall_at_20": 0.99341,
        "recall_at_100": 0.99835,
        "recall_at_1000": 1.0,
        "precision_at_1": 0.87706,
        "precision_at_3": 0.31851,
        "precision_at_5": 0.1944,
        "precision_at_10": 0.09824,
        "precision_at_20": 0.04967,
        "precision_at_100": 0.00998,
        "precision_at_1000": 0.001,
        "mrr_at_1": 0.876509,
        "mrr_at_3": 0.913008,
        "mrr_at_5": 0.916905,
        "mrr_at_10": 0.918271,
        "mrr_at_20": 0.919076,
        "mrr_at_100": 0.919203,
        "mrr_at_1000": 0.919213,
        "nauc_ndcg_at_1_max": 0.409589,
        "nauc_ndcg_at_1_std": -0.357246,
        "nauc_ndcg_at_1_diff1": 0.874065,
        "nauc_ndcg_at_3_max": 0.484448,
        "nauc_ndcg_at_3_std": -0.410409,
        "nauc_ndcg_at_3_diff1": 0.87075,
        "nauc_ndcg_at_5_max": 0.485602,
        "nauc_ndcg_at_5_std": -0.402193,
        "nauc_ndcg_at_5_diff1": 0.876223,
        "nauc_ndcg_at_10_max": 0.477262,
        "nauc_ndcg_at_10_std": -0.396968,
        "nauc_ndcg_at_10_diff1": 0.876197,
        "nauc_ndcg_at_20_max": 0.467161,
        "nauc_ndcg_at_20_std": -0.388802,
        "nauc_ndcg_at_20_diff1": 0.874217,
        "nauc_ndcg_at_100_max": 0.465018,
        "nauc_ndcg_at_100_std": -0.385963,
        "nauc_ndcg_at_100_diff1": 0.873767,
        "nauc_ndcg_at_1000_max": 0.463099,
        "nauc_ndcg_at_1000_std": -0.388706,
        "nauc_ndcg_at_1000_diff1": 0.873847,
        "nauc_map_at_1_max": 0.409589,
        "nauc_map_at_1_std": -0.357246,
        "nauc_map_at_1_diff1": 0.874065,
        "nauc_map_at_3_max": 0.460808,
        "nauc_map_at_3_std": -0.396542,
        "nauc_map_at_3_diff1": 0.87153,
        "nauc_map_at_5_max": 0.460291,
        "nauc_map_at_5_std": -0.392202,
        "nauc_map_at_5_diff1": 0.874078,
        "nauc_map_at_10_max": 0.45733,
        "nauc_map_at_10_std": -0.390279,
        "nauc_map_at_10_diff1": 0.873958,
        "nauc_map_at_20_max": 0.455106,
        "nauc_map_at_20_std": -0.387753,
        "nauc_map_at_20_diff1": 0.873523,
        "nauc_map_at_100_max": 0.455068,
        "nauc_map_at_100_std": -0.38742,
        "nauc_map_at_100_diff1": 0.873485,
        "nauc_map_at_1000_max": 0.455003,
        "nauc_map_at_1000_std": -0.387496,
        "nauc_map_at_1000_diff1": 0.873486,
        "nauc_recall_at_1_max": 0.409589,
        "nauc_recall_at_1_std": -0.357246,
        "nauc_recall_at_1_diff1": 0.874065,
        "nauc_recall_at_3_max": 0.613807,
        "nauc_recall_at_3_std": -0.483803,
        "nauc_recall_at_3_diff1": 0.866711,
        "nauc_recall_at_5_max": 0.695692,
        "nauc_recall_at_5_std": -0.477167,
        "nauc_recall_at_5_diff1": 0.896763,
        "nauc_recall_at_10_max": 0.720245,
        "nauc_recall_at_10_std": -0.462366,
        "nauc_recall_at_10_diff1": 0.910358,
        "nauc_recall_at_20_max": 0.738583,
        "nauc_recall_at_20_std": -0.332117,
        "nauc_recall_at_20_diff1": 0.893017,
        "nauc_recall_at_100_max": 1.0,
        "nauc_recall_at_100_std": 0.415167,
        "nauc_recall_at_100_diff1": 0.851386,
        "nauc_recall_at_1000_max": NaN,
        "nauc_recall_at_1000_std": NaN,
        "nauc_recall_at_1000_diff1": NaN,
        "nauc_precision_at_1_max": 0.409589,
        "nauc_precision_at_1_std": -0.357246,
        "nauc_precision_at_1_diff1": 0.874065,
        "nauc_precision_at_3_max": 0.613807,
        "nauc_precision_at_3_std": -0.483803,
        "nauc_precision_at_3_diff1": 0.866711,
        "nauc_precision_at_5_max": 0.695692,
        "nauc_precision_at_5_std": -0.477167,
        "nauc_precision_at_5_diff1": 0.896763,
        "nauc_precision_at_10_max": 0.720245,
        "nauc_precision_at_10_std": -0.462366,
        "nauc_precision_at_10_diff1": 0.910358,
        "nauc_precision_at_20_max": 0.738583,
        "nauc_precision_at_20_std": -0.332117,
        "nauc_precision_at_20_diff1": 0.893017,
        "nauc_precision_at_100_max": 1.0,
        "nauc_precision_at_100_std": 0.415167,
        "nauc_precision_at_100_diff1": 0.851386,
        "nauc_precision_at_1000_max": 1.0,
        "nauc_precision_at_1000_std": 1.0,
        "nauc_precision_at_1000_diff1": 1.0,
        "nauc_mrr_at_1_max": 0.405399,
        "nauc_mrr_at_1_std": -0.358397,
        "nauc_mrr_at_1_diff1": 0.87516,
        "nauc_mrr_at_3_max": 0.457713,
        "nauc_mrr_at_3_std": -0.397244,
        "nauc_mrr_at_3_diff1": 0.872308,
        "nauc_mrr_at_5_max": 0.45705,
        "nauc_mrr_at_5_std": -0.39295,
        "nauc_mrr_at_5_diff1": 0.874886,
        "nauc_mrr_at_10_max": 0.454042,
        "nauc_mrr_at_10_std": -0.391045,
        "nauc_mrr_at_10_diff1": 0.874781,
        "nauc_mrr_at_20_max": 0.451791,
        "nauc_mrr_at_20_std": -0.388535,
        "nauc_mrr_at_20_diff1": 0.874355,
        "nauc_mrr_at_100_max": 0.451748,
        "nauc_mrr_at_100_std": -0.388204,
        "nauc_mrr_at_100_diff1": 0.874318,
        "nauc_mrr_at_1000_max": 0.451683,
        "nauc_mrr_at_1000_std": -0.388279,
        "nauc_mrr_at_1000_diff1": 0.874319,
        "main_score": 0.93445,
        "hf_subset": "default",
        "languages": [
          "tur-Latn"
        ]
      }
    ]
  },
  "evaluation_time": 7.885629177093506,
  "kg_co2_emissions": null
}