{
  "dataset_revision": "main",
  "task_name": "SCIDOCSTR",
  "mteb_version": "1.31.3",
  "scores": {
    "test": [
      {
        "ndcg_at_1": 0.00446,
        "ndcg_at_3": 0.01484,
        "ndcg_at_5": 0.01747,
        "ndcg_at_10": 0.02097,
        "ndcg_at_20": 0.02665,
        "ndcg_at_100": 0.03739,
        "ndcg_at_1000": 0.08563,
        "map_at_1": 0.00446,
        "map_at_3": 0.01226,
        "map_at_5": 0.01366,
        "map_at_10": 0.01504,
        "map_at_20": 0.01663,
        "map_at_100": 0.01795,
        "map_at_1000": 0.01909,
        "recall_at_1": 0.00446,
        "recall_at_3": 0.0223,
        "recall_at_5": 0.02899,
        "recall_at_10": 0.04013,
        "recall_at_20": 0.06243,
        "recall_at_100": 0.12263,
        "recall_at_1000": 0.54404,
        "precision_at_1": 0.00446,
        "precision_at_3": 0.00743,
        "precision_at_5": 0.0058,
        "precision_at_10": 0.00401,
        "precision_at_20": 0.00312,
        "precision_at_100": 0.00123,
        "precision_at_1000": 0.00054,
        "mrr_at_1": 0.004459,
        "mrr_at_3": 0.012263,
        "mrr_at_5": 0.013657,
        "mrr_at_10": 0.015044,
        "mrr_at_20": 0.016614,
        "mrr_at_100": 0.017937,
        "mrr_at_1000": 0.019061,
        "nauc_ndcg_at_1_max": -0.030261,
        "nauc_ndcg_at_1_std": -0.093502,
        "nauc_ndcg_at_1_diff1": 0.304769,
        "nauc_ndcg_at_3_max": 0.143817,
        "nauc_ndcg_at_3_std": 0.055935,
        "nauc_ndcg_at_3_diff1": 0.123704,
        "nauc_ndcg_at_5_max": 0.134601,
        "nauc_ndcg_at_5_std": 0.04185,
        "nauc_ndcg_at_5_diff1": 0.070085,
        "nauc_ndcg_at_10_max": 0.087769,
        "nauc_ndcg_at_10_std": 0.051334,
        "nauc_ndcg_at_10_diff1": 0.049926,
        "nauc_ndcg_at_20_max": 0.088486,
        "nauc_ndcg_at_20_std": 0.078259,
        "nauc_ndcg_at_20_diff1": 0.036574,
        "nauc_ndcg_at_100_max": 0.081338,
        "nauc_ndcg_at_100_std": 0.089675,
        "nauc_ndcg_at_100_diff1": -0.01167,
        "nauc_ndcg_at_1000_max": 0.083848,
        "nauc_ndcg_at_1000_std": 0.039274,
        "nauc_ndcg_at_1000_diff1": 0.031736,
        "nauc_map_at_1_max": -0.030261,
        "nauc_map_at_1_std": -0.093502,
        "nauc_map_at_1_diff1": 0.304769,
        "nauc_map_at_3_max": 0.139174,
        "nauc_map_at_3_std": 0.032223,
        "nauc_map_at_3_diff1": 0.143764,
        "nauc_map_at_5_max": 0.13471,
        "nauc_map_at_5_std": 0.02542,
        "nauc_map_at_5_diff1": 0.10526,
        "nauc_map_at_10_max": 0.108189,
        "nauc_map_at_10_std": 0.032517,
        "nauc_map_at_10_diff1": 0.090291,
        "nauc_map_at_20_max": 0.106871,
        "nauc_map_at_20_std": 0.046348,
        "nauc_map_at_20_diff1": 0.078336,
        "nauc_map_at_100_max": 0.102918,
        "nauc_map_at_100_std": 0.051466,
        "nauc_map_at_100_diff1": 0.063432,
        "nauc_map_at_1000_max": 0.102669,
        "nauc_map_at_1000_std": 0.050016,
        "nauc_map_at_1000_diff1": 0.065014,
        "nauc_recall_at_1_max": -0.030261,
        "nauc_recall_at_1_std": -0.093502,
        "nauc_recall_at_1_diff1": 0.304769,
        "nauc_recall_at_3_max": 0.148772,
        "nauc_recall_at_3_std": 0.095979,
        "nauc_recall_at_3_diff1": 0.090916,
        "nauc_recall_at_5_max": 0.131005,
        "nauc_recall_at_5_std": 0.064604,
        "nauc_recall_at_5_diff1": 0.016852,
        "nauc_recall_at_10_max": 0.055287,
        "nauc_recall_at_10_std": 0.073445,
        "nauc_recall_at_10_diff1": -0.000728,
        "nauc_recall_at_20_max": 0.067367,
        "nauc_recall_at_20_std": 0.110661,
        "nauc_recall_at_20_diff1": -0.000741,
        "nauc_recall_at_100_max": 0.067165,
        "nauc_recall_at_100_std": 0.11541,
        "nauc_recall_at_100_diff1": -0.068753,
        "nauc_recall_at_1000_max": 0.079081,
        "nauc_recall_at_1000_std": -0.004907,
        "nauc_recall_at_1000_diff1": 0.042178,
        "nauc_precision_at_1_max": -0.030261,
        "nauc_precision_at_1_std": -0.093502,
        "nauc_precision_at_1_diff1": 0.304769,
        "nauc_precision_at_3_max": 0.148772,
        "nauc_precision_at_3_std": 0.095979,
        "nauc_precision_at_3_diff1": 0.090916,
        "nauc_precision_at_5_max": 0.131005,
        "nauc_precision_at_5_std": 0.064604,
        "nauc_precision_at_5_diff1": 0.016852,
        "nauc_precision_at_10_max": 0.055287,
        "nauc_precision_at_10_std": 0.073445,
        "nauc_precision_at_10_diff1": -0.000728,
        "nauc_precision_at_20_max": 0.067367,
        "nauc_precision_at_20_std": 0.110661,
        "nauc_precision_at_20_diff1": -0.000741,
        "nauc_precision_at_100_max": 0.067165,
        "nauc_precision_at_100_std": 0.11541,
        "nauc_precision_at_100_diff1": -0.068753,
        "nauc_precision_at_1000_max": 0.079081,
        "nauc_precision_at_1000_std": -0.004907,
        "nauc_precision_at_1000_diff1": 0.042178,
        "nauc_mrr_at_1_max": -0.030261,
        "nauc_mrr_at_1_std": -0.093502,
        "nauc_mrr_at_1_diff1": 0.304769,
        "nauc_mrr_at_3_max": 0.139174,
        "nauc_mrr_at_3_std": 0.032223,
        "nauc_mrr_at_3_diff1": 0.143764,
        "nauc_mrr_at_5_max": 0.13471,
        "nauc_mrr_at_5_std": 0.02542,
        "nauc_mrr_at_5_diff1": 0.10526,
        "nauc_mrr_at_10_max": 0.108189,
        "nauc_mrr_at_10_std": 0.032517,
        "nauc_mrr_at_10_diff1": 0.090291,
        "nauc_mrr_at_20_max": 0.107038,
        "nauc_mrr_at_20_std": 0.046088,
        "nauc_mrr_at_20_diff1": 0.078317,
        "nauc_mrr_at_100_max": 0.103195,
        "nauc_mrr_at_100_std": 0.051261,
        "nauc_mrr_at_100_diff1": 0.06391,
        "nauc_mrr_at_1000_max": 0.103022,
        "nauc_mrr_at_1000_std": 0.049957,
        "nauc_mrr_at_1000_diff1": 0.065317,
        "main_score": 0.02097,
        "hf_subset": "default",
        "languages": [
          "tur-Latn"
        ]
      }
    ]
  },
  "evaluation_time": 43.88780426979065,
  "kg_co2_emissions": null
}