{
  "dataset_revision": "main",
  "task_name": "SciFactTR",
  "mteb_version": "1.31.3",
  "scores": {
    "test": [
      {
        "ndcg_at_1": 0.66,
        "ndcg_at_3": 0.74274,
        "ndcg_at_5": 0.75765,
        "ndcg_at_10": 0.77052,
        "ndcg_at_20": 0.78304,
        "ndcg_at_100": 0.79738,
        "ndcg_at_1000": 0.79787,
        "map_at_1": 0.66,
        "map_at_3": 0.72389,
        "map_at_5": 0.73206,
        "map_at_10": 0.73734,
        "map_at_20": 0.74072,
        "map_at_100": 0.74297,
        "map_at_1000": 0.743,
        "recall_at_1": 0.66,
        "recall_at_3": 0.79667,
        "recall_at_5": 0.83333,
        "recall_at_10": 0.87333,
        "recall_at_20": 0.92333,
        "recall_at_100": 0.99667,
        "recall_at_1000": 1.0,
        "precision_at_1": 0.66,
        "precision_at_3": 0.26556,
        "precision_at_5": 0.16667,
        "precision_at_10": 0.08733,
        "precision_at_20": 0.04617,
        "precision_at_100": 0.00997,
        "precision_at_1000": 0.001,
        "mrr_at_1": 0.66,
        "mrr_at_3": 0.723889,
        "mrr_at_5": 0.732056,
        "mrr_at_10": 0.737337,
        "mrr_at_20": 0.740716,
        "mrr_at_100": 0.742974,
        "mrr_at_1000": 0.743004,
        "nauc_ndcg_at_1_max": 0.565878,
        "nauc_ndcg_at_1_std": 0.009349,
        "nauc_ndcg_at_1_diff1": 0.746031,
        "nauc_ndcg_at_3_max": 0.593802,
        "nauc_ndcg_at_3_std": 0.014159,
        "nauc_ndcg_at_3_diff1": 0.716249,
        "nauc_ndcg_at_5_max": 0.610331,
        "nauc_ndcg_at_5_std": -0.005289,
        "nauc_ndcg_at_5_diff1": 0.716617,
        "nauc_ndcg_at_10_max": 0.605868,
        "nauc_ndcg_at_10_std": -0.001542,
        "nauc_ndcg_at_10_diff1": 0.708707,
        "nauc_ndcg_at_20_max": 0.606015,
        "nauc_ndcg_at_20_std": 0.009928,
        "nauc_ndcg_at_20_diff1": 0.712663,
        "nauc_ndcg_at_100_max": 0.597234,
        "nauc_ndcg_at_100_std": 0.005739,
        "nauc_ndcg_at_100_diff1": 0.720761,
        "nauc_ndcg_at_1000_max": 0.596884,
        "nauc_ndcg_at_1000_std": 0.003731,
        "nauc_ndcg_at_1000_diff1": 0.721228,
        "nauc_map_at_1_max": 0.565878,
        "nauc_map_at_1_std": 0.009349,
        "nauc_map_at_1_diff1": 0.746031,
        "nauc_map_at_3_max": 0.585215,
        "nauc_map_at_3_std": 0.007344,
        "nauc_map_at_3_diff1": 0.7243,
        "nauc_map_at_5_max": 0.593923,
        "nauc_map_at_5_std": -0.002843,
        "nauc_map_at_5_diff1": 0.725447,
        "nauc_map_at_10_max": 0.591664,
        "nauc_map_at_10_std": -0.002916,
        "nauc_map_at_10_diff1": 0.72273,
        "nauc_map_at_20_max": 0.59184,
        "nauc_map_at_20_std": 0.001102,
        "nauc_map_at_20_diff1": 0.723782,
        "nauc_map_at_100_max": 0.590788,
        "nauc_map_at_100_std": 0.000906,
        "nauc_map_at_100_diff1": 0.725088,
        "nauc_map_at_1000_max": 0.59077,
        "nauc_map_at_1000_std": 0.000806,
        "nauc_map_at_1000_diff1": 0.725112,
        "nauc_recall_at_1_max": 0.565878,
        "nauc_recall_at_1_std": 0.009349,
        "nauc_recall_at_1_diff1": 0.746031,
        "nauc_recall_at_3_max": 0.625354,
        "nauc_recall_at_3_std": 0.04177,
        "nauc_recall_at_3_diff1": 0.687195,
        "nauc_recall_at_5_max": 0.682552,
        "nauc_recall_at_5_std": -0.016108,
        "nauc_recall_at_5_diff1": 0.678276,
        "nauc_recall_at_10_max": 0.682854,
        "nauc_recall_at_10_std": 0.014566,
        "nauc_recall_at_10_diff1": 0.627192,
        "nauc_recall_at_20_max": 0.723197,
        "nauc_recall_at_20_std": 0.106483,
        "nauc_recall_at_20_diff1": 0.61783,
        "nauc_recall_at_100_max": 0.722222,
        "nauc_recall_at_100_std": 0.722222,
        "nauc_recall_at_100_diff1": 0.554155,
        "nauc_recall_at_1000_max": NaN,
        "nauc_recall_at_1000_std": NaN,
        "nauc_recall_at_1000_diff1": NaN,
        "nauc_precision_at_1_max": 0.565878,
        "nauc_precision_at_1_std": 0.009349,
        "nauc_precision_at_1_diff1": 0.746031,
        "nauc_precision_at_3_max": 0.625354,
        "nauc_precision_at_3_std": 0.04177,
        "nauc_precision_at_3_diff1": 0.687195,
        "nauc_precision_at_5_max": 0.682552,
        "nauc_precision_at_5_std": -0.016108,
        "nauc_precision_at_5_diff1": 0.678276,
        "nauc_precision_at_10_max": 0.682854,
        "nauc_precision_at_10_std": 0.014566,
        "nauc_precision_at_10_diff1": 0.627192,
        "nauc_precision_at_20_max": 0.723197,
        "nauc_precision_at_20_std": 0.106483,
        "nauc_precision_at_20_diff1": 0.61783,
        "nauc_precision_at_100_max": 0.722222,
        "nauc_precision_at_100_std": 0.722222,
        "nauc_precision_at_100_diff1": 0.554155,
        "nauc_precision_at_1000_max": 1.0,
        "nauc_precision_at_1000_std": 1.0,
        "nauc_precision_at_1000_diff1": 1.0,
        "nauc_mrr_at_1_max": 0.565878,
        "nauc_mrr_at_1_std": 0.009349,
        "nauc_mrr_at_1_diff1": 0.746031,
        "nauc_mrr_at_3_max": 0.585215,
        "nauc_mrr_at_3_std": 0.007344,
        "nauc_mrr_at_3_diff1": 0.7243,
        "nauc_mrr_at_5_max": 0.593923,
        "nauc_mrr_at_5_std": -0.002843,
        "nauc_mrr_at_5_diff1": 0.725447,
        "nauc_mrr_at_10_max": 0.591664,
        "nauc_mrr_at_10_std": -0.002916,
        "nauc_mrr_at_10_diff1": 0.72273,
        "nauc_mrr_at_20_max": 0.59184,
        "nauc_mrr_at_20_std": 0.001102,
        "nauc_mrr_at_20_diff1": 0.723782,
        "nauc_mrr_at_100_max": 0.590788,
        "nauc_mrr_at_100_std": 0.000906,
        "nauc_mrr_at_100_diff1": 0.725088,
        "nauc_mrr_at_1000_max": 0.59077,
        "nauc_mrr_at_1000_std": 0.000806,
        "nauc_mrr_at_1000_diff1": 0.725112,
        "main_score": 0.77052,
        "hf_subset": "default",
        "languages": [
          "tur-Latn"
        ]
      }
    ]
  },
  "evaluation_time": 10.501423120498657,
  "kg_co2_emissions": null
}