{
  "dataset_revision": "main",
  "task_name": "SquadTRRetrieval",
  "mteb_version": "1.31.3",
  "scores": {
    "test": [
      {
        "ndcg_at_1": 0.31166,
        "ndcg_at_3": 0.42639,
        "ndcg_at_5": 0.46397,
        "ndcg_at_10": 0.4983,
        "ndcg_at_20": 0.52176,
        "ndcg_at_100": 0.5488,
        "ndcg_at_1000": 0.5565,
        "map_at_1": 0.31166,
        "map_at_3": 0.3984,
        "map_at_5": 0.41921,
        "map_at_10": 0.43347,
        "map_at_20": 0.43995,
        "map_at_100": 0.44384,
        "map_at_1000": 0.44415,
        "recall_at_1": 0.31166,
        "recall_at_3": 0.5073,
        "recall_at_5": 0.59872,
        "recall_at_10": 0.70438,
        "recall_at_20": 0.79689,
        "recall_at_100": 0.9403,
        "recall_at_1000": 0.99988,
        "precision_at_1": 0.31166,
        "precision_at_3": 0.1691,
        "precision_at_5": 0.11974,
        "precision_at_10": 0.07044,
        "precision_at_20": 0.03984,
        "precision_at_100": 0.0094,
        "precision_at_1000": 0.001,
        "mrr_at_1": 0.311663,
        "mrr_at_3": 0.398404,
        "mrr_at_5": 0.41921,
        "mrr_at_10": 0.433474,
        "mrr_at_20": 0.439946,
        "mrr_at_100": 0.443844,
        "mrr_at_1000": 0.444151,
        "nauc_ndcg_at_1_max": 0.2338,
        "nauc_ndcg_at_1_std": 0.023122,
        "nauc_ndcg_at_1_diff1": 0.427041,
        "nauc_ndcg_at_3_max": 0.267297,
        "nauc_ndcg_at_3_std": 0.04997,
        "nauc_ndcg_at_3_diff1": 0.355344,
        "nauc_ndcg_at_5_max": 0.280529,
        "nauc_ndcg_at_5_std": 0.060434,
        "nauc_ndcg_at_5_diff1": 0.347575,
        "nauc_ndcg_at_10_max": 0.293924,
        "nauc_ndcg_at_10_std": 0.075757,
        "nauc_ndcg_at_10_diff1": 0.346445,
        "nauc_ndcg_at_20_max": 0.307865,
        "nauc_ndcg_at_20_std": 0.088773,
        "nauc_ndcg_at_20_diff1": 0.350507,
        "nauc_ndcg_at_100_max": 0.29727,
        "nauc_ndcg_at_100_std": 0.082494,
        "nauc_ndcg_at_100_diff1": 0.358861,
        "nauc_ndcg_at_1000_max": 0.286905,
        "nauc_ndcg_at_1000_std": 0.070453,
        "nauc_ndcg_at_1000_diff1": 0.361148,
        "nauc_map_at_1_max": 0.2338,
        "nauc_map_at_1_std": 0.023122,
        "nauc_map_at_1_diff1": 0.427041,
        "nauc_map_at_3_max": 0.259501,
        "nauc_map_at_3_std": 0.043382,
        "nauc_map_at_3_diff1": 0.37203,
        "nauc_map_at_5_max": 0.266517,
        "nauc_map_at_5_std": 0.049045,
        "nauc_map_at_5_diff1": 0.368086,
        "nauc_map_at_10_max": 0.271388,
        "nauc_map_at_10_std": 0.054673,
        "nauc_map_at_10_diff1": 0.367996,
        "nauc_map_at_20_max": 0.274517,
        "nauc_map_at_20_std": 0.057581,
        "nauc_map_at_20_diff1": 0.369285,
        "nauc_map_at_100_max": 0.273232,
        "nauc_map_at_100_std": 0.05686,
        "nauc_map_at_100_diff1": 0.370365,
        "nauc_map_at_1000_max": 0.272881,
        "nauc_map_at_1000_std": 0.056466,
        "nauc_map_at_1000_diff1": 0.370451,
        "nauc_recall_at_1_max": 0.2338,
        "nauc_recall_at_1_std": 0.023122,
        "nauc_recall_at_1_diff1": 0.427041,
        "nauc_recall_at_3_max": 0.289792,
        "nauc_recall_at_3_std": 0.069125,
        "nauc_recall_at_3_diff1": 0.307193,
        "nauc_recall_at_5_max": 0.326443,
        "nauc_recall_at_5_std": 0.097691,
        "nauc_recall_at_5_diff1": 0.28244,
        "nauc_recall_at_10_max": 0.38845,
        "nauc_recall_at_10_std": 0.165499,
        "nauc_recall_at_10_diff1": 0.264043,
        "nauc_recall_at_20_max": 0.509471,
        "nauc_recall_at_20_std": 0.279172,
        "nauc_recall_at_20_diff1": 0.260709,
        "nauc_recall_at_100_max": 0.660594,
        "nauc_recall_at_100_std": 0.509478,
        "nauc_recall_at_100_diff1": 0.279962,
        "nauc_recall_at_1000_max": 0.722228,
        "nauc_recall_at_1000_std": 0.869283,
        "nauc_recall_at_1000_diff1": 0.358107,
        "nauc_precision_at_1_max": 0.2338,
        "nauc_precision_at_1_std": 0.023122,
        "nauc_precision_at_1_diff1": 0.427041,
        "nauc_precision_at_3_max": 0.289792,
        "nauc_precision_at_3_std": 0.069125,
        "nauc_precision_at_3_diff1": 0.307193,
        "nauc_precision_at_5_max": 0.326443,
        "nauc_precision_at_5_std": 0.097691,
        "nauc_precision_at_5_diff1": 0.28244,
        "nauc_precision_at_10_max": 0.38845,
        "nauc_precision_at_10_std": 0.165499,
        "nauc_precision_at_10_diff1": 0.264043,
        "nauc_precision_at_20_max": 0.509471,
        "nauc_precision_at_20_std": 0.279172,
        "nauc_precision_at_20_diff1": 0.260709,
        "nauc_precision_at_100_max": 0.660594,
        "nauc_precision_at_100_std": 0.509478,
        "nauc_precision_at_100_diff1": 0.279962,
        "nauc_precision_at_1000_max": 0.722228,
        "nauc_precision_at_1000_std": 0.869283,
        "nauc_precision_at_1000_diff1": 0.358107,
        "nauc_mrr_at_1_max": 0.2338,
        "nauc_mrr_at_1_std": 0.023122,
        "nauc_mrr_at_1_diff1": 0.427041,
        "nauc_mrr_at_3_max": 0.259501,
        "nauc_mrr_at_3_std": 0.043382,
        "nauc_mrr_at_3_diff1": 0.37203,
        "nauc_mrr_at_5_max": 0.266517,
        "nauc_mrr_at_5_std": 0.049045,
        "nauc_mrr_at_5_diff1": 0.368086,
        "nauc_mrr_at_10_max": 0.271388,
        "nauc_mrr_at_10_std": 0.054673,
        "nauc_mrr_at_10_diff1": 0.367996,
        "nauc_mrr_at_20_max": 0.274517,
        "nauc_mrr_at_20_std": 0.057581,
        "nauc_mrr_at_20_diff1": 0.369285,
        "nauc_mrr_at_100_max": 0.273232,
        "nauc_mrr_at_100_std": 0.05686,
        "nauc_mrr_at_100_diff1": 0.370365,
        "nauc_mrr_at_1000_max": 0.272881,
        "nauc_mrr_at_1000_std": 0.056466,
        "nauc_mrr_at_1000_diff1": 0.370451,
        "main_score": 0.4983,
        "hf_subset": "default",
        "languages": [
          "tur-Latn"
        ]
      }
    ]
  },
  "evaluation_time": 38.5697181224823,
  "kg_co2_emissions": null
}