{
  "dataset_revision": "main",
  "task_name": "TQuadRetrieval",
  "mteb_version": "1.31.3",
  "scores": {
    "test": [
      {
        "ndcg_at_1": 0.42152,
        "ndcg_at_3": 0.57061,
        "ndcg_at_5": 0.61692,
        "ndcg_at_10": 0.65137,
        "ndcg_at_20": 0.6621,
        "ndcg_at_100": 0.67169,
        "ndcg_at_1000": 0.67344,
        "map_at_1": 0.42152,
        "map_at_3": 0.53382,
        "map_at_5": 0.55932,
        "map_at_10": 0.57377,
        "map_at_20": 0.57684,
        "map_at_100": 0.57825,
        "map_at_1000": 0.57835,
        "recall_at_1": 0.42152,
        "recall_at_3": 0.67713,
        "recall_at_5": 0.79036,
        "recall_at_10": 0.89574,
        "recall_at_20": 0.93722,
        "recall_at_100": 0.98767,
        "recall_at_1000": 1.0,
        "precision_at_1": 0.42152,
        "precision_at_3": 0.22571,
        "precision_at_5": 0.15807,
        "precision_at_10": 0.08957,
        "precision_at_20": 0.04686,
        "precision_at_100": 0.00988,
        "precision_at_1000": 0.001,
        "mrr_at_1": 0.421525,
        "mrr_at_3": 0.533819,
        "mrr_at_5": 0.559324,
        "mrr_at_10": 0.573769,
        "mrr_at_20": 0.576842,
        "mrr_at_100": 0.578249,
        "mrr_at_1000": 0.578346,
        "nauc_ndcg_at_1_max": 0.01668,
        "nauc_ndcg_at_1_std": -0.102247,
        "nauc_ndcg_at_1_diff1": 0.468731,
        "nauc_ndcg_at_3_max": 0.05075,
        "nauc_ndcg_at_3_std": -0.075794,
        "nauc_ndcg_at_3_diff1": 0.392591,
        "nauc_ndcg_at_5_max": 0.08783,
        "nauc_ndcg_at_5_std": -0.038601,
        "nauc_ndcg_at_5_diff1": 0.400805,
        "nauc_ndcg_at_10_max": 0.082058,
        "nauc_ndcg_at_10_std": -0.028145,
        "nauc_ndcg_at_10_diff1": 0.397179,
        "nauc_ndcg_at_20_max": 0.074804,
        "nauc_ndcg_at_20_std": -0.036308,
        "nauc_ndcg_at_20_diff1": 0.405434,
        "nauc_ndcg_at_100_max": 0.069613,
        "nauc_ndcg_at_100_std": -0.048607,
        "nauc_ndcg_at_100_diff1": 0.410051,
        "nauc_ndcg_at_1000_max": 0.06548,
        "nauc_ndcg_at_1000_std": -0.054659,
        "nauc_ndcg_at_1000_diff1": 0.414598,
        "nauc_map_at_1_max": 0.01668,
        "nauc_map_at_1_std": -0.102247,
        "nauc_map_at_1_diff1": 0.468731,
        "nauc_map_at_3_max": 0.043807,
        "nauc_map_at_3_std": -0.082575,
        "nauc_map_at_3_diff1": 0.414,
        "nauc_map_at_5_max": 0.062699,
        "nauc_map_at_5_std": -0.063552,
        "nauc_map_at_5_diff1": 0.41942,
        "nauc_map_at_10_max": 0.059956,
        "nauc_map_at_10_std": -0.06083,
        "nauc_map_at_10_diff1": 0.41891,
        "nauc_map_at_20_max": 0.057998,
        "nauc_map_at_20_std": -0.063285,
        "nauc_map_at_20_diff1": 0.421305,
        "nauc_map_at_100_max": 0.057292,
        "nauc_map_at_100_std": -0.065043,
        "nauc_map_at_100_diff1": 0.422142,
        "nauc_map_at_1000_max": 0.057115,
        "nauc_map_at_1000_std": -0.065312,
        "nauc_map_at_1000_diff1": 0.422346,
        "nauc_recall_at_1_max": 0.01668,
        "nauc_recall_at_1_std": -0.102247,
        "nauc_recall_at_1_diff1": 0.468731,
        "nauc_recall_at_3_max": 0.073557,
        "nauc_recall_at_3_std": -0.052619,
        "nauc_recall_at_3_diff1": 0.318451,
        "nauc_recall_at_5_max": 0.20858,
        "nauc_recall_at_5_std": 0.082525,
        "nauc_recall_at_5_diff1": 0.316968,
        "nauc_recall_at_10_max": 0.26583,
        "nauc_recall_at_10_std": 0.264087,
        "nauc_recall_at_10_diff1": 0.217326,
        "nauc_recall_at_20_max": 0.279942,
        "nauc_recall_at_20_std": 0.341107,
        "nauc_recall_at_20_diff1": 0.213885,
        "nauc_recall_at_100_max": 0.609801,
        "nauc_recall_at_100_std": 0.735674,
        "nauc_recall_at_100_diff1": -0.178327,
        "nauc_recall_at_1000_max": NaN,
        "nauc_recall_at_1000_std": NaN,
        "nauc_recall_at_1000_diff1": NaN,
        "nauc_precision_at_1_max": 0.01668,
        "nauc_precision_at_1_std": -0.102247,
        "nauc_precision_at_1_diff1": 0.468731,
        "nauc_precision_at_3_max": 0.073557,
        "nauc_precision_at_3_std": -0.052619,
        "nauc_precision_at_3_diff1": 0.318451,
        "nauc_precision_at_5_max": 0.20858,
        "nauc_precision_at_5_std": 0.082525,
        "nauc_precision_at_5_diff1": 0.316968,
        "nauc_precision_at_10_max": 0.26583,
        "nauc_precision_at_10_std": 0.264087,
        "nauc_precision_at_10_diff1": 0.217326,
        "nauc_precision_at_20_max": 0.279942,
        "nauc_precision_at_20_std": 0.341107,
        "nauc_precision_at_20_diff1": 0.213885,
        "nauc_precision_at_100_max": 0.609801,
        "nauc_precision_at_100_std": 0.735674,
        "nauc_precision_at_100_diff1": -0.178327,
        "nauc_precision_at_1000_max": NaN,
        "nauc_precision_at_1000_std": NaN,
        "nauc_precision_at_1000_diff1": NaN,
        "nauc_mrr_at_1_max": 0.018328,
        "nauc_mrr_at_1_std": -0.102551,
        "nauc_mrr_at_1_diff1": 0.468731,
        "nauc_mrr_at_3_max": 0.045017,
        "nauc_mrr_at_3_std": -0.082439,
        "nauc_mrr_at_3_diff1": 0.41421,
        "nauc_mrr_at_5_max": 0.063979,
        "nauc_mrr_at_5_std": -0.063408,
        "nauc_mrr_at_5_diff1": 0.419642,
        "nauc_mrr_at_10_max": 0.061289,
        "nauc_mrr_at_10_std": -0.06068,
        "nauc_mrr_at_10_diff1": 0.419141,
        "nauc_mrr_at_20_max": 0.059345,
        "nauc_mrr_at_20_std": -0.063133,
        "nauc_mrr_at_20_diff1": 0.421539,
        "nauc_mrr_at_100_max": 0.058646,
        "nauc_mrr_at_100_std": -0.064891,
        "nauc_mrr_at_100_diff1": 0.422376,
        "nauc_mrr_at_1000_max": 0.058469,
        "nauc_mrr_at_1000_std": -0.06516,
        "nauc_mrr_at_1000_diff1": 0.422581,
        "main_score": 0.65137,
        "hf_subset": "default",
        "languages": [
          "tur-Latn"
        ]
      }
    ]
  },
  "evaluation_time": 7.75956392288208,
  "kg_co2_emissions": null
}