{
  "dataset_revision": "51adfef1c1287aab1d2d91b5bead9bcfb9c68583",
  "task_name": "XQuADRetrieval",
  "mteb_version": "1.31.3",
  "scores": {
    "validation": [
      {
        "ndcg_at_1": 0.68497,
        "ndcg_at_3": 0.7987,
        "ndcg_at_5": 0.81786,
        "ndcg_at_10": 0.82912,
        "ndcg_at_20": 0.8334,
        "ndcg_at_100": 0.83759,
        "ndcg_at_1000": 0.83782,
        "map_at_1": 0.68497,
        "map_at_3": 0.77111,
        "map_at_5": 0.78176,
        "map_at_10": 0.78645,
        "map_at_20": 0.78763,
        "map_at_100": 0.78825,
        "map_at_1000": 0.78826,
        "recall_at_1": 0.68497,
        "recall_at_3": 0.87838,
        "recall_at_5": 0.92483,
        "recall_at_10": 0.95946,
        "recall_at_20": 0.97635,
        "recall_at_100": 0.99831,
        "recall_at_1000": 1.0,
        "precision_at_1": 0.68497,
        "precision_at_3": 0.29279,
        "precision_at_5": 0.18497,
        "precision_at_10": 0.09595,
        "precision_at_20": 0.04882,
        "precision_at_100": 0.00998,
        "precision_at_1000": 0.001,
        "mrr_at_1": 0.684966,
        "mrr_at_3": 0.771115,
        "mrr_at_5": 0.781757,
        "mrr_at_10": 0.786447,
        "mrr_at_20": 0.787628,
        "mrr_at_100": 0.788247,
        "mrr_at_1000": 0.788259,
        "nauc_ndcg_at_1_max": 0.457117,
        "nauc_ndcg_at_1_std": 0.166391,
        "nauc_ndcg_at_1_diff1": 0.671939,
        "nauc_ndcg_at_3_max": 0.502577,
        "nauc_ndcg_at_3_std": 0.177928,
        "nauc_ndcg_at_3_diff1": 0.625677,
        "nauc_ndcg_at_5_max": 0.516303,
        "nauc_ndcg_at_5_std": 0.203155,
        "nauc_ndcg_at_5_diff1": 0.628492,
        "nauc_ndcg_at_10_max": 0.509551,
        "nauc_ndcg_at_10_std": 0.201699,
        "nauc_ndcg_at_10_diff1": 0.634472,
        "nauc_ndcg_at_20_max": 0.50225,
        "nauc_ndcg_at_20_std": 0.191351,
        "nauc_ndcg_at_20_diff1": 0.635238,
        "nauc_ndcg_at_100_max": 0.496104,
        "nauc_ndcg_at_100_std": 0.186184,
        "nauc_ndcg_at_100_diff1": 0.641582,
        "nauc_ndcg_at_1000_max": 0.49528,
        "nauc_ndcg_at_1000_std": 0.184955,
        "nauc_ndcg_at_1000_diff1": 0.641335,
        "nauc_map_at_1_max": 0.457117,
        "nauc_map_at_1_std": 0.166391,
        "nauc_map_at_1_diff1": 0.671939,
        "nauc_map_at_3_max": 0.487921,
        "nauc_map_at_3_std": 0.171991,
        "nauc_map_at_3_diff1": 0.638661,
        "nauc_map_at_5_max": 0.49321,
        "nauc_map_at_5_std": 0.183245,
        "nauc_map_at_5_diff1": 0.640166,
        "nauc_map_at_10_max": 0.49071,
        "nauc_map_at_10_std": 0.182938,
        "nauc_map_at_10_diff1": 0.642663,
        "nauc_map_at_20_max": 0.489107,
        "nauc_map_at_20_std": 0.180438,
        "nauc_map_at_20_diff1": 0.642952,
        "nauc_map_at_100_max": 0.488529,
        "nauc_map_at_100_std": 0.179795,
        "nauc_map_at_100_diff1": 0.644137,
        "nauc_map_at_1000_max": 0.488497,
        "nauc_map_at_1000_std": 0.179747,
        "nauc_map_at_1000_diff1": 0.644128,
        "nauc_recall_at_1_max": 0.457117,
        "nauc_recall_at_1_std": 0.166391,
        "nauc_recall_at_1_diff1": 0.671939,
        "nauc_recall_at_3_max": 0.574736,
        "nauc_recall_at_3_std": 0.2087,
        "nauc_recall_at_3_diff1": 0.563095,
        "nauc_recall_at_5_max": 0.693097,
        "nauc_recall_at_5_std": 0.362439,
        "nauc_recall_at_5_diff1": 0.546794,
        "nauc_recall_at_10_max": 0.757935,
        "nauc_recall_at_10_std": 0.465281,
        "nauc_recall_at_10_diff1": 0.541175,
        "nauc_recall_at_20_max": 0.749558,
        "nauc_recall_at_20_std": 0.406372,
        "nauc_recall_at_20_diff1": 0.489218,
        "nauc_recall_at_100_max": 1.0,
        "nauc_recall_at_100_std": 0.934665,
        "nauc_recall_at_100_diff1": 0.795785,
        "nauc_recall_at_1000_max": NaN,
        "nauc_recall_at_1000_std": NaN,
        "nauc_recall_at_1000_diff1": NaN,
        "nauc_precision_at_1_max": 0.457117,
        "nauc_precision_at_1_std": 0.166391,
        "nauc_precision_at_1_diff1": 0.671939,
        "nauc_precision_at_3_max": 0.574736,
        "nauc_precision_at_3_std": 0.2087,
        "nauc_precision_at_3_diff1": 0.563095,
        "nauc_precision_at_5_max": 0.693097,
        "nauc_precision_at_5_std": 0.362439,
        "nauc_precision_at_5_diff1": 0.546794,
        "nauc_precision_at_10_max": 0.757935,
        "nauc_precision_at_10_std": 0.465281,
        "nauc_precision_at_10_diff1": 0.541175,
        "nauc_precision_at_20_max": 0.749558,
        "nauc_precision_at_20_std": 0.406372,
        "nauc_precision_at_20_diff1": 0.489218,
        "nauc_precision_at_100_max": 1.0,
        "nauc_precision_at_100_std": 0.934665,
        "nauc_precision_at_100_diff1": 0.795785,
        "nauc_precision_at_1000_max": 1.0,
        "nauc_precision_at_1000_std": 1.0,
        "nauc_precision_at_1000_diff1": 1.0,
        "nauc_mrr_at_1_max": 0.457117,
        "nauc_mrr_at_1_std": 0.166391,
        "nauc_mrr_at_1_diff1": 0.671939,
        "nauc_mrr_at_3_max": 0.487921,
        "nauc_mrr_at_3_std": 0.171991,
        "nauc_mrr_at_3_diff1": 0.638661,
        "nauc_mrr_at_5_max": 0.49321,
        "nauc_mrr_at_5_std": 0.183245,
        "nauc_mrr_at_5_diff1": 0.640166,
        "nauc_mrr_at_10_max": 0.49071,
        "nauc_mrr_at_10_std": 0.182938,
        "nauc_mrr_at_10_diff1": 0.642663,
        "nauc_mrr_at_20_max": 0.489107,
        "nauc_mrr_at_20_std": 0.180438,
        "nauc_mrr_at_20_diff1": 0.642952,
        "nauc_mrr_at_100_max": 0.488529,
        "nauc_mrr_at_100_std": 0.179795,
        "nauc_mrr_at_100_diff1": 0.644137,
        "nauc_mrr_at_1000_max": 0.488497,
        "nauc_mrr_at_1000_std": 0.179747,
        "nauc_mrr_at_1000_diff1": 0.644128,
        "main_score": 0.82912,
        "hf_subset": "tr",
        "languages": [
          "tur-Latn"
        ]
      }
    ]
  },
  "evaluation_time": 7.264326810836792,
  "kg_co2_emissions": null
}