{
  "dataset_revision": "main",
  "task_name": "ArguAnaTR",
  "mteb_version": "1.31.3",
  "scores": {
    "test": [
      {
        "ndcg_at_1": 0.04552,
        "ndcg_at_3": 0.07977,
        "ndcg_at_5": 0.09131,
        "ndcg_at_10": 0.10712,
        "ndcg_at_20": 0.12036,
        "ndcg_at_100": 0.14425,
        "ndcg_at_1000": 0.17511,
        "map_at_1": 0.04552,
        "map_at_3": 0.07101,
        "map_at_5": 0.07748,
        "map_at_10": 0.0841,
        "map_at_20": 0.08769,
        "map_at_100": 0.09072,
        "map_at_1000": 0.0916,
        "recall_at_1": 0.04552,
        "recall_at_3": 0.10526,
        "recall_at_5": 0.133,
        "recall_at_10": 0.18137,
        "recall_at_20": 0.234,
        "recall_at_100": 0.367,
        "recall_at_1000": 0.62589,
        "precision_at_1": 0.04552,
        "precision_at_3": 0.03509,
        "precision_at_5": 0.0266,
        "precision_at_10": 0.01814,
        "precision_at_20": 0.0117,
        "precision_at_100": 0.00367,
        "precision_at_1000": 0.00063,
        "mrr_at_1": 0.04623,
        "mrr_at_3": 0.071124,
        "mrr_at_5": 0.077774,
        "mrr_at_10": 0.084399,
        "mrr_at_20": 0.087992,
        "mrr_at_100": 0.091013,
        "mrr_at_1000": 0.091896,
        "nauc_ndcg_at_1_max": 0.061622,
        "nauc_ndcg_at_1_std": 0.088495,
        "nauc_ndcg_at_1_diff1": 0.207928,
        "nauc_ndcg_at_3_max": 0.070577,
        "nauc_ndcg_at_3_std": 0.106742,
        "nauc_ndcg_at_3_diff1": 0.170806,
        "nauc_ndcg_at_5_max": 0.072448,
        "nauc_ndcg_at_5_std": 0.118776,
        "nauc_ndcg_at_5_diff1": 0.164007,
        "nauc_ndcg_at_10_max": 0.060345,
        "nauc_ndcg_at_10_std": 0.129011,
        "nauc_ndcg_at_10_diff1": 0.153615,
        "nauc_ndcg_at_20_max": 0.050737,
        "nauc_ndcg_at_20_std": 0.140002,
        "nauc_ndcg_at_20_diff1": 0.144981,
        "nauc_ndcg_at_100_max": 0.05165,
        "nauc_ndcg_at_100_std": 0.150103,
        "nauc_ndcg_at_100_diff1": 0.140659,
        "nauc_ndcg_at_1000_max": 0.03866,
        "nauc_ndcg_at_1000_std": 0.14213,
        "nauc_ndcg_at_1000_diff1": 0.132293,
        "nauc_map_at_1_max": 0.061622,
        "nauc_map_at_1_std": 0.088495,
        "nauc_map_at_1_diff1": 0.207928,
        "nauc_map_at_3_max": 0.067609,
        "nauc_map_at_3_std": 0.102715,
        "nauc_map_at_3_diff1": 0.173688,
        "nauc_map_at_5_max": 0.069443,
        "nauc_map_at_5_std": 0.111115,
        "nauc_map_at_5_diff1": 0.169366,
        "nauc_map_at_10_max": 0.063013,
        "nauc_map_at_10_std": 0.11679,
        "nauc_map_at_10_diff1": 0.163408,
        "nauc_map_at_20_max": 0.059505,
        "nauc_map_at_20_std": 0.120547,
        "nauc_map_at_20_diff1": 0.159758,
        "nauc_map_at_100_max": 0.059959,
        "nauc_map_at_100_std": 0.122673,
        "nauc_map_at_100_diff1": 0.159589,
        "nauc_map_at_1000_max": 0.059801,
        "nauc_map_at_1000_std": 0.122312,
        "nauc_map_at_1000_diff1": 0.159213,
        "nauc_recall_at_1_max": 0.061622,
        "nauc_recall_at_1_std": 0.088495,
        "nauc_recall_at_1_diff1": 0.207928,
        "nauc_recall_at_3_max": 0.076843,
        "nauc_recall_at_3_std": 0.114977,
        "nauc_recall_at_3_diff1": 0.165964,
        "nauc_recall_at_5_max": 0.077954,
        "nauc_recall_at_5_std": 0.133378,
        "nauc_recall_at_5_diff1": 0.154436,
        "nauc_recall_at_10_max": 0.054524,
        "nauc_recall_at_10_std": 0.150023,
        "nauc_recall_at_10_diff1": 0.137194,
        "nauc_recall_at_20_max": 0.033533,
        "nauc_recall_at_20_std": 0.173695,
        "nauc_recall_at_20_diff1": 0.120906,
        "nauc_recall_at_100_max": 0.036456,
        "nauc_recall_at_100_std": 0.197058,
        "nauc_recall_at_100_diff1": 0.107748,
        "nauc_recall_at_1000_max": -0.041811,
        "nauc_recall_at_1000_std": 0.167097,
        "nauc_recall_at_1000_diff1": 0.06048,
        "nauc_precision_at_1_max": 0.061622,
        "nauc_precision_at_1_std": 0.088495,
        "nauc_precision_at_1_diff1": 0.207928,
        "nauc_precision_at_3_max": 0.076843,
        "nauc_precision_at_3_std": 0.114977,
        "nauc_precision_at_3_diff1": 0.165964,
        "nauc_precision_at_5_max": 0.077954,
        "nauc_precision_at_5_std": 0.133378,
        "nauc_precision_at_5_diff1": 0.154436,
        "nauc_precision_at_10_max": 0.054524,
        "nauc_precision_at_10_std": 0.150023,
        "nauc_precision_at_10_diff1": 0.137194,
        "nauc_precision_at_20_max": 0.033533,
        "nauc_precision_at_20_std": 0.173695,
        "nauc_precision_at_20_diff1": 0.120906,
        "nauc_precision_at_100_max": 0.036456,
        "nauc_precision_at_100_std": 0.197058,
        "nauc_precision_at_100_diff1": 0.107748,
        "nauc_precision_at_1000_max": -0.041811,
        "nauc_precision_at_1000_std": 0.167097,
        "nauc_precision_at_1000_diff1": 0.06048,
        "nauc_mrr_at_1_max": 0.057505,
        "nauc_mrr_at_1_std": 0.092119,
        "nauc_mrr_at_1_diff1": 0.195881,
        "nauc_mrr_at_3_max": 0.061229,
        "nauc_mrr_at_3_std": 0.103318,
        "nauc_mrr_at_3_diff1": 0.165436,
        "nauc_mrr_at_5_max": 0.065694,
        "nauc_mrr_at_5_std": 0.110731,
        "nauc_mrr_at_5_diff1": 0.163713,
        "nauc_mrr_at_10_max": 0.059496,
        "nauc_mrr_at_10_std": 0.116405,
        "nauc_mrr_at_10_diff1": 0.158091,
        "nauc_mrr_at_20_max": 0.056014,
        "nauc_mrr_at_20_std": 0.120144,
        "nauc_mrr_at_20_diff1": 0.15453,
        "nauc_mrr_at_100_max": 0.056486,
        "nauc_mrr_at_100_std": 0.122264,
        "nauc_mrr_at_100_diff1": 0.154398,
        "nauc_mrr_at_1000_max": 0.056326,
        "nauc_mrr_at_1000_std": 0.121903,
        "nauc_mrr_at_1000_diff1": 0.15402,
        "main_score": 0.10712,
        "hf_subset": "default",
        "languages": [
          "tur-Latn"
        ]
      }
    ]
  },
  "evaluation_time": 207.1114284992218,
  "kg_co2_emissions": null
}