{
  "dataset_revision": "main",
  "task_name": "ArguAnaTR",
  "mteb_version": "1.31.3",
  "scores": {
    "test": [
      {
        "ndcg_at_1": 0.04623,
        "ndcg_at_3": 0.0802,
        "ndcg_at_5": 0.09143,
        "ndcg_at_10": 0.10725,
        "ndcg_at_20": 0.12048,
        "ndcg_at_100": 0.14437,
        "ndcg_at_1000": 0.17523,
        "map_at_1": 0.04623,
        "map_at_3": 0.07136,
        "map_at_5": 0.07766,
        "map_at_10": 0.08428,
        "map_at_20": 0.08787,
        "map_at_100": 0.09089,
        "map_at_1000": 0.09178,
        "recall_at_1": 0.04623,
        "recall_at_3": 0.10597,
        "recall_at_5": 0.133,
        "recall_at_10": 0.18137,
        "recall_at_20": 0.234,
        "recall_at_100": 0.367,
        "recall_at_1000": 0.62589,
        "precision_at_1": 0.04623,
        "precision_at_3": 0.03532,
        "precision_at_5": 0.0266,
        "precision_at_10": 0.01814,
        "precision_at_20": 0.0117,
        "precision_at_100": 0.00367,
        "precision_at_1000": 0.00063,
        "mrr_at_1": 0.046942,
        "mrr_at_3": 0.071479,
        "mrr_at_5": 0.077952,
        "mrr_at_10": 0.084577,
        "mrr_at_20": 0.088169,
        "mrr_at_100": 0.091191,
        "mrr_at_1000": 0.092074,
        "nauc_ndcg_at_1_max": 0.057505,
        "nauc_ndcg_at_1_std": 0.078285,
        "nauc_ndcg_at_1_diff1": 0.195881,
        "nauc_ndcg_at_3_max": 0.072151,
        "nauc_ndcg_at_3_std": 0.108316,
        "nauc_ndcg_at_3_diff1": 0.170762,
        "nauc_ndcg_at_5_max": 0.070516,
        "nauc_ndcg_at_5_std": 0.116917,
        "nauc_ndcg_at_5_diff1": 0.160604,
        "nauc_ndcg_at_10_max": 0.058635,
        "nauc_ndcg_at_10_std": 0.127341,
        "nauc_ndcg_at_10_diff1": 0.15059,
        "nauc_ndcg_at_20_max": 0.049136,
        "nauc_ndcg_at_20_std": 0.138417,
        "nauc_ndcg_at_20_diff1": 0.14214,
        "nauc_ndcg_at_100_max": 0.050126,
        "nauc_ndcg_at_100_std": 0.148584,
        "nauc_ndcg_at_100_diff1": 0.13796,
        "nauc_ndcg_at_1000_max": 0.037098,
        "nauc_ndcg_at_1000_std": 0.140569,
        "nauc_ndcg_at_1000_diff1": 0.129513,
        "nauc_map_at_1_max": 0.057505,
        "nauc_map_at_1_std": 0.078285,
        "nauc_map_at_1_diff1": 0.195881,
        "nauc_map_at_3_max": 0.066875,
        "nauc_map_at_3_std": 0.101937,
        "nauc_map_at_3_diff1": 0.170685,
        "nauc_map_at_5_max": 0.066479,
        "nauc_map_at_5_std": 0.108149,
        "nauc_map_at_5_diff1": 0.164295,
        "nauc_map_at_10_max": 0.060225,
        "nauc_map_at_10_std": 0.113978,
        "nauc_map_at_10_diff1": 0.15863,
        "nauc_map_at_20_max": 0.056782,
        "nauc_map_at_20_std": 0.117786,
        "nauc_map_at_20_diff1": 0.155086,
        "nauc_map_at_100_max": 0.05726,
        "nauc_map_at_100_std": 0.119933,
        "nauc_map_at_100_diff1": 0.15496,
        "nauc_map_at_1000_max": 0.057101,
        "nauc_map_at_1000_std": 0.119571,
        "nauc_map_at_1000_diff1": 0.154583,
        "nauc_recall_at_1_max": 0.057505,
        "nauc_recall_at_1_std": 0.078285,
        "nauc_recall_at_1_diff1": 0.195881,
        "nauc_recall_at_3_max": 0.08333,
        "nauc_recall_at_3_std": 0.121291,
        "nauc_recall_at_3_diff1": 0.172047,
        "nauc_recall_at_5_max": 0.077954,
        "nauc_recall_at_5_std": 0.133378,
        "nauc_recall_at_5_diff1": 0.153997,
        "nauc_recall_at_10_max": 0.054524,
        "nauc_recall_at_10_std": 0.150023,
        "nauc_recall_at_10_diff1": 0.136847,
        "nauc_recall_at_20_max": 0.033533,
        "nauc_recall_at_20_std": 0.173695,
        "nauc_recall_at_20_diff1": 0.120604,
        "nauc_recall_at_100_max": 0.036456,
        "nauc_recall_at_100_std": 0.197058,
        "nauc_recall_at_100_diff1": 0.107487,
        "nauc_recall_at_1000_max": -0.041811,
        "nauc_recall_at_1000_std": 0.167097,
        "nauc_recall_at_1000_diff1": 0.06017,
        "nauc_precision_at_1_max": 0.057505,
        "nauc_precision_at_1_std": 0.078285,
        "nauc_precision_at_1_diff1": 0.195881,
        "nauc_precision_at_3_max": 0.08333,
        "nauc_precision_at_3_std": 0.121291,
        "nauc_precision_at_3_diff1": 0.172047,
        "nauc_precision_at_5_max": 0.077954,
        "nauc_precision_at_5_std": 0.133378,
        "nauc_precision_at_5_diff1": 0.153997,
        "nauc_precision_at_10_max": 0.054524,
        "nauc_precision_at_10_std": 0.150023,
        "nauc_precision_at_10_diff1": 0.136847,
        "nauc_precision_at_20_max": 0.033533,
        "nauc_precision_at_20_std": 0.173695,
        "nauc_precision_at_20_diff1": 0.120604,
        "nauc_precision_at_100_max": 0.036456,
        "nauc_precision_at_100_std": 0.197058,
        "nauc_precision_at_100_diff1": 0.107487,
        "nauc_precision_at_1000_max": -0.041811,
        "nauc_precision_at_1000_std": 0.167097,
        "nauc_precision_at_1000_diff1": 0.06017,
        "nauc_mrr_at_1_max": 0.053513,
        "nauc_mrr_at_1_std": 0.082009,
        "nauc_mrr_at_1_diff1": 0.184199,
        "nauc_mrr_at_3_max": 0.060523,
        "nauc_mrr_at_3_std": 0.10254,
        "nauc_mrr_at_3_diff1": 0.162473,
        "nauc_mrr_at_5_max": 0.062749,
        "nauc_mrr_at_5_std": 0.107779,
        "nauc_mrr_at_5_diff1": 0.158676,
        "nauc_mrr_at_10_max": 0.056727,
        "nauc_mrr_at_10_std": 0.113604,
        "nauc_mrr_at_10_diff1": 0.153343,
        "nauc_mrr_at_20_max": 0.053308,
        "nauc_mrr_at_20_std": 0.117395,
        "nauc_mrr_at_20_diff1": 0.149886,
        "nauc_mrr_at_100_max": 0.053805,
        "nauc_mrr_at_100_std": 0.119535,
        "nauc_mrr_at_100_diff1": 0.149798,
        "nauc_mrr_at_1000_max": 0.053644,
        "nauc_mrr_at_1000_std": 0.119174,
        "nauc_mrr_at_1000_diff1": 0.149418,
        "main_score": 0.10725,
        "hf_subset": "default",
        "languages": [
          "tur-Latn"
        ]
      }
    ]
  },
  "evaluation_time": 235.53747463226318,
  "kg_co2_emissions": null
}