{
  "dataset_revision": "main",
  "task_name": "CQADupstackGamingRetrievalTR",
  "mteb_version": "1.31.3",
  "scores": {
    "test": [
      {
        "ndcg_at_1": 0.05938,
        "ndcg_at_3": 0.08841,
        "ndcg_at_5": 0.09477,
        "ndcg_at_10": 0.10629,
        "ndcg_at_20": 0.11972,
        "ndcg_at_100": 0.14681,
        "ndcg_at_1000": 0.19371,
        "map_at_1": 0.05938,
        "map_at_3": 0.0812,
        "map_at_5": 0.08471,
        "map_at_10": 0.08943,
        "map_at_20": 0.093,
        "map_at_100": 0.09653,
        "map_at_1000": 0.09784,
        "recall_at_1": 0.05938,
        "recall_at_3": 0.10931,
        "recall_at_5": 0.12483,
        "recall_at_10": 0.16059,
        "recall_at_20": 0.21457,
        "recall_at_100": 0.3637,
        "recall_at_1000": 0.75978,
        "precision_at_1": 0.05938,
        "precision_at_3": 0.03644,
        "precision_at_5": 0.02497,
        "precision_at_10": 0.01606,
        "precision_at_20": 0.01073,
        "precision_at_100": 0.00364,
        "precision_at_1000": 0.00076,
        "mrr_at_1": 0.059379,
        "mrr_at_3": 0.081197,
        "mrr_at_5": 0.084705,
        "mrr_at_10": 0.089433,
        "mrr_at_20": 0.092999,
        "mrr_at_100": 0.096526,
        "mrr_at_1000": 0.097843,
        "nauc_ndcg_at_1_max": 0.201294,
        "nauc_ndcg_at_1_std": -0.045224,
        "nauc_ndcg_at_1_diff1": 0.354095,
        "nauc_ndcg_at_3_max": 0.158946,
        "nauc_ndcg_at_3_std": -0.01372,
        "nauc_ndcg_at_3_diff1": 0.270565,
        "nauc_ndcg_at_5_max": 0.157312,
        "nauc_ndcg_at_5_std": -0.013421,
        "nauc_ndcg_at_5_diff1": 0.264334,
        "nauc_ndcg_at_10_max": 0.143684,
        "nauc_ndcg_at_10_std": -0.015572,
        "nauc_ndcg_at_10_diff1": 0.257114,
        "nauc_ndcg_at_20_max": 0.12769,
        "nauc_ndcg_at_20_std": -0.009802,
        "nauc_ndcg_at_20_diff1": 0.237935,
        "nauc_ndcg_at_100_max": 0.126684,
        "nauc_ndcg_at_100_std": -0.00146,
        "nauc_ndcg_at_100_diff1": 0.21634,
        "nauc_ndcg_at_1000_max": 0.127243,
        "nauc_ndcg_at_1000_std": -0.008684,
        "nauc_ndcg_at_1000_diff1": 0.209872,
        "nauc_map_at_1_max": 0.201294,
        "nauc_map_at_1_std": -0.045224,
        "nauc_map_at_1_diff1": 0.354095,
        "nauc_map_at_3_max": 0.167098,
        "nauc_map_at_3_std": -0.019081,
        "nauc_map_at_3_diff1": 0.284696,
        "nauc_map_at_5_max": 0.166027,
        "nauc_map_at_5_std": -0.018972,
        "nauc_map_at_5_diff1": 0.280205,
        "nauc_map_at_10_max": 0.159724,
        "nauc_map_at_10_std": -0.020583,
        "nauc_map_at_10_diff1": 0.276481,
        "nauc_map_at_20_max": 0.153797,
        "nauc_map_at_20_std": -0.018642,
        "nauc_map_at_20_diff1": 0.269761,
        "nauc_map_at_100_max": 0.153381,
        "nauc_map_at_100_std": -0.016759,
        "nauc_map_at_100_diff1": 0.266151,
        "nauc_map_at_1000_max": 0.153413,
        "nauc_map_at_1000_std": -0.016962,
        "nauc_map_at_1000_diff1": 0.265509,
        "nauc_recall_at_1_max": 0.201294,
        "nauc_recall_at_1_std": -0.045224,
        "nauc_recall_at_1_diff1": 0.354095,
        "nauc_recall_at_3_max": 0.140998,
        "nauc_recall_at_3_std": -0.002123,
        "nauc_recall_at_3_diff1": 0.240021,
        "nauc_recall_at_5_max": 0.139012,
        "nauc_recall_at_5_std": -0.001916,
        "nauc_recall_at_5_diff1": 0.231693,
        "nauc_recall_at_10_max": 0.110792,
        "nauc_recall_at_10_std": -0.005988,
        "nauc_recall_at_10_diff1": 0.220514,
        "nauc_recall_at_20_max": 0.078216,
        "nauc_recall_at_20_std": 0.006886,
        "nauc_recall_at_20_diff1": 0.179387,
        "nauc_recall_at_100_max": 0.082453,
        "nauc_recall_at_100_std": 0.026681,
        "nauc_recall_at_100_diff1": 0.122512,
        "nauc_recall_at_1000_max": 0.060419,
        "nauc_recall_at_1000_std": -0.009361,
        "nauc_recall_at_1000_diff1": 0.038494,
        "nauc_precision_at_1_max": 0.201294,
        "nauc_precision_at_1_std": -0.045224,
        "nauc_precision_at_1_diff1": 0.354095,
        "nauc_precision_at_3_max": 0.140998,
        "nauc_precision_at_3_std": -0.002123,
        "nauc_precision_at_3_diff1": 0.240021,
        "nauc_precision_at_5_max": 0.139012,
        "nauc_precision_at_5_std": -0.001916,
        "nauc_precision_at_5_diff1": 0.231693,
        "nauc_precision_at_10_max": 0.110792,
        "nauc_precision_at_10_std": -0.005988,
        "nauc_precision_at_10_diff1": 0.220514,
        "nauc_precision_at_20_max": 0.078216,
        "nauc_precision_at_20_std": 0.006886,
        "nauc_precision_at_20_diff1": 0.179387,
        "nauc_precision_at_100_max": 0.082453,
        "nauc_precision_at_100_std": 0.026681,
        "nauc_precision_at_100_diff1": 0.122512,
        "nauc_precision_at_1000_max": 0.060419,
        "nauc_precision_at_1000_std": -0.009361,
        "nauc_precision_at_1000_diff1": 0.038494,
        "nauc_mrr_at_1_max": 0.201294,
        "nauc_mrr_at_1_std": -0.045224,
        "nauc_mrr_at_1_diff1": 0.354095,
        "nauc_mrr_at_3_max": 0.167098,
        "nauc_mrr_at_3_std": -0.019081,
        "nauc_mrr_at_3_diff1": 0.284696,
        "nauc_mrr_at_5_max": 0.166027,
        "nauc_mrr_at_5_std": -0.018972,
        "nauc_mrr_at_5_diff1": 0.280205,
        "nauc_mrr_at_10_max": 0.159724,
        "nauc_mrr_at_10_std": -0.020583,
        "nauc_mrr_at_10_diff1": 0.276481,
        "nauc_mrr_at_20_max": 0.153797,
        "nauc_mrr_at_20_std": -0.018642,
        "nauc_mrr_at_20_diff1": 0.269761,
        "nauc_mrr_at_100_max": 0.153381,
        "nauc_mrr_at_100_std": -0.016758,
        "nauc_mrr_at_100_diff1": 0.266152,
        "nauc_mrr_at_1000_max": 0.153412,
        "nauc_mrr_at_1000_std": -0.016962,
        "nauc_mrr_at_1000_diff1": 0.26551,
        "main_score": 0.10629,
        "hf_subset": "default",
        "languages": [
          "tur-Latn"
        ]
      }
    ]
  },
  "evaluation_time": 52.62264823913574,
  "kg_co2_emissions": null
}