{
  "dataset_revision": "main",
  "task_name": "FiQA2018TR",
  "mteb_version": "1.31.3",
  "scores": {
    "test": [
      {
        "ndcg_at_1": 0.02469,
        "ndcg_at_3": 0.03439,
        "ndcg_at_5": 0.03944,
        "ndcg_at_10": 0.0434,
        "ndcg_at_20": 0.04883,
        "ndcg_at_100": 0.07058,
        "ndcg_at_1000": 0.13587,
        "map_at_1": 0.02469,
        "map_at_3": 0.03189,
        "map_at_5": 0.03467,
        "map_at_10": 0.03628,
        "map_at_20": 0.03776,
        "map_at_100": 0.04049,
        "map_at_1000": 0.04215,
        "recall_at_1": 0.02469,
        "recall_at_3": 0.04167,
        "recall_at_5": 0.05401,
        "recall_at_10": 0.06636,
        "recall_at_20": 0.08796,
        "recall_at_100": 0.20988,
        "recall_at_1000": 0.77315,
        "precision_at_1": 0.02469,
        "precision_at_3": 0.01389,
        "precision_at_5": 0.0108,
        "precision_at_10": 0.00664,
        "precision_at_20": 0.0044,
        "precision_at_100": 0.0021,
        "precision_at_1000": 0.00077,
        "mrr_at_1": 0.024691,
        "mrr_at_3": 0.031893,
        "mrr_at_5": 0.034671,
        "mrr_at_10": 0.036284,
        "mrr_at_20": 0.037762,
        "mrr_at_100": 0.040489,
        "mrr_at_1000": 0.042151,
        "nauc_ndcg_at_1_max": 0.387048,
        "nauc_ndcg_at_1_std": -0.174883,
        "nauc_ndcg_at_1_diff1": 0.276388,
        "nauc_ndcg_at_3_max": 0.317346,
        "nauc_ndcg_at_3_std": -0.160589,
        "nauc_ndcg_at_3_diff1": 0.268463,
        "nauc_ndcg_at_5_max": 0.320168,
        "nauc_ndcg_at_5_std": -0.142233,
        "nauc_ndcg_at_5_diff1": 0.228684,
        "nauc_ndcg_at_10_max": 0.308271,
        "nauc_ndcg_at_10_std": -0.137155,
        "nauc_ndcg_at_10_diff1": 0.204355,
        "nauc_ndcg_at_20_max": 0.283417,
        "nauc_ndcg_at_20_std": -0.129798,
        "nauc_ndcg_at_20_diff1": 0.185473,
        "nauc_ndcg_at_100_max": 0.227326,
        "nauc_ndcg_at_100_std": -0.114168,
        "nauc_ndcg_at_100_diff1": 0.143691,
        "nauc_ndcg_at_1000_max": 0.203969,
        "nauc_ndcg_at_1000_std": -0.118072,
        "nauc_ndcg_at_1000_diff1": 0.133566,
        "nauc_map_at_1_max": 0.387048,
        "nauc_map_at_1_std": -0.174883,
        "nauc_map_at_1_diff1": 0.276388,
        "nauc_map_at_3_max": 0.331023,
        "nauc_map_at_3_std": -0.158962,
        "nauc_map_at_3_diff1": 0.270056,
        "nauc_map_at_5_max": 0.332786,
        "nauc_map_at_5_std": -0.147899,
        "nauc_map_at_5_diff1": 0.246064,
        "nauc_map_at_10_max": 0.325047,
        "nauc_map_at_10_std": -0.145573,
        "nauc_map_at_10_diff1": 0.232893,
        "nauc_map_at_20_max": 0.314985,
        "nauc_map_at_20_std": -0.142787,
        "nauc_map_at_20_diff1": 0.225284,
        "nauc_map_at_100_max": 0.302626,
        "nauc_map_at_100_std": -0.140631,
        "nauc_map_at_100_diff1": 0.21426,
        "nauc_map_at_1000_max": 0.300886,
        "nauc_map_at_1000_std": -0.140399,
        "nauc_map_at_1000_diff1": 0.213657,
        "nauc_recall_at_1_max": 0.387048,
        "nauc_recall_at_1_std": -0.174883,
        "nauc_recall_at_1_diff1": 0.276388,
        "nauc_recall_at_3_max": 0.286925,
        "nauc_recall_at_3_std": -0.165541,
        "nauc_recall_at_3_diff1": 0.264911,
        "nauc_recall_at_5_max": 0.296019,
        "nauc_recall_at_5_std": -0.130824,
        "nauc_recall_at_5_diff1": 0.191894,
        "nauc_recall_at_10_max": 0.280225,
        "nauc_recall_at_10_std": -0.121476,
        "nauc_recall_at_10_diff1": 0.150898,
        "nauc_recall_at_20_max": 0.234324,
        "nauc_recall_at_20_std": -0.108686,
        "nauc_recall_at_20_diff1": 0.121894,
        "nauc_recall_at_100_max": 0.137675,
        "nauc_recall_at_100_std": -0.079853,
        "nauc_recall_at_100_diff1": 0.068523,
        "nauc_recall_at_1000_max": 0.015835,
        "nauc_recall_at_1000_std": -0.090467,
        "nauc_recall_at_1000_diff1": -0.010291,
        "nauc_precision_at_1_max": 0.387048,
        "nauc_precision_at_1_std": -0.174883,
        "nauc_precision_at_1_diff1": 0.276388,
        "nauc_precision_at_3_max": 0.286925,
        "nauc_precision_at_3_std": -0.165541,
        "nauc_precision_at_3_diff1": 0.264911,
        "nauc_precision_at_5_max": 0.296019,
        "nauc_precision_at_5_std": -0.130824,
        "nauc_precision_at_5_diff1": 0.191894,
        "nauc_precision_at_10_max": 0.280225,
        "nauc_precision_at_10_std": -0.121476,
        "nauc_precision_at_10_diff1": 0.150898,
        "nauc_precision_at_20_max": 0.234324,
        "nauc_precision_at_20_std": -0.108686,
        "nauc_precision_at_20_diff1": 0.121894,
        "nauc_precision_at_100_max": 0.137675,
        "nauc_precision_at_100_std": -0.079853,
        "nauc_precision_at_100_diff1": 0.068523,
        "nauc_precision_at_1000_max": 0.015835,
        "nauc_precision_at_1000_std": -0.090467,
        "nauc_precision_at_1000_diff1": -0.010291,
        "nauc_mrr_at_1_max": 0.387048,
        "nauc_mrr_at_1_std": -0.174883,
        "nauc_mrr_at_1_diff1": 0.276388,
        "nauc_mrr_at_3_max": 0.331023,
        "nauc_mrr_at_3_std": -0.158962,
        "nauc_mrr_at_3_diff1": 0.270056,
        "nauc_mrr_at_5_max": 0.332786,
        "nauc_mrr_at_5_std": -0.147899,
        "nauc_mrr_at_5_diff1": 0.246064,
        "nauc_mrr_at_10_max": 0.325047,
        "nauc_mrr_at_10_std": -0.145573,
        "nauc_mrr_at_10_diff1": 0.232893,
        "nauc_mrr_at_20_max": 0.314985,
        "nauc_mrr_at_20_std": -0.142787,
        "nauc_mrr_at_20_diff1": 0.225284,
        "nauc_mrr_at_100_max": 0.302626,
        "nauc_mrr_at_100_std": -0.140631,
        "nauc_mrr_at_100_diff1": 0.21426,
        "nauc_mrr_at_1000_max": 0.300886,
        "nauc_mrr_at_1000_std": -0.140399,
        "nauc_mrr_at_1000_diff1": 0.213657,
        "main_score": 0.0434,
        "hf_subset": "default",
        "languages": [
          "tur-Latn"
        ]
      }
    ]
  },
  "evaluation_time": 37.665305614471436,
  "kg_co2_emissions": null
}