{
  "dataset_revision": "main",
  "task_name": "MSMarcoTRRetrieval",
  "mteb_version": "1.31.3",
  "scores": {
    "test": [
      {
        "ndcg_at_1": 0.10318,
        "ndcg_at_3": 0.13695,
        "ndcg_at_5": 0.15191,
        "ndcg_at_10": 0.16785,
        "ndcg_at_20": 0.18053,
        "ndcg_at_100": 0.20097,
        "ndcg_at_1000": 0.22212,
        "map_at_1": 0.10318,
        "map_at_3": 0.12852,
        "map_at_5": 0.13674,
        "map_at_10": 0.14339,
        "map_at_20": 0.14697,
        "map_at_100": 0.14966,
        "map_at_1000": 0.1503,
        "recall_at_1": 0.10318,
        "recall_at_3": 0.16137,
        "recall_at_5": 0.19804,
        "recall_at_10": 0.24694,
        "recall_at_20": 0.29633,
        "recall_at_100": 0.4088,
        "recall_at_1000": 0.58386,
        "precision_at_1": 0.10318,
        "precision_at_3": 0.05379,
        "precision_at_5": 0.03961,
        "precision_at_10": 0.02469,
        "precision_at_20": 0.01482,
        "precision_at_100": 0.00409,
        "precision_at_1000": 0.00058,
        "mrr_at_1": 0.103178,
        "mrr_at_3": 0.128525,
        "mrr_at_5": 0.13674,
        "mrr_at_10": 0.143393,
        "mrr_at_20": 0.146972,
        "mrr_at_100": 0.149654,
        "mrr_at_1000": 0.1503,
        "nauc_ndcg_at_1_max": 0.262475,
        "nauc_ndcg_at_1_std": -0.227748,
        "nauc_ndcg_at_1_diff1": 0.282768,
        "nauc_ndcg_at_3_max": 0.218728,
        "nauc_ndcg_at_3_std": -0.220685,
        "nauc_ndcg_at_3_diff1": 0.214152,
        "nauc_ndcg_at_5_max": 0.208333,
        "nauc_ndcg_at_5_std": -0.20918,
        "nauc_ndcg_at_5_diff1": 0.187729,
        "nauc_ndcg_at_10_max": 0.204049,
        "nauc_ndcg_at_10_std": -0.190408,
        "nauc_ndcg_at_10_diff1": 0.183269,
        "nauc_ndcg_at_20_max": 0.195135,
        "nauc_ndcg_at_20_std": -0.185381,
        "nauc_ndcg_at_20_diff1": 0.181514,
        "nauc_ndcg_at_100_max": 0.187039,
        "nauc_ndcg_at_100_std": -0.171394,
        "nauc_ndcg_at_100_diff1": 0.173431,
        "nauc_ndcg_at_1000_max": 0.17651,
        "nauc_ndcg_at_1000_std": -0.158619,
        "nauc_ndcg_at_1000_diff1": 0.175881,
        "nauc_map_at_1_max": 0.262475,
        "nauc_map_at_1_std": -0.227748,
        "nauc_map_at_1_diff1": 0.282768,
        "nauc_map_at_3_max": 0.228797,
        "nauc_map_at_3_std": -0.223117,
        "nauc_map_at_3_diff1": 0.228444,
        "nauc_map_at_5_max": 0.222079,
        "nauc_map_at_5_std": -0.216408,
        "nauc_map_at_5_diff1": 0.212263,
        "nauc_map_at_10_max": 0.220292,
        "nauc_map_at_10_std": -0.207546,
        "nauc_map_at_10_diff1": 0.209375,
        "nauc_map_at_20_max": 0.217472,
        "nauc_map_at_20_std": -0.205931,
        "nauc_map_at_20_diff1": 0.208631,
        "nauc_map_at_100_max": 0.215949,
        "nauc_map_at_100_std": -0.203724,
        "nauc_map_at_100_diff1": 0.207528,
        "nauc_map_at_1000_max": 0.215677,
        "nauc_map_at_1000_std": -0.203261,
        "nauc_map_at_1000_diff1": 0.207557,
        "nauc_recall_at_1_max": 0.262475,
        "nauc_recall_at_1_std": -0.227748,
        "nauc_recall_at_1_diff1": 0.282768,
        "nauc_recall_at_3_max": 0.193812,
        "nauc_recall_at_3_std": -0.214416,
        "nauc_recall_at_3_diff1": 0.179259,
        "nauc_recall_at_5_max": 0.17705,
        "nauc_recall_at_5_std": -0.191652,
        "nauc_recall_at_5_diff1": 0.131215,
        "nauc_recall_at_10_max": 0.168133,
        "nauc_recall_at_10_std": -0.149179,
        "nauc_recall_at_10_diff1": 0.127293,
        "nauc_recall_at_20_max": 0.144984,
        "nauc_recall_at_20_std": -0.137565,
        "nauc_recall_at_20_diff1": 0.126585,
        "nauc_recall_at_100_max": 0.119264,
        "nauc_recall_at_100_std": -0.08713,
        "nauc_recall_at_100_diff1": 0.096532,
        "nauc_recall_at_1000_max": 0.039697,
        "nauc_recall_at_1000_std": 0.004562,
        "nauc_recall_at_1000_diff1": 0.10519,
        "nauc_precision_at_1_max": 0.262475,
        "nauc_precision_at_1_std": -0.227748,
        "nauc_precision_at_1_diff1": 0.282768,
        "nauc_precision_at_3_max": 0.193812,
        "nauc_precision_at_3_std": -0.214416,
        "nauc_precision_at_3_diff1": 0.179259,
        "nauc_precision_at_5_max": 0.17705,
        "nauc_precision_at_5_std": -0.191652,
        "nauc_precision_at_5_diff1": 0.131215,
        "nauc_precision_at_10_max": 0.168133,
        "nauc_precision_at_10_std": -0.149179,
        "nauc_precision_at_10_diff1": 0.127293,
        "nauc_precision_at_20_max": 0.144984,
        "nauc_precision_at_20_std": -0.137565,
        "nauc_precision_at_20_diff1": 0.126585,
        "nauc_precision_at_100_max": 0.119264,
        "nauc_precision_at_100_std": -0.08713,
        "nauc_precision_at_100_diff1": 0.096532,
        "nauc_precision_at_1000_max": 0.039697,
        "nauc_precision_at_1000_std": 0.004562,
        "nauc_precision_at_1000_diff1": 0.10519,
        "nauc_mrr_at_1_max": 0.262475,
        "nauc_mrr_at_1_std": -0.227748,
        "nauc_mrr_at_1_diff1": 0.282768,
        "nauc_mrr_at_3_max": 0.228797,
        "nauc_mrr_at_3_std": -0.223117,
        "nauc_mrr_at_3_diff1": 0.228444,
        "nauc_mrr_at_5_max": 0.222079,
        "nauc_mrr_at_5_std": -0.216408,
        "nauc_mrr_at_5_diff1": 0.212263,
        "nauc_mrr_at_10_max": 0.220292,
        "nauc_mrr_at_10_std": -0.207546,
        "nauc_mrr_at_10_diff1": 0.209375,
        "nauc_mrr_at_20_max": 0.217472,
        "nauc_mrr_at_20_std": -0.205931,
        "nauc_mrr_at_20_diff1": 0.208631,
        "nauc_mrr_at_100_max": 0.215945,
        "nauc_mrr_at_100_std": -0.203724,
        "nauc_mrr_at_100_diff1": 0.207528,
        "nauc_mrr_at_1000_max": 0.215673,
        "nauc_mrr_at_1000_std": -0.203262,
        "nauc_mrr_at_1000_diff1": 0.207558,
        "main_score": 0.16785,
        "hf_subset": "default",
        "languages": [
          "tur-Latn"
        ]
      }
    ]
  },
  "evaluation_time": 18.54785990715027,
  "kg_co2_emissions": null
}