{
  "dataset_revision": "main",
  "task_name": "QuoraRetrievalTR",
  "mteb_version": "1.31.3",
  "scores": {
    "test": [
      {
        "ndcg_at_1": 0.736,
        "ndcg_at_3": 0.79057,
        "ndcg_at_5": 0.80364,
        "ndcg_at_10": 0.81532,
        "ndcg_at_20": 0.82162,
        "ndcg_at_100": 0.82998,
        "ndcg_at_1000": 0.83352,
        "map_at_1": 0.736,
        "map_at_3": 0.77735,
        "map_at_5": 0.78471,
        "map_at_10": 0.78961,
        "map_at_20": 0.79145,
        "map_at_100": 0.79257,
        "map_at_1000": 0.7927,
        "recall_at_1": 0.736,
        "recall_at_3": 0.82876,
        "recall_at_5": 0.86004,
        "recall_at_10": 0.89572,
        "recall_at_20": 0.91987,
        "recall_at_100": 0.96542,
        "recall_at_1000": 0.99341,
        "precision_at_1": 0.736,
        "precision_at_3": 0.27625,
        "precision_at_5": 0.17201,
        "precision_at_10": 0.08957,
        "precision_at_20": 0.04599,
        "precision_at_100": 0.00965,
        "precision_at_1000": 0.00099,
        "mrr_at_1": 0.736004,
        "mrr_at_3": 0.777351,
        "mrr_at_5": 0.784705,
        "mrr_at_10": 0.789612,
        "mrr_at_20": 0.791446,
        "mrr_at_100": 0.792572,
        "mrr_at_1000": 0.792703,
        "nauc_ndcg_at_1_max": 0.593254,
        "nauc_ndcg_at_1_std": -0.074257,
        "nauc_ndcg_at_1_diff1": 0.812006,
        "nauc_ndcg_at_3_max": 0.601532,
        "nauc_ndcg_at_3_std": -0.061769,
        "nauc_ndcg_at_3_diff1": 0.78361,
        "nauc_ndcg_at_5_max": 0.603993,
        "nauc_ndcg_at_5_std": -0.057918,
        "nauc_ndcg_at_5_diff1": 0.780952,
        "nauc_ndcg_at_10_max": 0.610635,
        "nauc_ndcg_at_10_std": -0.038345,
        "nauc_ndcg_at_10_diff1": 0.7804,
        "nauc_ndcg_at_20_max": 0.615834,
        "nauc_ndcg_at_20_std": -0.034987,
        "nauc_ndcg_at_20_diff1": 0.782305,
        "nauc_ndcg_at_100_max": 0.612682,
        "nauc_ndcg_at_100_std": -0.037795,
        "nauc_ndcg_at_100_diff1": 0.785634,
        "nauc_ndcg_at_1000_max": 0.609964,
        "nauc_ndcg_at_1000_std": -0.043787,
        "nauc_ndcg_at_1000_diff1": 0.785728,
        "nauc_map_at_1_max": 0.593254,
        "nauc_map_at_1_std": -0.074257,
        "nauc_map_at_1_diff1": 0.812006,
        "nauc_map_at_3_max": 0.600223,
        "nauc_map_at_3_std": -0.064779,
        "nauc_map_at_3_diff1": 0.79109,
        "nauc_map_at_5_max": 0.601389,
        "nauc_map_at_5_std": -0.06282,
        "nauc_map_at_5_diff1": 0.790004,
        "nauc_map_at_10_max": 0.603991,
        "nauc_map_at_10_std": -0.055838,
        "nauc_map_at_10_diff1": 0.790326,
        "nauc_map_at_20_max": 0.605271,
        "nauc_map_at_20_std": -0.055053,
        "nauc_map_at_20_diff1": 0.790838,
        "nauc_map_at_100_max": 0.604942,
        "nauc_map_at_100_std": -0.055417,
        "nauc_map_at_100_diff1": 0.791224,
        "nauc_map_at_1000_max": 0.604857,
        "nauc_map_at_1000_std": -0.05556,
        "nauc_map_at_1000_diff1": 0.791226,
        "nauc_recall_at_1_max": 0.593254,
        "nauc_recall_at_1_std": -0.074257,
        "nauc_recall_at_1_diff1": 0.812006,
        "nauc_recall_at_3_max": 0.605726,
        "nauc_recall_at_3_std": -0.051182,
        "nauc_recall_at_3_diff1": 0.75692,
        "nauc_recall_at_5_max": 0.614868,
        "nauc_recall_at_5_std": -0.037063,
        "nauc_recall_at_5_diff1": 0.742723,
        "nauc_recall_at_10_max": 0.649773,
        "nauc_recall_at_10_std": 0.069416,
        "nauc_recall_at_10_diff1": 0.725407,
        "nauc_recall_at_20_max": 0.701371,
        "nauc_recall_at_20_std": 0.125545,
        "nauc_recall_at_20_diff1": 0.725145,
        "nauc_recall_at_100_max": 0.732476,
        "nauc_recall_at_100_std": 0.26527,
        "nauc_recall_at_100_diff1": 0.735056,
        "nauc_recall_at_1000_max": 0.732225,
        "nauc_recall_at_1000_std": 0.383155,
        "nauc_recall_at_1000_diff1": 0.542098,
        "nauc_precision_at_1_max": 0.593254,
        "nauc_precision_at_1_std": -0.074257,
        "nauc_precision_at_1_diff1": 0.812006,
        "nauc_precision_at_3_max": 0.605726,
        "nauc_precision_at_3_std": -0.051182,
        "nauc_precision_at_3_diff1": 0.75692,
        "nauc_precision_at_5_max": 0.614868,
        "nauc_precision_at_5_std": -0.037063,
        "nauc_precision_at_5_diff1": 0.742723,
        "nauc_precision_at_10_max": 0.649773,
        "nauc_precision_at_10_std": 0.069416,
        "nauc_precision_at_10_diff1": 0.725407,
        "nauc_precision_at_20_max": 0.701371,
        "nauc_precision_at_20_std": 0.125545,
        "nauc_precision_at_20_diff1": 0.725145,
        "nauc_precision_at_100_max": 0.732476,
        "nauc_precision_at_100_std": 0.26527,
        "nauc_precision_at_100_diff1": 0.735056,
        "nauc_precision_at_1000_max": 0.732225,
        "nauc_precision_at_1000_std": 0.383155,
        "nauc_precision_at_1000_diff1": 0.542098,
        "nauc_mrr_at_1_max": 0.593254,
        "nauc_mrr_at_1_std": -0.074257,
        "nauc_mrr_at_1_diff1": 0.812006,
        "nauc_mrr_at_3_max": 0.600223,
        "nauc_mrr_at_3_std": -0.064779,
        "nauc_mrr_at_3_diff1": 0.79109,
        "nauc_mrr_at_5_max": 0.601389,
        "nauc_mrr_at_5_std": -0.06282,
        "nauc_mrr_at_5_diff1": 0.790004,
        "nauc_mrr_at_10_max": 0.603991,
        "nauc_mrr_at_10_std": -0.055838,
        "nauc_mrr_at_10_diff1": 0.790326,
        "nauc_mrr_at_20_max": 0.605271,
        "nauc_mrr_at_20_std": -0.055053,
        "nauc_mrr_at_20_diff1": 0.790838,
        "nauc_mrr_at_100_max": 0.604942,
        "nauc_mrr_at_100_std": -0.055417,
        "nauc_mrr_at_100_diff1": 0.791224,
        "nauc_mrr_at_1000_max": 0.604857,
        "nauc_mrr_at_1000_std": -0.05556,
        "nauc_mrr_at_1000_diff1": 0.791226,
        "main_score": 0.81532,
        "hf_subset": "default",
        "languages": [
          "tur-Latn"
        ]
      }
    ]
  },
  "evaluation_time": 17.69282603263855,
  "kg_co2_emissions": null
}