{
  "dataset_revision": "main",
  "task_name": "SCIDOCSTR",
  "mteb_version": "1.31.3",
  "scores": {
    "test": [
      {
        "ndcg_at_1": 0.00223,
        "ndcg_at_3": 0.0049,
        "ndcg_at_5": 0.00581,
        "ndcg_at_10": 0.0077,
        "ndcg_at_20": 0.00857,
        "ndcg_at_100": 0.01504,
        "ndcg_at_1000": 0.0672,
        "map_at_1": 0.00223,
        "map_at_3": 0.00427,
        "map_at_5": 0.00478,
        "map_at_10": 0.00561,
        "map_at_20": 0.00586,
        "map_at_100": 0.00663,
        "map_at_1000": 0.00784,
        "recall_at_1": 0.00223,
        "recall_at_3": 0.00669,
        "recall_at_5": 0.00892,
        "recall_at_10": 0.01449,
        "recall_at_20": 0.01784,
        "recall_at_100": 0.05463,
        "recall_at_1000": 0.51059,
        "precision_at_1": 0.00223,
        "precision_at_3": 0.00223,
        "precision_at_5": 0.00178,
        "precision_at_10": 0.00145,
        "precision_at_20": 0.00089,
        "precision_at_100": 0.00055,
        "precision_at_1000": 0.00051,
        "mrr_at_1": 0.00223,
        "mrr_at_3": 0.004274,
        "mrr_at_5": 0.004775,
        "mrr_at_10": 0.005611,
        "mrr_at_20": 0.005864,
        "mrr_at_100": 0.006627,
        "mrr_at_1000": 0.007838,
        "nauc_ndcg_at_1_max": 0.296065,
        "nauc_ndcg_at_1_std": -0.200774,
        "nauc_ndcg_at_1_diff1": -0.200774,
        "nauc_ndcg_at_3_max": 0.031396,
        "nauc_ndcg_at_3_std": 0.122087,
        "nauc_ndcg_at_3_diff1": -0.126496,
        "nauc_ndcg_at_5_max": -0.00304,
        "nauc_ndcg_at_5_std": 0.185302,
        "nauc_ndcg_at_5_diff1": -0.063279,
        "nauc_ndcg_at_10_max": 0.031718,
        "nauc_ndcg_at_10_std": 0.074059,
        "nauc_ndcg_at_10_diff1": -0.119729,
        "nauc_ndcg_at_20_max": 0.028289,
        "nauc_ndcg_at_20_std": 0.1113,
        "nauc_ndcg_at_20_diff1": -0.097542,
        "nauc_ndcg_at_100_max": 0.020409,
        "nauc_ndcg_at_100_std": 0.017822,
        "nauc_ndcg_at_100_diff1": -0.06572,
        "nauc_ndcg_at_1000_max": -0.017591,
        "nauc_ndcg_at_1000_std": 0.023782,
        "nauc_ndcg_at_1000_diff1": -0.015224,
        "nauc_map_at_1_max": 0.296065,
        "nauc_map_at_1_std": -0.200774,
        "nauc_map_at_1_diff1": -0.200774,
        "nauc_map_at_3_max": 0.055252,
        "nauc_map_at_3_std": 0.092513,
        "nauc_map_at_3_diff1": -0.129798,
        "nauc_map_at_5_max": 0.030438,
        "nauc_map_at_5_std": 0.135222,
        "nauc_map_at_5_diff1": -0.08934,
        "nauc_map_at_10_max": 0.047218,
        "nauc_map_at_10_std": 0.077721,
        "nauc_map_at_10_diff1": -0.11712,
        "nauc_map_at_20_max": 0.043743,
        "nauc_map_at_20_std": 0.0951,
        "nauc_map_at_20_diff1": -0.104836,
        "nauc_map_at_100_max": 0.039213,
        "nauc_map_at_100_std": 0.073878,
        "nauc_map_at_100_diff1": -0.08795,
        "nauc_map_at_1000_max": 0.0364,
        "nauc_map_at_1000_std": 0.065255,
        "nauc_map_at_1000_diff1": -0.082684,
        "nauc_recall_at_1_max": 0.296065,
        "nauc_recall_at_1_std": -0.200774,
        "nauc_recall_at_1_diff1": -0.200774,
        "nauc_recall_at_3_max": -0.010096,
        "nauc_recall_at_3_std": 0.173696,
        "nauc_recall_at_3_diff1": -0.122002,
        "nauc_recall_at_5_max": -0.056251,
        "nauc_recall_at_5_std": 0.267558,
        "nauc_recall_at_5_diff1": -0.017485,
        "nauc_recall_at_10_max": 0.017171,
        "nauc_recall_at_10_std": 0.057208,
        "nauc_recall_at_10_diff1": -0.128338,
        "nauc_recall_at_20_max": 0.016903,
        "nauc_recall_at_20_std": 0.124801,
        "nauc_recall_at_20_diff1": -0.092932,
        "nauc_recall_at_100_max": 0.013759,
        "nauc_recall_at_100_std": -0.033183,
        "nauc_recall_at_100_diff1": -0.059835,
        "nauc_recall_at_1000_max": -0.042682,
        "nauc_recall_at_1000_std": 0.024218,
        "nauc_recall_at_1000_diff1": 0.01586,
        "nauc_precision_at_1_max": 0.296065,
        "nauc_precision_at_1_std": -0.200774,
        "nauc_precision_at_1_diff1": -0.200774,
        "nauc_precision_at_3_max": -0.010096,
        "nauc_precision_at_3_std": 0.173696,
        "nauc_precision_at_3_diff1": -0.122002,
        "nauc_precision_at_5_max": -0.056251,
        "nauc_precision_at_5_std": 0.267558,
        "nauc_precision_at_5_diff1": -0.017485,
        "nauc_precision_at_10_max": 0.017171,
        "nauc_precision_at_10_std": 0.057208,
        "nauc_precision_at_10_diff1": -0.128338,
        "nauc_precision_at_20_max": 0.016903,
        "nauc_precision_at_20_std": 0.124801,
        "nauc_precision_at_20_diff1": -0.092932,
        "nauc_precision_at_100_max": 0.013759,
        "nauc_precision_at_100_std": -0.033183,
        "nauc_precision_at_100_diff1": -0.059835,
        "nauc_precision_at_1000_max": -0.042682,
        "nauc_precision_at_1000_std": 0.024218,
        "nauc_precision_at_1000_diff1": 0.01586,
        "nauc_mrr_at_1_max": 0.296065,
        "nauc_mrr_at_1_std": -0.200774,
        "nauc_mrr_at_1_diff1": -0.200774,
        "nauc_mrr_at_3_max": 0.055252,
        "nauc_mrr_at_3_std": 0.092513,
        "nauc_mrr_at_3_diff1": -0.129798,
        "nauc_mrr_at_5_max": 0.030438,
        "nauc_mrr_at_5_std": 0.135222,
        "nauc_mrr_at_5_diff1": -0.08934,
        "nauc_mrr_at_10_max": 0.047218,
        "nauc_mrr_at_10_std": 0.077721,
        "nauc_mrr_at_10_diff1": -0.11712,
        "nauc_mrr_at_20_max": 0.043743,
        "nauc_mrr_at_20_std": 0.0951,
        "nauc_mrr_at_20_diff1": -0.104836,
        "nauc_mrr_at_100_max": 0.039213,
        "nauc_mrr_at_100_std": 0.073878,
        "nauc_mrr_at_100_diff1": -0.08795,
        "nauc_mrr_at_1000_max": 0.0364,
        "nauc_mrr_at_1000_std": 0.065255,
        "nauc_mrr_at_1000_diff1": -0.082684,
        "main_score": 0.0077,
        "hf_subset": "default",
        "languages": [
          "tur-Latn"
        ]
      }
    ]
  },
  "evaluation_time": 47.952778339385986,
  "kg_co2_emissions": null
}