{
  "dataset_revision": "main",
  "task_name": "SciFactTR",
  "mteb_version": "1.31.3",
  "scores": {
    "test": [
      {
        "ndcg_at_1": 0.05333,
        "ndcg_at_3": 0.08901,
        "ndcg_at_5": 0.10407,
        "ndcg_at_10": 0.11869,
        "ndcg_at_20": 0.14338,
        "ndcg_at_100": 0.20705,
        "ndcg_at_1000": 0.25452,
        "map_at_1": 0.05333,
        "map_at_3": 0.08056,
        "map_at_5": 0.08889,
        "map_at_10": 0.09464,
        "map_at_20": 0.10111,
        "map_at_100": 0.10923,
        "map_at_1000": 0.1114,
        "recall_at_1": 0.05333,
        "recall_at_3": 0.11333,
        "recall_at_5": 0.15,
        "recall_at_10": 0.19667,
        "recall_at_20": 0.29667,
        "recall_at_100": 0.65,
        "recall_at_1000": 1.0,
        "precision_at_1": 0.05333,
        "precision_at_3": 0.03778,
        "precision_at_5": 0.03,
        "precision_at_10": 0.01967,
        "precision_at_20": 0.01483,
        "precision_at_100": 0.0065,
        "precision_at_1000": 0.001,
        "mrr_at_1": 0.053333,
        "mrr_at_3": 0.080556,
        "mrr_at_5": 0.088889,
        "mrr_at_10": 0.094642,
        "mrr_at_20": 0.101113,
        "mrr_at_100": 0.109226,
        "mrr_at_1000": 0.111402,
        "nauc_ndcg_at_1_max": -0.004595,
        "nauc_ndcg_at_1_std": 0.076804,
        "nauc_ndcg_at_1_diff1": 0.168768,
        "nauc_ndcg_at_3_max": -0.01368,
        "nauc_ndcg_at_3_std": 0.120176,
        "nauc_ndcg_at_3_diff1": 0.125563,
        "nauc_ndcg_at_5_max": -0.016224,
        "nauc_ndcg_at_5_std": 0.123228,
        "nauc_ndcg_at_5_diff1": 0.083379,
        "nauc_ndcg_at_10_max": 0.011294,
        "nauc_ndcg_at_10_std": 0.131543,
        "nauc_ndcg_at_10_diff1": 0.098692,
        "nauc_ndcg_at_20_max": -0.00159,
        "nauc_ndcg_at_20_std": 0.154333,
        "nauc_ndcg_at_20_diff1": 0.090065,
        "nauc_ndcg_at_100_max": 0.028981,
        "nauc_ndcg_at_100_std": 0.196766,
        "nauc_ndcg_at_100_diff1": 0.091379,
        "nauc_ndcg_at_1000_max": 0.012324,
        "nauc_ndcg_at_1000_std": 0.156394,
        "nauc_ndcg_at_1000_diff1": 0.099589,
        "nauc_map_at_1_max": -0.004595,
        "nauc_map_at_1_std": 0.076804,
        "nauc_map_at_1_diff1": 0.168768,
        "nauc_map_at_3_max": -0.011645,
        "nauc_map_at_3_std": 0.113455,
        "nauc_map_at_3_diff1": 0.129629,
        "nauc_map_at_5_max": -0.014319,
        "nauc_map_at_5_std": 0.11585,
        "nauc_map_at_5_diff1": 0.102512,
        "nauc_map_at_10_max": -0.000371,
        "nauc_map_at_10_std": 0.119379,
        "nauc_map_at_10_diff1": 0.108684,
        "nauc_map_at_20_max": -0.00476,
        "nauc_map_at_20_std": 0.12775,
        "nauc_map_at_20_diff1": 0.106361,
        "nauc_map_at_100_max": 0.002052,
        "nauc_map_at_100_std": 0.134623,
        "nauc_map_at_100_diff1": 0.107026,
        "nauc_map_at_1000_max": 0.00115,
        "nauc_map_at_1000_std": 0.132525,
        "nauc_map_at_1000_diff1": 0.107584,
        "nauc_recall_at_1_max": -0.004595,
        "nauc_recall_at_1_std": 0.076804,
        "nauc_recall_at_1_diff1": 0.168768,
        "nauc_recall_at_3_max": -0.018113,
        "nauc_recall_at_3_std": 0.134166,
        "nauc_recall_at_3_diff1": 0.117926,
        "nauc_recall_at_5_max": -0.019353,
        "nauc_recall_at_5_std": 0.136949,
        "nauc_recall_at_5_diff1": 0.045103,
        "nauc_recall_at_10_max": 0.035265,
        "nauc_recall_at_10_std": 0.153589,
        "nauc_recall_at_10_diff1": 0.084624,
        "nauc_recall_at_20_max": 0.002418,
        "nauc_recall_at_20_std": 0.201514,
        "nauc_recall_at_20_diff1": 0.064033,
        "nauc_recall_at_100_max": 0.097659,
        "nauc_recall_at_100_std": 0.362861,
        "nauc_recall_at_100_diff1": 0.058914,
        "nauc_recall_at_1000_max": NaN,
        "nauc_recall_at_1000_std": NaN,
        "nauc_recall_at_1000_diff1": NaN,
        "nauc_precision_at_1_max": -0.004595,
        "nauc_precision_at_1_std": 0.076804,
        "nauc_precision_at_1_diff1": 0.168768,
        "nauc_precision_at_3_max": -0.018113,
        "nauc_precision_at_3_std": 0.134166,
        "nauc_precision_at_3_diff1": 0.117926,
        "nauc_precision_at_5_max": -0.019353,
        "nauc_precision_at_5_std": 0.136949,
        "nauc_precision_at_5_diff1": 0.045103,
        "nauc_precision_at_10_max": 0.035265,
        "nauc_precision_at_10_std": 0.153589,
        "nauc_precision_at_10_diff1": 0.084624,
        "nauc_precision_at_20_max": 0.002418,
        "nauc_precision_at_20_std": 0.201514,
        "nauc_precision_at_20_diff1": 0.064033,
        "nauc_precision_at_100_max": 0.097659,
        "nauc_precision_at_100_std": 0.362861,
        "nauc_precision_at_100_diff1": 0.058914,
        "nauc_precision_at_1000_max": 1.0,
        "nauc_precision_at_1000_std": 1.0,
        "nauc_precision_at_1000_diff1": 1.0,
        "nauc_mrr_at_1_max": -0.004595,
        "nauc_mrr_at_1_std": 0.076804,
        "nauc_mrr_at_1_diff1": 0.168768,
        "nauc_mrr_at_3_max": -0.011645,
        "nauc_mrr_at_3_std": 0.113455,
        "nauc_mrr_at_3_diff1": 0.129629,
        "nauc_mrr_at_5_max": -0.014319,
        "nauc_mrr_at_5_std": 0.11585,
        "nauc_mrr_at_5_diff1": 0.102512,
        "nauc_mrr_at_10_max": -0.000371,
        "nauc_mrr_at_10_std": 0.119379,
        "nauc_mrr_at_10_diff1": 0.108684,
        "nauc_mrr_at_20_max": -0.00476,
        "nauc_mrr_at_20_std": 0.12775,
        "nauc_mrr_at_20_diff1": 0.106361,
        "nauc_mrr_at_100_max": 0.002052,
        "nauc_mrr_at_100_std": 0.134623,
        "nauc_mrr_at_100_diff1": 0.107026,
        "nauc_mrr_at_1000_max": 0.00115,
        "nauc_mrr_at_1000_std": 0.132525,
        "nauc_mrr_at_1000_diff1": 0.107584,
        "main_score": 0.11869,
        "hf_subset": "default",
        "languages": [
          "tur-Latn"
        ]
      }
    ]
  },
  "evaluation_time": 10.903921127319336,
  "kg_co2_emissions": null
}