{
  "dataset_revision": "main",
  "task_name": "SquadTRRetrieval",
  "mteb_version": "1.31.3",
  "scores": {
    "test": [
      {
        "ndcg_at_1": 0.08178,
        "ndcg_at_3": 0.12038,
        "ndcg_at_5": 0.13692,
        "ndcg_at_10": 0.15815,
        "ndcg_at_20": 0.17743,
        "ndcg_at_100": 0.21745,
        "ndcg_at_1000": 0.26847,
        "map_at_1": 0.08178,
        "map_at_3": 0.11066,
        "map_at_5": 0.11978,
        "map_at_10": 0.12843,
        "map_at_20": 0.13366,
        "map_at_100": 0.13884,
        "map_at_1000": 0.14042,
        "recall_at_1": 0.08178,
        "recall_at_3": 0.14859,
        "recall_at_5": 0.189,
        "recall_at_10": 0.25522,
        "recall_at_20": 0.33193,
        "recall_at_100": 0.55301,
        "recall_at_1000": 0.97371,
        "precision_at_1": 0.08178,
        "precision_at_3": 0.04953,
        "precision_at_5": 0.0378,
        "precision_at_10": 0.02552,
        "precision_at_20": 0.0166,
        "precision_at_100": 0.00553,
        "precision_at_1000": 0.00097,
        "mrr_at_1": 0.081775,
        "mrr_at_3": 0.110662,
        "mrr_at_5": 0.11978,
        "mrr_at_10": 0.128433,
        "mrr_at_20": 0.133663,
        "mrr_at_100": 0.13884,
        "mrr_at_1000": 0.140425,
        "nauc_ndcg_at_1_max": 0.214309,
        "nauc_ndcg_at_1_std": -0.043978,
        "nauc_ndcg_at_1_diff1": 0.293744,
        "nauc_ndcg_at_3_max": 0.168114,
        "nauc_ndcg_at_3_std": -0.037152,
        "nauc_ndcg_at_3_diff1": 0.214672,
        "nauc_ndcg_at_5_max": 0.159356,
        "nauc_ndcg_at_5_std": -0.03339,
        "nauc_ndcg_at_5_diff1": 0.192015,
        "nauc_ndcg_at_10_max": 0.155777,
        "nauc_ndcg_at_10_std": -0.018407,
        "nauc_ndcg_at_10_diff1": 0.177137,
        "nauc_ndcg_at_20_max": 0.16344,
        "nauc_ndcg_at_20_std": -0.015206,
        "nauc_ndcg_at_20_diff1": 0.16874,
        "nauc_ndcg_at_100_max": 0.161389,
        "nauc_ndcg_at_100_std": -0.006187,
        "nauc_ndcg_at_100_diff1": 0.167441,
        "nauc_ndcg_at_1000_max": 0.166574,
        "nauc_ndcg_at_1000_std": -0.012707,
        "nauc_ndcg_at_1000_diff1": 0.179987,
        "nauc_map_at_1_max": 0.214309,
        "nauc_map_at_1_std": -0.043978,
        "nauc_map_at_1_diff1": 0.293744,
        "nauc_map_at_3_max": 0.176856,
        "nauc_map_at_3_std": -0.039579,
        "nauc_map_at_3_diff1": 0.229235,
        "nauc_map_at_5_max": 0.170743,
        "nauc_map_at_5_std": -0.037374,
        "nauc_map_at_5_diff1": 0.214556,
        "nauc_map_at_10_max": 0.168947,
        "nauc_map_at_10_std": -0.030328,
        "nauc_map_at_10_diff1": 0.207006,
        "nauc_map_at_20_max": 0.17124,
        "nauc_map_at_20_std": -0.029119,
        "nauc_map_at_20_diff1": 0.203797,
        "nauc_map_at_100_max": 0.170767,
        "nauc_map_at_100_std": -0.027723,
        "nauc_map_at_100_diff1": 0.20356,
        "nauc_map_at_1000_max": 0.171073,
        "nauc_map_at_1000_std": -0.027699,
        "nauc_map_at_1000_diff1": 0.20405,
        "nauc_recall_at_1_max": 0.214309,
        "nauc_recall_at_1_std": -0.043978,
        "nauc_recall_at_1_diff1": 0.293744,
        "nauc_recall_at_3_max": 0.148275,
        "nauc_recall_at_3_std": -0.031275,
        "nauc_recall_at_3_diff1": 0.18175,
        "nauc_recall_at_5_max": 0.135944,
        "nauc_recall_at_5_std": -0.024534,
        "nauc_recall_at_5_diff1": 0.14477,
        "nauc_recall_at_10_max": 0.130502,
        "nauc_recall_at_10_std": 0.007639,
        "nauc_recall_at_10_diff1": 0.118061,
        "nauc_recall_at_20_max": 0.153142,
        "nauc_recall_at_20_std": 0.01365,
        "nauc_recall_at_20_diff1": 0.101722,
        "nauc_recall_at_100_max": 0.146276,
        "nauc_recall_at_100_std": 0.049924,
        "nauc_recall_at_100_diff1": 0.09331,
        "nauc_recall_at_1000_max": 0.23661,
        "nauc_recall_at_1000_std": 0.145405,
        "nauc_recall_at_1000_diff1": 0.047077,
        "nauc_precision_at_1_max": 0.214309,
        "nauc_precision_at_1_std": -0.043978,
        "nauc_precision_at_1_diff1": 0.293744,
        "nauc_precision_at_3_max": 0.148275,
        "nauc_precision_at_3_std": -0.031275,
        "nauc_precision_at_3_diff1": 0.18175,
        "nauc_precision_at_5_max": 0.135944,
        "nauc_precision_at_5_std": -0.024534,
        "nauc_precision_at_5_diff1": 0.14477,
        "nauc_precision_at_10_max": 0.130502,
        "nauc_precision_at_10_std": 0.007639,
        "nauc_precision_at_10_diff1": 0.118061,
        "nauc_precision_at_20_max": 0.153142,
        "nauc_precision_at_20_std": 0.01365,
        "nauc_precision_at_20_diff1": 0.101722,
        "nauc_precision_at_100_max": 0.146276,
        "nauc_precision_at_100_std": 0.049924,
        "nauc_precision_at_100_diff1": 0.09331,
        "nauc_precision_at_1000_max": 0.23661,
        "nauc_precision_at_1000_std": 0.145405,
        "nauc_precision_at_1000_diff1": 0.047077,
        "nauc_mrr_at_1_max": 0.214309,
        "nauc_mrr_at_1_std": -0.043978,
        "nauc_mrr_at_1_diff1": 0.293744,
        "nauc_mrr_at_3_max": 0.176856,
        "nauc_mrr_at_3_std": -0.039579,
        "nauc_mrr_at_3_diff1": 0.229235,
        "nauc_mrr_at_5_max": 0.170743,
        "nauc_mrr_at_5_std": -0.037374,
        "nauc_mrr_at_5_diff1": 0.214556,
        "nauc_mrr_at_10_max": 0.168947,
        "nauc_mrr_at_10_std": -0.030328,
        "nauc_mrr_at_10_diff1": 0.207006,
        "nauc_mrr_at_20_max": 0.17124,
        "nauc_mrr_at_20_std": -0.029119,
        "nauc_mrr_at_20_diff1": 0.203797,
        "nauc_mrr_at_100_max": 0.170767,
        "nauc_mrr_at_100_std": -0.027723,
        "nauc_mrr_at_100_diff1": 0.20356,
        "nauc_mrr_at_1000_max": 0.171073,
        "nauc_mrr_at_1000_std": -0.027699,
        "nauc_mrr_at_1000_diff1": 0.20405,
        "main_score": 0.15815,
        "hf_subset": "default",
        "languages": [
          "tur-Latn"
        ]
      }
    ]
  },
  "evaluation_time": 62.043495178222656,
  "kg_co2_emissions": null
}