{
  "dataset_revision": "main",
  "task_name": "TQuadRetrieval",
  "mteb_version": "1.31.3",
  "scores": {
    "test": [
      {
        "ndcg_at_1": 0.17152,
        "ndcg_at_3": 0.23297,
        "ndcg_at_5": 0.25261,
        "ndcg_at_10": 0.2853,
        "ndcg_at_20": 0.30666,
        "ndcg_at_100": 0.3565,
        "ndcg_at_1000": 0.3846,
        "map_at_1": 0.17152,
        "map_at_3": 0.21712,
        "map_at_5": 0.22816,
        "map_at_10": 0.24171,
        "map_at_20": 0.24748,
        "map_at_100": 0.25386,
        "map_at_1000": 0.25507,
        "recall_at_1": 0.17152,
        "recall_at_3": 0.27915,
        "recall_at_5": 0.32623,
        "recall_at_10": 0.42713,
        "recall_at_20": 0.51233,
        "recall_at_100": 0.78924,
        "recall_at_1000": 1.0,
        "precision_at_1": 0.17152,
        "precision_at_3": 0.09305,
        "precision_at_5": 0.06525,
        "precision_at_10": 0.04271,
        "precision_at_20": 0.02562,
        "precision_at_100": 0.00789,
        "precision_at_1000": 0.001,
        "mrr_at_1": 0.171525,
        "mrr_at_3": 0.217862,
        "mrr_at_5": 0.228513,
        "mrr_at_10": 0.24206,
        "mrr_at_20": 0.247831,
        "mrr_at_100": 0.254212,
        "mrr_at_1000": 0.255421,
        "nauc_ndcg_at_1_max": 0.200485,
        "nauc_ndcg_at_1_std": -0.002681,
        "nauc_ndcg_at_1_diff1": 0.34126,
        "nauc_ndcg_at_3_max": 0.185981,
        "nauc_ndcg_at_3_std": -0.002357,
        "nauc_ndcg_at_3_diff1": 0.280917,
        "nauc_ndcg_at_5_max": 0.177972,
        "nauc_ndcg_at_5_std": -0.014981,
        "nauc_ndcg_at_5_diff1": 0.265141,
        "nauc_ndcg_at_10_max": 0.192995,
        "nauc_ndcg_at_10_std": -0.023874,
        "nauc_ndcg_at_10_diff1": 0.252364,
        "nauc_ndcg_at_20_max": 0.184347,
        "nauc_ndcg_at_20_std": -0.019066,
        "nauc_ndcg_at_20_diff1": 0.25182,
        "nauc_ndcg_at_100_max": 0.201367,
        "nauc_ndcg_at_100_std": 0.006695,
        "nauc_ndcg_at_100_diff1": 0.256142,
        "nauc_ndcg_at_1000_max": 0.193088,
        "nauc_ndcg_at_1000_std": -0.003635,
        "nauc_ndcg_at_1000_diff1": 0.266481,
        "nauc_map_at_1_max": 0.200485,
        "nauc_map_at_1_std": -0.002681,
        "nauc_map_at_1_diff1": 0.34126,
        "nauc_map_at_3_max": 0.189598,
        "nauc_map_at_3_std": -0.00014,
        "nauc_map_at_3_diff1": 0.295582,
        "nauc_map_at_5_max": 0.184914,
        "nauc_map_at_5_std": -0.007094,
        "nauc_map_at_5_diff1": 0.285748,
        "nauc_map_at_10_max": 0.191973,
        "nauc_map_at_10_std": -0.011252,
        "nauc_map_at_10_diff1": 0.280114,
        "nauc_map_at_20_max": 0.189617,
        "nauc_map_at_20_std": -0.009976,
        "nauc_map_at_20_diff1": 0.279958,
        "nauc_map_at_100_max": 0.19216,
        "nauc_map_at_100_std": -0.005518,
        "nauc_map_at_100_diff1": 0.280696,
        "nauc_map_at_1000_max": 0.191748,
        "nauc_map_at_1000_std": -0.005776,
        "nauc_map_at_1000_diff1": 0.281158,
        "nauc_recall_at_1_max": 0.200485,
        "nauc_recall_at_1_std": -0.002681,
        "nauc_recall_at_1_diff1": 0.34126,
        "nauc_recall_at_3_max": 0.176703,
        "nauc_recall_at_3_std": -0.008747,
        "nauc_recall_at_3_diff1": 0.243423,
        "nauc_recall_at_5_max": 0.159927,
        "nauc_recall_at_5_std": -0.036911,
        "nauc_recall_at_5_diff1": 0.21304,
        "nauc_recall_at_10_max": 0.198316,
        "nauc_recall_at_10_std": -0.05907,
        "nauc_recall_at_10_diff1": 0.179807,
        "nauc_recall_at_20_max": 0.167154,
        "nauc_recall_at_20_std": -0.042523,
        "nauc_recall_at_20_diff1": 0.175569,
        "nauc_recall_at_100_max": 0.279632,
        "nauc_recall_at_100_std": 0.119419,
        "nauc_recall_at_100_diff1": 0.153089,
        "nauc_recall_at_1000_max": NaN,
        "nauc_recall_at_1000_std": NaN,
        "nauc_recall_at_1000_diff1": NaN,
        "nauc_precision_at_1_max": 0.200485,
        "nauc_precision_at_1_std": -0.002681,
        "nauc_precision_at_1_diff1": 0.34126,
        "nauc_precision_at_3_max": 0.176703,
        "nauc_precision_at_3_std": -0.008747,
        "nauc_precision_at_3_diff1": 0.243423,
        "nauc_precision_at_5_max": 0.159927,
        "nauc_precision_at_5_std": -0.036911,
        "nauc_precision_at_5_diff1": 0.21304,
        "nauc_precision_at_10_max": 0.198316,
        "nauc_precision_at_10_std": -0.05907,
        "nauc_precision_at_10_diff1": 0.179807,
        "nauc_precision_at_20_max": 0.167154,
        "nauc_precision_at_20_std": -0.042523,
        "nauc_precision_at_20_diff1": 0.175569,
        "nauc_precision_at_100_max": 0.279632,
        "nauc_precision_at_100_std": 0.119419,
        "nauc_precision_at_100_diff1": 0.153089,
        "nauc_precision_at_1000_max": NaN,
        "nauc_precision_at_1000_std": NaN,
        "nauc_precision_at_1000_diff1": NaN,
        "nauc_mrr_at_1_max": 0.200485,
        "nauc_mrr_at_1_std": -0.002681,
        "nauc_mrr_at_1_diff1": 0.34126,
        "nauc_mrr_at_3_max": 0.189276,
        "nauc_mrr_at_3_std": 0.000111,
        "nauc_mrr_at_3_diff1": 0.296226,
        "nauc_mrr_at_5_max": 0.184389,
        "nauc_mrr_at_5_std": -0.007217,
        "nauc_mrr_at_5_diff1": 0.285545,
        "nauc_mrr_at_10_max": 0.191445,
        "nauc_mrr_at_10_std": -0.011371,
        "nauc_mrr_at_10_diff1": 0.279917,
        "nauc_mrr_at_20_max": 0.189089,
        "nauc_mrr_at_20_std": -0.010097,
        "nauc_mrr_at_20_diff1": 0.279761,
        "nauc_mrr_at_100_max": 0.191625,
        "nauc_mrr_at_100_std": -0.005643,
        "nauc_mrr_at_100_diff1": 0.280496,
        "nauc_mrr_at_1000_max": 0.191211,
        "nauc_mrr_at_1000_std": -0.005902,
        "nauc_mrr_at_1000_diff1": 0.280957,
        "main_score": 0.2853,
        "hf_subset": "default",
        "languages": [
          "tur-Latn"
        ]
      }
    ]
  },
  "evaluation_time": 10.949225187301636,
  "kg_co2_emissions": null
}