{
  "dataset_revision": "51adfef1c1287aab1d2d91b5bead9bcfb9c68583",
  "task_name": "XQuADRetrieval",
  "mteb_version": "1.31.3",
  "scores": {
    "validation": [
      {
        "ndcg_at_1": 0.19003,
        "ndcg_at_3": 0.27986,
        "ndcg_at_5": 0.31178,
        "ndcg_at_10": 0.34079,
        "ndcg_at_20": 0.365,
        "ndcg_at_100": 0.4099,
        "ndcg_at_1000": 0.42926,
        "map_at_1": 0.19003,
        "map_at_3": 0.25676,
        "map_at_5": 0.27462,
        "map_at_10": 0.28662,
        "map_at_20": 0.29343,
        "map_at_100": 0.29907,
        "map_at_1000": 0.29997,
        "recall_at_1": 0.19003,
        "recall_at_3": 0.34713,
        "recall_at_5": 0.42399,
        "recall_at_10": 0.51351,
        "recall_at_20": 0.60811,
        "recall_at_100": 0.85811,
        "recall_at_1000": 1.0,
        "precision_at_1": 0.19003,
        "precision_at_3": 0.11571,
        "precision_at_5": 0.0848,
        "precision_at_10": 0.05135,
        "precision_at_20": 0.03041,
        "precision_at_100": 0.00858,
        "precision_at_1000": 0.001,
        "mrr_at_1": 0.190034,
        "mrr_at_3": 0.256757,
        "mrr_at_5": 0.27462,
        "mrr_at_10": 0.286619,
        "mrr_at_20": 0.293425,
        "mrr_at_100": 0.299065,
        "mrr_at_1000": 0.29997,
        "nauc_ndcg_at_1_max": 0.146546,
        "nauc_ndcg_at_1_std": -0.006638,
        "nauc_ndcg_at_1_diff1": 0.300879,
        "nauc_ndcg_at_3_max": 0.124199,
        "nauc_ndcg_at_3_std": 0.021669,
        "nauc_ndcg_at_3_diff1": 0.193571,
        "nauc_ndcg_at_5_max": 0.110939,
        "nauc_ndcg_at_5_std": 0.016427,
        "nauc_ndcg_at_5_diff1": 0.18697,
        "nauc_ndcg_at_10_max": 0.102826,
        "nauc_ndcg_at_10_std": 0.022068,
        "nauc_ndcg_at_10_diff1": 0.189081,
        "nauc_ndcg_at_20_max": 0.09775,
        "nauc_ndcg_at_20_std": 0.016079,
        "nauc_ndcg_at_20_diff1": 0.176722,
        "nauc_ndcg_at_100_max": 0.117709,
        "nauc_ndcg_at_100_std": 0.031471,
        "nauc_ndcg_at_100_diff1": 0.188419,
        "nauc_ndcg_at_1000_max": 0.111831,
        "nauc_ndcg_at_1000_std": 0.020253,
        "nauc_ndcg_at_1000_diff1": 0.198461,
        "nauc_map_at_1_max": 0.146546,
        "nauc_map_at_1_std": -0.006638,
        "nauc_map_at_1_diff1": 0.300879,
        "nauc_map_at_3_max": 0.128207,
        "nauc_map_at_3_std": 0.015002,
        "nauc_map_at_3_diff1": 0.218605,
        "nauc_map_at_5_max": 0.12017,
        "nauc_map_at_5_std": 0.012303,
        "nauc_map_at_5_diff1": 0.214221,
        "nauc_map_at_10_max": 0.116629,
        "nauc_map_at_10_std": 0.014618,
        "nauc_map_at_10_diff1": 0.215233,
        "nauc_map_at_20_max": 0.11519,
        "nauc_map_at_20_std": 0.013113,
        "nauc_map_at_20_diff1": 0.211787,
        "nauc_map_at_100_max": 0.117334,
        "nauc_map_at_100_std": 0.014956,
        "nauc_map_at_100_diff1": 0.213779,
        "nauc_map_at_1000_max": 0.117164,
        "nauc_map_at_1000_std": 0.014533,
        "nauc_map_at_1000_diff1": 0.214314,
        "nauc_recall_at_1_max": 0.146546,
        "nauc_recall_at_1_std": -0.006638,
        "nauc_recall_at_1_diff1": 0.300879,
        "nauc_recall_at_3_max": 0.114277,
        "nauc_recall_at_3_std": 0.038865,
        "nauc_recall_at_3_diff1": 0.129085,
        "nauc_recall_at_5_max": 0.086694,
        "nauc_recall_at_5_std": 0.026027,
        "nauc_recall_at_5_diff1": 0.117323,
        "nauc_recall_at_10_max": 0.063052,
        "nauc_recall_at_10_std": 0.042826,
        "nauc_recall_at_10_diff1": 0.120632,
        "nauc_recall_at_20_max": 0.039367,
        "nauc_recall_at_20_std": 0.019711,
        "nauc_recall_at_20_diff1": 0.065495,
        "nauc_recall_at_100_max": 0.206872,
        "nauc_recall_at_100_std": 0.196644,
        "nauc_recall_at_100_diff1": 0.051946,
        "nauc_recall_at_1000_max": NaN,
        "nauc_recall_at_1000_std": NaN,
        "nauc_recall_at_1000_diff1": NaN,
        "nauc_precision_at_1_max": 0.146546,
        "nauc_precision_at_1_std": -0.006638,
        "nauc_precision_at_1_diff1": 0.300879,
        "nauc_precision_at_3_max": 0.114277,
        "nauc_precision_at_3_std": 0.038865,
        "nauc_precision_at_3_diff1": 0.129085,
        "nauc_precision_at_5_max": 0.086694,
        "nauc_precision_at_5_std": 0.026027,
        "nauc_precision_at_5_diff1": 0.117323,
        "nauc_precision_at_10_max": 0.063052,
        "nauc_precision_at_10_std": 0.042826,
        "nauc_precision_at_10_diff1": 0.120632,
        "nauc_precision_at_20_max": 0.039367,
        "nauc_precision_at_20_std": 0.019711,
        "nauc_precision_at_20_diff1": 0.065495,
        "nauc_precision_at_100_max": 0.206872,
        "nauc_precision_at_100_std": 0.196644,
        "nauc_precision_at_100_diff1": 0.051946,
        "nauc_precision_at_1000_max": 1.0,
        "nauc_precision_at_1000_std": 1.0,
        "nauc_precision_at_1000_diff1": 1.0,
        "nauc_mrr_at_1_max": 0.146546,
        "nauc_mrr_at_1_std": -0.006638,
        "nauc_mrr_at_1_diff1": 0.300879,
        "nauc_mrr_at_3_max": 0.128207,
        "nauc_mrr_at_3_std": 0.015002,
        "nauc_mrr_at_3_diff1": 0.218605,
        "nauc_mrr_at_5_max": 0.12017,
        "nauc_mrr_at_5_std": 0.012303,
        "nauc_mrr_at_5_diff1": 0.214221,
        "nauc_mrr_at_10_max": 0.116629,
        "nauc_mrr_at_10_std": 0.014618,
        "nauc_mrr_at_10_diff1": 0.215233,
        "nauc_mrr_at_20_max": 0.11519,
        "nauc_mrr_at_20_std": 0.013113,
        "nauc_mrr_at_20_diff1": 0.211787,
        "nauc_mrr_at_100_max": 0.117334,
        "nauc_mrr_at_100_std": 0.014956,
        "nauc_mrr_at_100_diff1": 0.213779,
        "nauc_mrr_at_1000_max": 0.117164,
        "nauc_mrr_at_1000_std": 0.014533,
        "nauc_mrr_at_1000_diff1": 0.214314,
        "main_score": 0.34079,
        "hf_subset": "tr",
        "languages": [
          "tur-Latn"
        ]
      }
    ]
  },
  "evaluation_time": 8.659533739089966,
  "kg_co2_emissions": null
}