{
  "dataset_revision": "main",
  "task_name": "CQADupstackGamingRetrievalTR",
  "mteb_version": "1.31.3",
  "scores": {
    "test": [
      {
        "ndcg_at_1": 0.29217,
        "ndcg_at_3": 0.35268,
        "ndcg_at_5": 0.37597,
        "ndcg_at_10": 0.39716,
        "ndcg_at_20": 0.41576,
        "ndcg_at_100": 0.44591,
        "ndcg_at_1000": 0.47029,
        "map_at_1": 0.29217,
        "map_at_3": 0.33749,
        "map_at_5": 0.35038,
        "map_at_10": 0.35914,
        "map_at_20": 0.36425,
        "map_at_100": 0.36816,
        "map_at_1000": 0.36897,
        "recall_at_1": 0.29217,
        "recall_at_3": 0.39676,
        "recall_at_5": 0.45344,
        "recall_at_10": 0.51889,
        "recall_at_20": 0.59244,
        "recall_at_100": 0.75843,
        "recall_at_1000": 0.95682,
        "precision_at_1": 0.29217,
        "precision_at_3": 0.13225,
        "precision_at_5": 0.09069,
        "precision_at_10": 0.05189,
        "precision_at_20": 0.02962,
        "precision_at_100": 0.00758,
        "precision_at_1000": 0.00096,
        "mrr_at_1": 0.292173,
        "mrr_at_3": 0.337494,
        "mrr_at_5": 0.350382,
        "mrr_at_10": 0.359144,
        "mrr_at_20": 0.364247,
        "mrr_at_100": 0.368161,
        "mrr_at_1000": 0.368972,
        "nauc_ndcg_at_1_max": 0.336659,
        "nauc_ndcg_at_1_std": -0.080332,
        "nauc_ndcg_at_1_diff1": 0.539454,
        "nauc_ndcg_at_3_max": 0.337806,
        "nauc_ndcg_at_3_std": -0.065948,
        "nauc_ndcg_at_3_diff1": 0.482368,
        "nauc_ndcg_at_5_max": 0.336754,
        "nauc_ndcg_at_5_std": -0.052669,
        "nauc_ndcg_at_5_diff1": 0.47098,
        "nauc_ndcg_at_10_max": 0.343523,
        "nauc_ndcg_at_10_std": -0.035201,
        "nauc_ndcg_at_10_diff1": 0.4653,
        "nauc_ndcg_at_20_max": 0.339508,
        "nauc_ndcg_at_20_std": -0.032433,
        "nauc_ndcg_at_20_diff1": 0.459701,
        "nauc_ndcg_at_100_max": 0.341804,
        "nauc_ndcg_at_100_std": -0.030638,
        "nauc_ndcg_at_100_diff1": 0.458389,
        "nauc_ndcg_at_1000_max": 0.340748,
        "nauc_ndcg_at_1000_std": -0.036125,
        "nauc_ndcg_at_1000_diff1": 0.466696,
        "nauc_map_at_1_max": 0.336659,
        "nauc_map_at_1_std": -0.080332,
        "nauc_map_at_1_diff1": 0.539454,
        "nauc_map_at_3_max": 0.338371,
        "nauc_map_at_3_std": -0.069332,
        "nauc_map_at_3_diff1": 0.496059,
        "nauc_map_at_5_max": 0.337757,
        "nauc_map_at_5_std": -0.062091,
        "nauc_map_at_5_diff1": 0.489773,
        "nauc_map_at_10_max": 0.340704,
        "nauc_map_at_10_std": -0.055235,
        "nauc_map_at_10_diff1": 0.487152,
        "nauc_map_at_20_max": 0.339508,
        "nauc_map_at_20_std": -0.054634,
        "nauc_map_at_20_diff1": 0.485809,
        "nauc_map_at_100_max": 0.339807,
        "nauc_map_at_100_std": -0.054674,
        "nauc_map_at_100_diff1": 0.485716,
        "nauc_map_at_1000_max": 0.339842,
        "nauc_map_at_1000_std": -0.054716,
        "nauc_map_at_1000_diff1": 0.485966,
        "nauc_recall_at_1_max": 0.336659,
        "nauc_recall_at_1_std": -0.080332,
        "nauc_recall_at_1_diff1": 0.539454,
        "nauc_recall_at_3_max": 0.335895,
        "nauc_recall_at_3_std": -0.056497,
        "nauc_recall_at_3_diff1": 0.444022,
        "nauc_recall_at_5_max": 0.333464,
        "nauc_recall_at_5_std": -0.023937,
        "nauc_recall_at_5_diff1": 0.41607,
        "nauc_recall_at_10_max": 0.353675,
        "nauc_recall_at_10_std": 0.033317,
        "nauc_recall_at_10_diff1": 0.398296,
        "nauc_recall_at_20_max": 0.338207,
        "nauc_recall_at_20_std": 0.05104,
        "nauc_recall_at_20_diff1": 0.368436,
        "nauc_recall_at_100_max": 0.356713,
        "nauc_recall_at_100_std": 0.108342,
        "nauc_recall_at_100_diff1": 0.317611,
        "nauc_recall_at_1000_max": 0.327061,
        "nauc_recall_at_1000_std": 0.277994,
        "nauc_recall_at_1000_diff1": 0.241525,
        "nauc_precision_at_1_max": 0.336659,
        "nauc_precision_at_1_std": -0.080332,
        "nauc_precision_at_1_diff1": 0.539454,
        "nauc_precision_at_3_max": 0.335895,
        "nauc_precision_at_3_std": -0.056497,
        "nauc_precision_at_3_diff1": 0.444022,
        "nauc_precision_at_5_max": 0.333464,
        "nauc_precision_at_5_std": -0.023937,
        "nauc_precision_at_5_diff1": 0.41607,
        "nauc_precision_at_10_max": 0.353675,
        "nauc_precision_at_10_std": 0.033317,
        "nauc_precision_at_10_diff1": 0.398296,
        "nauc_precision_at_20_max": 0.338207,
        "nauc_precision_at_20_std": 0.05104,
        "nauc_precision_at_20_diff1": 0.368436,
        "nauc_precision_at_100_max": 0.356713,
        "nauc_precision_at_100_std": 0.108342,
        "nauc_precision_at_100_diff1": 0.317611,
        "nauc_precision_at_1000_max": 0.327061,
        "nauc_precision_at_1000_std": 0.277994,
        "nauc_precision_at_1000_diff1": 0.241525,
        "nauc_mrr_at_1_max": 0.336659,
        "nauc_mrr_at_1_std": -0.080332,
        "nauc_mrr_at_1_diff1": 0.539454,
        "nauc_mrr_at_3_max": 0.338371,
        "nauc_mrr_at_3_std": -0.069332,
        "nauc_mrr_at_3_diff1": 0.496059,
        "nauc_mrr_at_5_max": 0.337757,
        "nauc_mrr_at_5_std": -0.062091,
        "nauc_mrr_at_5_diff1": 0.489773,
        "nauc_mrr_at_10_max": 0.340704,
        "nauc_mrr_at_10_std": -0.055235,
        "nauc_mrr_at_10_diff1": 0.487152,
        "nauc_mrr_at_20_max": 0.339508,
        "nauc_mrr_at_20_std": -0.054634,
        "nauc_mrr_at_20_diff1": 0.485809,
        "nauc_mrr_at_100_max": 0.339807,
        "nauc_mrr_at_100_std": -0.054674,
        "nauc_mrr_at_100_diff1": 0.485716,
        "nauc_mrr_at_1000_max": 0.339842,
        "nauc_mrr_at_1000_std": -0.054716,
        "nauc_mrr_at_1000_diff1": 0.485966,
        "main_score": 0.39716,
        "hf_subset": "default",
        "languages": [
          "tur-Latn"
        ]
      }
    ]
  },
  "evaluation_time": 9.93281626701355,
  "kg_co2_emissions": null
}