{
  "dataset_revision": "main",
  "task_name": "FiQA2018TR",
  "mteb_version": "1.31.3",
  "scores": {
    "test": [
      {
        "ndcg_at_1": 0.12037,
        "ndcg_at_3": 0.17512,
        "ndcg_at_5": 0.19663,
        "ndcg_at_10": 0.21943,
        "ndcg_at_20": 0.2414,
        "ndcg_at_100": 0.28245,
        "ndcg_at_1000": 0.31973,
        "map_at_1": 0.12037,
        "map_at_3": 0.16152,
        "map_at_5": 0.17341,
        "map_at_10": 0.18272,
        "map_at_20": 0.1888,
        "map_at_100": 0.19412,
        "map_at_1000": 0.19535,
        "recall_at_1": 0.12037,
        "recall_at_3": 0.21451,
        "recall_at_5": 0.26698,
        "recall_at_10": 0.33796,
        "recall_at_20": 0.42438,
        "recall_at_100": 0.65123,
        "recall_at_1000": 0.9537,
        "precision_at_1": 0.12037,
        "precision_at_3": 0.0715,
        "precision_at_5": 0.0534,
        "precision_at_10": 0.0338,
        "precision_at_20": 0.02122,
        "precision_at_100": 0.00651,
        "precision_at_1000": 0.00095,
        "mrr_at_1": 0.12037,
        "mrr_at_3": 0.161523,
        "mrr_at_5": 0.173405,
        "mrr_at_10": 0.182718,
        "mrr_at_20": 0.188801,
        "mrr_at_100": 0.194123,
        "mrr_at_1000": 0.195352,
        "nauc_ndcg_at_1_max": 0.188607,
        "nauc_ndcg_at_1_std": -0.070892,
        "nauc_ndcg_at_1_diff1": 0.264367,
        "nauc_ndcg_at_3_max": 0.159903,
        "nauc_ndcg_at_3_std": -0.067337,
        "nauc_ndcg_at_3_diff1": 0.191555,
        "nauc_ndcg_at_5_max": 0.168935,
        "nauc_ndcg_at_5_std": -0.048637,
        "nauc_ndcg_at_5_diff1": 0.186274,
        "nauc_ndcg_at_10_max": 0.153371,
        "nauc_ndcg_at_10_std": -0.032989,
        "nauc_ndcg_at_10_diff1": 0.173865,
        "nauc_ndcg_at_20_max": 0.163474,
        "nauc_ndcg_at_20_std": 0.010516,
        "nauc_ndcg_at_20_diff1": 0.183023,
        "nauc_ndcg_at_100_max": 0.174029,
        "nauc_ndcg_at_100_std": 0.00545,
        "nauc_ndcg_at_100_diff1": 0.171602,
        "nauc_ndcg_at_1000_max": 0.168361,
        "nauc_ndcg_at_1000_std": -0.0056,
        "nauc_ndcg_at_1000_diff1": 0.176927,
        "nauc_map_at_1_max": 0.188607,
        "nauc_map_at_1_std": -0.070892,
        "nauc_map_at_1_diff1": 0.264367,
        "nauc_map_at_3_max": 0.166743,
        "nauc_map_at_3_std": -0.06617,
        "nauc_map_at_3_diff1": 0.207347,
        "nauc_map_at_5_max": 0.171955,
        "nauc_map_at_5_std": -0.055014,
        "nauc_map_at_5_diff1": 0.203982,
        "nauc_map_at_10_max": 0.164504,
        "nauc_map_at_10_std": -0.048325,
        "nauc_map_at_10_diff1": 0.198196,
        "nauc_map_at_20_max": 0.167711,
        "nauc_map_at_20_std": -0.034735,
        "nauc_map_at_20_diff1": 0.201093,
        "nauc_map_at_100_max": 0.168669,
        "nauc_map_at_100_std": -0.03583,
        "nauc_map_at_100_diff1": 0.199145,
        "nauc_map_at_1000_max": 0.16828,
        "nauc_map_at_1000_std": -0.035946,
        "nauc_map_at_1000_diff1": 0.199029,
        "nauc_recall_at_1_max": 0.188607,
        "nauc_recall_at_1_std": -0.070892,
        "nauc_recall_at_1_diff1": 0.264367,
        "nauc_recall_at_3_max": 0.143448,
        "nauc_recall_at_3_std": -0.070703,
        "nauc_recall_at_3_diff1": 0.153993,
        "nauc_recall_at_5_max": 0.162969,
        "nauc_recall_at_5_std": -0.033111,
        "nauc_recall_at_5_diff1": 0.14617,
        "nauc_recall_at_10_max": 0.126864,
        "nauc_recall_at_10_std": 0.005612,
        "nauc_recall_at_10_diff1": 0.1185,
        "nauc_recall_at_20_max": 0.157344,
        "nauc_recall_at_20_std": 0.135896,
        "nauc_recall_at_20_diff1": 0.146906,
        "nauc_recall_at_100_max": 0.215826,
        "nauc_recall_at_100_std": 0.1438,
        "nauc_recall_at_100_diff1": 0.084055,
        "nauc_recall_at_1000_max": 0.253759,
        "nauc_recall_at_1000_std": 0.296197,
        "nauc_recall_at_1000_diff1": -0.034717,
        "nauc_precision_at_1_max": 0.188607,
        "nauc_precision_at_1_std": -0.070892,
        "nauc_precision_at_1_diff1": 0.264367,
        "nauc_precision_at_3_max": 0.143448,
        "nauc_precision_at_3_std": -0.070703,
        "nauc_precision_at_3_diff1": 0.153993,
        "nauc_precision_at_5_max": 0.162969,
        "nauc_precision_at_5_std": -0.033111,
        "nauc_precision_at_5_diff1": 0.14617,
        "nauc_precision_at_10_max": 0.126864,
        "nauc_precision_at_10_std": 0.005612,
        "nauc_precision_at_10_diff1": 0.1185,
        "nauc_precision_at_20_max": 0.157344,
        "nauc_precision_at_20_std": 0.135896,
        "nauc_precision_at_20_diff1": 0.146906,
        "nauc_precision_at_100_max": 0.215826,
        "nauc_precision_at_100_std": 0.1438,
        "nauc_precision_at_100_diff1": 0.084055,
        "nauc_precision_at_1000_max": 0.253759,
        "nauc_precision_at_1000_std": 0.296197,
        "nauc_precision_at_1000_diff1": -0.034717,
        "nauc_mrr_at_1_max": 0.188607,
        "nauc_mrr_at_1_std": -0.070892,
        "nauc_mrr_at_1_diff1": 0.264367,
        "nauc_mrr_at_3_max": 0.166743,
        "nauc_mrr_at_3_std": -0.06617,
        "nauc_mrr_at_3_diff1": 0.207347,
        "nauc_mrr_at_5_max": 0.171955,
        "nauc_mrr_at_5_std": -0.055014,
        "nauc_mrr_at_5_diff1": 0.203982,
        "nauc_mrr_at_10_max": 0.164504,
        "nauc_mrr_at_10_std": -0.048325,
        "nauc_mrr_at_10_diff1": 0.198196,
        "nauc_mrr_at_20_max": 0.167711,
        "nauc_mrr_at_20_std": -0.034735,
        "nauc_mrr_at_20_diff1": 0.201093,
        "nauc_mrr_at_100_max": 0.168669,
        "nauc_mrr_at_100_std": -0.03583,
        "nauc_mrr_at_100_diff1": 0.199145,
        "nauc_mrr_at_1000_max": 0.16828,
        "nauc_mrr_at_1000_std": -0.035946,
        "nauc_mrr_at_1000_diff1": 0.199029,
        "main_score": 0.21943,
        "hf_subset": "default",
        "languages": [
          "tur-Latn"
        ]
      }
    ]
  },
  "evaluation_time": 10.338160037994385,
  "kg_co2_emissions": null
}