{
  "dataset_revision": "main",
  "task_name": "NFCorpusTR",
  "mteb_version": "1.31.3",
  "scores": {
    "test": [
      {
        "ndcg_at_1": 0.02756,
        "ndcg_at_3": 0.04734,
        "ndcg_at_5": 0.05547,
        "ndcg_at_10": 0.06081,
        "ndcg_at_20": 0.07171,
        "ndcg_at_100": 0.09316,
        "ndcg_at_1000": 0.15599,
        "map_at_1": 0.02756,
        "map_at_3": 0.04199,
        "map_at_5": 0.04652,
        "map_at_10": 0.04887,
        "map_at_20": 0.05183,
        "map_at_100": 0.05462,
        "map_at_1000": 0.05628,
        "recall_at_1": 0.02756,
        "recall_at_3": 0.06299,
        "recall_at_5": 0.08268,
        "recall_at_10": 0.09843,
        "recall_at_20": 0.14173,
        "recall_at_100": 0.25984,
        "recall_at_1000": 0.79528,
        "precision_at_1": 0.02756,
        "precision_at_3": 0.021,
        "precision_at_5": 0.01654,
        "precision_at_10": 0.00984,
        "precision_at_20": 0.00709,
        "precision_at_100": 0.0026,
        "precision_at_1000": 0.0008,
        "mrr_at_1": 0.027559,
        "mrr_at_3": 0.041339,
        "mrr_at_5": 0.045866,
        "mrr_at_10": 0.04821,
        "mrr_at_20": 0.05117,
        "mrr_at_100": 0.053967,
        "mrr_at_1000": 0.055627,
        "nauc_ndcg_at_1_max": 0.133276,
        "nauc_ndcg_at_1_std": -0.162939,
        "nauc_ndcg_at_1_diff1": 0.798258,
        "nauc_ndcg_at_3_max": 0.101728,
        "nauc_ndcg_at_3_std": 0.023605,
        "nauc_ndcg_at_3_diff1": 0.529397,
        "nauc_ndcg_at_5_max": 0.09594,
        "nauc_ndcg_at_5_std": 0.000888,
        "nauc_ndcg_at_5_diff1": 0.425102,
        "nauc_ndcg_at_10_max": 0.079507,
        "nauc_ndcg_at_10_std": -0.000698,
        "nauc_ndcg_at_10_diff1": 0.405635,
        "nauc_ndcg_at_20_max": 0.118376,
        "nauc_ndcg_at_20_std": 0.016635,
        "nauc_ndcg_at_20_diff1": 0.354252,
        "nauc_ndcg_at_100_max": 0.122062,
        "nauc_ndcg_at_100_std": 0.026608,
        "nauc_ndcg_at_100_diff1": 0.281332,
        "nauc_ndcg_at_1000_max": 0.085528,
        "nauc_ndcg_at_1000_std": 0.016071,
        "nauc_ndcg_at_1000_diff1": 0.293168,
        "nauc_map_at_1_max": 0.133276,
        "nauc_map_at_1_std": -0.162939,
        "nauc_map_at_1_diff1": 0.798258,
        "nauc_map_at_3_max": 0.107798,
        "nauc_map_at_3_std": -0.006183,
        "nauc_map_at_3_diff1": 0.58317,
        "nauc_map_at_5_max": 0.104611,
        "nauc_map_at_5_std": -0.017824,
        "nauc_map_at_5_diff1": 0.509287,
        "nauc_map_at_10_max": 0.095092,
        "nauc_map_at_10_std": -0.018131,
        "nauc_map_at_10_diff1": 0.494752,
        "nauc_map_at_20_max": 0.110099,
        "nauc_map_at_20_std": -0.013092,
        "nauc_map_at_20_diff1": 0.474535,
        "nauc_map_at_100_max": 0.114189,
        "nauc_map_at_100_std": -0.008519,
        "nauc_map_at_100_diff1": 0.458157,
        "nauc_map_at_1000_max": 0.113367,
        "nauc_map_at_1000_std": -0.007788,
        "nauc_map_at_1000_diff1": 0.456811,
        "nauc_recall_at_1_max": 0.133276,
        "nauc_recall_at_1_std": -0.162939,
        "nauc_recall_at_1_diff1": 0.798258,
        "nauc_recall_at_3_max": 0.089754,
        "nauc_recall_at_3_std": 0.080985,
        "nauc_recall_at_3_diff1": 0.422853,
        "nauc_recall_at_5_max": 0.080301,
        "nauc_recall_at_5_std": 0.029175,
        "nauc_recall_at_5_diff1": 0.277502,
        "nauc_recall_at_10_max": 0.053172,
        "nauc_recall_at_10_std": 0.022585,
        "nauc_recall_at_10_diff1": 0.265319,
        "nauc_recall_at_20_max": 0.137069,
        "nauc_recall_at_20_std": 0.060009,
        "nauc_recall_at_20_diff1": 0.181735,
        "nauc_recall_at_100_max": 0.128629,
        "nauc_recall_at_100_std": 0.063254,
        "nauc_recall_at_100_diff1": 0.059927,
        "nauc_recall_at_1000_max": -0.082996,
        "nauc_recall_at_1000_std": -0.000297,
        "nauc_recall_at_1000_diff1": 0.022953,
        "nauc_precision_at_1_max": 0.133276,
        "nauc_precision_at_1_std": -0.162939,
        "nauc_precision_at_1_diff1": 0.798258,
        "nauc_precision_at_3_max": 0.089754,
        "nauc_precision_at_3_std": 0.080985,
        "nauc_precision_at_3_diff1": 0.422853,
        "nauc_precision_at_5_max": 0.080301,
        "nauc_precision_at_5_std": 0.029175,
        "nauc_precision_at_5_diff1": 0.277502,
        "nauc_precision_at_10_max": 0.053172,
        "nauc_precision_at_10_std": 0.022585,
        "nauc_precision_at_10_diff1": 0.265319,
        "nauc_precision_at_20_max": 0.137069,
        "nauc_precision_at_20_std": 0.060009,
        "nauc_precision_at_20_diff1": 0.181735,
        "nauc_precision_at_100_max": 0.128629,
        "nauc_precision_at_100_std": 0.063254,
        "nauc_precision_at_100_diff1": 0.059927,
        "nauc_precision_at_1000_max": -0.082996,
        "nauc_precision_at_1000_std": -0.000297,
        "nauc_precision_at_1000_diff1": 0.022953,
        "nauc_mrr_at_1_max": 0.133276,
        "nauc_mrr_at_1_std": -0.162939,
        "nauc_mrr_at_1_diff1": 0.798258,
        "nauc_mrr_at_3_max": 0.110622,
        "nauc_mrr_at_3_std": -0.005168,
        "nauc_mrr_at_3_diff1": 0.587306,
        "nauc_mrr_at_5_max": 0.107111,
        "nauc_mrr_at_5_std": -0.017076,
        "nauc_mrr_at_5_diff1": 0.511958,
        "nauc_mrr_at_10_max": 0.097341,
        "nauc_mrr_at_10_std": -0.017423,
        "nauc_mrr_at_10_diff1": 0.497096,
        "nauc_mrr_at_20_max": 0.112456,
        "nauc_mrr_at_20_std": -0.012346,
        "nauc_mrr_at_20_diff1": 0.476523,
        "nauc_mrr_at_100_max": 0.116529,
        "nauc_mrr_at_100_std": -0.007737,
        "nauc_mrr_at_100_diff1": 0.459877,
        "nauc_mrr_at_1000_max": 0.115696,
        "nauc_mrr_at_1000_std": -0.006996,
        "nauc_mrr_at_1000_diff1": 0.458515,
        "main_score": 0.06081,
        "hf_subset": "default",
        "languages": [
          "tur-Latn"
        ]
      }
    ]
  },
  "evaluation_time": 10.270929336547852,
  "kg_co2_emissions": null
}