{
  "dataset_revision": "main",
  "task_name": "QuoraRetrievalTR",
  "mteb_version": "1.31.3",
  "scores": {
    "test": [
      {
        "ndcg_at_1": 0.86663,
        "ndcg_at_3": 0.91697,
        "ndcg_at_5": 0.92334,
        "ndcg_at_10": 0.92746,
        "ndcg_at_20": 0.93001,
        "ndcg_at_100": 0.93174,
        "ndcg_at_1000": 0.93211,
        "map_at_1": 0.86663,
        "map_at_3": 0.90542,
        "map_at_5": 0.90898,
        "map_at_10": 0.9107,
        "map_at_20": 0.91143,
        "map_at_100": 0.91167,
        "map_at_1000": 0.91169,
        "recall_at_1": 0.86663,
        "recall_at_3": 0.95005,
        "recall_at_5": 0.96542,
        "recall_at_10": 0.97805,
        "recall_at_20": 0.98793,
        "recall_at_100": 0.99726,
        "recall_at_1000": 1.0,
        "precision_at_1": 0.86663,
        "precision_at_3": 0.31668,
        "precision_at_5": 0.19308,
        "precision_at_10": 0.0978,
        "precision_at_20": 0.0494,
        "precision_at_100": 0.00997,
        "precision_at_1000": 0.001,
        "mrr_at_1": 0.86663,
        "mrr_at_3": 0.905415,
        "mrr_at_5": 0.908983,
        "mrr_at_10": 0.910702,
        "mrr_at_20": 0.911429,
        "mrr_at_100": 0.91167,
        "mrr_at_1000": 0.911687,
        "nauc_ndcg_at_1_max": 0.501059,
        "nauc_ndcg_at_1_std": -0.352026,
        "nauc_ndcg_at_1_diff1": 0.887233,
        "nauc_ndcg_at_3_max": 0.564099,
        "nauc_ndcg_at_3_std": -0.443338,
        "nauc_ndcg_at_3_diff1": 0.879194,
        "nauc_ndcg_at_5_max": 0.560752,
        "nauc_ndcg_at_5_std": -0.436129,
        "nauc_ndcg_at_5_diff1": 0.877263,
        "nauc_ndcg_at_10_max": 0.557904,
        "nauc_ndcg_at_10_std": -0.428225,
        "nauc_ndcg_at_10_diff1": 0.880268,
        "nauc_ndcg_at_20_max": 0.555841,
        "nauc_ndcg_at_20_std": -0.414717,
        "nauc_ndcg_at_20_diff1": 0.882037,
        "nauc_ndcg_at_100_max": 0.547524,
        "nauc_ndcg_at_100_std": -0.409233,
        "nauc_ndcg_at_100_diff1": 0.881193,
        "nauc_ndcg_at_1000_max": 0.545303,
        "nauc_ndcg_at_1000_std": -0.412301,
        "nauc_ndcg_at_1000_diff1": 0.881008,
        "nauc_map_at_1_max": 0.501059,
        "nauc_map_at_1_std": -0.352026,
        "nauc_map_at_1_diff1": 0.887233,
        "nauc_map_at_3_max": 0.543036,
        "nauc_map_at_3_std": -0.417343,
        "nauc_map_at_3_diff1": 0.880619,
        "nauc_map_at_5_max": 0.540801,
        "nauc_map_at_5_std": -0.41309,
        "nauc_map_at_5_diff1": 0.879792,
        "nauc_map_at_10_max": 0.539295,
        "nauc_map_at_10_std": -0.410225,
        "nauc_map_at_10_diff1": 0.880946,
        "nauc_map_at_20_max": 0.538665,
        "nauc_map_at_20_std": -0.407015,
        "nauc_map_at_20_diff1": 0.881302,
        "nauc_map_at_100_max": 0.537697,
        "nauc_map_at_100_std": -0.406497,
        "nauc_map_at_100_diff1": 0.881217,
        "nauc_map_at_1000_max": 0.537616,
        "nauc_map_at_1000_std": -0.406615,
        "nauc_map_at_1000_diff1": 0.881207,
        "nauc_recall_at_1_max": 0.501059,
        "nauc_recall_at_1_std": -0.352026,
        "nauc_recall_at_1_diff1": 0.887233,
        "nauc_recall_at_3_max": 0.676427,
        "nauc_recall_at_3_std": -0.57849,
        "nauc_recall_at_3_diff1": 0.872563,
        "nauc_recall_at_5_max": 0.706795,
        "nauc_recall_at_5_std": -0.598755,
        "nauc_recall_at_5_diff1": 0.85923,
        "nauc_recall_at_10_max": 0.765296,
        "nauc_recall_at_10_std": -0.608415,
        "nauc_recall_at_10_diff1": 0.876709,
        "nauc_recall_at_20_max": 0.890106,
        "nauc_recall_at_20_std": -0.460315,
        "nauc_recall_at_20_diff1": 0.915354,
        "nauc_recall_at_100_max": 0.944456,
        "nauc_recall_at_100_std": 0.12857,
        "nauc_recall_at_100_diff1": 0.910832,
        "nauc_recall_at_1000_max": NaN,
        "nauc_recall_at_1000_std": NaN,
        "nauc_recall_at_1000_diff1": NaN,
        "nauc_precision_at_1_max": 0.501059,
        "nauc_precision_at_1_std": -0.352026,
        "nauc_precision_at_1_diff1": 0.887233,
        "nauc_precision_at_3_max": 0.676427,
        "nauc_precision_at_3_std": -0.57849,
        "nauc_precision_at_3_diff1": 0.872563,
        "nauc_precision_at_5_max": 0.706795,
        "nauc_precision_at_5_std": -0.598755,
        "nauc_precision_at_5_diff1": 0.85923,
        "nauc_precision_at_10_max": 0.765296,
        "nauc_precision_at_10_std": -0.608415,
        "nauc_precision_at_10_diff1": 0.876709,
        "nauc_precision_at_20_max": 0.890106,
        "nauc_precision_at_20_std": -0.460315,
        "nauc_precision_at_20_diff1": 0.915354,
        "nauc_precision_at_100_max": 0.944456,
        "nauc_precision_at_100_std": 0.12857,
        "nauc_precision_at_100_diff1": 0.910832,
        "nauc_precision_at_1000_max": 1.0,
        "nauc_precision_at_1000_std": 1.0,
        "nauc_precision_at_1000_diff1": 1.0,
        "nauc_mrr_at_1_max": 0.50607,
        "nauc_mrr_at_1_std": -0.344096,
        "nauc_mrr_at_1_diff1": 0.887233,
        "nauc_mrr_at_3_max": 0.546534,
        "nauc_mrr_at_3_std": -0.411808,
        "nauc_mrr_at_3_diff1": 0.880619,
        "nauc_mrr_at_5_max": 0.544439,
        "nauc_mrr_at_5_std": -0.407333,
        "nauc_mrr_at_5_diff1": 0.879792,
        "nauc_mrr_at_10_max": 0.543005,
        "nauc_mrr_at_10_std": -0.404354,
        "nauc_mrr_at_10_diff1": 0.880946,
        "nauc_mrr_at_20_max": 0.542406,
        "nauc_mrr_at_20_std": -0.401094,
        "nauc_mrr_at_20_diff1": 0.881302,
        "nauc_mrr_at_100_max": 0.541449,
        "nauc_mrr_at_100_std": -0.40056,
        "nauc_mrr_at_100_diff1": 0.881217,
        "nauc_mrr_at_1000_max": 0.541369,
        "nauc_mrr_at_1000_std": -0.400677,
        "nauc_mrr_at_1000_diff1": 0.881207,
        "main_score": 0.92746,
        "hf_subset": "default",
        "languages": [
          "tur-Latn"
        ]
      }
    ]
  },
  "evaluation_time": 5.6158623695373535,
  "kg_co2_emissions": null
}