{
  "dataset_revision": "main",
  "task_name": "SCIDOCSTR",
  "mteb_version": "1.31.3",
  "scores": {
    "test": [
      {
        "ndcg_at_1": 0.01672,
        "ndcg_at_3": 0.02317,
        "ndcg_at_5": 0.02461,
        "ndcg_at_10": 0.02639,
        "ndcg_at_20": 0.02919,
        "ndcg_at_100": 0.04193,
        "ndcg_at_1000": 0.09226,
        "map_at_1": 0.01672,
        "map_at_3": 0.02155,
        "map_at_5": 0.02239,
        "map_at_10": 0.02311,
        "map_at_20": 0.02386,
        "map_at_100": 0.02544,
        "map_at_1000": 0.02662,
        "recall_at_1": 0.01672,
        "recall_at_3": 0.02787,
        "recall_at_5": 0.03122,
        "recall_at_10": 0.03679,
        "recall_at_20": 0.04794,
        "recall_at_100": 0.11929,
        "recall_at_1000": 0.55964,
        "precision_at_1": 0.01672,
        "precision_at_3": 0.00929,
        "precision_at_5": 0.00624,
        "precision_at_10": 0.00368,
        "precision_at_20": 0.0024,
        "precision_at_100": 0.00119,
        "precision_at_1000": 0.00056,
        "mrr_at_1": 0.016722,
        "mrr_at_3": 0.021553,
        "mrr_at_5": 0.022389,
        "mrr_at_10": 0.023109,
        "mrr_at_20": 0.023865,
        "mrr_at_100": 0.025444,
        "mrr_at_1000": 0.026616,
        "nauc_ndcg_at_1_max": 0.037083,
        "nauc_ndcg_at_1_std": 0.169179,
        "nauc_ndcg_at_1_diff1": 0.132369,
        "nauc_ndcg_at_3_max": 0.070687,
        "nauc_ndcg_at_3_std": 0.13577,
        "nauc_ndcg_at_3_diff1": 0.146372,
        "nauc_ndcg_at_5_max": 0.094292,
        "nauc_ndcg_at_5_std": 0.134735,
        "nauc_ndcg_at_5_diff1": 0.132994,
        "nauc_ndcg_at_10_max": 0.062519,
        "nauc_ndcg_at_10_std": 0.147809,
        "nauc_ndcg_at_10_diff1": 0.117948,
        "nauc_ndcg_at_20_max": 0.065968,
        "nauc_ndcg_at_20_std": 0.163592,
        "nauc_ndcg_at_20_diff1": 0.10181,
        "nauc_ndcg_at_100_max": 0.052443,
        "nauc_ndcg_at_100_std": 0.141783,
        "nauc_ndcg_at_100_diff1": 0.068136,
        "nauc_ndcg_at_1000_max": 0.052456,
        "nauc_ndcg_at_1000_std": 0.093086,
        "nauc_ndcg_at_1000_diff1": 0.052281,
        "nauc_map_at_1_max": 0.037083,
        "nauc_map_at_1_std": 0.169179,
        "nauc_map_at_1_diff1": 0.132369,
        "nauc_map_at_3_max": 0.065893,
        "nauc_map_at_3_std": 0.140169,
        "nauc_map_at_3_diff1": 0.144263,
        "nauc_map_at_5_max": 0.081136,
        "nauc_map_at_5_std": 0.139344,
        "nauc_map_at_5_diff1": 0.135805,
        "nauc_map_at_10_max": 0.066814,
        "nauc_map_at_10_std": 0.145067,
        "nauc_map_at_10_diff1": 0.128281,
        "nauc_map_at_20_max": 0.067947,
        "nauc_map_at_20_std": 0.151251,
        "nauc_map_at_20_diff1": 0.121951,
        "nauc_map_at_100_max": 0.064681,
        "nauc_map_at_100_std": 0.146682,
        "nauc_map_at_100_diff1": 0.114782,
        "nauc_map_at_1000_max": 0.065466,
        "nauc_map_at_1000_std": 0.144103,
        "nauc_map_at_1000_diff1": 0.113821,
        "nauc_recall_at_1_max": 0.037083,
        "nauc_recall_at_1_std": 0.169179,
        "nauc_recall_at_1_diff1": 0.132369,
        "nauc_recall_at_3_max": 0.080906,
        "nauc_recall_at_3_std": 0.126545,
        "nauc_recall_at_3_diff1": 0.150916,
        "nauc_recall_at_5_max": 0.123029,
        "nauc_recall_at_5_std": 0.125638,
        "nauc_recall_at_5_diff1": 0.125936,
        "nauc_recall_at_10_max": 0.047346,
        "nauc_recall_at_10_std": 0.157199,
        "nauc_recall_at_10_diff1": 0.094771,
        "nauc_recall_at_20_max": 0.058753,
        "nauc_recall_at_20_std": 0.190165,
        "nauc_recall_at_20_diff1": 0.063551,
        "nauc_recall_at_100_max": 0.036478,
        "nauc_recall_at_100_std": 0.133727,
        "nauc_recall_at_100_diff1": 0.013961,
        "nauc_recall_at_1000_max": 0.0356,
        "nauc_recall_at_1000_std": 0.024756,
        "nauc_recall_at_1000_diff1": -0.00498,
        "nauc_precision_at_1_max": 0.037083,
        "nauc_precision_at_1_std": 0.169179,
        "nauc_precision_at_1_diff1": 0.132369,
        "nauc_precision_at_3_max": 0.080906,
        "nauc_precision_at_3_std": 0.126545,
        "nauc_precision_at_3_diff1": 0.150916,
        "nauc_precision_at_5_max": 0.123029,
        "nauc_precision_at_5_std": 0.125638,
        "nauc_precision_at_5_diff1": 0.125936,
        "nauc_precision_at_10_max": 0.047346,
        "nauc_precision_at_10_std": 0.157199,
        "nauc_precision_at_10_diff1": 0.094771,
        "nauc_precision_at_20_max": 0.058753,
        "nauc_precision_at_20_std": 0.190165,
        "nauc_precision_at_20_diff1": 0.063551,
        "nauc_precision_at_100_max": 0.036478,
        "nauc_precision_at_100_std": 0.133727,
        "nauc_precision_at_100_diff1": 0.013961,
        "nauc_precision_at_1000_max": 0.0356,
        "nauc_precision_at_1000_std": 0.024756,
        "nauc_precision_at_1000_diff1": -0.00498,
        "nauc_mrr_at_1_max": 0.037083,
        "nauc_mrr_at_1_std": 0.169179,
        "nauc_mrr_at_1_diff1": 0.132369,
        "nauc_mrr_at_3_max": 0.065893,
        "nauc_mrr_at_3_std": 0.140169,
        "nauc_mrr_at_3_diff1": 0.144263,
        "nauc_mrr_at_5_max": 0.081136,
        "nauc_mrr_at_5_std": 0.139344,
        "nauc_mrr_at_5_diff1": 0.135805,
        "nauc_mrr_at_10_max": 0.066814,
        "nauc_mrr_at_10_std": 0.145067,
        "nauc_mrr_at_10_diff1": 0.128281,
        "nauc_mrr_at_20_max": 0.067947,
        "nauc_mrr_at_20_std": 0.151251,
        "nauc_mrr_at_20_diff1": 0.121951,
        "nauc_mrr_at_100_max": 0.064681,
        "nauc_mrr_at_100_std": 0.146682,
        "nauc_mrr_at_100_diff1": 0.114782,
        "nauc_mrr_at_1000_max": 0.065465,
        "nauc_mrr_at_1000_std": 0.144104,
        "nauc_mrr_at_1000_diff1": 0.113821,
        "main_score": 0.02639,
        "hf_subset": "default",
        "languages": [
          "tur-Latn"
        ]
      }
    ]
  },
  "evaluation_time": 14.873622417449951,
  "kg_co2_emissions": null
}