{
  "dataset_revision": "main",
  "task_name": "SciFactTR",
  "mteb_version": "1.31.3",
  "scores": {
    "test": [
      {
        "ndcg_at_1": 0.46333,
        "ndcg_at_3": 0.55853,
        "ndcg_at_5": 0.57473,
        "ndcg_at_10": 0.59807,
        "ndcg_at_20": 0.61464,
        "ndcg_at_100": 0.64309,
        "ndcg_at_1000": 0.64852,
        "map_at_1": 0.46333,
        "map_at_3": 0.535,
        "map_at_5": 0.54383,
        "map_at_10": 0.55326,
        "map_at_20": 0.55764,
        "map_at_100": 0.56163,
        "map_at_1000": 0.56189,
        "recall_at_1": 0.46333,
        "recall_at_3": 0.62667,
        "recall_at_5": 0.66667,
        "recall_at_10": 0.74,
        "recall_at_20": 0.80667,
        "recall_at_100": 0.96,
        "recall_at_1000": 1.0,
        "precision_at_1": 0.46333,
        "precision_at_3": 0.20889,
        "precision_at_5": 0.13333,
        "precision_at_10": 0.074,
        "precision_at_20": 0.04033,
        "precision_at_100": 0.0096,
        "precision_at_1000": 0.001,
        "mrr_at_1": 0.463333,
        "mrr_at_3": 0.535,
        "mrr_at_5": 0.543833,
        "mrr_at_10": 0.553258,
        "mrr_at_20": 0.557644,
        "mrr_at_100": 0.561631,
        "mrr_at_1000": 0.561886,
        "nauc_ndcg_at_1_max": 0.396224,
        "nauc_ndcg_at_1_std": 0.123542,
        "nauc_ndcg_at_1_diff1": 0.639191,
        "nauc_ndcg_at_3_max": 0.429697,
        "nauc_ndcg_at_3_std": 0.12626,
        "nauc_ndcg_at_3_diff1": 0.604051,
        "nauc_ndcg_at_5_max": 0.42534,
        "nauc_ndcg_at_5_std": 0.121198,
        "nauc_ndcg_at_5_diff1": 0.599283,
        "nauc_ndcg_at_10_max": 0.425717,
        "nauc_ndcg_at_10_std": 0.122104,
        "nauc_ndcg_at_10_diff1": 0.596738,
        "nauc_ndcg_at_20_max": 0.416199,
        "nauc_ndcg_at_20_std": 0.118897,
        "nauc_ndcg_at_20_diff1": 0.589052,
        "nauc_ndcg_at_100_max": 0.420437,
        "nauc_ndcg_at_100_std": 0.131951,
        "nauc_ndcg_at_100_diff1": 0.604577,
        "nauc_ndcg_at_1000_max": 0.417565,
        "nauc_ndcg_at_1000_std": 0.123695,
        "nauc_ndcg_at_1000_diff1": 0.604014,
        "nauc_map_at_1_max": 0.396224,
        "nauc_map_at_1_std": 0.123542,
        "nauc_map_at_1_diff1": 0.639191,
        "nauc_map_at_3_max": 0.420498,
        "nauc_map_at_3_std": 0.12399,
        "nauc_map_at_3_diff1": 0.612635,
        "nauc_map_at_5_max": 0.418026,
        "nauc_map_at_5_std": 0.120879,
        "nauc_map_at_5_diff1": 0.609927,
        "nauc_map_at_10_max": 0.418151,
        "nauc_map_at_10_std": 0.12139,
        "nauc_map_at_10_diff1": 0.609711,
        "nauc_map_at_20_max": 0.415876,
        "nauc_map_at_20_std": 0.12078,
        "nauc_map_at_20_diff1": 0.607763,
        "nauc_map_at_100_max": 0.41592,
        "nauc_map_at_100_std": 0.122224,
        "nauc_map_at_100_diff1": 0.609838,
        "nauc_map_at_1000_max": 0.415795,
        "nauc_map_at_1000_std": 0.121881,
        "nauc_map_at_1000_diff1": 0.609832,
        "nauc_recall_at_1_max": 0.396224,
        "nauc_recall_at_1_std": 0.123542,
        "nauc_recall_at_1_diff1": 0.639191,
        "nauc_recall_at_3_max": 0.459334,
        "nauc_recall_at_3_std": 0.134227,
        "nauc_recall_at_3_diff1": 0.576857,
        "nauc_recall_at_5_max": 0.449748,
        "nauc_recall_at_5_std": 0.122752,
        "nauc_recall_at_5_diff1": 0.562976,
        "nauc_recall_at_10_max": 0.455591,
        "nauc_recall_at_10_std": 0.125569,
        "nauc_recall_at_10_diff1": 0.541063,
        "nauc_recall_at_20_max": 0.401672,
        "nauc_recall_at_20_std": 0.103586,
        "nauc_recall_at_20_diff1": 0.48012,
        "nauc_recall_at_100_max": 0.552132,
        "nauc_recall_at_100_std": 0.515134,
        "nauc_recall_at_100_diff1": 0.63422,
        "nauc_recall_at_1000_max": NaN,
        "nauc_recall_at_1000_std": NaN,
        "nauc_recall_at_1000_diff1": NaN,
        "nauc_precision_at_1_max": 0.396224,
        "nauc_precision_at_1_std": 0.123542,
        "nauc_precision_at_1_diff1": 0.639191,
        "nauc_precision_at_3_max": 0.459334,
        "nauc_precision_at_3_std": 0.134227,
        "nauc_precision_at_3_diff1": 0.576857,
        "nauc_precision_at_5_max": 0.449748,
        "nauc_precision_at_5_std": 0.122752,
        "nauc_precision_at_5_diff1": 0.562976,
        "nauc_precision_at_10_max": 0.455591,
        "nauc_precision_at_10_std": 0.125569,
        "nauc_precision_at_10_diff1": 0.541063,
        "nauc_precision_at_20_max": 0.401672,
        "nauc_precision_at_20_std": 0.103586,
        "nauc_precision_at_20_diff1": 0.48012,
        "nauc_precision_at_100_max": 0.552132,
        "nauc_precision_at_100_std": 0.515134,
        "nauc_precision_at_100_diff1": 0.63422,
        "nauc_precision_at_1000_max": 1.0,
        "nauc_precision_at_1000_std": 1.0,
        "nauc_precision_at_1000_diff1": 1.0,
        "nauc_mrr_at_1_max": 0.396224,
        "nauc_mrr_at_1_std": 0.123542,
        "nauc_mrr_at_1_diff1": 0.639191,
        "nauc_mrr_at_3_max": 0.420498,
        "nauc_mrr_at_3_std": 0.12399,
        "nauc_mrr_at_3_diff1": 0.612635,
        "nauc_mrr_at_5_max": 0.418026,
        "nauc_mrr_at_5_std": 0.120879,
        "nauc_mrr_at_5_diff1": 0.609927,
        "nauc_mrr_at_10_max": 0.418151,
        "nauc_mrr_at_10_std": 0.12139,
        "nauc_mrr_at_10_diff1": 0.609711,
        "nauc_mrr_at_20_max": 0.415876,
        "nauc_mrr_at_20_std": 0.12078,
        "nauc_mrr_at_20_diff1": 0.607763,
        "nauc_mrr_at_100_max": 0.41592,
        "nauc_mrr_at_100_std": 0.122224,
        "nauc_mrr_at_100_diff1": 0.609838,
        "nauc_mrr_at_1000_max": 0.415795,
        "nauc_mrr_at_1000_std": 0.121881,
        "nauc_mrr_at_1000_diff1": 0.609832,
        "main_score": 0.59807,
        "hf_subset": "default",
        "languages": [
          "tur-Latn"
        ]
      }
    ]
  },
  "evaluation_time": 2.5186591148376465,
  "kg_co2_emissions": null
}