{
  "dataset_revision": "51adfef1c1287aab1d2d91b5bead9bcfb9c68583",
  "task_name": "XQuADRetrieval",
  "mteb_version": "1.31.3",
  "scores": {
    "validation": [
      {
        "ndcg_at_1": 0.71706,
        "ndcg_at_3": 0.80223,
        "ndcg_at_5": 0.82208,
        "ndcg_at_10": 0.8317,
        "ndcg_at_20": 0.83928,
        "ndcg_at_100": 0.84452,
        "ndcg_at_1000": 0.84524,
        "map_at_1": 0.71706,
        "map_at_3": 0.78195,
        "map_at_5": 0.79319,
        "map_at_10": 0.79719,
        "map_at_20": 0.79932,
        "map_at_100": 0.80007,
        "map_at_1000": 0.80011,
        "recall_at_1": 0.71706,
        "recall_at_3": 0.86064,
        "recall_at_5": 0.90794,
        "recall_at_10": 0.9375,
        "recall_at_20": 0.96706,
        "recall_at_100": 0.99493,
        "recall_at_1000": 1.0,
        "precision_at_1": 0.71706,
        "precision_at_3": 0.28688,
        "precision_at_5": 0.18159,
        "precision_at_10": 0.09375,
        "precision_at_20": 0.04835,
        "precision_at_100": 0.00995,
        "precision_at_1000": 0.001,
        "mrr_at_1": 0.717061,
        "mrr_at_3": 0.781954,
        "mrr_at_5": 0.793187,
        "mrr_at_10": 0.797188,
        "mrr_at_20": 0.799322,
        "mrr_at_100": 0.800069,
        "mrr_at_1000": 0.800107,
        "nauc_ndcg_at_1_max": 0.628923,
        "nauc_ndcg_at_1_std": 0.329002,
        "nauc_ndcg_at_1_diff1": 0.757323,
        "nauc_ndcg_at_3_max": 0.667658,
        "nauc_ndcg_at_3_std": 0.391434,
        "nauc_ndcg_at_3_diff1": 0.721073,
        "nauc_ndcg_at_5_max": 0.678583,
        "nauc_ndcg_at_5_std": 0.404782,
        "nauc_ndcg_at_5_diff1": 0.731726,
        "nauc_ndcg_at_10_max": 0.678053,
        "nauc_ndcg_at_10_std": 0.404483,
        "nauc_ndcg_at_10_diff1": 0.733469,
        "nauc_ndcg_at_20_max": 0.67239,
        "nauc_ndcg_at_20_std": 0.401368,
        "nauc_ndcg_at_20_diff1": 0.736991,
        "nauc_ndcg_at_100_max": 0.66575,
        "nauc_ndcg_at_100_std": 0.389487,
        "nauc_ndcg_at_100_diff1": 0.73631,
        "nauc_ndcg_at_1000_max": 0.664263,
        "nauc_ndcg_at_1000_std": 0.38698,
        "nauc_ndcg_at_1000_diff1": 0.736575,
        "nauc_map_at_1_max": 0.628923,
        "nauc_map_at_1_std": 0.329002,
        "nauc_map_at_1_diff1": 0.757323,
        "nauc_map_at_3_max": 0.656465,
        "nauc_map_at_3_std": 0.37481,
        "nauc_map_at_3_diff1": 0.731455,
        "nauc_map_at_5_max": 0.661292,
        "nauc_map_at_5_std": 0.380671,
        "nauc_map_at_5_diff1": 0.737067,
        "nauc_map_at_10_max": 0.660758,
        "nauc_map_at_10_std": 0.38011,
        "nauc_map_at_10_diff1": 0.737937,
        "nauc_map_at_20_max": 0.65916,
        "nauc_map_at_20_std": 0.379067,
        "nauc_map_at_20_diff1": 0.738661,
        "nauc_map_at_100_max": 0.658358,
        "nauc_map_at_100_std": 0.377639,
        "nauc_map_at_100_diff1": 0.738539,
        "nauc_map_at_1000_max": 0.658296,
        "nauc_map_at_1000_std": 0.377534,
        "nauc_map_at_1000_diff1": 0.738549,
        "nauc_recall_at_1_max": 0.628923,
        "nauc_recall_at_1_std": 0.329002,
        "nauc_recall_at_1_diff1": 0.757323,
        "nauc_recall_at_3_max": 0.714637,
        "nauc_recall_at_3_std": 0.460302,
        "nauc_recall_at_3_diff1": 0.677557,
        "nauc_recall_at_5_max": 0.781914,
        "nauc_recall_at_5_std": 0.546743,
        "nauc_recall_at_5_diff1": 0.704258,
        "nauc_recall_at_10_max": 0.826326,
        "nauc_recall_at_10_std": 0.610621,
        "nauc_recall_at_10_diff1": 0.702161,
        "nauc_recall_at_20_max": 0.866019,
        "nauc_recall_at_20_std": 0.744135,
        "nauc_recall_at_20_diff1": 0.739864,
        "nauc_recall_at_100_max": 0.956443,
        "nauc_recall_at_100_std": 0.879409,
        "nauc_recall_at_100_diff1": 0.683415,
        "nauc_recall_at_1000_max": NaN,
        "nauc_recall_at_1000_std": NaN,
        "nauc_recall_at_1000_diff1": NaN,
        "nauc_precision_at_1_max": 0.628923,
        "nauc_precision_at_1_std": 0.329002,
        "nauc_precision_at_1_diff1": 0.757323,
        "nauc_precision_at_3_max": 0.714637,
        "nauc_precision_at_3_std": 0.460302,
        "nauc_precision_at_3_diff1": 0.677557,
        "nauc_precision_at_5_max": 0.781914,
        "nauc_precision_at_5_std": 0.546743,
        "nauc_precision_at_5_diff1": 0.704258,
        "nauc_precision_at_10_max": 0.826326,
        "nauc_precision_at_10_std": 0.610621,
        "nauc_precision_at_10_diff1": 0.702161,
        "nauc_precision_at_20_max": 0.866019,
        "nauc_precision_at_20_std": 0.744135,
        "nauc_precision_at_20_diff1": 0.739864,
        "nauc_precision_at_100_max": 0.956443,
        "nauc_precision_at_100_std": 0.879409,
        "nauc_precision_at_100_diff1": 0.683415,
        "nauc_precision_at_1000_max": 1.0,
        "nauc_precision_at_1000_std": 1.0,
        "nauc_precision_at_1000_diff1": 1.0,
        "nauc_mrr_at_1_max": 0.628923,
        "nauc_mrr_at_1_std": 0.329002,
        "nauc_mrr_at_1_diff1": 0.757323,
        "nauc_mrr_at_3_max": 0.656465,
        "nauc_mrr_at_3_std": 0.37481,
        "nauc_mrr_at_3_diff1": 0.731455,
        "nauc_mrr_at_5_max": 0.661292,
        "nauc_mrr_at_5_std": 0.380671,
        "nauc_mrr_at_5_diff1": 0.737067,
        "nauc_mrr_at_10_max": 0.660758,
        "nauc_mrr_at_10_std": 0.38011,
        "nauc_mrr_at_10_diff1": 0.737937,
        "nauc_mrr_at_20_max": 0.65916,
        "nauc_mrr_at_20_std": 0.379067,
        "nauc_mrr_at_20_diff1": 0.738661,
        "nauc_mrr_at_100_max": 0.658358,
        "nauc_mrr_at_100_std": 0.377639,
        "nauc_mrr_at_100_diff1": 0.738539,
        "nauc_mrr_at_1000_max": 0.658296,
        "nauc_mrr_at_1000_std": 0.377534,
        "nauc_mrr_at_1000_diff1": 0.738549,
        "main_score": 0.8317,
        "hf_subset": "tr",
        "languages": [
          "tur-Latn"
        ]
      }
    ]
  },
  "evaluation_time": 2.5678412914276123,
  "kg_co2_emissions": null
}