{
  "dataset_revision": "main",
  "task_name": "ArguAnaTR",
  "mteb_version": "1.31.3",
  "scores": {
    "test": [
      {
        "ndcg_at_1": 0.18208,
        "ndcg_at_3": 0.28482,
        "ndcg_at_5": 0.32938,
        "ndcg_at_10": 0.38888,
        "ndcg_at_20": 0.42576,
        "ndcg_at_100": 0.45304,
        "ndcg_at_1000": 0.45977,
        "map_at_1": 0.18208,
        "map_at_3": 0.25853,
        "map_at_5": 0.28311,
        "map_at_10": 0.30762,
        "map_at_20": 0.31785,
        "map_at_100": 0.32191,
        "map_at_1000": 0.32219,
        "recall_at_1": 0.18208,
        "recall_at_3": 0.36131,
        "recall_at_5": 0.47013,
        "recall_at_10": 0.65434,
        "recall_at_20": 0.79943,
        "recall_at_100": 0.94239,
        "recall_at_1000": 0.99431,
        "precision_at_1": 0.18208,
        "precision_at_3": 0.12044,
        "precision_at_5": 0.09403,
        "precision_at_10": 0.06543,
        "precision_at_20": 0.03997,
        "precision_at_100": 0.00942,
        "precision_at_1000": 0.00099,
        "mrr_at_1": 0.183499,
        "mrr_at_3": 0.259009,
        "mrr_at_5": 0.283618,
        "mrr_at_10": 0.308256,
        "mrr_at_20": 0.318483,
        "mrr_at_100": 0.322545,
        "mrr_at_1000": 0.322821,
        "nauc_ndcg_at_1_max": -0.025895,
        "nauc_ndcg_at_1_std": -0.077635,
        "nauc_ndcg_at_1_diff1": 0.139379,
        "nauc_ndcg_at_3_max": -0.008822,
        "nauc_ndcg_at_3_std": -0.090936,
        "nauc_ndcg_at_3_diff1": 0.094306,
        "nauc_ndcg_at_5_max": 0.002494,
        "nauc_ndcg_at_5_std": -0.076544,
        "nauc_ndcg_at_5_diff1": 0.093753,
        "nauc_ndcg_at_10_max": 0.026561,
        "nauc_ndcg_at_10_std": -0.077042,
        "nauc_ndcg_at_10_diff1": 0.110315,
        "nauc_ndcg_at_20_max": 0.037529,
        "nauc_ndcg_at_20_std": -0.054193,
        "nauc_ndcg_at_20_diff1": 0.106479,
        "nauc_ndcg_at_100_max": 0.026622,
        "nauc_ndcg_at_100_std": -0.053365,
        "nauc_ndcg_at_100_diff1": 0.102726,
        "nauc_ndcg_at_1000_max": 0.0174,
        "nauc_ndcg_at_1000_std": -0.06313,
        "nauc_ndcg_at_1000_diff1": 0.104529,
        "nauc_map_at_1_max": -0.025895,
        "nauc_map_at_1_std": -0.077635,
        "nauc_map_at_1_diff1": 0.139379,
        "nauc_map_at_3_max": -0.011663,
        "nauc_map_at_3_std": -0.085571,
        "nauc_map_at_3_diff1": 0.102479,
        "nauc_map_at_5_max": -0.005836,
        "nauc_map_at_5_std": -0.077465,
        "nauc_map_at_5_diff1": 0.101427,
        "nauc_map_at_10_max": 0.003907,
        "nauc_map_at_10_std": -0.078208,
        "nauc_map_at_10_diff1": 0.108897,
        "nauc_map_at_20_max": 0.006275,
        "nauc_map_at_20_std": -0.071885,
        "nauc_map_at_20_diff1": 0.107665,
        "nauc_map_at_100_max": 0.004473,
        "nauc_map_at_100_std": -0.072267,
        "nauc_map_at_100_diff1": 0.107155,
        "nauc_map_at_1000_max": 0.004171,
        "nauc_map_at_1000_std": -0.07254,
        "nauc_map_at_1000_diff1": 0.107207,
        "nauc_recall_at_1_max": -0.025895,
        "nauc_recall_at_1_std": -0.077635,
        "nauc_recall_at_1_diff1": 0.139379,
        "nauc_recall_at_3_max": -0.001976,
        "nauc_recall_at_3_std": -0.10529,
        "nauc_recall_at_3_diff1": 0.0743,
        "nauc_recall_at_5_max": 0.025431,
        "nauc_recall_at_5_std": -0.073062,
        "nauc_recall_at_5_diff1": 0.075637,
        "nauc_recall_at_10_max": 0.108668,
        "nauc_recall_at_10_std": -0.071007,
        "nauc_recall_at_10_diff1": 0.122608,
        "nauc_recall_at_20_max": 0.213883,
        "nauc_recall_at_20_std": 0.05857,
        "nauc_recall_at_20_diff1": 0.109428,
        "nauc_recall_at_100_max": 0.364379,
        "nauc_recall_at_100_std": 0.349674,
        "nauc_recall_at_100_diff1": 0.036238,
        "nauc_recall_at_1000_max": 0.323618,
        "nauc_recall_at_1000_std": 0.58572,
        "nauc_recall_at_1000_diff1": 0.056462,
        "nauc_precision_at_1_max": -0.025895,
        "nauc_precision_at_1_std": -0.077635,
        "nauc_precision_at_1_diff1": 0.139379,
        "nauc_precision_at_3_max": -0.001976,
        "nauc_precision_at_3_std": -0.10529,
        "nauc_precision_at_3_diff1": 0.0743,
        "nauc_precision_at_5_max": 0.025431,
        "nauc_precision_at_5_std": -0.073062,
        "nauc_precision_at_5_diff1": 0.075637,
        "nauc_precision_at_10_max": 0.108668,
        "nauc_precision_at_10_std": -0.071007,
        "nauc_precision_at_10_diff1": 0.122608,
        "nauc_precision_at_20_max": 0.213883,
        "nauc_precision_at_20_std": 0.05857,
        "nauc_precision_at_20_diff1": 0.109428,
        "nauc_precision_at_100_max": 0.364379,
        "nauc_precision_at_100_std": 0.349674,
        "nauc_precision_at_100_diff1": 0.036238,
        "nauc_precision_at_1000_max": 0.323618,
        "nauc_precision_at_1000_std": 0.58572,
        "nauc_precision_at_1000_diff1": 0.056462,
        "nauc_mrr_at_1_max": -0.019673,
        "nauc_mrr_at_1_std": -0.077036,
        "nauc_mrr_at_1_diff1": 0.13327,
        "nauc_mrr_at_3_max": -0.013722,
        "nauc_mrr_at_3_std": -0.084705,
        "nauc_mrr_at_3_diff1": 0.095785,
        "nauc_mrr_at_5_max": -0.006656,
        "nauc_mrr_at_5_std": -0.078217,
        "nauc_mrr_at_5_diff1": 0.096175,
        "nauc_mrr_at_10_max": 0.003632,
        "nauc_mrr_at_10_std": -0.0783,
        "nauc_mrr_at_10_diff1": 0.104028,
        "nauc_mrr_at_20_max": 0.005881,
        "nauc_mrr_at_20_std": -0.071988,
        "nauc_mrr_at_20_diff1": 0.102574,
        "nauc_mrr_at_100_max": 0.004071,
        "nauc_mrr_at_100_std": -0.07237,
        "nauc_mrr_at_100_diff1": 0.101995,
        "nauc_mrr_at_1000_max": 0.003769,
        "nauc_mrr_at_1000_std": -0.072643,
        "nauc_mrr_at_1000_diff1": 0.102042,
        "main_score": 0.38888,
        "hf_subset": "default",
        "languages": [
          "tur-Latn"
        ]
      }
    ]
  },
  "evaluation_time": 76.48138856887817,
  "kg_co2_emissions": null
}