{
  "dataset_revision": "main",
  "task_name": "CQADupstackGamingRetrievalTR",
  "mteb_version": "1.31.3",
  "scores": {
    "test": [
      {
        "ndcg_at_1": 0.40621,
        "ndcg_at_3": 0.4939,
        "ndcg_at_5": 0.52091,
        "ndcg_at_10": 0.54034,
        "ndcg_at_20": 0.55569,
        "ndcg_at_100": 0.57947,
        "ndcg_at_1000": 0.59359,
        "map_at_1": 0.40621,
        "map_at_3": 0.47222,
        "map_at_5": 0.48724,
        "map_at_10": 0.49527,
        "map_at_20": 0.49948,
        "map_at_100": 0.50287,
        "map_at_1000": 0.50335,
        "recall_at_1": 0.40621,
        "recall_at_3": 0.55668,
        "recall_at_5": 0.62213,
        "recall_at_10": 0.68219,
        "recall_at_20": 0.74291,
        "recall_at_100": 0.86977,
        "recall_at_1000": 0.98381,
        "precision_at_1": 0.40621,
        "precision_at_3": 0.18556,
        "precision_at_5": 0.12443,
        "precision_at_10": 0.06822,
        "precision_at_20": 0.03715,
        "precision_at_100": 0.0087,
        "precision_at_1000": 0.00098,
        "mrr_at_1": 0.406208,
        "mrr_at_3": 0.472222,
        "mrr_at_5": 0.487236,
        "mrr_at_10": 0.495268,
        "mrr_at_20": 0.499482,
        "mrr_at_100": 0.502868,
        "mrr_at_1000": 0.503348,
        "nauc_ndcg_at_1_max": 0.431243,
        "nauc_ndcg_at_1_std": -0.096134,
        "nauc_ndcg_at_1_diff1": 0.663416,
        "nauc_ndcg_at_3_max": 0.426617,
        "nauc_ndcg_at_3_std": -0.078314,
        "nauc_ndcg_at_3_diff1": 0.603969,
        "nauc_ndcg_at_5_max": 0.422649,
        "nauc_ndcg_at_5_std": -0.081043,
        "nauc_ndcg_at_5_diff1": 0.589656,
        "nauc_ndcg_at_10_max": 0.427008,
        "nauc_ndcg_at_10_std": -0.073194,
        "nauc_ndcg_at_10_diff1": 0.5851,
        "nauc_ndcg_at_20_max": 0.428765,
        "nauc_ndcg_at_20_std": -0.060732,
        "nauc_ndcg_at_20_diff1": 0.582779,
        "nauc_ndcg_at_100_max": 0.434538,
        "nauc_ndcg_at_100_std": -0.053552,
        "nauc_ndcg_at_100_diff1": 0.58997,
        "nauc_ndcg_at_1000_max": 0.432468,
        "nauc_ndcg_at_1000_std": -0.062203,
        "nauc_ndcg_at_1000_diff1": 0.595041,
        "nauc_map_at_1_max": 0.431243,
        "nauc_map_at_1_std": -0.096134,
        "nauc_map_at_1_diff1": 0.663416,
        "nauc_map_at_3_max": 0.430258,
        "nauc_map_at_3_std": -0.081155,
        "nauc_map_at_3_diff1": 0.619026,
        "nauc_map_at_5_max": 0.428085,
        "nauc_map_at_5_std": -0.082986,
        "nauc_map_at_5_diff1": 0.611345,
        "nauc_map_at_10_max": 0.429947,
        "nauc_map_at_10_std": -0.079739,
        "nauc_map_at_10_diff1": 0.61,
        "nauc_map_at_20_max": 0.430338,
        "nauc_map_at_20_std": -0.076762,
        "nauc_map_at_20_diff1": 0.609492,
        "nauc_map_at_100_max": 0.431003,
        "nauc_map_at_100_std": -0.075672,
        "nauc_map_at_100_diff1": 0.610248,
        "nauc_map_at_1000_max": 0.431016,
        "nauc_map_at_1000_std": -0.075838,
        "nauc_map_at_1000_diff1": 0.610435,
        "nauc_recall_at_1_max": 0.431243,
        "nauc_recall_at_1_std": -0.096134,
        "nauc_recall_at_1_diff1": 0.663416,
        "nauc_recall_at_3_max": 0.414412,
        "nauc_recall_at_3_std": -0.070343,
        "nauc_recall_at_3_diff1": 0.557899,
        "nauc_recall_at_5_max": 0.403154,
        "nauc_recall_at_5_std": -0.07546,
        "nauc_recall_at_5_diff1": 0.516523,
        "nauc_recall_at_10_max": 0.416323,
        "nauc_recall_at_10_std": -0.046949,
        "nauc_recall_at_10_diff1": 0.489493,
        "nauc_recall_at_20_max": 0.424756,
        "nauc_recall_at_20_std": 0.026901,
        "nauc_recall_at_20_diff1": 0.461111,
        "nauc_recall_at_100_max": 0.495588,
        "nauc_recall_at_100_std": 0.173765,
        "nauc_recall_at_100_diff1": 0.466392,
        "nauc_recall_at_1000_max": 0.538592,
        "nauc_recall_at_1000_std": 0.392264,
        "nauc_recall_at_1000_diff1": 0.32105,
        "nauc_precision_at_1_max": 0.431243,
        "nauc_precision_at_1_std": -0.096134,
        "nauc_precision_at_1_diff1": 0.663416,
        "nauc_precision_at_3_max": 0.414412,
        "nauc_precision_at_3_std": -0.070343,
        "nauc_precision_at_3_diff1": 0.557899,
        "nauc_precision_at_5_max": 0.403154,
        "nauc_precision_at_5_std": -0.07546,
        "nauc_precision_at_5_diff1": 0.516523,
        "nauc_precision_at_10_max": 0.416323,
        "nauc_precision_at_10_std": -0.046949,
        "nauc_precision_at_10_diff1": 0.489493,
        "nauc_precision_at_20_max": 0.424756,
        "nauc_precision_at_20_std": 0.026901,
        "nauc_precision_at_20_diff1": 0.461111,
        "nauc_precision_at_100_max": 0.495588,
        "nauc_precision_at_100_std": 0.173765,
        "nauc_precision_at_100_diff1": 0.466392,
        "nauc_precision_at_1000_max": 0.538592,
        "nauc_precision_at_1000_std": 0.392264,
        "nauc_precision_at_1000_diff1": 0.32105,
        "nauc_mrr_at_1_max": 0.431243,
        "nauc_mrr_at_1_std": -0.096134,
        "nauc_mrr_at_1_diff1": 0.663416,
        "nauc_mrr_at_3_max": 0.430258,
        "nauc_mrr_at_3_std": -0.081155,
        "nauc_mrr_at_3_diff1": 0.619026,
        "nauc_mrr_at_5_max": 0.428085,
        "nauc_mrr_at_5_std": -0.082986,
        "nauc_mrr_at_5_diff1": 0.611345,
        "nauc_mrr_at_10_max": 0.429947,
        "nauc_mrr_at_10_std": -0.079739,
        "nauc_mrr_at_10_diff1": 0.61,
        "nauc_mrr_at_20_max": 0.430338,
        "nauc_mrr_at_20_std": -0.076762,
        "nauc_mrr_at_20_diff1": 0.609492,
        "nauc_mrr_at_100_max": 0.431003,
        "nauc_mrr_at_100_std": -0.075672,
        "nauc_mrr_at_100_diff1": 0.610248,
        "nauc_mrr_at_1000_max": 0.431016,
        "nauc_mrr_at_1000_std": -0.075838,
        "nauc_mrr_at_1000_diff1": 0.610435,
        "main_score": 0.54034,
        "hf_subset": "default",
        "languages": [
          "tur-Latn"
        ]
      }
    ]
  },
  "evaluation_time": 10.732512474060059,
  "kg_co2_emissions": null
}