{
  "dataset_revision": "main",
  "task_name": "FiQA2018TR",
  "mteb_version": "1.31.3",
  "scores": {
    "test": [
      {
        "ndcg_at_1": 0.24074,
        "ndcg_at_3": 0.33144,
        "ndcg_at_5": 0.36284,
        "ndcg_at_10": 0.39016,
        "ndcg_at_20": 0.41285,
        "ndcg_at_100": 0.44091,
        "ndcg_at_1000": 0.46383,
        "map_at_1": 0.24074,
        "map_at_3": 0.30941,
        "map_at_5": 0.32662,
        "map_at_10": 0.33811,
        "map_at_20": 0.34436,
        "map_at_100": 0.3479,
        "map_at_1000": 0.3487,
        "recall_at_1": 0.24074,
        "recall_at_3": 0.39506,
        "recall_at_5": 0.47222,
        "recall_at_10": 0.55556,
        "recall_at_20": 0.64506,
        "recall_at_100": 0.80093,
        "recall_at_1000": 0.98457,
        "precision_at_1": 0.24074,
        "precision_at_3": 0.13169,
        "precision_at_5": 0.09444,
        "precision_at_10": 0.05556,
        "precision_at_20": 0.03225,
        "precision_at_100": 0.00801,
        "precision_at_1000": 0.00098,
        "mrr_at_1": 0.240741,
        "mrr_at_3": 0.309414,
        "mrr_at_5": 0.32662,
        "mrr_at_10": 0.338105,
        "mrr_at_20": 0.344358,
        "mrr_at_100": 0.347903,
        "mrr_at_1000": 0.348703,
        "nauc_ndcg_at_1_max": 0.161552,
        "nauc_ndcg_at_1_std": -0.121571,
        "nauc_ndcg_at_1_diff1": 0.458124,
        "nauc_ndcg_at_3_max": 0.181354,
        "nauc_ndcg_at_3_std": -0.102903,
        "nauc_ndcg_at_3_diff1": 0.405391,
        "nauc_ndcg_at_5_max": 0.213034,
        "nauc_ndcg_at_5_std": -0.089863,
        "nauc_ndcg_at_5_diff1": 0.401074,
        "nauc_ndcg_at_10_max": 0.218031,
        "nauc_ndcg_at_10_std": -0.092315,
        "nauc_ndcg_at_10_diff1": 0.393385,
        "nauc_ndcg_at_20_max": 0.206825,
        "nauc_ndcg_at_20_std": -0.098097,
        "nauc_ndcg_at_20_diff1": 0.388034,
        "nauc_ndcg_at_100_max": 0.216967,
        "nauc_ndcg_at_100_std": -0.078545,
        "nauc_ndcg_at_100_diff1": 0.390345,
        "nauc_ndcg_at_1000_max": 0.207907,
        "nauc_ndcg_at_1000_std": -0.087084,
        "nauc_ndcg_at_1000_diff1": 0.397595,
        "nauc_map_at_1_max": 0.161552,
        "nauc_map_at_1_std": -0.121571,
        "nauc_map_at_1_diff1": 0.458124,
        "nauc_map_at_3_max": 0.178154,
        "nauc_map_at_3_std": -0.105356,
        "nauc_map_at_3_diff1": 0.417267,
        "nauc_map_at_5_max": 0.19586,
        "nauc_map_at_5_std": -0.098379,
        "nauc_map_at_5_diff1": 0.41496,
        "nauc_map_at_10_max": 0.197571,
        "nauc_map_at_10_std": -0.099337,
        "nauc_map_at_10_diff1": 0.411681,
        "nauc_map_at_20_max": 0.194521,
        "nauc_map_at_20_std": -0.101145,
        "nauc_map_at_20_diff1": 0.410406,
        "nauc_map_at_100_max": 0.19578,
        "nauc_map_at_100_std": -0.098532,
        "nauc_map_at_100_diff1": 0.410608,
        "nauc_map_at_1000_max": 0.195558,
        "nauc_map_at_1000_std": -0.098705,
        "nauc_map_at_1000_diff1": 0.410912,
        "nauc_recall_at_1_max": 0.161552,
        "nauc_recall_at_1_std": -0.121571,
        "nauc_recall_at_1_diff1": 0.458124,
        "nauc_recall_at_3_max": 0.189443,
        "nauc_recall_at_3_std": -0.097003,
        "nauc_recall_at_3_diff1": 0.373584,
        "nauc_recall_at_5_max": 0.263902,
        "nauc_recall_at_5_std": -0.065098,
        "nauc_recall_at_5_diff1": 0.362557,
        "nauc_recall_at_10_max": 0.283997,
        "nauc_recall_at_10_std": -0.071626,
        "nauc_recall_at_10_diff1": 0.337045,
        "nauc_recall_at_20_max": 0.24294,
        "nauc_recall_at_20_std": -0.092495,
        "nauc_recall_at_20_diff1": 0.305468,
        "nauc_recall_at_100_max": 0.349627,
        "nauc_recall_at_100_std": 0.077935,
        "nauc_recall_at_100_diff1": 0.286526,
        "nauc_recall_at_1000_max": 0.359893,
        "nauc_recall_at_1000_std": 0.425935,
        "nauc_recall_at_1000_diff1": 0.159071,
        "nauc_precision_at_1_max": 0.161552,
        "nauc_precision_at_1_std": -0.121571,
        "nauc_precision_at_1_diff1": 0.458124,
        "nauc_precision_at_3_max": 0.189443,
        "nauc_precision_at_3_std": -0.097003,
        "nauc_precision_at_3_diff1": 0.373584,
        "nauc_precision_at_5_max": 0.263902,
        "nauc_precision_at_5_std": -0.065098,
        "nauc_precision_at_5_diff1": 0.362557,
        "nauc_precision_at_10_max": 0.283997,
        "nauc_precision_at_10_std": -0.071626,
        "nauc_precision_at_10_diff1": 0.337045,
        "nauc_precision_at_20_max": 0.24294,
        "nauc_precision_at_20_std": -0.092495,
        "nauc_precision_at_20_diff1": 0.305468,
        "nauc_precision_at_100_max": 0.349627,
        "nauc_precision_at_100_std": 0.077935,
        "nauc_precision_at_100_diff1": 0.286526,
        "nauc_precision_at_1000_max": 0.359893,
        "nauc_precision_at_1000_std": 0.425935,
        "nauc_precision_at_1000_diff1": 0.159071,
        "nauc_mrr_at_1_max": 0.161552,
        "nauc_mrr_at_1_std": -0.121571,
        "nauc_mrr_at_1_diff1": 0.458124,
        "nauc_mrr_at_3_max": 0.178154,
        "nauc_mrr_at_3_std": -0.105356,
        "nauc_mrr_at_3_diff1": 0.417267,
        "nauc_mrr_at_5_max": 0.19586,
        "nauc_mrr_at_5_std": -0.098379,
        "nauc_mrr_at_5_diff1": 0.41496,
        "nauc_mrr_at_10_max": 0.197571,
        "nauc_mrr_at_10_std": -0.099337,
        "nauc_mrr_at_10_diff1": 0.411681,
        "nauc_mrr_at_20_max": 0.194521,
        "nauc_mrr_at_20_std": -0.101145,
        "nauc_mrr_at_20_diff1": 0.410406,
        "nauc_mrr_at_100_max": 0.19578,
        "nauc_mrr_at_100_std": -0.098532,
        "nauc_mrr_at_100_diff1": 0.410608,
        "nauc_mrr_at_1000_max": 0.195558,
        "nauc_mrr_at_1000_std": -0.098705,
        "nauc_mrr_at_1000_diff1": 0.410912,
        "main_score": 0.39016,
        "hf_subset": "default",
        "languages": [
          "tur-Latn"
        ]
      }
    ]
  },
  "evaluation_time": 13.402888298034668,
  "kg_co2_emissions": null
}