{
  "dataset_revision": "main",
  "task_name": "QuoraRetrievalTR",
  "mteb_version": "1.31.3",
  "scores": {
    "test": [
      {
        "ndcg_at_1": 0.89462,
        "ndcg_at_3": 0.94012,
        "ndcg_at_5": 0.94402,
        "ndcg_at_10": 0.94649,
        "ndcg_at_20": 0.94801,
        "ndcg_at_100": 0.94875,
        "ndcg_at_1000": 0.94919,
        "map_at_1": 0.89462,
        "map_at_3": 0.92975,
        "map_at_5": 0.93194,
        "map_at_10": 0.93295,
        "map_at_20": 0.93337,
        "map_at_100": 0.93348,
        "map_at_1000": 0.9335,
        "recall_at_1": 0.89462,
        "recall_at_3": 0.96981,
        "recall_at_5": 0.97914,
        "recall_at_10": 0.98683,
        "recall_at_20": 0.99286,
        "recall_at_100": 0.99671,
        "recall_at_1000": 1.0,
        "precision_at_1": 0.89462,
        "precision_at_3": 0.32327,
        "precision_at_5": 0.19583,
        "precision_at_10": 0.09868,
        "precision_at_20": 0.04964,
        "precision_at_100": 0.00997,
        "precision_at_1000": 0.001,
        "mrr_at_1": 0.893524,
        "mrr_at_3": 0.929199,
        "mrr_at_5": 0.931394,
        "mrr_at_10": 0.932402,
        "mrr_at_20": 0.932822,
        "mrr_at_100": 0.932931,
        "mrr_at_1000": 0.932952,
        "nauc_ndcg_at_1_max": 0.428202,
        "nauc_ndcg_at_1_std": -0.419061,
        "nauc_ndcg_at_1_diff1": 0.875125,
        "nauc_ndcg_at_3_max": 0.483432,
        "nauc_ndcg_at_3_std": -0.435436,
        "nauc_ndcg_at_3_diff1": 0.878137,
        "nauc_ndcg_at_5_max": 0.476367,
        "nauc_ndcg_at_5_std": -0.437837,
        "nauc_ndcg_at_5_diff1": 0.872881,
        "nauc_ndcg_at_10_max": 0.469386,
        "nauc_ndcg_at_10_std": -0.433616,
        "nauc_ndcg_at_10_diff1": 0.871072,
        "nauc_ndcg_at_20_max": 0.468292,
        "nauc_ndcg_at_20_std": -0.414576,
        "nauc_ndcg_at_20_diff1": 0.869388,
        "nauc_ndcg_at_100_max": 0.46066,
        "nauc_ndcg_at_100_std": -0.424884,
        "nauc_ndcg_at_100_diff1": 0.8686,
        "nauc_ndcg_at_1000_max": 0.460811,
        "nauc_ndcg_at_1000_std": -0.427547,
        "nauc_ndcg_at_1000_diff1": 0.872177,
        "nauc_map_at_1_max": 0.428202,
        "nauc_map_at_1_std": -0.419061,
        "nauc_map_at_1_diff1": 0.875125,
        "nauc_map_at_3_max": 0.463488,
        "nauc_map_at_3_std": -0.431776,
        "nauc_map_at_3_diff1": 0.877476,
        "nauc_map_at_5_max": 0.459781,
        "nauc_map_at_5_std": -0.432717,
        "nauc_map_at_5_diff1": 0.875039,
        "nauc_map_at_10_max": 0.456973,
        "nauc_map_at_10_std": -0.432216,
        "nauc_map_at_10_diff1": 0.874493,
        "nauc_map_at_20_max": 0.456647,
        "nauc_map_at_20_std": -0.428042,
        "nauc_map_at_20_diff1": 0.87414,
        "nauc_map_at_100_max": 0.45575,
        "nauc_map_at_100_std": -0.429278,
        "nauc_map_at_100_diff1": 0.87406,
        "nauc_map_at_1000_max": 0.455759,
        "nauc_map_at_1000_std": -0.429364,
        "nauc_map_at_1000_diff1": 0.874198,
        "nauc_recall_at_1_max": 0.428202,
        "nauc_recall_at_1_std": -0.419061,
        "nauc_recall_at_1_diff1": 0.875125,
        "nauc_recall_at_3_max": 0.616695,
        "nauc_recall_at_3_std": -0.457733,
        "nauc_recall_at_3_diff1": 0.882142,
        "nauc_recall_at_5_max": 0.62825,
        "nauc_recall_at_5_std": -0.483791,
        "nauc_recall_at_5_diff1": 0.850054,
        "nauc_recall_at_10_max": 0.636204,
        "nauc_recall_at_10_std": -0.431827,
        "nauc_recall_at_10_diff1": 0.813638,
        "nauc_recall_at_20_max": 0.746434,
        "nauc_recall_at_20_std": 0.110329,
        "nauc_recall_at_20_diff1": 0.717526,
        "nauc_recall_at_100_max": 0.450606,
        "nauc_recall_at_100_std": -0.1177,
        "nauc_recall_at_100_diff1": 0.475109,
        "nauc_recall_at_1000_max": NaN,
        "nauc_recall_at_1000_std": NaN,
        "nauc_recall_at_1000_diff1": NaN,
        "nauc_precision_at_1_max": 0.428202,
        "nauc_precision_at_1_std": -0.419061,
        "nauc_precision_at_1_diff1": 0.875125,
        "nauc_precision_at_3_max": 0.616695,
        "nauc_precision_at_3_std": -0.457733,
        "nauc_precision_at_3_diff1": 0.882142,
        "nauc_precision_at_5_max": 0.62825,
        "nauc_precision_at_5_std": -0.483791,
        "nauc_precision_at_5_diff1": 0.850054,
        "nauc_precision_at_10_max": 0.636204,
        "nauc_precision_at_10_std": -0.431827,
        "nauc_precision_at_10_diff1": 0.813638,
        "nauc_precision_at_20_max": 0.746434,
        "nauc_precision_at_20_std": 0.110329,
        "nauc_precision_at_20_diff1": 0.717526,
        "nauc_precision_at_100_max": 0.450606,
        "nauc_precision_at_100_std": -0.1177,
        "nauc_precision_at_100_diff1": 0.475109,
        "nauc_precision_at_1000_max": 1.0,
        "nauc_precision_at_1000_std": 1.0,
        "nauc_precision_at_1000_diff1": 1.0,
        "nauc_mrr_at_1_max": 0.418984,
        "nauc_mrr_at_1_std": -0.427248,
        "nauc_mrr_at_1_diff1": 0.877611,
        "nauc_mrr_at_3_max": 0.456332,
        "nauc_mrr_at_3_std": -0.437834,
        "nauc_mrr_at_3_diff1": 0.879326,
        "nauc_mrr_at_5_max": 0.45242,
        "nauc_mrr_at_5_std": -0.438963,
        "nauc_mrr_at_5_diff1": 0.876966,
        "nauc_mrr_at_10_max": 0.449521,
        "nauc_mrr_at_10_std": -0.438559,
        "nauc_mrr_at_10_diff1": 0.876452,
        "nauc_mrr_at_20_max": 0.449151,
        "nauc_mrr_at_20_std": -0.434455,
        "nauc_mrr_at_20_diff1": 0.876115,
        "nauc_mrr_at_100_max": 0.448248,
        "nauc_mrr_at_100_std": -0.435693,
        "nauc_mrr_at_100_diff1": 0.876038,
        "nauc_mrr_at_1000_max": 0.448255,
        "nauc_mrr_at_1000_std": -0.43578,
        "nauc_mrr_at_1000_diff1": 0.876175,
        "main_score": 0.94649,
        "hf_subset": "default",
        "languages": [
          "tur-Latn"
        ]
      }
    ]
  },
  "evaluation_time": 5.745314836502075,
  "kg_co2_emissions": null
}