{
  "dataset_revision": "main",
  "task_name": "SCIDOCSTR",
  "mteb_version": "1.31.3",
  "scores": {
    "test": [
      {
        "ndcg_at_1": 0.01338,
        "ndcg_at_3": 0.01927,
        "ndcg_at_5": 0.02436,
        "ndcg_at_10": 0.02883,
        "ndcg_at_20": 0.03254,
        "ndcg_at_100": 0.04057,
        "ndcg_at_1000": 0.09161,
        "map_at_1": 0.01338,
        "map_at_3": 0.01784,
        "map_at_5": 0.02068,
        "map_at_10": 0.02241,
        "map_at_20": 0.02345,
        "map_at_100": 0.0244,
        "map_at_1000": 0.02562,
        "recall_at_1": 0.01338,
        "recall_at_3": 0.02341,
        "recall_at_5": 0.03567,
        "recall_at_10": 0.05017,
        "recall_at_20": 0.06466,
        "recall_at_100": 0.11037,
        "recall_at_1000": 0.55518,
        "precision_at_1": 0.01338,
        "precision_at_3": 0.0078,
        "precision_at_5": 0.00713,
        "precision_at_10": 0.00502,
        "precision_at_20": 0.00323,
        "precision_at_100": 0.0011,
        "precision_at_1000": 0.00056,
        "mrr_at_1": 0.013378,
        "mrr_at_3": 0.017837,
        "mrr_at_5": 0.02068,
        "mrr_at_10": 0.022408,
        "mrr_at_20": 0.023445,
        "mrr_at_100": 0.024397,
        "mrr_at_1000": 0.025619,
        "nauc_ndcg_at_1_max": 0.000623,
        "nauc_ndcg_at_1_std": 0.085321,
        "nauc_ndcg_at_1_diff1": 0.122992,
        "nauc_ndcg_at_3_max": 0.087982,
        "nauc_ndcg_at_3_std": 0.163339,
        "nauc_ndcg_at_3_diff1": 0.162079,
        "nauc_ndcg_at_5_max": 0.089841,
        "nauc_ndcg_at_5_std": 0.120551,
        "nauc_ndcg_at_5_diff1": 0.157011,
        "nauc_ndcg_at_10_max": 0.07083,
        "nauc_ndcg_at_10_std": 0.120804,
        "nauc_ndcg_at_10_diff1": 0.120313,
        "nauc_ndcg_at_20_max": 0.121635,
        "nauc_ndcg_at_20_std": 0.164645,
        "nauc_ndcg_at_20_diff1": 0.134001,
        "nauc_ndcg_at_100_max": 0.086161,
        "nauc_ndcg_at_100_std": 0.142888,
        "nauc_ndcg_at_100_diff1": 0.109795,
        "nauc_ndcg_at_1000_max": 0.045599,
        "nauc_ndcg_at_1000_std": 0.085392,
        "nauc_ndcg_at_1000_diff1": 0.069586,
        "nauc_map_at_1_max": 0.000623,
        "nauc_map_at_1_std": 0.085321,
        "nauc_map_at_1_diff1": 0.122992,
        "nauc_map_at_3_max": 0.069821,
        "nauc_map_at_3_std": 0.14752,
        "nauc_map_at_3_diff1": 0.157573,
        "nauc_map_at_5_max": 0.073294,
        "nauc_map_at_5_std": 0.119293,
        "nauc_map_at_5_diff1": 0.155762,
        "nauc_map_at_10_max": 0.066952,
        "nauc_map_at_10_std": 0.121787,
        "nauc_map_at_10_diff1": 0.137712,
        "nauc_map_at_20_max": 0.087904,
        "nauc_map_at_20_std": 0.138986,
        "nauc_map_at_20_diff1": 0.143203,
        "nauc_map_at_100_max": 0.081797,
        "nauc_map_at_100_std": 0.13611,
        "nauc_map_at_100_diff1": 0.137819,
        "nauc_map_at_1000_max": 0.080119,
        "nauc_map_at_1000_std": 0.132272,
        "nauc_map_at_1000_diff1": 0.136648,
        "nauc_recall_at_1_max": 0.000623,
        "nauc_recall_at_1_std": 0.085321,
        "nauc_recall_at_1_diff1": 0.122992,
        "nauc_recall_at_3_max": 0.128656,
        "nauc_recall_at_3_std": 0.198657,
        "nauc_recall_at_3_diff1": 0.171178,
        "nauc_recall_at_5_max": 0.118326,
        "nauc_recall_at_5_std": 0.121442,
        "nauc_recall_at_5_diff1": 0.157533,
        "nauc_recall_at_10_max": 0.070392,
        "nauc_recall_at_10_std": 0.116274,
        "nauc_recall_at_10_diff1": 0.088834,
        "nauc_recall_at_20_max": 0.167681,
        "nauc_recall_at_20_std": 0.203113,
        "nauc_recall_at_20_diff1": 0.120323,
        "nauc_recall_at_100_max": 0.075393,
        "nauc_recall_at_100_std": 0.139818,
        "nauc_recall_at_100_diff1": 0.075042,
        "nauc_recall_at_1000_max": -0.017,
        "nauc_recall_at_1000_std": 0.01614,
        "nauc_recall_at_1000_diff1": -0.014918,
        "nauc_precision_at_1_max": 0.000623,
        "nauc_precision_at_1_std": 0.085321,
        "nauc_precision_at_1_diff1": 0.122992,
        "nauc_precision_at_3_max": 0.128656,
        "nauc_precision_at_3_std": 0.198657,
        "nauc_precision_at_3_diff1": 0.171178,
        "nauc_precision_at_5_max": 0.118326,
        "nauc_precision_at_5_std": 0.121442,
        "nauc_precision_at_5_diff1": 0.157533,
        "nauc_precision_at_10_max": 0.070392,
        "nauc_precision_at_10_std": 0.116274,
        "nauc_precision_at_10_diff1": 0.088834,
        "nauc_precision_at_20_max": 0.167681,
        "nauc_precision_at_20_std": 0.203113,
        "nauc_precision_at_20_diff1": 0.120323,
        "nauc_precision_at_100_max": 0.075393,
        "nauc_precision_at_100_std": 0.139818,
        "nauc_precision_at_100_diff1": 0.075042,
        "nauc_precision_at_1000_max": -0.017,
        "nauc_precision_at_1000_std": 0.01614,
        "nauc_precision_at_1000_diff1": -0.014918,
        "nauc_mrr_at_1_max": 0.000623,
        "nauc_mrr_at_1_std": 0.085321,
        "nauc_mrr_at_1_diff1": 0.122992,
        "nauc_mrr_at_3_max": 0.069821,
        "nauc_mrr_at_3_std": 0.14752,
        "nauc_mrr_at_3_diff1": 0.157573,
        "nauc_mrr_at_5_max": 0.073294,
        "nauc_mrr_at_5_std": 0.119293,
        "nauc_mrr_at_5_diff1": 0.155762,
        "nauc_mrr_at_10_max": 0.066952,
        "nauc_mrr_at_10_std": 0.121787,
        "nauc_mrr_at_10_diff1": 0.137712,
        "nauc_mrr_at_20_max": 0.087904,
        "nauc_mrr_at_20_std": 0.138986,
        "nauc_mrr_at_20_diff1": 0.143203,
        "nauc_mrr_at_100_max": 0.081797,
        "nauc_mrr_at_100_std": 0.13611,
        "nauc_mrr_at_100_diff1": 0.137819,
        "nauc_mrr_at_1000_max": 0.080119,
        "nauc_mrr_at_1000_std": 0.132272,
        "nauc_mrr_at_1000_diff1": 0.136648,
        "main_score": 0.02883,
        "hf_subset": "default",
        "languages": [
          "tur-Latn"
        ]
      }
    ]
  },
  "evaluation_time": 19.996670722961426,
  "kg_co2_emissions": null
}