{
  "dataset_revision": "main",
  "task_name": "SciFactTR",
  "mteb_version": "1.31.3",
  "scores": {
    "test": [
      {
        "ndcg_at_1": 0.56667,
        "ndcg_at_3": 0.65397,
        "ndcg_at_5": 0.67462,
        "ndcg_at_10": 0.70329,
        "ndcg_at_20": 0.71673,
        "ndcg_at_100": 0.7309,
        "ndcg_at_1000": 0.73365,
        "map_at_1": 0.56667,
        "map_at_3": 0.63333,
        "map_at_5": 0.64483,
        "map_at_10": 0.65705,
        "map_at_20": 0.66072,
        "map_at_100": 0.66263,
        "map_at_1000": 0.66276,
        "recall_at_1": 0.56667,
        "recall_at_3": 0.71333,
        "recall_at_5": 0.76333,
        "recall_at_10": 0.85,
        "recall_at_20": 0.90333,
        "recall_at_100": 0.98,
        "recall_at_1000": 1.0,
        "precision_at_1": 0.56667,
        "precision_at_3": 0.23778,
        "precision_at_5": 0.15267,
        "precision_at_10": 0.085,
        "precision_at_20": 0.04517,
        "precision_at_100": 0.0098,
        "precision_at_1000": 0.001,
        "mrr_at_1": 0.566667,
        "mrr_at_3": 0.633333,
        "mrr_at_5": 0.644833,
        "mrr_at_10": 0.657046,
        "mrr_at_20": 0.660715,
        "mrr_at_100": 0.662631,
        "mrr_at_1000": 0.662764,
        "nauc_ndcg_at_1_max": 0.453911,
        "nauc_ndcg_at_1_std": -0.167785,
        "nauc_ndcg_at_1_diff1": 0.656604,
        "nauc_ndcg_at_3_max": 0.503806,
        "nauc_ndcg_at_3_std": -0.174593,
        "nauc_ndcg_at_3_diff1": 0.650516,
        "nauc_ndcg_at_5_max": 0.51013,
        "nauc_ndcg_at_5_std": -0.169233,
        "nauc_ndcg_at_5_diff1": 0.645356,
        "nauc_ndcg_at_10_max": 0.526329,
        "nauc_ndcg_at_10_std": -0.14609,
        "nauc_ndcg_at_10_diff1": 0.647787,
        "nauc_ndcg_at_20_max": 0.51536,
        "nauc_ndcg_at_20_std": -0.139847,
        "nauc_ndcg_at_20_diff1": 0.647989,
        "nauc_ndcg_at_100_max": 0.509695,
        "nauc_ndcg_at_100_std": -0.144132,
        "nauc_ndcg_at_100_diff1": 0.654776,
        "nauc_ndcg_at_1000_max": 0.506396,
        "nauc_ndcg_at_1000_std": -0.154173,
        "nauc_ndcg_at_1000_diff1": 0.652452,
        "nauc_map_at_1_max": 0.453911,
        "nauc_map_at_1_std": -0.167785,
        "nauc_map_at_1_diff1": 0.656604,
        "nauc_map_at_3_max": 0.492457,
        "nauc_map_at_3_std": -0.173335,
        "nauc_map_at_3_diff1": 0.652957,
        "nauc_map_at_5_max": 0.495928,
        "nauc_map_at_5_std": -0.170613,
        "nauc_map_at_5_diff1": 0.650336,
        "nauc_map_at_10_max": 0.50098,
        "nauc_map_at_10_std": -0.1622,
        "nauc_map_at_10_diff1": 0.651734,
        "nauc_map_at_20_max": 0.497893,
        "nauc_map_at_20_std": -0.161595,
        "nauc_map_at_20_diff1": 0.651672,
        "nauc_map_at_100_max": 0.497505,
        "nauc_map_at_100_std": -0.161927,
        "nauc_map_at_100_diff1": 0.652774,
        "nauc_map_at_1000_max": 0.497402,
        "nauc_map_at_1000_std": -0.162292,
        "nauc_map_at_1000_diff1": 0.652689,
        "nauc_recall_at_1_max": 0.453911,
        "nauc_recall_at_1_std": -0.167785,
        "nauc_recall_at_1_diff1": 0.656604,
        "nauc_recall_at_3_max": 0.541131,
        "nauc_recall_at_3_std": -0.178562,
        "nauc_recall_at_3_diff1": 0.641884,
        "nauc_recall_at_5_max": 0.563779,
        "nauc_recall_at_5_std": -0.162422,
        "nauc_recall_at_5_diff1": 0.624828,
        "nauc_recall_at_10_max": 0.678566,
        "nauc_recall_at_10_std": -0.037618,
        "nauc_recall_at_10_diff1": 0.624178,
        "nauc_recall_at_20_max": 0.652838,
        "nauc_recall_at_20_std": 0.087817,
        "nauc_recall_at_20_diff1": 0.617679,
        "nauc_recall_at_100_max": 0.782991,
        "nauc_recall_at_100_std": 0.656941,
        "nauc_recall_at_100_diff1": 0.839325,
        "nauc_recall_at_1000_max": NaN,
        "nauc_recall_at_1000_std": NaN,
        "nauc_recall_at_1000_diff1": NaN,
        "nauc_precision_at_1_max": 0.453911,
        "nauc_precision_at_1_std": -0.167785,
        "nauc_precision_at_1_diff1": 0.656604,
        "nauc_precision_at_3_max": 0.541131,
        "nauc_precision_at_3_std": -0.178562,
        "nauc_precision_at_3_diff1": 0.641884,
        "nauc_precision_at_5_max": 0.563779,
        "nauc_precision_at_5_std": -0.162422,
        "nauc_precision_at_5_diff1": 0.624828,
        "nauc_precision_at_10_max": 0.678566,
        "nauc_precision_at_10_std": -0.037618,
        "nauc_precision_at_10_diff1": 0.624178,
        "nauc_precision_at_20_max": 0.652838,
        "nauc_precision_at_20_std": 0.087817,
        "nauc_precision_at_20_diff1": 0.617679,
        "nauc_precision_at_100_max": 0.782991,
        "nauc_precision_at_100_std": 0.656941,
        "nauc_precision_at_100_diff1": 0.839325,
        "nauc_precision_at_1000_max": 1.0,
        "nauc_precision_at_1000_std": 1.0,
        "nauc_precision_at_1000_diff1": 1.0,
        "nauc_mrr_at_1_max": 0.453911,
        "nauc_mrr_at_1_std": -0.167785,
        "nauc_mrr_at_1_diff1": 0.656604,
        "nauc_mrr_at_3_max": 0.492457,
        "nauc_mrr_at_3_std": -0.173335,
        "nauc_mrr_at_3_diff1": 0.652957,
        "nauc_mrr_at_5_max": 0.495928,
        "nauc_mrr_at_5_std": -0.170613,
        "nauc_mrr_at_5_diff1": 0.650336,
        "nauc_mrr_at_10_max": 0.50098,
        "nauc_mrr_at_10_std": -0.1622,
        "nauc_mrr_at_10_diff1": 0.651734,
        "nauc_mrr_at_20_max": 0.497893,
        "nauc_mrr_at_20_std": -0.161595,
        "nauc_mrr_at_20_diff1": 0.651672,
        "nauc_mrr_at_100_max": 0.497505,
        "nauc_mrr_at_100_std": -0.161927,
        "nauc_mrr_at_100_diff1": 0.652774,
        "nauc_mrr_at_1000_max": 0.497402,
        "nauc_mrr_at_1000_std": -0.162292,
        "nauc_mrr_at_1000_diff1": 0.652689,
        "main_score": 0.70329,
        "hf_subset": "default",
        "languages": [
          "tur-Latn"
        ]
      }
    ]
  },
  "evaluation_time": 3.7962026596069336,
  "kg_co2_emissions": null
}