{
  "dataset_revision": "main",
  "task_name": "SquadTRRetrieval",
  "mteb_version": "1.31.3",
  "scores": {
    "test": [
      {
        "ndcg_at_1": 0.37523,
        "ndcg_at_3": 0.47602,
        "ndcg_at_5": 0.50849,
        "ndcg_at_10": 0.54112,
        "ndcg_at_20": 0.55997,
        "ndcg_at_100": 0.58485,
        "ndcg_at_1000": 0.59315,
        "map_at_1": 0.37523,
        "map_at_3": 0.45077,
        "map_at_5": 0.46872,
        "map_at_10": 0.48223,
        "map_at_20": 0.48746,
        "map_at_100": 0.49105,
        "map_at_1000": 0.49137,
        "recall_at_1": 0.37523,
        "recall_at_3": 0.54927,
        "recall_at_5": 0.62839,
        "recall_at_10": 0.7291,
        "recall_at_20": 0.80316,
        "recall_at_100": 0.93511,
        "recall_at_1000": 0.9994,
        "precision_at_1": 0.37523,
        "precision_at_3": 0.18309,
        "precision_at_5": 0.12568,
        "precision_at_10": 0.07291,
        "precision_at_20": 0.04016,
        "precision_at_100": 0.00935,
        "precision_at_1000": 0.001,
        "mrr_at_1": 0.375226,
        "mrr_at_3": 0.45077,
        "mrr_at_5": 0.468717,
        "mrr_at_10": 0.482226,
        "mrr_at_20": 0.487462,
        "mrr_at_100": 0.491046,
        "mrr_at_1000": 0.491373,
        "nauc_ndcg_at_1_max": 0.325463,
        "nauc_ndcg_at_1_std": 0.080284,
        "nauc_ndcg_at_1_diff1": 0.524717,
        "nauc_ndcg_at_3_max": 0.368334,
        "nauc_ndcg_at_3_std": 0.113998,
        "nauc_ndcg_at_3_diff1": 0.468848,
        "nauc_ndcg_at_5_max": 0.375734,
        "nauc_ndcg_at_5_std": 0.120168,
        "nauc_ndcg_at_5_diff1": 0.460852,
        "nauc_ndcg_at_10_max": 0.395172,
        "nauc_ndcg_at_10_std": 0.138488,
        "nauc_ndcg_at_10_diff1": 0.46148,
        "nauc_ndcg_at_20_max": 0.405582,
        "nauc_ndcg_at_20_std": 0.148455,
        "nauc_ndcg_at_20_diff1": 0.460228,
        "nauc_ndcg_at_100_max": 0.395764,
        "nauc_ndcg_at_100_std": 0.143611,
        "nauc_ndcg_at_100_diff1": 0.470243,
        "nauc_ndcg_at_1000_max": 0.384195,
        "nauc_ndcg_at_1000_std": 0.130698,
        "nauc_ndcg_at_1000_diff1": 0.472191,
        "nauc_map_at_1_max": 0.325463,
        "nauc_map_at_1_std": 0.080284,
        "nauc_map_at_1_diff1": 0.524717,
        "nauc_map_at_3_max": 0.356628,
        "nauc_map_at_3_std": 0.10464,
        "nauc_map_at_3_diff1": 0.482231,
        "nauc_map_at_5_max": 0.360221,
        "nauc_map_at_5_std": 0.107613,
        "nauc_map_at_5_diff1": 0.478215,
        "nauc_map_at_10_max": 0.367526,
        "nauc_map_at_10_std": 0.114455,
        "nauc_map_at_10_diff1": 0.479019,
        "nauc_map_at_20_max": 0.369903,
        "nauc_map_at_20_std": 0.116694,
        "nauc_map_at_20_diff1": 0.478958,
        "nauc_map_at_100_max": 0.36869,
        "nauc_map_at_100_std": 0.116137,
        "nauc_map_at_100_diff1": 0.480274,
        "nauc_map_at_1000_max": 0.368311,
        "nauc_map_at_1000_std": 0.115729,
        "nauc_map_at_1000_diff1": 0.480348,
        "nauc_recall_at_1_max": 0.325463,
        "nauc_recall_at_1_std": 0.080284,
        "nauc_recall_at_1_diff1": 0.524717,
        "nauc_recall_at_3_max": 0.40423,
        "nauc_recall_at_3_std": 0.142751,
        "nauc_recall_at_3_diff1": 0.428546,
        "nauc_recall_at_5_max": 0.428826,
        "nauc_recall_at_5_std": 0.16328,
        "nauc_recall_at_5_diff1": 0.402507,
        "nauc_recall_at_10_max": 0.519686,
        "nauc_recall_at_10_std": 0.24783,
        "nauc_recall_at_10_diff1": 0.389147,
        "nauc_recall_at_20_max": 0.621209,
        "nauc_recall_at_20_std": 0.342994,
        "nauc_recall_at_20_diff1": 0.359341,
        "nauc_recall_at_100_max": 0.773604,
        "nauc_recall_at_100_std": 0.567009,
        "nauc_recall_at_100_diff1": 0.406497,
        "nauc_recall_at_1000_max": 0.769003,
        "nauc_recall_at_1000_std": 0.415102,
        "nauc_recall_at_1000_diff1": 0.325021,
        "nauc_precision_at_1_max": 0.325463,
        "nauc_precision_at_1_std": 0.080284,
        "nauc_precision_at_1_diff1": 0.524717,
        "nauc_precision_at_3_max": 0.40423,
        "nauc_precision_at_3_std": 0.142751,
        "nauc_precision_at_3_diff1": 0.428546,
        "nauc_precision_at_5_max": 0.428826,
        "nauc_precision_at_5_std": 0.16328,
        "nauc_precision_at_5_diff1": 0.402507,
        "nauc_precision_at_10_max": 0.519686,
        "nauc_precision_at_10_std": 0.24783,
        "nauc_precision_at_10_diff1": 0.389147,
        "nauc_precision_at_20_max": 0.621209,
        "nauc_precision_at_20_std": 0.342994,
        "nauc_precision_at_20_diff1": 0.359341,
        "nauc_precision_at_100_max": 0.773604,
        "nauc_precision_at_100_std": 0.567009,
        "nauc_precision_at_100_diff1": 0.406497,
        "nauc_precision_at_1000_max": 0.769003,
        "nauc_precision_at_1000_std": 0.415102,
        "nauc_precision_at_1000_diff1": 0.325021,
        "nauc_mrr_at_1_max": 0.325463,
        "nauc_mrr_at_1_std": 0.080284,
        "nauc_mrr_at_1_diff1": 0.524717,
        "nauc_mrr_at_3_max": 0.356628,
        "nauc_mrr_at_3_std": 0.10464,
        "nauc_mrr_at_3_diff1": 0.482231,
        "nauc_mrr_at_5_max": 0.360221,
        "nauc_mrr_at_5_std": 0.107613,
        "nauc_mrr_at_5_diff1": 0.478215,
        "nauc_mrr_at_10_max": 0.367526,
        "nauc_mrr_at_10_std": 0.114455,
        "nauc_mrr_at_10_diff1": 0.479019,
        "nauc_mrr_at_20_max": 0.369903,
        "nauc_mrr_at_20_std": 0.116694,
        "nauc_mrr_at_20_diff1": 0.478958,
        "nauc_mrr_at_100_max": 0.36869,
        "nauc_mrr_at_100_std": 0.116137,
        "nauc_mrr_at_100_diff1": 0.480274,
        "nauc_mrr_at_1000_max": 0.368311,
        "nauc_mrr_at_1000_std": 0.115729,
        "nauc_mrr_at_1000_diff1": 0.480348,
        "main_score": 0.54112,
        "hf_subset": "default",
        "languages": [
          "tur-Latn"
        ]
      }
    ]
  },
  "evaluation_time": 28.688151359558105,
  "kg_co2_emissions": null
}