{
  "dataset_revision": "main",
  "task_name": "TQuadRetrieval",
  "mteb_version": "1.31.3",
  "scores": {
    "test": [
      {
        "ndcg_at_1": 0.55269,
        "ndcg_at_3": 0.68281,
        "ndcg_at_5": 0.72078,
        "ndcg_at_10": 0.7483,
        "ndcg_at_20": 0.75482,
        "ndcg_at_100": 0.75885,
        "ndcg_at_1000": 0.75965,
        "map_at_1": 0.55269,
        "map_at_3": 0.65172,
        "map_at_5": 0.67285,
        "map_at_10": 0.68482,
        "map_at_20": 0.68661,
        "map_at_100": 0.68712,
        "map_at_1000": 0.68716,
        "recall_at_1": 0.55269,
        "recall_at_3": 0.77242,
        "recall_at_5": 0.86435,
        "recall_at_10": 0.94619,
        "recall_at_20": 0.97197,
        "recall_at_100": 0.99439,
        "recall_at_1000": 1.0,
        "precision_at_1": 0.55269,
        "precision_at_3": 0.25747,
        "precision_at_5": 0.17287,
        "precision_at_10": 0.09462,
        "precision_at_20": 0.0486,
        "precision_at_100": 0.00994,
        "precision_at_1000": 0.001,
        "mrr_at_1": 0.550448,
        "mrr_at_3": 0.650598,
        "mrr_at_5": 0.671786,
        "mrr_at_10": 0.68376,
        "mrr_at_20": 0.685547,
        "mrr_at_100": 0.686055,
        "mrr_at_1000": 0.686099,
        "nauc_ndcg_at_1_max": 0.10369,
        "nauc_ndcg_at_1_std": -0.247731,
        "nauc_ndcg_at_1_diff1": 0.575015,
        "nauc_ndcg_at_3_max": 0.140473,
        "nauc_ndcg_at_3_std": -0.23997,
        "nauc_ndcg_at_3_diff1": 0.523646,
        "nauc_ndcg_at_5_max": 0.146409,
        "nauc_ndcg_at_5_std": -0.234959,
        "nauc_ndcg_at_5_diff1": 0.512408,
        "nauc_ndcg_at_10_max": 0.18148,
        "nauc_ndcg_at_10_std": -0.226292,
        "nauc_ndcg_at_10_diff1": 0.529742,
        "nauc_ndcg_at_20_max": 0.165368,
        "nauc_ndcg_at_20_std": -0.222024,
        "nauc_ndcg_at_20_diff1": 0.527373,
        "nauc_ndcg_at_100_max": 0.151854,
        "nauc_ndcg_at_100_std": -0.231253,
        "nauc_ndcg_at_100_diff1": 0.533365,
        "nauc_ndcg_at_1000_max": 0.148797,
        "nauc_ndcg_at_1000_std": -0.23377,
        "nauc_ndcg_at_1000_diff1": 0.532919,
        "nauc_map_at_1_max": 0.10369,
        "nauc_map_at_1_std": -0.247731,
        "nauc_map_at_1_diff1": 0.575015,
        "nauc_map_at_3_max": 0.130066,
        "nauc_map_at_3_std": -0.244058,
        "nauc_map_at_3_diff1": 0.536693,
        "nauc_map_at_5_max": 0.131244,
        "nauc_map_at_5_std": -0.24216,
        "nauc_map_at_5_diff1": 0.531479,
        "nauc_map_at_10_max": 0.143178,
        "nauc_map_at_10_std": -0.239562,
        "nauc_map_at_10_diff1": 0.537993,
        "nauc_map_at_20_max": 0.139458,
        "nauc_map_at_20_std": -0.238457,
        "nauc_map_at_20_diff1": 0.53747,
        "nauc_map_at_100_max": 0.138163,
        "nauc_map_at_100_std": -0.239338,
        "nauc_map_at_100_diff1": 0.538055,
        "nauc_map_at_1000_max": 0.138032,
        "nauc_map_at_1000_std": -0.23943,
        "nauc_map_at_1000_diff1": 0.538025,
        "nauc_recall_at_1_max": 0.10369,
        "nauc_recall_at_1_std": -0.247731,
        "nauc_recall_at_1_diff1": 0.575015,
        "nauc_recall_at_3_max": 0.180587,
        "nauc_recall_at_3_std": -0.223141,
        "nauc_recall_at_3_diff1": 0.474191,
        "nauc_recall_at_5_max": 0.237212,
        "nauc_recall_at_5_std": -0.190053,
        "nauc_recall_at_5_diff1": 0.403186,
        "nauc_recall_at_10_max": 0.753512,
        "nauc_recall_at_10_std": -0.025313,
        "nauc_recall_at_10_diff1": 0.450745,
        "nauc_recall_at_20_max": 0.832075,
        "nauc_recall_at_20_std": 0.259052,
        "nauc_recall_at_20_diff1": 0.317113,
        "nauc_recall_at_100_max": 0.884695,
        "nauc_recall_at_100_std": 0.39407,
        "nauc_recall_at_100_diff1": 0.622949,
        "nauc_recall_at_1000_max": NaN,
        "nauc_recall_at_1000_std": NaN,
        "nauc_recall_at_1000_diff1": NaN,
        "nauc_precision_at_1_max": 0.10369,
        "nauc_precision_at_1_std": -0.247731,
        "nauc_precision_at_1_diff1": 0.575015,
        "nauc_precision_at_3_max": 0.180587,
        "nauc_precision_at_3_std": -0.223141,
        "nauc_precision_at_3_diff1": 0.474191,
        "nauc_precision_at_5_max": 0.237212,
        "nauc_precision_at_5_std": -0.190053,
        "nauc_precision_at_5_diff1": 0.403186,
        "nauc_precision_at_10_max": 0.753512,
        "nauc_precision_at_10_std": -0.025313,
        "nauc_precision_at_10_diff1": 0.450745,
        "nauc_precision_at_20_max": 0.832075,
        "nauc_precision_at_20_std": 0.259052,
        "nauc_precision_at_20_diff1": 0.317113,
        "nauc_precision_at_100_max": 0.884695,
        "nauc_precision_at_100_std": 0.39407,
        "nauc_precision_at_100_diff1": 0.622949,
        "nauc_precision_at_1000_max": NaN,
        "nauc_precision_at_1000_std": NaN,
        "nauc_precision_at_1000_diff1": NaN,
        "nauc_mrr_at_1_max": 0.096987,
        "nauc_mrr_at_1_std": -0.249812,
        "nauc_mrr_at_1_diff1": 0.580373,
        "nauc_mrr_at_3_max": 0.126012,
        "nauc_mrr_at_3_std": -0.24531,
        "nauc_mrr_at_3_diff1": 0.539958,
        "nauc_mrr_at_5_max": 0.126864,
        "nauc_mrr_at_5_std": -0.243168,
        "nauc_mrr_at_5_diff1": 0.534883,
        "nauc_mrr_at_10_max": 0.138584,
        "nauc_mrr_at_10_std": -0.24062,
        "nauc_mrr_at_10_diff1": 0.541541,
        "nauc_mrr_at_20_max": 0.134836,
        "nauc_mrr_at_20_std": -0.239524,
        "nauc_mrr_at_20_diff1": 0.541044,
        "nauc_mrr_at_100_max": 0.133534,
        "nauc_mrr_at_100_std": -0.240406,
        "nauc_mrr_at_100_diff1": 0.541635,
        "nauc_mrr_at_1000_max": 0.133402,
        "nauc_mrr_at_1000_std": -0.240498,
        "nauc_mrr_at_1000_diff1": 0.541607,
        "main_score": 0.7483,
        "hf_subset": "default",
        "languages": [
          "tur-Latn"
        ]
      }
    ]
  },
  "evaluation_time": 2.4294869899749756,
  "kg_co2_emissions": null
}