{
  "dataset_revision": "09698e0180d87dc247ca447d3a1248b931ac0cdb",
  "task_name": "XNLI",
  "mteb_version": "1.31.3",
  "scores": {
    "test": [
      {
        "similarity_accuracy": 0.620513,
        "similarity_accuracy_threshold": 0.591683,
        "similarity_f1": 0.677458,
        "similarity_f1_threshold": 0.466633,
        "similarity_precision": 0.573022,
        "similarity_recall": 0.828446,
        "similarity_ap": 0.633246,
        "cosine_accuracy": 0.620513,
        "cosine_accuracy_threshold": 0.591683,
        "cosine_f1": 0.677458,
        "cosine_f1_threshold": 0.466633,
        "cosine_precision": 0.573022,
        "cosine_recall": 0.828446,
        "cosine_ap": 0.633246,
        "manhattan_accuracy": 0.622711,
        "manhattan_accuracy_threshold": 370.40451,
        "manhattan_f1": 0.676612,
        "manhattan_f1_threshold": 473.287354,
        "manhattan_precision": 0.531381,
        "manhattan_recall": 0.931085,
        "manhattan_ap": 0.634032,
        "euclidean_accuracy": 0.622711,
        "euclidean_accuracy_threshold": 16.712933,
        "euclidean_f1": 0.676906,
        "euclidean_f1_threshold": 20.803219,
        "euclidean_precision": 0.540754,
        "euclidean_recall": 0.904692,
        "euclidean_ap": 0.633981,
        "dot_accuracy": 0.614652,
        "dot_accuracy_threshold": 181.823181,
        "dot_f1": 0.676289,
        "dot_f1_threshold": 103.931381,
        "dot_precision": 0.521463,
        "dot_recall": 0.961877,
        "dot_ap": 0.627002,
        "max_accuracy": 0.622711,
        "max_f1": 0.677458,
        "max_precision": 0.573022,
        "max_recall": 0.961877,
        "max_ap": 0.634032,
        "main_score": 0.634032,
        "hf_subset": "tr",
        "languages": [
          "tur-Latn"
        ]
      }
    ],
    "validation": [
      {
        "similarity_accuracy": 0.614652,
        "similarity_accuracy_threshold": 0.623921,
        "similarity_f1": 0.677327,
        "similarity_f1_threshold": 0.425428,
        "similarity_precision": 0.554724,
        "similarity_recall": 0.869501,
        "similarity_ap": 0.652006,
        "cosine_accuracy": 0.614652,
        "cosine_accuracy_threshold": 0.623921,
        "cosine_f1": 0.677327,
        "cosine_f1_threshold": 0.425428,
        "cosine_precision": 0.554724,
        "cosine_recall": 0.869501,
        "cosine_ap": 0.652006,
        "manhattan_accuracy": 0.614652,
        "manhattan_accuracy_threshold": 386.497314,
        "manhattan_f1": 0.675603,
        "manhattan_f1_threshold": 470.458679,
        "manhattan_precision": 0.532544,
        "manhattan_recall": 0.923754,
        "manhattan_ap": 0.647857,
        "euclidean_accuracy": 0.613187,
        "euclidean_accuracy_threshold": 15.902732,
        "euclidean_f1": 0.676201,
        "euclidean_f1_threshold": 20.160015,
        "euclidean_precision": 0.554409,
        "euclidean_recall": 0.866569,
        "euclidean_ap": 0.647535,
        "dot_accuracy": 0.616117,
        "dot_accuracy_threshold": 221.71109,
        "dot_f1": 0.677791,
        "dot_f1_threshold": 148.895187,
        "dot_precision": 0.557765,
        "dot_recall": 0.863636,
        "dot_ap": 0.651323,
        "max_accuracy": 0.616117,
        "max_f1": 0.677791,
        "max_precision": 0.557765,
        "max_recall": 0.923754,
        "max_ap": 0.652006,
        "main_score": 0.652006,
        "hf_subset": "tr",
        "languages": [
          "tur-Latn"
        ]
      }
    ]
  },
  "evaluation_time": 3.496239185333252,
  "kg_co2_emissions": null
}