{
  "dataset_revision": "51adfef1c1287aab1d2d91b5bead9bcfb9c68583",
  "task_name": "XQuADRetrieval",
  "mteb_version": "1.31.3",
  "scores": {
    "validation": [
      {
        "ndcg_at_1": 0.72973,
        "ndcg_at_3": 0.82829,
        "ndcg_at_5": 0.84687,
        "ndcg_at_10": 0.85437,
        "ndcg_at_20": 0.85819,
        "ndcg_at_100": 0.86197,
        "ndcg_at_1000": 0.86209,
        "map_at_1": 0.72973,
        "map_at_3": 0.80476,
        "map_at_5": 0.81515,
        "map_at_10": 0.81831,
        "map_at_20": 0.81935,
        "map_at_100": 0.81988,
        "map_at_1000": 0.81988,
        "recall_at_1": 0.72973,
        "recall_at_3": 0.89611,
        "recall_at_5": 0.94088,
        "recall_at_10": 0.96368,
        "recall_at_20": 0.97889,
        "recall_at_100": 0.99916,
        "recall_at_1000": 1.0,
        "precision_at_1": 0.72973,
        "precision_at_3": 0.2987,
        "precision_at_5": 0.18818,
        "precision_at_10": 0.09637,
        "precision_at_20": 0.04894,
        "precision_at_100": 0.00999,
        "precision_at_1000": 0.001,
        "mrr_at_1": 0.72973,
        "mrr_at_3": 0.804758,
        "mrr_at_5": 0.815146,
        "mrr_at_10": 0.81831,
        "mrr_at_20": 0.819349,
        "mrr_at_100": 0.819878,
        "mrr_at_1000": 0.819883,
        "nauc_ndcg_at_1_max": 0.457021,
        "nauc_ndcg_at_1_std": 0.086751,
        "nauc_ndcg_at_1_diff1": 0.756115,
        "nauc_ndcg_at_3_max": 0.548373,
        "nauc_ndcg_at_3_std": 0.17567,
        "nauc_ndcg_at_3_diff1": 0.717758,
        "nauc_ndcg_at_5_max": 0.55393,
        "nauc_ndcg_at_5_std": 0.168325,
        "nauc_ndcg_at_5_diff1": 0.73128,
        "nauc_ndcg_at_10_max": 0.545316,
        "nauc_ndcg_at_10_std": 0.162806,
        "nauc_ndcg_at_10_diff1": 0.734909,
        "nauc_ndcg_at_20_max": 0.542327,
        "nauc_ndcg_at_20_std": 0.165555,
        "nauc_ndcg_at_20_diff1": 0.740201,
        "nauc_ndcg_at_100_max": 0.530975,
        "nauc_ndcg_at_100_std": 0.153651,
        "nauc_ndcg_at_100_diff1": 0.738855,
        "nauc_ndcg_at_1000_max": 0.530556,
        "nauc_ndcg_at_1000_std": 0.152894,
        "nauc_ndcg_at_1000_diff1": 0.738621,
        "nauc_map_at_1_max": 0.457021,
        "nauc_map_at_1_std": 0.086751,
        "nauc_map_at_1_diff1": 0.756115,
        "nauc_map_at_3_max": 0.525031,
        "nauc_map_at_3_std": 0.152647,
        "nauc_map_at_3_diff1": 0.730241,
        "nauc_map_at_5_max": 0.526602,
        "nauc_map_at_5_std": 0.147896,
        "nauc_map_at_5_diff1": 0.73719,
        "nauc_map_at_10_max": 0.523179,
        "nauc_map_at_10_std": 0.14539,
        "nauc_map_at_10_diff1": 0.738746,
        "nauc_map_at_20_max": 0.522492,
        "nauc_map_at_20_std": 0.145883,
        "nauc_map_at_20_diff1": 0.740027,
        "nauc_map_at_100_max": 0.521212,
        "nauc_map_at_100_std": 0.144581,
        "nauc_map_at_100_diff1": 0.739854,
        "nauc_map_at_1000_max": 0.521198,
        "nauc_map_at_1000_std": 0.144557,
        "nauc_map_at_1000_diff1": 0.739847,
        "nauc_recall_at_1_max": 0.457021,
        "nauc_recall_at_1_std": 0.086751,
        "nauc_recall_at_1_diff1": 0.756115,
        "nauc_recall_at_3_max": 0.659783,
        "nauc_recall_at_3_std": 0.285827,
        "nauc_recall_at_3_diff1": 0.655773,
        "nauc_recall_at_5_max": 0.770169,
        "nauc_recall_at_5_std": 0.325081,
        "nauc_recall_at_5_diff1": 0.688402,
        "nauc_recall_at_10_max": 0.809182,
        "nauc_recall_at_10_std": 0.36758,
        "nauc_recall_at_10_diff1": 0.697141,
        "nauc_recall_at_20_max": 0.921396,
        "nauc_recall_at_20_std": 0.580904,
        "nauc_recall_at_20_diff1": 0.79125,
        "nauc_recall_at_100_max": 1.0,
        "nauc_recall_at_100_std": 1.0,
        "nauc_recall_at_100_diff1": 1.0,
        "nauc_recall_at_1000_max": NaN,
        "nauc_recall_at_1000_std": NaN,
        "nauc_recall_at_1000_diff1": NaN,
        "nauc_precision_at_1_max": 0.457021,
        "nauc_precision_at_1_std": 0.086751,
        "nauc_precision_at_1_diff1": 0.756115,
        "nauc_precision_at_3_max": 0.659783,
        "nauc_precision_at_3_std": 0.285827,
        "nauc_precision_at_3_diff1": 0.655773,
        "nauc_precision_at_5_max": 0.770169,
        "nauc_precision_at_5_std": 0.325081,
        "nauc_precision_at_5_diff1": 0.688402,
        "nauc_precision_at_10_max": 0.809182,
        "nauc_precision_at_10_std": 0.36758,
        "nauc_precision_at_10_diff1": 0.697141,
        "nauc_precision_at_20_max": 0.921396,
        "nauc_precision_at_20_std": 0.580904,
        "nauc_precision_at_20_diff1": 0.79125,
        "nauc_precision_at_100_max": 1.0,
        "nauc_precision_at_100_std": 1.0,
        "nauc_precision_at_100_diff1": 1.0,
        "nauc_precision_at_1000_max": 1.0,
        "nauc_precision_at_1000_std": 1.0,
        "nauc_precision_at_1000_diff1": 1.0,
        "nauc_mrr_at_1_max": 0.457021,
        "nauc_mrr_at_1_std": 0.086751,
        "nauc_mrr_at_1_diff1": 0.756115,
        "nauc_mrr_at_3_max": 0.525031,
        "nauc_mrr_at_3_std": 0.152647,
        "nauc_mrr_at_3_diff1": 0.730241,
        "nauc_mrr_at_5_max": 0.526602,
        "nauc_mrr_at_5_std": 0.147896,
        "nauc_mrr_at_5_diff1": 0.73719,
        "nauc_mrr_at_10_max": 0.523179,
        "nauc_mrr_at_10_std": 0.14539,
        "nauc_mrr_at_10_diff1": 0.738746,
        "nauc_mrr_at_20_max": 0.522492,
        "nauc_mrr_at_20_std": 0.145883,
        "nauc_mrr_at_20_diff1": 0.740027,
        "nauc_mrr_at_100_max": 0.521212,
        "nauc_mrr_at_100_std": 0.144581,
        "nauc_mrr_at_100_diff1": 0.739854,
        "nauc_mrr_at_1000_max": 0.521198,
        "nauc_mrr_at_1000_std": 0.144557,
        "nauc_mrr_at_1000_diff1": 0.739847,
        "main_score": 0.85437,
        "hf_subset": "tr",
        "languages": [
          "tur-Latn"
        ]
      }
    ]
  },
  "evaluation_time": 2.844194173812866,
  "kg_co2_emissions": null
}