{
  "dataset_revision": "main",
  "task_name": "ArguAnaTR",
  "mteb_version": "1.31.3",
  "scores": {
    "test": [
      {
        "ndcg_at_1": 0.0569,
        "ndcg_at_3": 0.0866,
        "ndcg_at_5": 0.09857,
        "ndcg_at_10": 0.11569,
        "ndcg_at_20": 0.13305,
        "ndcg_at_100": 0.16339,
        "ndcg_at_1000": 0.19642,
        "map_at_1": 0.0569,
        "map_at_3": 0.07918,
        "map_at_5": 0.0858,
        "map_at_10": 0.09279,
        "map_at_20": 0.09751,
        "map_at_100": 0.10152,
        "map_at_1000": 0.10253,
        "recall_at_1": 0.0569,
        "recall_at_3": 0.10811,
        "recall_at_5": 0.13727,
        "recall_at_10": 0.19061,
        "recall_at_20": 0.2596,
        "recall_at_100": 0.42603,
        "recall_at_1000": 0.69915,
        "precision_at_1": 0.0569,
        "precision_at_3": 0.03604,
        "precision_at_5": 0.02745,
        "precision_at_10": 0.01906,
        "precision_at_20": 0.01298,
        "precision_at_100": 0.00426,
        "precision_at_1000": 0.0007,
        "mrr_at_1": 0.05761,
        "mrr_at_3": 0.079422,
        "mrr_at_5": 0.086072,
        "mrr_at_10": 0.093046,
        "mrr_at_20": 0.09777,
        "mrr_at_100": 0.101775,
        "mrr_at_1000": 0.102783,
        "nauc_ndcg_at_1_max": 0.112754,
        "nauc_ndcg_at_1_std": 0.081919,
        "nauc_ndcg_at_1_diff1": 0.169368,
        "nauc_ndcg_at_3_max": 0.099353,
        "nauc_ndcg_at_3_std": 0.081867,
        "nauc_ndcg_at_3_diff1": 0.126996,
        "nauc_ndcg_at_5_max": 0.098101,
        "nauc_ndcg_at_5_std": 0.08308,
        "nauc_ndcg_at_5_diff1": 0.124845,
        "nauc_ndcg_at_10_max": 0.106541,
        "nauc_ndcg_at_10_std": 0.086098,
        "nauc_ndcg_at_10_diff1": 0.12908,
        "nauc_ndcg_at_20_max": 0.117649,
        "nauc_ndcg_at_20_std": 0.101307,
        "nauc_ndcg_at_20_diff1": 0.13136,
        "nauc_ndcg_at_100_max": 0.120173,
        "nauc_ndcg_at_100_std": 0.127821,
        "nauc_ndcg_at_100_diff1": 0.13162,
        "nauc_ndcg_at_1000_max": 0.129156,
        "nauc_ndcg_at_1000_std": 0.123793,
        "nauc_ndcg_at_1000_diff1": 0.131176,
        "nauc_map_at_1_max": 0.112754,
        "nauc_map_at_1_std": 0.081919,
        "nauc_map_at_1_diff1": 0.169368,
        "nauc_map_at_3_max": 0.104116,
        "nauc_map_at_3_std": 0.078516,
        "nauc_map_at_3_diff1": 0.131384,
        "nauc_map_at_5_max": 0.102704,
        "nauc_map_at_5_std": 0.079595,
        "nauc_map_at_5_diff1": 0.129373,
        "nauc_map_at_10_max": 0.106606,
        "nauc_map_at_10_std": 0.08147,
        "nauc_map_at_10_diff1": 0.131378,
        "nauc_map_at_20_max": 0.110558,
        "nauc_map_at_20_std": 0.086346,
        "nauc_map_at_20_diff1": 0.131897,
        "nauc_map_at_100_max": 0.110893,
        "nauc_map_at_100_std": 0.090355,
        "nauc_map_at_100_diff1": 0.131942,
        "nauc_map_at_1000_max": 0.111445,
        "nauc_map_at_1000_std": 0.090057,
        "nauc_map_at_1000_diff1": 0.131846,
        "nauc_recall_at_1_max": 0.112754,
        "nauc_recall_at_1_std": 0.081919,
        "nauc_recall_at_1_diff1": 0.169368,
        "nauc_recall_at_3_max": 0.088407,
        "nauc_recall_at_3_std": 0.090079,
        "nauc_recall_at_3_diff1": 0.118524,
        "nauc_recall_at_5_max": 0.088864,
        "nauc_recall_at_5_std": 0.090615,
        "nauc_recall_at_5_diff1": 0.117127,
        "nauc_recall_at_10_max": 0.108049,
        "nauc_recall_at_10_std": 0.094394,
        "nauc_recall_at_10_diff1": 0.126949,
        "nauc_recall_at_20_max": 0.133572,
        "nauc_recall_at_20_std": 0.130793,
        "nauc_recall_at_20_diff1": 0.13334,
        "nauc_recall_at_100_max": 0.139789,
        "nauc_recall_at_100_std": 0.212203,
        "nauc_recall_at_100_diff1": 0.133394,
        "nauc_recall_at_1000_max": 0.193536,
        "nauc_recall_at_1000_std": 0.222264,
        "nauc_recall_at_1000_diff1": 0.1334,
        "nauc_precision_at_1_max": 0.112754,
        "nauc_precision_at_1_std": 0.081919,
        "nauc_precision_at_1_diff1": 0.169368,
        "nauc_precision_at_3_max": 0.088407,
        "nauc_precision_at_3_std": 0.090079,
        "nauc_precision_at_3_diff1": 0.118524,
        "nauc_precision_at_5_max": 0.088864,
        "nauc_precision_at_5_std": 0.090615,
        "nauc_precision_at_5_diff1": 0.117127,
        "nauc_precision_at_10_max": 0.108049,
        "nauc_precision_at_10_std": 0.094394,
        "nauc_precision_at_10_diff1": 0.126949,
        "nauc_precision_at_20_max": 0.133572,
        "nauc_precision_at_20_std": 0.130793,
        "nauc_precision_at_20_diff1": 0.13334,
        "nauc_precision_at_100_max": 0.139789,
        "nauc_precision_at_100_std": 0.212203,
        "nauc_precision_at_100_diff1": 0.133394,
        "nauc_precision_at_1000_max": 0.193536,
        "nauc_precision_at_1000_std": 0.222264,
        "nauc_precision_at_1000_diff1": 0.1334,
        "nauc_mrr_at_1_max": 0.115363,
        "nauc_mrr_at_1_std": 0.076973,
        "nauc_mrr_at_1_diff1": 0.160177,
        "nauc_mrr_at_3_max": 0.103759,
        "nauc_mrr_at_3_std": 0.077147,
        "nauc_mrr_at_3_diff1": 0.126874,
        "nauc_mrr_at_5_max": 0.102191,
        "nauc_mrr_at_5_std": 0.077651,
        "nauc_mrr_at_5_diff1": 0.123147,
        "nauc_mrr_at_10_max": 0.106386,
        "nauc_mrr_at_10_std": 0.080162,
        "nauc_mrr_at_10_diff1": 0.126748,
        "nauc_mrr_at_20_max": 0.11027,
        "nauc_mrr_at_20_std": 0.085023,
        "nauc_mrr_at_20_diff1": 0.127254,
        "nauc_mrr_at_100_max": 0.110586,
        "nauc_mrr_at_100_std": 0.089027,
        "nauc_mrr_at_100_diff1": 0.127311,
        "nauc_mrr_at_1000_max": 0.111135,
        "nauc_mrr_at_1000_std": 0.088728,
        "nauc_mrr_at_1000_diff1": 0.127208,
        "main_score": 0.11569,
        "hf_subset": "default",
        "languages": [
          "tur-Latn"
        ]
      }
    ]
  },
  "evaluation_time": 2.9943759441375732,
  "kg_co2_emissions": null
}