{
  "dataset_revision": "main",
  "task_name": "CQADupstackGamingRetrievalTR",
  "mteb_version": "1.31.3",
  "scores": {
    "test": [
      {
        "ndcg_at_1": 0.15722,
        "ndcg_at_3": 0.20526,
        "ndcg_at_5": 0.2194,
        "ndcg_at_10": 0.23733,
        "ndcg_at_20": 0.25171,
        "ndcg_at_100": 0.28248,
        "ndcg_at_1000": 0.32148,
        "map_at_1": 0.15722,
        "map_at_3": 0.19321,
        "map_at_5": 0.20103,
        "map_at_10": 0.20834,
        "map_at_20": 0.21231,
        "map_at_100": 0.2162,
        "map_at_1000": 0.2174,
        "recall_at_1": 0.15722,
        "recall_at_3": 0.24022,
        "recall_at_5": 0.27463,
        "recall_at_10": 0.33063,
        "recall_at_20": 0.38731,
        "recall_at_100": 0.5587,
        "recall_at_1000": 0.88124,
        "precision_at_1": 0.15722,
        "precision_at_3": 0.08007,
        "precision_at_5": 0.05493,
        "precision_at_10": 0.03306,
        "precision_at_20": 0.01937,
        "precision_at_100": 0.00559,
        "precision_at_1000": 0.00088,
        "mrr_at_1": 0.15722,
        "mrr_at_3": 0.193207,
        "mrr_at_5": 0.201035,
        "mrr_at_10": 0.208338,
        "mrr_at_20": 0.212315,
        "mrr_at_100": 0.216204,
        "mrr_at_1000": 0.217399,
        "nauc_ndcg_at_1_max": 0.206355,
        "nauc_ndcg_at_1_std": -0.092513,
        "nauc_ndcg_at_1_diff1": 0.463764,
        "nauc_ndcg_at_3_max": 0.195375,
        "nauc_ndcg_at_3_std": -0.103793,
        "nauc_ndcg_at_3_diff1": 0.374745,
        "nauc_ndcg_at_5_max": 0.198199,
        "nauc_ndcg_at_5_std": -0.103017,
        "nauc_ndcg_at_5_diff1": 0.357058,
        "nauc_ndcg_at_10_max": 0.189408,
        "nauc_ndcg_at_10_std": -0.089449,
        "nauc_ndcg_at_10_diff1": 0.336781,
        "nauc_ndcg_at_20_max": 0.182541,
        "nauc_ndcg_at_20_std": -0.089759,
        "nauc_ndcg_at_20_diff1": 0.32952,
        "nauc_ndcg_at_100_max": 0.174763,
        "nauc_ndcg_at_100_std": -0.083199,
        "nauc_ndcg_at_100_diff1": 0.331016,
        "nauc_ndcg_at_1000_max": 0.179896,
        "nauc_ndcg_at_1000_std": -0.085598,
        "nauc_ndcg_at_1000_diff1": 0.340731,
        "nauc_map_at_1_max": 0.206355,
        "nauc_map_at_1_std": -0.092513,
        "nauc_map_at_1_diff1": 0.463764,
        "nauc_map_at_3_max": 0.198009,
        "nauc_map_at_3_std": -0.099426,
        "nauc_map_at_3_diff1": 0.393977,
        "nauc_map_at_5_max": 0.19944,
        "nauc_map_at_5_std": -0.099008,
        "nauc_map_at_5_diff1": 0.383563,
        "nauc_map_at_10_max": 0.195326,
        "nauc_map_at_10_std": -0.092942,
        "nauc_map_at_10_diff1": 0.374195,
        "nauc_map_at_20_max": 0.193161,
        "nauc_map_at_20_std": -0.093063,
        "nauc_map_at_20_diff1": 0.372016,
        "nauc_map_at_100_max": 0.192093,
        "nauc_map_at_100_std": -0.092426,
        "nauc_map_at_100_diff1": 0.372329,
        "nauc_map_at_1000_max": 0.192301,
        "nauc_map_at_1000_std": -0.092663,
        "nauc_map_at_1000_diff1": 0.372496,
        "nauc_recall_at_1_max": 0.206355,
        "nauc_recall_at_1_std": -0.092513,
        "nauc_recall_at_1_diff1": 0.463764,
        "nauc_recall_at_3_max": 0.188614,
        "nauc_recall_at_3_std": -0.11553,
        "nauc_recall_at_3_diff1": 0.326061,
        "nauc_recall_at_5_max": 0.195622,
        "nauc_recall_at_5_std": -0.113317,
        "nauc_recall_at_5_diff1": 0.290548,
        "nauc_recall_at_10_max": 0.173729,
        "nauc_recall_at_10_std": -0.077823,
        "nauc_recall_at_10_diff1": 0.242016,
        "nauc_recall_at_20_max": 0.152336,
        "nauc_recall_at_20_std": -0.078941,
        "nauc_recall_at_20_diff1": 0.220496,
        "nauc_recall_at_100_max": 0.111785,
        "nauc_recall_at_100_std": -0.042312,
        "nauc_recall_at_100_diff1": 0.216621,
        "nauc_recall_at_1000_max": 0.089565,
        "nauc_recall_at_1000_std": 0.008364,
        "nauc_recall_at_1000_diff1": 0.220173,
        "nauc_precision_at_1_max": 0.206355,
        "nauc_precision_at_1_std": -0.092513,
        "nauc_precision_at_1_diff1": 0.463764,
        "nauc_precision_at_3_max": 0.188614,
        "nauc_precision_at_3_std": -0.11553,
        "nauc_precision_at_3_diff1": 0.326061,
        "nauc_precision_at_5_max": 0.195622,
        "nauc_precision_at_5_std": -0.113317,
        "nauc_precision_at_5_diff1": 0.290548,
        "nauc_precision_at_10_max": 0.173729,
        "nauc_precision_at_10_std": -0.077823,
        "nauc_precision_at_10_diff1": 0.242016,
        "nauc_precision_at_20_max": 0.152336,
        "nauc_precision_at_20_std": -0.078941,
        "nauc_precision_at_20_diff1": 0.220496,
        "nauc_precision_at_100_max": 0.111785,
        "nauc_precision_at_100_std": -0.042312,
        "nauc_precision_at_100_diff1": 0.216621,
        "nauc_precision_at_1000_max": 0.089565,
        "nauc_precision_at_1000_std": 0.008364,
        "nauc_precision_at_1000_diff1": 0.220173,
        "nauc_mrr_at_1_max": 0.206355,
        "nauc_mrr_at_1_std": -0.092513,
        "nauc_mrr_at_1_diff1": 0.463764,
        "nauc_mrr_at_3_max": 0.198009,
        "nauc_mrr_at_3_std": -0.099426,
        "nauc_mrr_at_3_diff1": 0.393977,
        "nauc_mrr_at_5_max": 0.19944,
        "nauc_mrr_at_5_std": -0.099008,
        "nauc_mrr_at_5_diff1": 0.383563,
        "nauc_mrr_at_10_max": 0.195326,
        "nauc_mrr_at_10_std": -0.092942,
        "nauc_mrr_at_10_diff1": 0.374195,
        "nauc_mrr_at_20_max": 0.193161,
        "nauc_mrr_at_20_std": -0.093063,
        "nauc_mrr_at_20_diff1": 0.372016,
        "nauc_mrr_at_100_max": 0.192093,
        "nauc_mrr_at_100_std": -0.092426,
        "nauc_mrr_at_100_diff1": 0.372329,
        "nauc_mrr_at_1000_max": 0.192301,
        "nauc_mrr_at_1000_std": -0.092663,
        "nauc_mrr_at_1000_diff1": 0.372496,
        "main_score": 0.23733,
        "hf_subset": "default",
        "languages": [
          "tur-Latn"
        ]
      }
    ]
  },
  "evaluation_time": 1.5314528942108154,
  "kg_co2_emissions": null
}