{
  "dataset_revision": "main",
  "task_name": "CQADupstackGamingRetrievalTR",
  "mteb_version": "1.31.3",
  "scores": {
    "test": [
      {
        "ndcg_at_1": 0.08903,
        "ndcg_at_3": 0.10172,
        "ndcg_at_5": 0.11055,
        "ndcg_at_10": 0.11876,
        "ndcg_at_20": 0.12684,
        "ndcg_at_100": 0.14456,
        "ndcg_at_1000": 0.1706,
        "map_at_1": 0.07457,
        "map_at_3": 0.09157,
        "map_at_5": 0.09682,
        "map_at_10": 0.10018,
        "map_at_20": 0.10249,
        "map_at_100": 0.10486,
        "map_at_1000": 0.1057,
        "recall_at_1": 0.07457,
        "recall_at_3": 0.11284,
        "recall_at_5": 0.1349,
        "recall_at_10": 0.15978,
        "recall_at_20": 0.19011,
        "recall_at_100": 0.28091,
        "recall_at_1000": 0.48204,
        "precision_at_1": 0.08903,
        "precision_at_3": 0.04639,
        "precision_at_5": 0.03348,
        "precision_at_10": 0.02,
        "precision_at_20": 0.01201,
        "precision_at_100": 0.00364,
        "precision_at_1000": 0.00065,
        "mrr_at_1": 0.089028,
        "mrr_at_3": 0.107628,
        "mrr_at_5": 0.113647,
        "mrr_at_10": 0.117484,
        "mrr_at_20": 0.119822,
        "mrr_at_100": 0.122337,
        "mrr_at_1000": 0.123084,
        "nauc_ndcg_at_1_max": 0.14374,
        "nauc_ndcg_at_1_std": -0.07742,
        "nauc_ndcg_at_1_diff1": 0.404506,
        "nauc_ndcg_at_3_max": 0.106212,
        "nauc_ndcg_at_3_std": -0.056085,
        "nauc_ndcg_at_3_diff1": 0.323932,
        "nauc_ndcg_at_5_max": 0.101559,
        "nauc_ndcg_at_5_std": -0.038455,
        "nauc_ndcg_at_5_diff1": 0.298499,
        "nauc_ndcg_at_10_max": 0.093538,
        "nauc_ndcg_at_10_std": -0.036187,
        "nauc_ndcg_at_10_diff1": 0.283245,
        "nauc_ndcg_at_20_max": 0.094885,
        "nauc_ndcg_at_20_std": -0.033159,
        "nauc_ndcg_at_20_diff1": 0.264276,
        "nauc_ndcg_at_100_max": 0.086521,
        "nauc_ndcg_at_100_std": -0.023624,
        "nauc_ndcg_at_100_diff1": 0.249374,
        "nauc_ndcg_at_1000_max": 0.081423,
        "nauc_ndcg_at_1000_std": -0.013468,
        "nauc_ndcg_at_1000_diff1": 0.248262,
        "nauc_map_at_1_max": 0.142606,
        "nauc_map_at_1_std": -0.101802,
        "nauc_map_at_1_diff1": 0.401795,
        "nauc_map_at_3_max": 0.117767,
        "nauc_map_at_3_std": -0.073743,
        "nauc_map_at_3_diff1": 0.339779,
        "nauc_map_at_5_max": 0.114627,
        "nauc_map_at_5_std": -0.061758,
        "nauc_map_at_5_diff1": 0.324636,
        "nauc_map_at_10_max": 0.109846,
        "nauc_map_at_10_std": -0.059802,
        "nauc_map_at_10_diff1": 0.317585,
        "nauc_map_at_20_max": 0.110007,
        "nauc_map_at_20_std": -0.05803,
        "nauc_map_at_20_diff1": 0.311341,
        "nauc_map_at_100_max": 0.108837,
        "nauc_map_at_100_std": -0.056202,
        "nauc_map_at_100_diff1": 0.308441,
        "nauc_map_at_1000_max": 0.10871,
        "nauc_map_at_1000_std": -0.055688,
        "nauc_map_at_1000_diff1": 0.30829,
        "nauc_recall_at_1_max": 0.142606,
        "nauc_recall_at_1_std": -0.101802,
        "nauc_recall_at_1_diff1": 0.401795,
        "nauc_recall_at_3_max": 0.082251,
        "nauc_recall_at_3_std": -0.038442,
        "nauc_recall_at_3_diff1": 0.26914,
        "nauc_recall_at_5_max": 0.074427,
        "nauc_recall_at_5_std": -0.004055,
        "nauc_recall_at_5_diff1": 0.228953,
        "nauc_recall_at_10_max": 0.058538,
        "nauc_recall_at_10_std": -0.003449,
        "nauc_recall_at_10_diff1": 0.200532,
        "nauc_recall_at_20_max": 0.065499,
        "nauc_recall_at_20_std": 0.001107,
        "nauc_recall_at_20_diff1": 0.154677,
        "nauc_recall_at_100_max": 0.040989,
        "nauc_recall_at_100_std": 0.021336,
        "nauc_recall_at_100_diff1": 0.116293,
        "nauc_recall_at_1000_max": 0.019442,
        "nauc_recall_at_1000_std": 0.06051,
        "nauc_recall_at_1000_diff1": 0.115821,
        "nauc_precision_at_1_max": 0.14374,
        "nauc_precision_at_1_std": -0.07742,
        "nauc_precision_at_1_diff1": 0.404506,
        "nauc_precision_at_3_max": 0.090072,
        "nauc_precision_at_3_std": -0.023444,
        "nauc_precision_at_3_diff1": 0.303586,
        "nauc_precision_at_5_max": 0.0814,
        "nauc_precision_at_5_std": 0.01164,
        "nauc_precision_at_5_diff1": 0.255692,
        "nauc_precision_at_10_max": 0.068868,
        "nauc_precision_at_10_std": 0.018209,
        "nauc_precision_at_10_diff1": 0.223741,
        "nauc_precision_at_20_max": 0.076243,
        "nauc_precision_at_20_std": 0.025258,
        "nauc_precision_at_20_diff1": 0.175249,
        "nauc_precision_at_100_max": 0.041805,
        "nauc_precision_at_100_std": 0.0752,
        "nauc_precision_at_100_diff1": 0.145626,
        "nauc_precision_at_1000_max": 0.003501,
        "nauc_precision_at_1000_std": 0.134421,
        "nauc_precision_at_1000_diff1": 0.14316,
        "nauc_mrr_at_1_max": 0.14374,
        "nauc_mrr_at_1_std": -0.07742,
        "nauc_mrr_at_1_diff1": 0.404506,
        "nauc_mrr_at_3_max": 0.112024,
        "nauc_mrr_at_3_std": -0.046405,
        "nauc_mrr_at_3_diff1": 0.346741,
        "nauc_mrr_at_5_max": 0.108645,
        "nauc_mrr_at_5_std": -0.036473,
        "nauc_mrr_at_5_diff1": 0.329525,
        "nauc_mrr_at_10_max": 0.106119,
        "nauc_mrr_at_10_std": -0.035238,
        "nauc_mrr_at_10_diff1": 0.320447,
        "nauc_mrr_at_20_max": 0.105671,
        "nauc_mrr_at_20_std": -0.035225,
        "nauc_mrr_at_20_diff1": 0.314587,
        "nauc_mrr_at_100_max": 0.104066,
        "nauc_mrr_at_100_std": -0.034015,
        "nauc_mrr_at_100_diff1": 0.312336,
        "nauc_mrr_at_1000_max": 0.103964,
        "nauc_mrr_at_1000_std": -0.033921,
        "nauc_mrr_at_1000_diff1": 0.311981,
        "main_score": 0.11876,
        "hf_subset": "default",
        "languages": [
          "tur-Latn"
        ]
      }
    ]
  },
  "evaluation_time": 5.7460081577301025,
  "kg_co2_emissions": null
}