{
  "dataset_revision": "main",
  "task_name": "FiQA2018TR",
  "mteb_version": "1.31.3",
  "scores": {
    "test": [
      {
        "ndcg_at_1": 0.07099,
        "ndcg_at_3": 0.09136,
        "ndcg_at_5": 0.10159,
        "ndcg_at_10": 0.11551,
        "ndcg_at_20": 0.1288,
        "ndcg_at_100": 0.16365,
        "ndcg_at_1000": 0.21964,
        "map_at_1": 0.07099,
        "map_at_3": 0.08616,
        "map_at_5": 0.09187,
        "map_at_10": 0.09758,
        "map_at_20": 0.10104,
        "map_at_100": 0.10553,
        "map_at_1000": 0.10725,
        "recall_at_1": 0.07099,
        "recall_at_3": 0.10648,
        "recall_at_5": 0.13117,
        "recall_at_10": 0.17438,
        "recall_at_20": 0.2284,
        "recall_at_100": 0.4213,
        "recall_at_1000": 0.88426,
        "precision_at_1": 0.07099,
        "precision_at_3": 0.03549,
        "precision_at_5": 0.02623,
        "precision_at_10": 0.01744,
        "precision_at_20": 0.01142,
        "precision_at_100": 0.00421,
        "precision_at_1000": 0.00088,
        "mrr_at_1": 0.070988,
        "mrr_at_3": 0.086163,
        "mrr_at_5": 0.091872,
        "mrr_at_10": 0.09758,
        "mrr_at_20": 0.101042,
        "mrr_at_100": 0.105534,
        "mrr_at_1000": 0.107246,
        "nauc_ndcg_at_1_max": 0.071811,
        "nauc_ndcg_at_1_std": 0.027852,
        "nauc_ndcg_at_1_diff1": 0.177099,
        "nauc_ndcg_at_3_max": 0.047714,
        "nauc_ndcg_at_3_std": -0.00191,
        "nauc_ndcg_at_3_diff1": 0.157978,
        "nauc_ndcg_at_5_max": 0.054374,
        "nauc_ndcg_at_5_std": -0.015014,
        "nauc_ndcg_at_5_diff1": 0.137288,
        "nauc_ndcg_at_10_max": 0.063201,
        "nauc_ndcg_at_10_std": -0.033201,
        "nauc_ndcg_at_10_diff1": 0.121105,
        "nauc_ndcg_at_20_max": 0.068695,
        "nauc_ndcg_at_20_std": -0.035844,
        "nauc_ndcg_at_20_diff1": 0.112374,
        "nauc_ndcg_at_100_max": 0.049805,
        "nauc_ndcg_at_100_std": -0.026848,
        "nauc_ndcg_at_100_diff1": 0.122447,
        "nauc_ndcg_at_1000_max": 0.037016,
        "nauc_ndcg_at_1000_std": -0.00675,
        "nauc_ndcg_at_1000_diff1": 0.133775,
        "nauc_map_at_1_max": 0.071811,
        "nauc_map_at_1_std": 0.027852,
        "nauc_map_at_1_diff1": 0.177099,
        "nauc_map_at_3_max": 0.052708,
        "nauc_map_at_3_std": 0.003359,
        "nauc_map_at_3_diff1": 0.162587,
        "nauc_map_at_5_max": 0.056086,
        "nauc_map_at_5_std": -0.005102,
        "nauc_map_at_5_diff1": 0.149878,
        "nauc_map_at_10_max": 0.060129,
        "nauc_map_at_10_std": -0.01431,
        "nauc_map_at_10_diff1": 0.141651,
        "nauc_map_at_20_max": 0.061767,
        "nauc_map_at_20_std": -0.014716,
        "nauc_map_at_20_diff1": 0.138753,
        "nauc_map_at_100_max": 0.058997,
        "nauc_map_at_100_std": -0.014856,
        "nauc_map_at_100_diff1": 0.138906,
        "nauc_map_at_1000_max": 0.058542,
        "nauc_map_at_1000_std": -0.013933,
        "nauc_map_at_1000_diff1": 0.139008,
        "nauc_recall_at_1_max": 0.071811,
        "nauc_recall_at_1_std": 0.027852,
        "nauc_recall_at_1_diff1": 0.177099,
        "nauc_recall_at_3_max": 0.035858,
        "nauc_recall_at_3_std": -0.014124,
        "nauc_recall_at_3_diff1": 0.146827,
        "nauc_recall_at_5_max": 0.051783,
        "nauc_recall_at_5_std": -0.037048,
        "nauc_recall_at_5_diff1": 0.108018,
        "nauc_recall_at_10_max": 0.071771,
        "nauc_recall_at_10_std": -0.07195,
        "nauc_recall_at_10_diff1": 0.078425,
        "nauc_recall_at_20_max": 0.085275,
        "nauc_recall_at_20_std": -0.076168,
        "nauc_recall_at_20_diff1": 0.061261,
        "nauc_recall_at_100_max": 0.021322,
        "nauc_recall_at_100_std": -0.031396,
        "nauc_recall_at_100_diff1": 0.10875,
        "nauc_recall_at_1000_max": -0.198242,
        "nauc_recall_at_1000_std": 0.202801,
        "nauc_recall_at_1000_diff1": 0.263313,
        "nauc_precision_at_1_max": 0.071811,
        "nauc_precision_at_1_std": 0.027852,
        "nauc_precision_at_1_diff1": 0.177099,
        "nauc_precision_at_3_max": 0.035858,
        "nauc_precision_at_3_std": -0.014124,
        "nauc_precision_at_3_diff1": 0.146827,
        "nauc_precision_at_5_max": 0.051783,
        "nauc_precision_at_5_std": -0.037048,
        "nauc_precision_at_5_diff1": 0.108018,
        "nauc_precision_at_10_max": 0.071771,
        "nauc_precision_at_10_std": -0.07195,
        "nauc_precision_at_10_diff1": 0.078425,
        "nauc_precision_at_20_max": 0.085275,
        "nauc_precision_at_20_std": -0.076168,
        "nauc_precision_at_20_diff1": 0.061261,
        "nauc_precision_at_100_max": 0.021322,
        "nauc_precision_at_100_std": -0.031396,
        "nauc_precision_at_100_diff1": 0.10875,
        "nauc_precision_at_1000_max": -0.198242,
        "nauc_precision_at_1000_std": 0.202801,
        "nauc_precision_at_1000_diff1": 0.263313,
        "nauc_mrr_at_1_max": 0.071811,
        "nauc_mrr_at_1_std": 0.027852,
        "nauc_mrr_at_1_diff1": 0.177099,
        "nauc_mrr_at_3_max": 0.052708,
        "nauc_mrr_at_3_std": 0.003359,
        "nauc_mrr_at_3_diff1": 0.162587,
        "nauc_mrr_at_5_max": 0.056086,
        "nauc_mrr_at_5_std": -0.005102,
        "nauc_mrr_at_5_diff1": 0.149878,
        "nauc_mrr_at_10_max": 0.060129,
        "nauc_mrr_at_10_std": -0.01431,
        "nauc_mrr_at_10_diff1": 0.141651,
        "nauc_mrr_at_20_max": 0.061767,
        "nauc_mrr_at_20_std": -0.014716,
        "nauc_mrr_at_20_diff1": 0.138753,
        "nauc_mrr_at_100_max": 0.058997,
        "nauc_mrr_at_100_std": -0.014856,
        "nauc_mrr_at_100_diff1": 0.138906,
        "nauc_mrr_at_1000_max": 0.058542,
        "nauc_mrr_at_1000_std": -0.013933,
        "nauc_mrr_at_1000_diff1": 0.139008,
        "main_score": 0.11551,
        "hf_subset": "default",
        "languages": [
          "tur-Latn"
        ]
      }
    ]
  },
  "evaluation_time": 0.8404719829559326,
  "kg_co2_emissions": null
}