{
  "dataset_revision": "main",
  "task_name": "MSMarcoTRRetrieval",
  "mteb_version": "1.31.3",
  "scores": {
    "test": [
      {
        "ndcg_at_1": 0.22473,
        "ndcg_at_3": 0.27488,
        "ndcg_at_5": 0.29127,
        "ndcg_at_10": 0.30352,
        "ndcg_at_20": 0.3126,
        "ndcg_at_100": 0.32865,
        "ndcg_at_1000": 0.33795,
        "map_at_1": 0.22473,
        "map_at_3": 0.26284,
        "map_at_5": 0.27194,
        "map_at_10": 0.27702,
        "map_at_20": 0.27946,
        "map_at_100": 0.28165,
        "map_at_1000": 0.28197,
        "recall_at_1": 0.22473,
        "recall_at_3": 0.30962,
        "recall_at_5": 0.34936,
        "recall_at_10": 0.38714,
        "recall_at_20": 0.42345,
        "recall_at_100": 0.5103,
        "recall_at_1000": 0.58489,
        "precision_at_1": 0.22473,
        "precision_at_3": 0.10321,
        "precision_at_5": 0.06987,
        "precision_at_10": 0.03871,
        "precision_at_20": 0.02117,
        "precision_at_100": 0.0051,
        "precision_at_1000": 0.00058,
        "mrr_at_1": 0.22473,
        "mrr_at_3": 0.262839,
        "mrr_at_5": 0.271941,
        "mrr_at_10": 0.277021,
        "mrr_at_20": 0.279461,
        "mrr_at_100": 0.281646,
        "mrr_at_1000": 0.28197,
        "nauc_ndcg_at_1_max": 0.277813,
        "nauc_ndcg_at_1_std": 0.03902,
        "nauc_ndcg_at_1_diff1": 0.528764,
        "nauc_ndcg_at_3_max": 0.263258,
        "nauc_ndcg_at_3_std": 0.047734,
        "nauc_ndcg_at_3_diff1": 0.459895,
        "nauc_ndcg_at_5_max": 0.264223,
        "nauc_ndcg_at_5_std": 0.053697,
        "nauc_ndcg_at_5_diff1": 0.444859,
        "nauc_ndcg_at_10_max": 0.266323,
        "nauc_ndcg_at_10_std": 0.063383,
        "nauc_ndcg_at_10_diff1": 0.435896,
        "nauc_ndcg_at_20_max": 0.262563,
        "nauc_ndcg_at_20_std": 0.068189,
        "nauc_ndcg_at_20_diff1": 0.434254,
        "nauc_ndcg_at_100_max": 0.25017,
        "nauc_ndcg_at_100_std": 0.067247,
        "nauc_ndcg_at_100_diff1": 0.428083,
        "nauc_ndcg_at_1000_max": 0.249698,
        "nauc_ndcg_at_1000_std": 0.070143,
        "nauc_ndcg_at_1000_diff1": 0.425189,
        "nauc_map_at_1_max": 0.277813,
        "nauc_map_at_1_std": 0.03902,
        "nauc_map_at_1_diff1": 0.528764,
        "nauc_map_at_3_max": 0.266552,
        "nauc_map_at_3_std": 0.045129,
        "nauc_map_at_3_diff1": 0.475777,
        "nauc_map_at_5_max": 0.267177,
        "nauc_map_at_5_std": 0.048596,
        "nauc_map_at_5_diff1": 0.467147,
        "nauc_map_at_10_max": 0.267909,
        "nauc_map_at_10_std": 0.052875,
        "nauc_map_at_10_diff1": 0.462993,
        "nauc_map_at_20_max": 0.266882,
        "nauc_map_at_20_std": 0.054209,
        "nauc_map_at_20_diff1": 0.462434,
        "nauc_map_at_100_max": 0.265209,
        "nauc_map_at_100_std": 0.054028,
        "nauc_map_at_100_diff1": 0.461442,
        "nauc_map_at_1000_max": 0.265158,
        "nauc_map_at_1000_std": 0.054187,
        "nauc_map_at_1000_diff1": 0.461385,
        "nauc_recall_at_1_max": 0.277813,
        "nauc_recall_at_1_std": 0.03902,
        "nauc_recall_at_1_diff1": 0.528764,
        "nauc_recall_at_3_max": 0.254403,
        "nauc_recall_at_3_std": 0.054979,
        "nauc_recall_at_3_diff1": 0.417086,
        "nauc_recall_at_5_max": 0.25642,
        "nauc_recall_at_5_std": 0.068166,
        "nauc_recall_at_5_diff1": 0.383717,
        "nauc_recall_at_10_max": 0.263291,
        "nauc_recall_at_10_std": 0.094999,
        "nauc_recall_at_10_diff1": 0.360474,
        "nauc_recall_at_20_max": 0.249238,
        "nauc_recall_at_20_std": 0.112924,
        "nauc_recall_at_20_diff1": 0.354934,
        "nauc_recall_at_100_max": 0.183941,
        "nauc_recall_at_100_std": 0.11034,
        "nauc_recall_at_100_diff1": 0.322211,
        "nauc_recall_at_1000_max": 0.176565,
        "nauc_recall_at_1000_std": 0.133983,
        "nauc_recall_at_1000_diff1": 0.287583,
        "nauc_precision_at_1_max": 0.277813,
        "nauc_precision_at_1_std": 0.03902,
        "nauc_precision_at_1_diff1": 0.528764,
        "nauc_precision_at_3_max": 0.254403,
        "nauc_precision_at_3_std": 0.054979,
        "nauc_precision_at_3_diff1": 0.417086,
        "nauc_precision_at_5_max": 0.25642,
        "nauc_precision_at_5_std": 0.068166,
        "nauc_precision_at_5_diff1": 0.383717,
        "nauc_precision_at_10_max": 0.263291,
        "nauc_precision_at_10_std": 0.094999,
        "nauc_precision_at_10_diff1": 0.360474,
        "nauc_precision_at_20_max": 0.249238,
        "nauc_precision_at_20_std": 0.112924,
        "nauc_precision_at_20_diff1": 0.354934,
        "nauc_precision_at_100_max": 0.183941,
        "nauc_precision_at_100_std": 0.11034,
        "nauc_precision_at_100_diff1": 0.322211,
        "nauc_precision_at_1000_max": 0.176565,
        "nauc_precision_at_1000_std": 0.133983,
        "nauc_precision_at_1000_diff1": 0.287583,
        "nauc_mrr_at_1_max": 0.277813,
        "nauc_mrr_at_1_std": 0.03902,
        "nauc_mrr_at_1_diff1": 0.528764,
        "nauc_mrr_at_3_max": 0.266552,
        "nauc_mrr_at_3_std": 0.045129,
        "nauc_mrr_at_3_diff1": 0.475777,
        "nauc_mrr_at_5_max": 0.267177,
        "nauc_mrr_at_5_std": 0.048596,
        "nauc_mrr_at_5_diff1": 0.467147,
        "nauc_mrr_at_10_max": 0.267909,
        "nauc_mrr_at_10_std": 0.052875,
        "nauc_mrr_at_10_diff1": 0.462993,
        "nauc_mrr_at_20_max": 0.266882,
        "nauc_mrr_at_20_std": 0.054209,
        "nauc_mrr_at_20_diff1": 0.462434,
        "nauc_mrr_at_100_max": 0.265209,
        "nauc_mrr_at_100_std": 0.054028,
        "nauc_mrr_at_100_diff1": 0.461442,
        "nauc_mrr_at_1000_max": 0.265158,
        "nauc_mrr_at_1000_std": 0.054187,
        "nauc_mrr_at_1000_diff1": 0.461385,
        "main_score": 0.30352,
        "hf_subset": "default",
        "languages": [
          "tur-Latn"
        ]
      }
    ]
  },
  "evaluation_time": 2.1539220809936523,
  "kg_co2_emissions": null
}