{
  "dataset_revision": "main",
  "task_name": "NFCorpusTR",
  "mteb_version": "1.31.3",
  "scores": {
    "test": [
      {
        "ndcg_at_1": 0.00394,
        "ndcg_at_3": 0.01584,
        "ndcg_at_5": 0.01889,
        "ndcg_at_10": 0.02862,
        "ndcg_at_20": 0.03454,
        "ndcg_at_100": 0.05683,
        "ndcg_at_1000": 0.13221,
        "map_at_1": 0.00394,
        "map_at_3": 0.01312,
        "map_at_5": 0.0147,
        "map_at_10": 0.01844,
        "map_at_20": 0.02004,
        "map_at_100": 0.02279,
        "map_at_1000": 0.02507,
        "recall_at_1": 0.00394,
        "recall_at_3": 0.02362,
        "recall_at_5": 0.0315,
        "recall_at_10": 0.06299,
        "recall_at_20": 0.08661,
        "recall_at_100": 0.2126,
        "recall_at_1000": 0.84252,
        "precision_at_1": 0.00394,
        "precision_at_3": 0.00787,
        "precision_at_5": 0.0063,
        "precision_at_10": 0.0063,
        "precision_at_20": 0.00433,
        "precision_at_100": 0.00213,
        "precision_at_1000": 0.00084,
        "mrr_at_1": 0.003937,
        "mrr_at_3": 0.013123,
        "mrr_at_5": 0.014698,
        "mrr_at_10": 0.018443,
        "mrr_at_20": 0.020039,
        "mrr_at_100": 0.022792,
        "mrr_at_1000": 0.025068,
        "nauc_ndcg_at_1_max": 0.657938,
        "nauc_ndcg_at_1_std": 0.657938,
        "nauc_ndcg_at_1_diff1": 1.0,
        "nauc_ndcg_at_3_max": 0.424406,
        "nauc_ndcg_at_3_std": 0.119202,
        "nauc_ndcg_at_3_diff1": 0.234171,
        "nauc_ndcg_at_5_max": 0.282493,
        "nauc_ndcg_at_5_std": 0.133856,
        "nauc_ndcg_at_5_diff1": 0.223871,
        "nauc_ndcg_at_10_max": 0.161718,
        "nauc_ndcg_at_10_std": 0.045442,
        "nauc_ndcg_at_10_diff1": 0.157013,
        "nauc_ndcg_at_20_max": 0.131582,
        "nauc_ndcg_at_20_std": 0.017271,
        "nauc_ndcg_at_20_diff1": 0.075776,
        "nauc_ndcg_at_100_max": 0.094809,
        "nauc_ndcg_at_100_std": 0.024549,
        "nauc_ndcg_at_100_diff1": -0.013628,
        "nauc_ndcg_at_1000_max": 0.116826,
        "nauc_ndcg_at_1000_std": 0.030237,
        "nauc_ndcg_at_1000_diff1": 0.02941,
        "nauc_map_at_1_max": 0.657938,
        "nauc_map_at_1_std": 0.657938,
        "nauc_map_at_1_diff1": 1.0,
        "nauc_map_at_3_max": 0.440866,
        "nauc_map_at_3_std": 0.164383,
        "nauc_map_at_3_diff1": 0.27385,
        "nauc_map_at_5_max": 0.344823,
        "nauc_map_at_5_std": 0.169277,
        "nauc_map_at_5_diff1": 0.262756,
        "nauc_map_at_10_max": 0.261241,
        "nauc_map_at_10_std": 0.111636,
        "nauc_map_at_10_diff1": 0.215444,
        "nauc_map_at_20_max": 0.236435,
        "nauc_map_at_20_std": 0.09555,
        "nauc_map_at_20_diff1": 0.173432,
        "nauc_map_at_100_max": 0.219587,
        "nauc_map_at_100_std": 0.096884,
        "nauc_map_at_100_diff1": 0.130976,
        "nauc_map_at_1000_max": 0.220629,
        "nauc_map_at_1000_std": 0.098735,
        "nauc_map_at_1000_diff1": 0.135979,
        "nauc_recall_at_1_max": 0.657938,
        "nauc_recall_at_1_std": 0.657938,
        "nauc_recall_at_1_diff1": 1.0,
        "nauc_recall_at_3_max": 0.398116,
        "nauc_recall_at_3_std": 0.045344,
        "nauc_recall_at_3_diff1": 0.174164,
        "nauc_recall_at_5_max": 0.184703,
        "nauc_recall_at_5_std": 0.086523,
        "nauc_recall_at_5_diff1": 0.173199,
        "nauc_recall_at_10_max": 0.053965,
        "nauc_recall_at_10_std": -0.023608,
        "nauc_recall_at_10_diff1": 0.099382,
        "nauc_recall_at_20_max": 0.040737,
        "nauc_recall_at_20_std": -0.053521,
        "nauc_recall_at_20_diff1": -0.014847,
        "nauc_recall_at_100_max": 0.020413,
        "nauc_recall_at_100_std": -0.017623,
        "nauc_recall_at_100_diff1": -0.101241,
        "nauc_recall_at_1000_max": 0.027641,
        "nauc_recall_at_1000_std": -0.062728,
        "nauc_recall_at_1000_diff1": -0.057071,
        "nauc_precision_at_1_max": 0.657938,
        "nauc_precision_at_1_std": 0.657938,
        "nauc_precision_at_1_diff1": 1.0,
        "nauc_precision_at_3_max": 0.398116,
        "nauc_precision_at_3_std": 0.045344,
        "nauc_precision_at_3_diff1": 0.174164,
        "nauc_precision_at_5_max": 0.184703,
        "nauc_precision_at_5_std": 0.086523,
        "nauc_precision_at_5_diff1": 0.173199,
        "nauc_precision_at_10_max": 0.053965,
        "nauc_precision_at_10_std": -0.023608,
        "nauc_precision_at_10_diff1": 0.099382,
        "nauc_precision_at_20_max": 0.040737,
        "nauc_precision_at_20_std": -0.053521,
        "nauc_precision_at_20_diff1": -0.014847,
        "nauc_precision_at_100_max": 0.020413,
        "nauc_precision_at_100_std": -0.017623,
        "nauc_precision_at_100_diff1": -0.101241,
        "nauc_precision_at_1000_max": 0.027641,
        "nauc_precision_at_1000_std": -0.062728,
        "nauc_precision_at_1000_diff1": -0.057071,
        "nauc_mrr_at_1_max": 0.657938,
        "nauc_mrr_at_1_std": 0.657938,
        "nauc_mrr_at_1_diff1": 1.0,
        "nauc_mrr_at_3_max": 0.440866,
        "nauc_mrr_at_3_std": 0.164383,
        "nauc_mrr_at_3_diff1": 0.27385,
        "nauc_mrr_at_5_max": 0.344823,
        "nauc_mrr_at_5_std": 0.169277,
        "nauc_mrr_at_5_diff1": 0.262756,
        "nauc_mrr_at_10_max": 0.261241,
        "nauc_mrr_at_10_std": 0.111636,
        "nauc_mrr_at_10_diff1": 0.215444,
        "nauc_mrr_at_20_max": 0.236435,
        "nauc_mrr_at_20_std": 0.09555,
        "nauc_mrr_at_20_diff1": 0.173432,
        "nauc_mrr_at_100_max": 0.219587,
        "nauc_mrr_at_100_std": 0.096884,
        "nauc_mrr_at_100_diff1": 0.130976,
        "nauc_mrr_at_1000_max": 0.220631,
        "nauc_mrr_at_1000_std": 0.098736,
        "nauc_mrr_at_1000_diff1": 0.135978,
        "main_score": 0.02862,
        "hf_subset": "default",
        "languages": [
          "tur-Latn"
        ]
      }
    ]
  },
  "evaluation_time": 0.6414380073547363,
  "kg_co2_emissions": null
}