{
  "dataset_revision": "main",
  "task_name": "NFCorpusTR",
  "mteb_version": "1.31.3",
  "scores": {
    "test": [
      {
        "ndcg_at_1": 0.09288,
        "ndcg_at_3": 0.08449,
        "ndcg_at_5": 0.08659,
        "ndcg_at_10": 0.08244,
        "ndcg_at_20": 0.07815,
        "ndcg_at_100": 0.0937,
        "ndcg_at_1000": 0.19134,
        "map_at_1": 0.01054,
        "map_at_3": 0.01374,
        "map_at_5": 0.01656,
        "map_at_10": 0.01886,
        "map_at_20": 0.02081,
        "map_at_100": 0.02566,
        "map_at_1000": 0.03365,
        "recall_at_1": 0.01054,
        "recall_at_3": 0.01695,
        "recall_at_5": 0.02578,
        "recall_at_10": 0.03683,
        "recall_at_20": 0.05069,
        "recall_at_100": 0.14063,
        "recall_at_1000": 0.47931,
        "precision_at_1": 0.09598,
        "precision_at_3": 0.0774,
        "precision_at_5": 0.07802,
        "precision_at_10": 0.06594,
        "precision_at_20": 0.05279,
        "precision_at_100": 0.03272,
        "precision_at_1000": 0.01566,
        "mrr_at_1": 0.095975,
        "mrr_at_3": 0.137771,
        "mrr_at_5": 0.153251,
        "mrr_at_10": 0.164401,
        "mrr_at_20": 0.169516,
        "mrr_at_100": 0.175952,
        "mrr_at_1000": 0.177064,
        "nauc_ndcg_at_1_max": 0.094427,
        "nauc_ndcg_at_1_std": 0.236044,
        "nauc_ndcg_at_1_diff1": 0.065496,
        "nauc_ndcg_at_3_max": 0.089891,
        "nauc_ndcg_at_3_std": 0.256871,
        "nauc_ndcg_at_3_diff1": -0.005427,
        "nauc_ndcg_at_5_max": 0.103398,
        "nauc_ndcg_at_5_std": 0.259293,
        "nauc_ndcg_at_5_diff1": 0.006174,
        "nauc_ndcg_at_10_max": 0.09364,
        "nauc_ndcg_at_10_std": 0.25138,
        "nauc_ndcg_at_10_diff1": 0.004789,
        "nauc_ndcg_at_20_max": 0.100185,
        "nauc_ndcg_at_20_std": 0.236751,
        "nauc_ndcg_at_20_diff1": 0.003658,
        "nauc_ndcg_at_100_max": 0.063098,
        "nauc_ndcg_at_100_std": 0.251739,
        "nauc_ndcg_at_100_diff1": 0.020089,
        "nauc_ndcg_at_1000_max": 0.053628,
        "nauc_ndcg_at_1000_std": 0.218274,
        "nauc_ndcg_at_1000_diff1": 0.016726,
        "nauc_map_at_1_max": -0.213165,
        "nauc_map_at_1_std": 0.263069,
        "nauc_map_at_1_diff1": 0.136246,
        "nauc_map_at_3_max": -0.155079,
        "nauc_map_at_3_std": 0.220101,
        "nauc_map_at_3_diff1": 0.092194,
        "nauc_map_at_5_max": -0.120436,
        "nauc_map_at_5_std": 0.21566,
        "nauc_map_at_5_diff1": 0.129198,
        "nauc_map_at_10_max": -0.114142,
        "nauc_map_at_10_std": 0.210024,
        "nauc_map_at_10_diff1": 0.100997,
        "nauc_map_at_20_max": -0.102043,
        "nauc_map_at_20_std": 0.208092,
        "nauc_map_at_20_diff1": 0.089304,
        "nauc_map_at_100_max": -0.079382,
        "nauc_map_at_100_std": 0.233121,
        "nauc_map_at_100_diff1": 0.079734,
        "nauc_map_at_1000_max": -0.043451,
        "nauc_map_at_1000_std": 0.245126,
        "nauc_map_at_1000_diff1": 0.059021,
        "nauc_recall_at_1_max": -0.213165,
        "nauc_recall_at_1_std": 0.263069,
        "nauc_recall_at_1_diff1": 0.136246,
        "nauc_recall_at_3_max": -0.123923,
        "nauc_recall_at_3_std": 0.179391,
        "nauc_recall_at_3_diff1": 0.059038,
        "nauc_recall_at_5_max": -0.05008,
        "nauc_recall_at_5_std": 0.16273,
        "nauc_recall_at_5_diff1": 0.111142,
        "nauc_recall_at_10_max": -0.041372,
        "nauc_recall_at_10_std": 0.114886,
        "nauc_recall_at_10_diff1": 0.023839,
        "nauc_recall_at_20_max": -0.037121,
        "nauc_recall_at_20_std": 0.132535,
        "nauc_recall_at_20_diff1": -0.01117,
        "nauc_recall_at_100_max": 0.003549,
        "nauc_recall_at_100_std": 0.169252,
        "nauc_recall_at_100_diff1": -0.012334,
        "nauc_recall_at_1000_max": -0.024364,
        "nauc_recall_at_1000_std": 0.133485,
        "nauc_recall_at_1000_diff1": -0.055617,
        "nauc_precision_at_1_max": 0.080995,
        "nauc_precision_at_1_std": 0.209918,
        "nauc_precision_at_1_diff1": 0.070202,
        "nauc_precision_at_3_max": 0.105388,
        "nauc_precision_at_3_std": 0.260555,
        "nauc_precision_at_3_diff1": -0.032144,
        "nauc_precision_at_5_max": 0.1407,
        "nauc_precision_at_5_std": 0.262065,
        "nauc_precision_at_5_diff1": -0.015256,
        "nauc_precision_at_10_max": 0.135681,
        "nauc_precision_at_10_std": 0.258394,
        "nauc_precision_at_10_diff1": -0.029461,
        "nauc_precision_at_20_max": 0.173304,
        "nauc_precision_at_20_std": 0.230666,
        "nauc_precision_at_20_diff1": -0.031659,
        "nauc_precision_at_100_max": 0.163572,
        "nauc_precision_at_100_std": 0.277419,
        "nauc_precision_at_100_diff1": -0.038736,
        "nauc_precision_at_1000_max": 0.175995,
        "nauc_precision_at_1000_std": 0.243763,
        "nauc_precision_at_1000_diff1": -0.044359,
        "nauc_mrr_at_1_max": 0.080995,
        "nauc_mrr_at_1_std": 0.209918,
        "nauc_mrr_at_1_diff1": 0.070202,
        "nauc_mrr_at_3_max": 0.085347,
        "nauc_mrr_at_3_std": 0.233554,
        "nauc_mrr_at_3_diff1": 0.022317,
        "nauc_mrr_at_5_max": 0.098693,
        "nauc_mrr_at_5_std": 0.223511,
        "nauc_mrr_at_5_diff1": 0.02573,
        "nauc_mrr_at_10_max": 0.097559,
        "nauc_mrr_at_10_std": 0.210944,
        "nauc_mrr_at_10_diff1": 0.020625,
        "nauc_mrr_at_20_max": 0.092028,
        "nauc_mrr_at_20_std": 0.210767,
        "nauc_mrr_at_20_diff1": 0.021839,
        "nauc_mrr_at_100_max": 0.090872,
        "nauc_mrr_at_100_std": 0.20996,
        "nauc_mrr_at_100_diff1": 0.024068,
        "nauc_mrr_at_1000_max": 0.090597,
        "nauc_mrr_at_1000_std": 0.210699,
        "nauc_mrr_at_1000_diff1": 0.023912,
        "main_score": 0.08244,
        "hf_subset": "default",
        "languages": [
          "tur-Latn"
        ]
      }
    ]
  },
  "evaluation_time": 1.3334097862243652,
  "kg_co2_emissions": null
}