{
  "dataset_revision": "main",
  "task_name": "QuoraRetrievalTR",
  "mteb_version": "1.31.3",
  "scores": {
    "test": [
      {
        "ndcg_at_1": 0.66191,
        "ndcg_at_3": 0.72905,
        "ndcg_at_5": 0.74273,
        "ndcg_at_10": 0.7566,
        "ndcg_at_20": 0.76489,
        "ndcg_at_100": 0.77505,
        "ndcg_at_1000": 0.78185,
        "map_at_1": 0.66191,
        "map_at_3": 0.71277,
        "map_at_5": 0.72043,
        "map_at_10": 0.72617,
        "map_at_20": 0.72849,
        "map_at_100": 0.7299,
        "map_at_1000": 0.73014,
        "recall_at_1": 0.66191,
        "recall_at_3": 0.77607,
        "recall_at_5": 0.809,
        "recall_at_10": 0.85181,
        "recall_at_20": 0.88419,
        "recall_at_100": 0.93908,
        "recall_at_1000": 0.99341,
        "precision_at_1": 0.66191,
        "precision_at_3": 0.25869,
        "precision_at_5": 0.1618,
        "precision_at_10": 0.08518,
        "precision_at_20": 0.04421,
        "precision_at_100": 0.00939,
        "precision_at_1000": 0.00099,
        "mrr_at_1": 0.66191,
        "mrr_at_3": 0.71277,
        "mrr_at_5": 0.720426,
        "mrr_at_10": 0.726168,
        "mrr_at_20": 0.728493,
        "mrr_at_100": 0.729902,
        "mrr_at_1000": 0.730143,
        "nauc_ndcg_at_1_max": 0.591086,
        "nauc_ndcg_at_1_std": -0.114645,
        "nauc_ndcg_at_1_diff1": 0.824953,
        "nauc_ndcg_at_3_max": 0.597266,
        "nauc_ndcg_at_3_std": -0.123224,
        "nauc_ndcg_at_3_diff1": 0.793835,
        "nauc_ndcg_at_5_max": 0.600301,
        "nauc_ndcg_at_5_std": -0.125797,
        "nauc_ndcg_at_5_diff1": 0.792623,
        "nauc_ndcg_at_10_max": 0.598518,
        "nauc_ndcg_at_10_std": -0.125649,
        "nauc_ndcg_at_10_diff1": 0.795303,
        "nauc_ndcg_at_20_max": 0.600485,
        "nauc_ndcg_at_20_std": -0.123081,
        "nauc_ndcg_at_20_diff1": 0.795507,
        "nauc_ndcg_at_100_max": 0.600738,
        "nauc_ndcg_at_100_std": -0.121593,
        "nauc_ndcg_at_100_diff1": 0.795783,
        "nauc_ndcg_at_1000_max": 0.599008,
        "nauc_ndcg_at_1000_std": -0.124149,
        "nauc_ndcg_at_1000_diff1": 0.798075,
        "nauc_map_at_1_max": 0.591086,
        "nauc_map_at_1_std": -0.114645,
        "nauc_map_at_1_diff1": 0.824953,
        "nauc_map_at_3_max": 0.596368,
        "nauc_map_at_3_std": -0.121717,
        "nauc_map_at_3_diff1": 0.802287,
        "nauc_map_at_5_max": 0.597721,
        "nauc_map_at_5_std": -0.123178,
        "nauc_map_at_5_diff1": 0.801558,
        "nauc_map_at_10_max": 0.597058,
        "nauc_map_at_10_std": -0.123198,
        "nauc_map_at_10_diff1": 0.80294,
        "nauc_map_at_20_max": 0.597558,
        "nauc_map_at_20_std": -0.122717,
        "nauc_map_at_20_diff1": 0.803053,
        "nauc_map_at_100_max": 0.597564,
        "nauc_map_at_100_std": -0.122749,
        "nauc_map_at_100_diff1": 0.803124,
        "nauc_map_at_1000_max": 0.597518,
        "nauc_map_at_1000_std": -0.122793,
        "nauc_map_at_1000_diff1": 0.803187,
        "nauc_recall_at_1_max": 0.591086,
        "nauc_recall_at_1_std": -0.114645,
        "nauc_recall_at_1_diff1": 0.824953,
        "nauc_recall_at_3_max": 0.600003,
        "nauc_recall_at_3_std": -0.128061,
        "nauc_recall_at_3_diff1": 0.764399,
        "nauc_recall_at_5_max": 0.610781,
        "nauc_recall_at_5_std": -0.135697,
        "nauc_recall_at_5_diff1": 0.75826,
        "nauc_recall_at_10_max": 0.604735,
        "nauc_recall_at_10_std": -0.136541,
        "nauc_recall_at_10_diff1": 0.76003,
        "nauc_recall_at_20_max": 0.619767,
        "nauc_recall_at_20_std": -0.118318,
        "nauc_recall_at_20_diff1": 0.752782,
        "nauc_recall_at_100_max": 0.640601,
        "nauc_recall_at_100_std": -0.077257,
        "nauc_recall_at_100_diff1": 0.720408,
        "nauc_recall_at_1000_max": 0.567611,
        "nauc_recall_at_1000_std": -0.334736,
        "nauc_recall_at_1000_diff1": 0.640975,
        "nauc_precision_at_1_max": 0.591086,
        "nauc_precision_at_1_std": -0.114645,
        "nauc_precision_at_1_diff1": 0.824953,
        "nauc_precision_at_3_max": 0.600003,
        "nauc_precision_at_3_std": -0.128061,
        "nauc_precision_at_3_diff1": 0.764399,
        "nauc_precision_at_5_max": 0.610781,
        "nauc_precision_at_5_std": -0.135697,
        "nauc_precision_at_5_diff1": 0.75826,
        "nauc_precision_at_10_max": 0.604735,
        "nauc_precision_at_10_std": -0.136541,
        "nauc_precision_at_10_diff1": 0.76003,
        "nauc_precision_at_20_max": 0.619767,
        "nauc_precision_at_20_std": -0.118318,
        "nauc_precision_at_20_diff1": 0.752782,
        "nauc_precision_at_100_max": 0.640601,
        "nauc_precision_at_100_std": -0.077257,
        "nauc_precision_at_100_diff1": 0.720408,
        "nauc_precision_at_1000_max": 0.567611,
        "nauc_precision_at_1000_std": -0.334736,
        "nauc_precision_at_1000_diff1": 0.640975,
        "nauc_mrr_at_1_max": 0.595581,
        "nauc_mrr_at_1_std": -0.112724,
        "nauc_mrr_at_1_diff1": 0.824953,
        "nauc_mrr_at_3_max": 0.598921,
        "nauc_mrr_at_3_std": -0.120626,
        "nauc_mrr_at_3_diff1": 0.802287,
        "nauc_mrr_at_5_max": 0.600335,
        "nauc_mrr_at_5_std": -0.122061,
        "nauc_mrr_at_5_diff1": 0.801558,
        "nauc_mrr_at_10_max": 0.599728,
        "nauc_mrr_at_10_std": -0.122057,
        "nauc_mrr_at_10_diff1": 0.80294,
        "nauc_mrr_at_20_max": 0.60025,
        "nauc_mrr_at_20_std": -0.121566,
        "nauc_mrr_at_20_diff1": 0.803053,
        "nauc_mrr_at_100_max": 0.600272,
        "nauc_mrr_at_100_std": -0.121592,
        "nauc_mrr_at_100_diff1": 0.803124,
        "nauc_mrr_at_1000_max": 0.600229,
        "nauc_mrr_at_1000_std": -0.121635,
        "nauc_mrr_at_1000_diff1": 0.803187,
        "main_score": 0.7566,
        "hf_subset": "default",
        "languages": [
          "tur-Latn"
        ]
      }
    ]
  },
  "evaluation_time": 1.6594812870025635,
  "kg_co2_emissions": null
}