{
  "dataset_revision": "main",
  "task_name": "SCIDOCSTR",
  "mteb_version": "1.31.3",
  "scores": {
    "test": [
      {
        "ndcg_at_1": 0.018,
        "ndcg_at_3": 0.01747,
        "ndcg_at_5": 0.01533,
        "ndcg_at_10": 0.01972,
        "ndcg_at_20": 0.02397,
        "ndcg_at_100": 0.03552,
        "ndcg_at_1000": 0.06635,
        "map_at_1": 0.0037,
        "map_at_3": 0.00706,
        "map_at_5": 0.00817,
        "map_at_10": 0.00959,
        "map_at_20": 0.0107,
        "map_at_100": 0.01205,
        "map_at_1000": 0.01301,
        "recall_at_1": 0.0037,
        "recall_at_3": 0.01065,
        "recall_at_5": 0.0143,
        "recall_at_10": 0.02243,
        "recall_at_20": 0.03247,
        "recall_at_100": 0.07072,
        "recall_at_1000": 0.22687,
        "precision_at_1": 0.018,
        "precision_at_3": 0.01733,
        "precision_at_5": 0.014,
        "precision_at_10": 0.0109,
        "precision_at_20": 0.0079,
        "precision_at_100": 0.00346,
        "precision_at_1000": 0.00111,
        "mrr_at_1": 0.018,
        "mrr_at_3": 0.029833,
        "mrr_at_5": 0.032733,
        "mrr_at_10": 0.036586,
        "mrr_at_20": 0.038693,
        "mrr_at_100": 0.041241,
        "mrr_at_1000": 0.042331,
        "nauc_ndcg_at_1_max": 0.452106,
        "nauc_ndcg_at_1_std": -0.435426,
        "nauc_ndcg_at_1_diff1": -0.298378,
        "nauc_ndcg_at_3_max": 0.487868,
        "nauc_ndcg_at_3_std": -0.422378,
        "nauc_ndcg_at_3_diff1": -0.344359,
        "nauc_ndcg_at_5_max": 0.496997,
        "nauc_ndcg_at_5_std": -0.422704,
        "nauc_ndcg_at_5_diff1": -0.344811,
        "nauc_ndcg_at_10_max": 0.461855,
        "nauc_ndcg_at_10_std": -0.408202,
        "nauc_ndcg_at_10_diff1": -0.331155,
        "nauc_ndcg_at_20_max": 0.444478,
        "nauc_ndcg_at_20_std": -0.403473,
        "nauc_ndcg_at_20_diff1": -0.327295,
        "nauc_ndcg_at_100_max": 0.403625,
        "nauc_ndcg_at_100_std": -0.408947,
        "nauc_ndcg_at_100_diff1": -0.342319,
        "nauc_ndcg_at_1000_max": 0.380337,
        "nauc_ndcg_at_1000_std": -0.424193,
        "nauc_ndcg_at_1000_diff1": -0.351333,
        "nauc_map_at_1_max": 0.43463,
        "nauc_map_at_1_std": -0.433571,
        "nauc_map_at_1_diff1": -0.299034,
        "nauc_map_at_3_max": 0.488657,
        "nauc_map_at_3_std": -0.424009,
        "nauc_map_at_3_diff1": -0.345325,
        "nauc_map_at_5_max": 0.499134,
        "nauc_map_at_5_std": -0.425323,
        "nauc_map_at_5_diff1": -0.346935,
        "nauc_map_at_10_max": 0.481864,
        "nauc_map_at_10_std": -0.416222,
        "nauc_map_at_10_diff1": -0.337867,
        "nauc_map_at_20_max": 0.465836,
        "nauc_map_at_20_std": -0.411013,
        "nauc_map_at_20_diff1": -0.334208,
        "nauc_map_at_100_max": 0.453998,
        "nauc_map_at_100_std": -0.411559,
        "nauc_map_at_100_diff1": -0.338922,
        "nauc_map_at_1000_max": 0.452155,
        "nauc_map_at_1000_std": -0.414438,
        "nauc_map_at_1000_diff1": -0.341991,
        "nauc_recall_at_1_max": 0.43463,
        "nauc_recall_at_1_std": -0.433571,
        "nauc_recall_at_1_diff1": -0.299034,
        "nauc_recall_at_3_max": 0.497115,
        "nauc_recall_at_3_std": -0.419265,
        "nauc_recall_at_3_diff1": -0.34873,
        "nauc_recall_at_5_max": 0.515214,
        "nauc_recall_at_5_std": -0.420189,
        "nauc_recall_at_5_diff1": -0.349297,
        "nauc_recall_at_10_max": 0.450056,
        "nauc_recall_at_10_std": -0.396932,
        "nauc_recall_at_10_diff1": -0.325383,
        "nauc_recall_at_20_max": 0.425432,
        "nauc_recall_at_20_std": -0.392827,
        "nauc_recall_at_20_diff1": -0.320428,
        "nauc_recall_at_100_max": 0.358264,
        "nauc_recall_at_100_std": -0.400282,
        "nauc_recall_at_100_diff1": -0.340929,
        "nauc_recall_at_1000_max": 0.319155,
        "nauc_recall_at_1000_std": -0.408617,
        "nauc_recall_at_1000_diff1": -0.337937,
        "nauc_precision_at_1_max": 0.452106,
        "nauc_precision_at_1_std": -0.435426,
        "nauc_precision_at_1_diff1": -0.298378,
        "nauc_precision_at_3_max": 0.500846,
        "nauc_precision_at_3_std": -0.419888,
        "nauc_precision_at_3_diff1": -0.351964,
        "nauc_precision_at_5_max": 0.516578,
        "nauc_precision_at_5_std": -0.420687,
        "nauc_precision_at_5_diff1": -0.352221,
        "nauc_precision_at_10_max": 0.450558,
        "nauc_precision_at_10_std": -0.397494,
        "nauc_precision_at_10_diff1": -0.326945,
        "nauc_precision_at_20_max": 0.426302,
        "nauc_precision_at_20_std": -0.394123,
        "nauc_precision_at_20_diff1": -0.323892,
        "nauc_precision_at_100_max": 0.354993,
        "nauc_precision_at_100_std": -0.401503,
        "nauc_precision_at_100_diff1": -0.343171,
        "nauc_precision_at_1000_max": 0.313558,
        "nauc_precision_at_1000_std": -0.409222,
        "nauc_precision_at_1000_diff1": -0.338176,
        "nauc_mrr_at_1_max": 0.452106,
        "nauc_mrr_at_1_std": -0.435426,
        "nauc_mrr_at_1_diff1": -0.298378,
        "nauc_mrr_at_3_max": 0.461709,
        "nauc_mrr_at_3_std": -0.422635,
        "nauc_mrr_at_3_diff1": -0.331409,
        "nauc_mrr_at_5_max": 0.472264,
        "nauc_mrr_at_5_std": -0.4234,
        "nauc_mrr_at_5_diff1": -0.333155,
        "nauc_mrr_at_10_max": 0.452294,
        "nauc_mrr_at_10_std": -0.415659,
        "nauc_mrr_at_10_diff1": -0.328567,
        "nauc_mrr_at_20_max": 0.446641,
        "nauc_mrr_at_20_std": -0.41339,
        "nauc_mrr_at_20_diff1": -0.32783,
        "nauc_mrr_at_100_max": 0.43627,
        "nauc_mrr_at_100_std": -0.41482,
        "nauc_mrr_at_100_diff1": -0.33295,
        "nauc_mrr_at_1000_max": 0.435586,
        "nauc_mrr_at_1000_std": -0.415464,
        "nauc_mrr_at_1000_diff1": -0.333223,
        "main_score": 0.01972,
        "hf_subset": "default",
        "languages": [
          "tur-Latn"
        ]
      }
    ]
  },
  "evaluation_time": 6.7159528732299805,
  "kg_co2_emissions": null
}