{
  "dataset_revision": "main",
  "task_name": "SciFactTR",
  "mteb_version": "1.31.3",
  "scores": {
    "test": [
      {
        "ndcg_at_1": 0.12333,
        "ndcg_at_3": 0.177,
        "ndcg_at_5": 0.18762,
        "ndcg_at_10": 0.20687,
        "ndcg_at_20": 0.22481,
        "ndcg_at_100": 0.25038,
        "ndcg_at_1000": 0.29288,
        "map_at_1": 0.11528,
        "map_at_3": 0.16014,
        "map_at_5": 0.16606,
        "map_at_10": 0.17415,
        "map_at_20": 0.179,
        "map_at_100": 0.1824,
        "map_at_1000": 0.18371,
        "recall_at_1": 0.11528,
        "recall_at_3": 0.21222,
        "recall_at_5": 0.24056,
        "recall_at_10": 0.29833,
        "recall_at_20": 0.37,
        "recall_at_100": 0.50694,
        "recall_at_1000": 0.84956,
        "precision_at_1": 0.12333,
        "precision_at_3": 0.07778,
        "precision_at_5": 0.05267,
        "precision_at_10": 0.03333,
        "precision_at_20": 0.0205,
        "precision_at_100": 0.00563,
        "precision_at_1000": 0.00096,
        "mrr_at_1": 0.123333,
        "mrr_at_3": 0.170556,
        "mrr_at_5": 0.176889,
        "mrr_at_10": 0.184684,
        "mrr_at_20": 0.189215,
        "mrr_at_100": 0.192569,
        "mrr_at_1000": 0.193808,
        "nauc_ndcg_at_1_max": 0.077085,
        "nauc_ndcg_at_1_std": -0.028331,
        "nauc_ndcg_at_1_diff1": 0.533844,
        "nauc_ndcg_at_3_max": 0.119649,
        "nauc_ndcg_at_3_std": -0.025035,
        "nauc_ndcg_at_3_diff1": 0.457292,
        "nauc_ndcg_at_5_max": 0.135452,
        "nauc_ndcg_at_5_std": -0.033128,
        "nauc_ndcg_at_5_diff1": 0.43487,
        "nauc_ndcg_at_10_max": 0.13831,
        "nauc_ndcg_at_10_std": -0.019445,
        "nauc_ndcg_at_10_diff1": 0.395632,
        "nauc_ndcg_at_20_max": 0.125797,
        "nauc_ndcg_at_20_std": -0.015219,
        "nauc_ndcg_at_20_diff1": 0.386515,
        "nauc_ndcg_at_100_max": 0.132846,
        "nauc_ndcg_at_100_std": -0.010864,
        "nauc_ndcg_at_100_diff1": 0.375858,
        "nauc_ndcg_at_1000_max": 0.132317,
        "nauc_ndcg_at_1000_std": -0.011367,
        "nauc_ndcg_at_1000_diff1": 0.393271,
        "nauc_map_at_1_max": 0.081716,
        "nauc_map_at_1_std": -0.042035,
        "nauc_map_at_1_diff1": 0.521175,
        "nauc_map_at_3_max": 0.109106,
        "nauc_map_at_3_std": -0.026702,
        "nauc_map_at_3_diff1": 0.468721,
        "nauc_map_at_5_max": 0.119973,
        "nauc_map_at_5_std": -0.031828,
        "nauc_map_at_5_diff1": 0.456206,
        "nauc_map_at_10_max": 0.121922,
        "nauc_map_at_10_std": -0.02448,
        "nauc_map_at_10_diff1": 0.437664,
        "nauc_map_at_20_max": 0.118712,
        "nauc_map_at_20_std": -0.022637,
        "nauc_map_at_20_diff1": 0.434279,
        "nauc_map_at_100_max": 0.120452,
        "nauc_map_at_100_std": -0.022274,
        "nauc_map_at_100_diff1": 0.432498,
        "nauc_map_at_1000_max": 0.120654,
        "nauc_map_at_1000_std": -0.022468,
        "nauc_map_at_1000_diff1": 0.433061,
        "nauc_recall_at_1_max": 0.081716,
        "nauc_recall_at_1_std": -0.042035,
        "nauc_recall_at_1_diff1": 0.521175,
        "nauc_recall_at_3_max": 0.128393,
        "nauc_recall_at_3_std": -0.027127,
        "nauc_recall_at_3_diff1": 0.41252,
        "nauc_recall_at_5_max": 0.170044,
        "nauc_recall_at_5_std": -0.045816,
        "nauc_recall_at_5_diff1": 0.365874,
        "nauc_recall_at_10_max": 0.16776,
        "nauc_recall_at_10_std": -0.019338,
        "nauc_recall_at_10_diff1": 0.273689,
        "nauc_recall_at_20_max": 0.124923,
        "nauc_recall_at_20_std": -0.009774,
        "nauc_recall_at_20_diff1": 0.249555,
        "nauc_recall_at_100_max": 0.148615,
        "nauc_recall_at_100_std": 0.009144,
        "nauc_recall_at_100_diff1": 0.195186,
        "nauc_recall_at_1000_max": 0.132109,
        "nauc_recall_at_1000_std": 0.053887,
        "nauc_recall_at_1000_diff1": 0.203009,
        "nauc_precision_at_1_max": 0.077085,
        "nauc_precision_at_1_std": -0.028331,
        "nauc_precision_at_1_diff1": 0.533844,
        "nauc_precision_at_3_max": 0.157399,
        "nauc_precision_at_3_std": -0.021978,
        "nauc_precision_at_3_diff1": 0.429158,
        "nauc_precision_at_5_max": 0.197448,
        "nauc_precision_at_5_std": -0.038832,
        "nauc_precision_at_5_diff1": 0.392118,
        "nauc_precision_at_10_max": 0.211926,
        "nauc_precision_at_10_std": 0.000532,
        "nauc_precision_at_10_diff1": 0.293324,
        "nauc_precision_at_20_max": 0.182173,
        "nauc_precision_at_20_std": 0.022634,
        "nauc_precision_at_20_diff1": 0.262845,
        "nauc_precision_at_100_max": 0.197769,
        "nauc_precision_at_100_std": 0.034814,
        "nauc_precision_at_100_diff1": 0.23589,
        "nauc_precision_at_1000_max": 0.19146,
        "nauc_precision_at_1000_std": 0.063265,
        "nauc_precision_at_1000_diff1": 0.221533,
        "nauc_mrr_at_1_max": 0.077085,
        "nauc_mrr_at_1_std": -0.028331,
        "nauc_mrr_at_1_diff1": 0.533844,
        "nauc_mrr_at_3_max": 0.104888,
        "nauc_mrr_at_3_std": -0.015039,
        "nauc_mrr_at_3_diff1": 0.477035,
        "nauc_mrr_at_5_max": 0.116154,
        "nauc_mrr_at_5_std": -0.019794,
        "nauc_mrr_at_5_diff1": 0.467387,
        "nauc_mrr_at_10_max": 0.118841,
        "nauc_mrr_at_10_std": -0.0104,
        "nauc_mrr_at_10_diff1": 0.451131,
        "nauc_mrr_at_20_max": 0.114436,
        "nauc_mrr_at_20_std": -0.010037,
        "nauc_mrr_at_20_diff1": 0.448551,
        "nauc_mrr_at_100_max": 0.115823,
        "nauc_mrr_at_100_std": -0.009193,
        "nauc_mrr_at_100_diff1": 0.446248,
        "nauc_mrr_at_1000_max": 0.116015,
        "nauc_mrr_at_1000_std": -0.009753,
        "nauc_mrr_at_1000_diff1": 0.446693,
        "main_score": 0.20687,
        "hf_subset": "default",
        "languages": [
          "tur-Latn"
        ]
      }
    ]
  },
  "evaluation_time": 1.6249291896820068,
  "kg_co2_emissions": null
}