{
  "dataset_revision": "main",
  "task_name": "SciFactTR",
  "mteb_version": "1.31.3",
  "scores": {
    "test": [
      {
        "ndcg_at_1": 0.3,
        "ndcg_at_3": 0.37055,
        "ndcg_at_5": 0.39265,
        "ndcg_at_10": 0.41996,
        "ndcg_at_20": 0.44663,
        "ndcg_at_100": 0.49346,
        "ndcg_at_1000": 0.50432,
        "map_at_1": 0.3,
        "map_at_3": 0.35444,
        "map_at_5": 0.36678,
        "map_at_10": 0.37826,
        "map_at_20": 0.38543,
        "map_at_100": 0.39135,
        "map_at_1000": 0.39185,
        "recall_at_1": 0.3,
        "recall_at_3": 0.41667,
        "recall_at_5": 0.47,
        "recall_at_10": 0.55333,
        "recall_at_20": 0.66,
        "recall_at_100": 0.92,
        "recall_at_1000": 1.0,
        "precision_at_1": 0.3,
        "precision_at_3": 0.13889,
        "precision_at_5": 0.094,
        "precision_at_10": 0.05533,
        "precision_at_20": 0.033,
        "precision_at_100": 0.0092,
        "precision_at_1000": 0.001,
        "mrr_at_1": 0.3,
        "mrr_at_3": 0.354444,
        "mrr_at_5": 0.366778,
        "mrr_at_10": 0.378265,
        "mrr_at_20": 0.385431,
        "mrr_at_100": 0.39135,
        "mrr_at_1000": 0.391852,
        "nauc_ndcg_at_1_max": 0.271171,
        "nauc_ndcg_at_1_std": -0.127393,
        "nauc_ndcg_at_1_diff1": 0.543494,
        "nauc_ndcg_at_3_max": 0.254956,
        "nauc_ndcg_at_3_std": -0.161796,
        "nauc_ndcg_at_3_diff1": 0.444963,
        "nauc_ndcg_at_5_max": 0.265169,
        "nauc_ndcg_at_5_std": -0.131697,
        "nauc_ndcg_at_5_diff1": 0.43102,
        "nauc_ndcg_at_10_max": 0.26308,
        "nauc_ndcg_at_10_std": -0.131998,
        "nauc_ndcg_at_10_diff1": 0.421025,
        "nauc_ndcg_at_20_max": 0.248047,
        "nauc_ndcg_at_20_std": -0.138505,
        "nauc_ndcg_at_20_diff1": 0.40752,
        "nauc_ndcg_at_100_max": 0.245878,
        "nauc_ndcg_at_100_std": -0.130798,
        "nauc_ndcg_at_100_diff1": 0.426129,
        "nauc_ndcg_at_1000_max": 0.254771,
        "nauc_ndcg_at_1000_std": -0.138205,
        "nauc_ndcg_at_1000_diff1": 0.436834,
        "nauc_map_at_1_max": 0.271171,
        "nauc_map_at_1_std": -0.127393,
        "nauc_map_at_1_diff1": 0.543494,
        "nauc_map_at_3_max": 0.257896,
        "nauc_map_at_3_std": -0.154921,
        "nauc_map_at_3_diff1": 0.466896,
        "nauc_map_at_5_max": 0.263086,
        "nauc_map_at_5_std": -0.138124,
        "nauc_map_at_5_diff1": 0.458739,
        "nauc_map_at_10_max": 0.262153,
        "nauc_map_at_10_std": -0.139371,
        "nauc_map_at_10_diff1": 0.455644,
        "nauc_map_at_20_max": 0.258238,
        "nauc_map_at_20_std": -0.140644,
        "nauc_map_at_20_diff1": 0.452299,
        "nauc_map_at_100_max": 0.25862,
        "nauc_map_at_100_std": -0.139887,
        "nauc_map_at_100_diff1": 0.455019,
        "nauc_map_at_1000_max": 0.258889,
        "nauc_map_at_1000_std": -0.14022,
        "nauc_map_at_1000_diff1": 0.455496,
        "nauc_recall_at_1_max": 0.271171,
        "nauc_recall_at_1_std": -0.127393,
        "nauc_recall_at_1_diff1": 0.543494,
        "nauc_recall_at_3_max": 0.247004,
        "nauc_recall_at_3_std": -0.180727,
        "nauc_recall_at_3_diff1": 0.383498,
        "nauc_recall_at_5_max": 0.273606,
        "nauc_recall_at_5_std": -0.108458,
        "nauc_recall_at_5_diff1": 0.350712,
        "nauc_recall_at_10_max": 0.267876,
        "nauc_recall_at_10_std": -0.101669,
        "nauc_recall_at_10_diff1": 0.3089,
        "nauc_recall_at_20_max": 0.1976,
        "nauc_recall_at_20_std": -0.131435,
        "nauc_recall_at_20_diff1": 0.226797,
        "nauc_recall_at_100_max": -0.006944,
        "nauc_recall_at_100_std": 0.057423,
        "nauc_recall_at_100_diff1": 0.147837,
        "nauc_recall_at_1000_max": NaN,
        "nauc_recall_at_1000_std": NaN,
        "nauc_recall_at_1000_diff1": NaN,
        "nauc_precision_at_1_max": 0.271171,
        "nauc_precision_at_1_std": -0.127393,
        "nauc_precision_at_1_diff1": 0.543494,
        "nauc_precision_at_3_max": 0.247004,
        "nauc_precision_at_3_std": -0.180727,
        "nauc_precision_at_3_diff1": 0.383498,
        "nauc_precision_at_5_max": 0.273606,
        "nauc_precision_at_5_std": -0.108458,
        "nauc_precision_at_5_diff1": 0.350712,
        "nauc_precision_at_10_max": 0.267876,
        "nauc_precision_at_10_std": -0.101669,
        "nauc_precision_at_10_diff1": 0.3089,
        "nauc_precision_at_20_max": 0.1976,
        "nauc_precision_at_20_std": -0.131435,
        "nauc_precision_at_20_diff1": 0.226797,
        "nauc_precision_at_100_max": -0.006944,
        "nauc_precision_at_100_std": 0.057423,
        "nauc_precision_at_100_diff1": 0.147837,
        "nauc_precision_at_1000_max": 1.0,
        "nauc_precision_at_1000_std": 1.0,
        "nauc_precision_at_1000_diff1": 1.0,
        "nauc_mrr_at_1_max": 0.271171,
        "nauc_mrr_at_1_std": -0.127393,
        "nauc_mrr_at_1_diff1": 0.543494,
        "nauc_mrr_at_3_max": 0.257896,
        "nauc_mrr_at_3_std": -0.154921,
        "nauc_mrr_at_3_diff1": 0.466896,
        "nauc_mrr_at_5_max": 0.263086,
        "nauc_mrr_at_5_std": -0.138124,
        "nauc_mrr_at_5_diff1": 0.458739,
        "nauc_mrr_at_10_max": 0.262153,
        "nauc_mrr_at_10_std": -0.139371,
        "nauc_mrr_at_10_diff1": 0.455644,
        "nauc_mrr_at_20_max": 0.258238,
        "nauc_mrr_at_20_std": -0.140644,
        "nauc_mrr_at_20_diff1": 0.452299,
        "nauc_mrr_at_100_max": 0.25862,
        "nauc_mrr_at_100_std": -0.139887,
        "nauc_mrr_at_100_diff1": 0.455019,
        "nauc_mrr_at_1000_max": 0.258889,
        "nauc_mrr_at_1000_std": -0.14022,
        "nauc_mrr_at_1000_diff1": 0.455496,
        "main_score": 0.41996,
        "hf_subset": "default",
        "languages": [
          "tur-Latn"
        ]
      }
    ]
  },
  "evaluation_time": 0.15838217735290527,
  "kg_co2_emissions": null
}