{
  "dataset_revision": "main",
  "task_name": "SquadTRRetrieval",
  "mteb_version": "1.31.3",
  "scores": {
    "test": [
      {
        "ndcg_at_1": 0.29598,
        "ndcg_at_3": 0.38321,
        "ndcg_at_5": 0.41229,
        "ndcg_at_10": 0.44393,
        "ndcg_at_20": 0.46712,
        "ndcg_at_100": 0.49821,
        "ndcg_at_1000": 0.51359,
        "map_at_1": 0.29598,
        "map_at_3": 0.3615,
        "map_at_5": 0.37767,
        "map_at_10": 0.39085,
        "map_at_20": 0.39722,
        "map_at_100": 0.40154,
        "map_at_1000": 0.40211,
        "recall_at_1": 0.29598,
        "recall_at_3": 0.44615,
        "recall_at_5": 0.51658,
        "recall_at_10": 0.6138,
        "recall_at_20": 0.70546,
        "recall_at_100": 0.87287,
        "recall_at_1000": 0.99421,
        "precision_at_1": 0.29598,
        "precision_at_3": 0.14872,
        "precision_at_5": 0.10332,
        "precision_at_10": 0.06138,
        "precision_at_20": 0.03527,
        "precision_at_100": 0.00873,
        "precision_at_1000": 0.00099,
        "mrr_at_1": 0.295984,
        "mrr_at_3": 0.361496,
        "mrr_at_5": 0.377671,
        "mrr_at_10": 0.39085,
        "mrr_at_20": 0.397224,
        "mrr_at_100": 0.401536,
        "mrr_at_1000": 0.402108,
        "nauc_ndcg_at_1_max": 0.190811,
        "nauc_ndcg_at_1_std": 0.032102,
        "nauc_ndcg_at_1_diff1": 0.432308,
        "nauc_ndcg_at_3_max": 0.191516,
        "nauc_ndcg_at_3_std": 0.045515,
        "nauc_ndcg_at_3_diff1": 0.37567,
        "nauc_ndcg_at_5_max": 0.198133,
        "nauc_ndcg_at_5_std": 0.053754,
        "nauc_ndcg_at_5_diff1": 0.368131,
        "nauc_ndcg_at_10_max": 0.201131,
        "nauc_ndcg_at_10_std": 0.061486,
        "nauc_ndcg_at_10_diff1": 0.362525,
        "nauc_ndcg_at_20_max": 0.20279,
        "nauc_ndcg_at_20_std": 0.06623,
        "nauc_ndcg_at_20_diff1": 0.361641,
        "nauc_ndcg_at_100_max": 0.202578,
        "nauc_ndcg_at_100_std": 0.068331,
        "nauc_ndcg_at_100_diff1": 0.368073,
        "nauc_ndcg_at_1000_max": 0.199833,
        "nauc_ndcg_at_1000_std": 0.06072,
        "nauc_ndcg_at_1000_diff1": 0.372349,
        "nauc_map_at_1_max": 0.190811,
        "nauc_map_at_1_std": 0.032102,
        "nauc_map_at_1_diff1": 0.432308,
        "nauc_map_at_3_max": 0.191351,
        "nauc_map_at_3_std": 0.042112,
        "nauc_map_at_3_diff1": 0.388461,
        "nauc_map_at_5_max": 0.195066,
        "nauc_map_at_5_std": 0.046643,
        "nauc_map_at_5_diff1": 0.384305,
        "nauc_map_at_10_max": 0.196256,
        "nauc_map_at_10_std": 0.049687,
        "nauc_map_at_10_diff1": 0.382141,
        "nauc_map_at_20_max": 0.196721,
        "nauc_map_at_20_std": 0.050894,
        "nauc_map_at_20_diff1": 0.382152,
        "nauc_map_at_100_max": 0.196647,
        "nauc_map_at_100_std": 0.051064,
        "nauc_map_at_100_diff1": 0.383041,
        "nauc_map_at_1000_max": 0.196536,
        "nauc_map_at_1000_std": 0.05084,
        "nauc_map_at_1000_diff1": 0.383187,
        "nauc_recall_at_1_max": 0.190811,
        "nauc_recall_at_1_std": 0.032102,
        "nauc_recall_at_1_diff1": 0.432308,
        "nauc_recall_at_3_max": 0.191985,
        "nauc_recall_at_3_std": 0.055259,
        "nauc_recall_at_3_diff1": 0.339636,
        "nauc_recall_at_5_max": 0.207986,
        "nauc_recall_at_5_std": 0.075811,
        "nauc_recall_at_5_diff1": 0.320206,
        "nauc_recall_at_10_max": 0.219146,
        "nauc_recall_at_10_std": 0.104461,
        "nauc_recall_at_10_diff1": 0.296232,
        "nauc_recall_at_20_max": 0.230207,
        "nauc_recall_at_20_std": 0.13586,
        "nauc_recall_at_20_diff1": 0.278071,
        "nauc_recall_at_100_max": 0.255885,
        "nauc_recall_at_100_std": 0.234414,
        "nauc_recall_at_100_diff1": 0.276971,
        "nauc_recall_at_1000_max": 0.329055,
        "nauc_recall_at_1000_std": 0.52761,
        "nauc_recall_at_1000_diff1": 0.107505,
        "nauc_precision_at_1_max": 0.190811,
        "nauc_precision_at_1_std": 0.032102,
        "nauc_precision_at_1_diff1": 0.432308,
        "nauc_precision_at_3_max": 0.191985,
        "nauc_precision_at_3_std": 0.055259,
        "nauc_precision_at_3_diff1": 0.339636,
        "nauc_precision_at_5_max": 0.207986,
        "nauc_precision_at_5_std": 0.075811,
        "nauc_precision_at_5_diff1": 0.320206,
        "nauc_precision_at_10_max": 0.219146,
        "nauc_precision_at_10_std": 0.104461,
        "nauc_precision_at_10_diff1": 0.296232,
        "nauc_precision_at_20_max": 0.230207,
        "nauc_precision_at_20_std": 0.13586,
        "nauc_precision_at_20_diff1": 0.278071,
        "nauc_precision_at_100_max": 0.255885,
        "nauc_precision_at_100_std": 0.234414,
        "nauc_precision_at_100_diff1": 0.276971,
        "nauc_precision_at_1000_max": 0.329055,
        "nauc_precision_at_1000_std": 0.52761,
        "nauc_precision_at_1000_diff1": 0.107505,
        "nauc_mrr_at_1_max": 0.190811,
        "nauc_mrr_at_1_std": 0.032102,
        "nauc_mrr_at_1_diff1": 0.432308,
        "nauc_mrr_at_3_max": 0.191351,
        "nauc_mrr_at_3_std": 0.042112,
        "nauc_mrr_at_3_diff1": 0.388461,
        "nauc_mrr_at_5_max": 0.195066,
        "nauc_mrr_at_5_std": 0.046643,
        "nauc_mrr_at_5_diff1": 0.384305,
        "nauc_mrr_at_10_max": 0.196256,
        "nauc_mrr_at_10_std": 0.049687,
        "nauc_mrr_at_10_diff1": 0.382141,
        "nauc_mrr_at_20_max": 0.196721,
        "nauc_mrr_at_20_std": 0.050894,
        "nauc_mrr_at_20_diff1": 0.382152,
        "nauc_mrr_at_100_max": 0.196647,
        "nauc_mrr_at_100_std": 0.051064,
        "nauc_mrr_at_100_diff1": 0.383041,
        "nauc_mrr_at_1000_max": 0.196536,
        "nauc_mrr_at_1000_std": 0.05084,
        "nauc_mrr_at_1000_diff1": 0.383187,
        "main_score": 0.44393,
        "hf_subset": "default",
        "languages": [
          "tur-Latn"
        ]
      }
    ]
  },
  "evaluation_time": 7.367810010910034,
  "kg_co2_emissions": null
}