{
  "dataset_revision": "51adfef1c1287aab1d2d91b5bead9bcfb9c68583",
  "task_name": "XQuADRetrieval",
  "mteb_version": "1.31.3",
  "scores": {
    "validation": [
      {
        "ndcg_at_1": 0.57601,
        "ndcg_at_3": 0.671,
        "ndcg_at_5": 0.69796,
        "ndcg_at_10": 0.71799,
        "ndcg_at_20": 0.72974,
        "ndcg_at_100": 0.74318,
        "ndcg_at_1000": 0.74577,
        "map_at_1": 0.57601,
        "map_at_3": 0.64879,
        "map_at_5": 0.66365,
        "map_at_10": 0.67197,
        "map_at_20": 0.67519,
        "map_at_100": 0.67704,
        "map_at_1000": 0.67717,
        "recall_at_1": 0.57601,
        "recall_at_3": 0.7348,
        "recall_at_5": 0.80068,
        "recall_at_10": 0.86233,
        "recall_at_20": 0.90878,
        "recall_at_100": 0.98142,
        "recall_at_1000": 1.0,
        "precision_at_1": 0.57601,
        "precision_at_3": 0.24493,
        "precision_at_5": 0.16014,
        "precision_at_10": 0.08623,
        "precision_at_20": 0.04544,
        "precision_at_100": 0.00981,
        "precision_at_1000": 0.001,
        "mrr_at_1": 0.576014,
        "mrr_at_3": 0.648789,
        "mrr_at_5": 0.663654,
        "mrr_at_10": 0.671971,
        "mrr_at_20": 0.675192,
        "mrr_at_100": 0.677042,
        "mrr_at_1000": 0.677173,
        "nauc_ndcg_at_1_max": 0.354299,
        "nauc_ndcg_at_1_std": 0.049852,
        "nauc_ndcg_at_1_diff1": 0.639155,
        "nauc_ndcg_at_3_max": 0.353227,
        "nauc_ndcg_at_3_std": 0.053083,
        "nauc_ndcg_at_3_diff1": 0.617348,
        "nauc_ndcg_at_5_max": 0.338571,
        "nauc_ndcg_at_5_std": 0.061389,
        "nauc_ndcg_at_5_diff1": 0.601021,
        "nauc_ndcg_at_10_max": 0.335365,
        "nauc_ndcg_at_10_std": 0.068927,
        "nauc_ndcg_at_10_diff1": 0.601605,
        "nauc_ndcg_at_20_max": 0.331264,
        "nauc_ndcg_at_20_std": 0.061452,
        "nauc_ndcg_at_20_diff1": 0.601625,
        "nauc_ndcg_at_100_max": 0.339896,
        "nauc_ndcg_at_100_std": 0.064585,
        "nauc_ndcg_at_100_diff1": 0.609102,
        "nauc_ndcg_at_1000_max": 0.341572,
        "nauc_ndcg_at_1000_std": 0.059973,
        "nauc_ndcg_at_1000_diff1": 0.610929,
        "nauc_map_at_1_max": 0.354299,
        "nauc_map_at_1_std": 0.049852,
        "nauc_map_at_1_diff1": 0.639155,
        "nauc_map_at_3_max": 0.353837,
        "nauc_map_at_3_std": 0.052019,
        "nauc_map_at_3_diff1": 0.622582,
        "nauc_map_at_5_max": 0.34667,
        "nauc_map_at_5_std": 0.056333,
        "nauc_map_at_5_diff1": 0.614459,
        "nauc_map_at_10_max": 0.346467,
        "nauc_map_at_10_std": 0.059573,
        "nauc_map_at_10_diff1": 0.61512,
        "nauc_map_at_20_max": 0.345533,
        "nauc_map_at_20_std": 0.057559,
        "nauc_map_at_20_diff1": 0.615222,
        "nauc_map_at_100_max": 0.346277,
        "nauc_map_at_100_std": 0.057515,
        "nauc_map_at_100_diff1": 0.616239,
        "nauc_map_at_1000_max": 0.346362,
        "nauc_map_at_1000_std": 0.057331,
        "nauc_map_at_1000_diff1": 0.616318,
        "nauc_recall_at_1_max": 0.354299,
        "nauc_recall_at_1_std": 0.049852,
        "nauc_recall_at_1_diff1": 0.639155,
        "nauc_recall_at_3_max": 0.350941,
        "nauc_recall_at_3_std": 0.056887,
        "nauc_recall_at_3_diff1": 0.599449,
        "nauc_recall_at_5_max": 0.300575,
        "nauc_recall_at_5_std": 0.084375,
        "nauc_recall_at_5_diff1": 0.541349,
        "nauc_recall_at_10_max": 0.260083,
        "nauc_recall_at_10_std": 0.128015,
        "nauc_recall_at_10_diff1": 0.519538,
        "nauc_recall_at_20_max": 0.188263,
        "nauc_recall_at_20_std": 0.085952,
        "nauc_recall_at_20_diff1": 0.483712,
        "nauc_recall_at_100_max": 0.213089,
        "nauc_recall_at_100_std": 0.437092,
        "nauc_recall_at_100_diff1": 0.464444,
        "nauc_recall_at_1000_max": NaN,
        "nauc_recall_at_1000_std": NaN,
        "nauc_recall_at_1000_diff1": NaN,
        "nauc_precision_at_1_max": 0.354299,
        "nauc_precision_at_1_std": 0.049852,
        "nauc_precision_at_1_diff1": 0.639155,
        "nauc_precision_at_3_max": 0.350941,
        "nauc_precision_at_3_std": 0.056887,
        "nauc_precision_at_3_diff1": 0.599449,
        "nauc_precision_at_5_max": 0.300575,
        "nauc_precision_at_5_std": 0.084375,
        "nauc_precision_at_5_diff1": 0.541349,
        "nauc_precision_at_10_max": 0.260083,
        "nauc_precision_at_10_std": 0.128015,
        "nauc_precision_at_10_diff1": 0.519538,
        "nauc_precision_at_20_max": 0.188263,
        "nauc_precision_at_20_std": 0.085952,
        "nauc_precision_at_20_diff1": 0.483712,
        "nauc_precision_at_100_max": 0.213089,
        "nauc_precision_at_100_std": 0.437092,
        "nauc_precision_at_100_diff1": 0.464444,
        "nauc_precision_at_1000_max": 1.0,
        "nauc_precision_at_1000_std": 1.0,
        "nauc_precision_at_1000_diff1": 1.0,
        "nauc_mrr_at_1_max": 0.354299,
        "nauc_mrr_at_1_std": 0.049852,
        "nauc_mrr_at_1_diff1": 0.639155,
        "nauc_mrr_at_3_max": 0.353837,
        "nauc_mrr_at_3_std": 0.052019,
        "nauc_mrr_at_3_diff1": 0.622582,
        "nauc_mrr_at_5_max": 0.34667,
        "nauc_mrr_at_5_std": 0.056333,
        "nauc_mrr_at_5_diff1": 0.614459,
        "nauc_mrr_at_10_max": 0.346467,
        "nauc_mrr_at_10_std": 0.059573,
        "nauc_mrr_at_10_diff1": 0.61512,
        "nauc_mrr_at_20_max": 0.345533,
        "nauc_mrr_at_20_std": 0.057559,
        "nauc_mrr_at_20_diff1": 0.615222,
        "nauc_mrr_at_100_max": 0.346277,
        "nauc_mrr_at_100_std": 0.057515,
        "nauc_mrr_at_100_diff1": 0.616239,
        "nauc_mrr_at_1000_max": 0.346362,
        "nauc_mrr_at_1000_std": 0.057331,
        "nauc_mrr_at_1000_diff1": 0.616318,
        "main_score": 0.71799,
        "hf_subset": "tr",
        "languages": [
          "tur-Latn"
        ]
      }
    ]
  },
  "evaluation_time": 0.36368727684020996,
  "kg_co2_emissions": null
}