{
  "dataset_revision": "main",
  "task_name": "FiQA2018TR",
  "mteb_version": "1.31.3",
  "scores": {
    "test": [
      {
        "ndcg_at_1": 0.14506,
        "ndcg_at_3": 0.20574,
        "ndcg_at_5": 0.22499,
        "ndcg_at_10": 0.25454,
        "ndcg_at_20": 0.27287,
        "ndcg_at_100": 0.31033,
        "ndcg_at_1000": 0.34594,
        "map_at_1": 0.14506,
        "map_at_3": 0.18956,
        "map_at_5": 0.19997,
        "map_at_10": 0.21194,
        "map_at_20": 0.21697,
        "map_at_100": 0.22212,
        "map_at_1000": 0.22338,
        "recall_at_1": 0.14506,
        "recall_at_3": 0.25309,
        "recall_at_5": 0.30093,
        "recall_at_10": 0.39352,
        "recall_at_20": 0.46605,
        "recall_at_100": 0.66821,
        "recall_at_1000": 0.9537,
        "precision_at_1": 0.14506,
        "precision_at_3": 0.08436,
        "precision_at_5": 0.06019,
        "precision_at_10": 0.03935,
        "precision_at_20": 0.0233,
        "precision_at_100": 0.00668,
        "precision_at_1000": 0.00095,
        "mrr_at_1": 0.145062,
        "mrr_at_3": 0.189558,
        "mrr_at_5": 0.199974,
        "mrr_at_10": 0.211937,
        "mrr_at_20": 0.216966,
        "mrr_at_100": 0.222124,
        "mrr_at_1000": 0.223375,
        "nauc_ndcg_at_1_max": 0.104065,
        "nauc_ndcg_at_1_std": -0.13507,
        "nauc_ndcg_at_1_diff1": 0.268906,
        "nauc_ndcg_at_3_max": 0.087244,
        "nauc_ndcg_at_3_std": -0.126035,
        "nauc_ndcg_at_3_diff1": 0.244786,
        "nauc_ndcg_at_5_max": 0.098268,
        "nauc_ndcg_at_5_std": -0.105849,
        "nauc_ndcg_at_5_diff1": 0.242123,
        "nauc_ndcg_at_10_max": 0.092298,
        "nauc_ndcg_at_10_std": -0.115355,
        "nauc_ndcg_at_10_diff1": 0.227276,
        "nauc_ndcg_at_20_max": 0.110089,
        "nauc_ndcg_at_20_std": -0.092932,
        "nauc_ndcg_at_20_diff1": 0.217438,
        "nauc_ndcg_at_100_max": 0.111768,
        "nauc_ndcg_at_100_std": -0.081609,
        "nauc_ndcg_at_100_diff1": 0.225949,
        "nauc_ndcg_at_1000_max": 0.109725,
        "nauc_ndcg_at_1000_std": -0.090251,
        "nauc_ndcg_at_1000_diff1": 0.230763,
        "nauc_map_at_1_max": 0.104065,
        "nauc_map_at_1_std": -0.13507,
        "nauc_map_at_1_diff1": 0.268906,
        "nauc_map_at_3_max": 0.090932,
        "nauc_map_at_3_std": -0.127387,
        "nauc_map_at_3_diff1": 0.250968,
        "nauc_map_at_5_max": 0.097679,
        "nauc_map_at_5_std": -0.116071,
        "nauc_map_at_5_diff1": 0.24972,
        "nauc_map_at_10_max": 0.095081,
        "nauc_map_at_10_std": -0.120509,
        "nauc_map_at_10_diff1": 0.243156,
        "nauc_map_at_20_max": 0.100755,
        "nauc_map_at_20_std": -0.113215,
        "nauc_map_at_20_diff1": 0.240425,
        "nauc_map_at_100_max": 0.101471,
        "nauc_map_at_100_std": -0.111149,
        "nauc_map_at_100_diff1": 0.241217,
        "nauc_map_at_1000_max": 0.101352,
        "nauc_map_at_1000_std": -0.111265,
        "nauc_map_at_1000_diff1": 0.241433,
        "nauc_recall_at_1_max": 0.104065,
        "nauc_recall_at_1_std": -0.13507,
        "nauc_recall_at_1_diff1": 0.268906,
        "nauc_recall_at_3_max": 0.078266,
        "nauc_recall_at_3_std": -0.122946,
        "nauc_recall_at_3_diff1": 0.229452,
        "nauc_recall_at_5_max": 0.100504,
        "nauc_recall_at_5_std": -0.079768,
        "nauc_recall_at_5_diff1": 0.223683,
        "nauc_recall_at_10_max": 0.085043,
        "nauc_recall_at_10_std": -0.103918,
        "nauc_recall_at_10_diff1": 0.186574,
        "nauc_recall_at_20_max": 0.14084,
        "nauc_recall_at_20_std": -0.034095,
        "nauc_recall_at_20_diff1": 0.152672,
        "nauc_recall_at_100_max": 0.151686,
        "nauc_recall_at_100_std": 0.035912,
        "nauc_recall_at_100_diff1": 0.188939,
        "nauc_recall_at_1000_max": 0.264006,
        "nauc_recall_at_1000_std": 0.166248,
        "nauc_recall_at_1000_diff1": 0.23092,
        "nauc_precision_at_1_max": 0.104065,
        "nauc_precision_at_1_std": -0.13507,
        "nauc_precision_at_1_diff1": 0.268906,
        "nauc_precision_at_3_max": 0.078266,
        "nauc_precision_at_3_std": -0.122946,
        "nauc_precision_at_3_diff1": 0.229452,
        "nauc_precision_at_5_max": 0.100504,
        "nauc_precision_at_5_std": -0.079768,
        "nauc_precision_at_5_diff1": 0.223683,
        "nauc_precision_at_10_max": 0.085043,
        "nauc_precision_at_10_std": -0.103918,
        "nauc_precision_at_10_diff1": 0.186574,
        "nauc_precision_at_20_max": 0.14084,
        "nauc_precision_at_20_std": -0.034095,
        "nauc_precision_at_20_diff1": 0.152672,
        "nauc_precision_at_100_max": 0.151686,
        "nauc_precision_at_100_std": 0.035912,
        "nauc_precision_at_100_diff1": 0.188939,
        "nauc_precision_at_1000_max": 0.264006,
        "nauc_precision_at_1000_std": 0.166248,
        "nauc_precision_at_1000_diff1": 0.23092,
        "nauc_mrr_at_1_max": 0.104065,
        "nauc_mrr_at_1_std": -0.13507,
        "nauc_mrr_at_1_diff1": 0.268906,
        "nauc_mrr_at_3_max": 0.090932,
        "nauc_mrr_at_3_std": -0.127387,
        "nauc_mrr_at_3_diff1": 0.250968,
        "nauc_mrr_at_5_max": 0.097679,
        "nauc_mrr_at_5_std": -0.116071,
        "nauc_mrr_at_5_diff1": 0.24972,
        "nauc_mrr_at_10_max": 0.095081,
        "nauc_mrr_at_10_std": -0.120509,
        "nauc_mrr_at_10_diff1": 0.243156,
        "nauc_mrr_at_20_max": 0.100755,
        "nauc_mrr_at_20_std": -0.113215,
        "nauc_mrr_at_20_diff1": 0.240425,
        "nauc_mrr_at_100_max": 0.101471,
        "nauc_mrr_at_100_std": -0.111149,
        "nauc_mrr_at_100_diff1": 0.241217,
        "nauc_mrr_at_1000_max": 0.101352,
        "nauc_mrr_at_1000_std": -0.111265,
        "nauc_mrr_at_1000_diff1": 0.241433,
        "main_score": 0.25454,
        "hf_subset": "default",
        "languages": [
          "tur-Latn"
        ]
      }
    ]
  },
  "evaluation_time": 3.3344016075134277,
  "kg_co2_emissions": null
}