{
  "dataset_revision": "main",
  "task_name": "MSMarcoTRRetrieval",
  "mteb_version": "1.31.3",
  "scores": {
    "test": [
      {
        "ndcg_at_1": 0.40147,
        "ndcg_at_3": 0.44836,
        "ndcg_at_5": 0.45992,
        "ndcg_at_10": 0.47055,
        "ndcg_at_20": 0.47526,
        "ndcg_at_100": 0.48032,
        "ndcg_at_1000": 0.48205,
        "map_at_1": 0.40147,
        "map_at_3": 0.437,
        "map_at_5": 0.44346,
        "map_at_10": 0.44786,
        "map_at_20": 0.44916,
        "map_at_100": 0.44989,
        "map_at_1000": 0.44995,
        "recall_at_1": 0.40147,
        "recall_at_3": 0.48117,
        "recall_at_5": 0.50905,
        "recall_at_10": 0.54181,
        "recall_at_20": 0.56039,
        "recall_at_100": 0.58729,
        "recall_at_1000": 0.60098,
        "precision_at_1": 0.40147,
        "precision_at_3": 0.16039,
        "precision_at_5": 0.10181,
        "precision_at_10": 0.05418,
        "precision_at_20": 0.02802,
        "precision_at_100": 0.00587,
        "precision_at_1000": 0.0006,
        "mrr_at_1": 0.401467,
        "mrr_at_3": 0.437001,
        "mrr_at_5": 0.443456,
        "mrr_at_10": 0.447864,
        "mrr_at_20": 0.449164,
        "mrr_at_100": 0.449885,
        "mrr_at_1000": 0.44995,
        "nauc_ndcg_at_1_max": 0.659122,
        "nauc_ndcg_at_1_std": -0.057465,
        "nauc_ndcg_at_1_diff1": 0.72381,
        "nauc_ndcg_at_3_max": 0.653578,
        "nauc_ndcg_at_3_std": -0.027734,
        "nauc_ndcg_at_3_diff1": 0.670429,
        "nauc_ndcg_at_5_max": 0.647628,
        "nauc_ndcg_at_5_std": -0.016543,
        "nauc_ndcg_at_5_diff1": 0.655116,
        "nauc_ndcg_at_10_max": 0.644655,
        "nauc_ndcg_at_10_std": -0.009041,
        "nauc_ndcg_at_10_diff1": 0.647615,
        "nauc_ndcg_at_20_max": 0.640271,
        "nauc_ndcg_at_20_std": -0.007633,
        "nauc_ndcg_at_20_diff1": 0.643206,
        "nauc_ndcg_at_100_max": 0.635422,
        "nauc_ndcg_at_100_std": -0.003657,
        "nauc_ndcg_at_100_diff1": 0.638234,
        "nauc_ndcg_at_1000_max": 0.633535,
        "nauc_ndcg_at_1000_std": -0.003535,
        "nauc_ndcg_at_1000_diff1": 0.637045,
        "nauc_map_at_1_max": 0.659122,
        "nauc_map_at_1_std": -0.057465,
        "nauc_map_at_1_diff1": 0.72381,
        "nauc_map_at_3_max": 0.655167,
        "nauc_map_at_3_std": -0.03475,
        "nauc_map_at_3_diff1": 0.683369,
        "nauc_map_at_5_max": 0.651809,
        "nauc_map_at_5_std": -0.028473,
        "nauc_map_at_5_diff1": 0.67479,
        "nauc_map_at_10_max": 0.650593,
        "nauc_map_at_10_std": -0.025537,
        "nauc_map_at_10_diff1": 0.671773,
        "nauc_map_at_20_max": 0.649444,
        "nauc_map_at_20_std": -0.025118,
        "nauc_map_at_20_diff1": 0.67062,
        "nauc_map_at_100_max": 0.648796,
        "nauc_map_at_100_std": -0.02459,
        "nauc_map_at_100_diff1": 0.669928,
        "nauc_map_at_1000_max": 0.648741,
        "nauc_map_at_1000_std": -0.02457,
        "nauc_map_at_1000_diff1": 0.669889,
        "nauc_recall_at_1_max": 0.659122,
        "nauc_recall_at_1_std": -0.057465,
        "nauc_recall_at_1_diff1": 0.72381,
        "nauc_recall_at_3_max": 0.648821,
        "nauc_recall_at_3_std": -0.007278,
        "nauc_recall_at_3_diff1": 0.632552,
        "nauc_recall_at_5_max": 0.634354,
        "nauc_recall_at_5_std": 0.020226,
        "nauc_recall_at_5_diff1": 0.59477,
        "nauc_recall_at_10_max": 0.624393,
        "nauc_recall_at_10_std": 0.046132,
        "nauc_recall_at_10_diff1": 0.56869,
        "nauc_recall_at_20_max": 0.605361,
        "nauc_recall_at_20_std": 0.052658,
        "nauc_recall_at_20_diff1": 0.548529,
        "nauc_recall_at_100_max": 0.575844,
        "nauc_recall_at_100_std": 0.077601,
        "nauc_recall_at_100_diff1": 0.517111,
        "nauc_recall_at_1000_max": 0.557674,
        "nauc_recall_at_1000_std": 0.079021,
        "nauc_recall_at_1000_diff1": 0.504685,
        "nauc_precision_at_1_max": 0.659122,
        "nauc_precision_at_1_std": -0.057465,
        "nauc_precision_at_1_diff1": 0.72381,
        "nauc_precision_at_3_max": 0.648821,
        "nauc_precision_at_3_std": -0.007278,
        "nauc_precision_at_3_diff1": 0.632552,
        "nauc_precision_at_5_max": 0.634354,
        "nauc_precision_at_5_std": 0.020226,
        "nauc_precision_at_5_diff1": 0.59477,
        "nauc_precision_at_10_max": 0.624393,
        "nauc_precision_at_10_std": 0.046132,
        "nauc_precision_at_10_diff1": 0.56869,
        "nauc_precision_at_20_max": 0.605361,
        "nauc_precision_at_20_std": 0.052658,
        "nauc_precision_at_20_diff1": 0.548529,
        "nauc_precision_at_100_max": 0.575844,
        "nauc_precision_at_100_std": 0.077601,
        "nauc_precision_at_100_diff1": 0.517111,
        "nauc_precision_at_1000_max": 0.557674,
        "nauc_precision_at_1000_std": 0.079021,
        "nauc_precision_at_1000_diff1": 0.504685,
        "nauc_mrr_at_1_max": 0.659122,
        "nauc_mrr_at_1_std": -0.057465,
        "nauc_mrr_at_1_diff1": 0.72381,
        "nauc_mrr_at_3_max": 0.655167,
        "nauc_mrr_at_3_std": -0.03475,
        "nauc_mrr_at_3_diff1": 0.683369,
        "nauc_mrr_at_5_max": 0.651809,
        "nauc_mrr_at_5_std": -0.028473,
        "nauc_mrr_at_5_diff1": 0.67479,
        "nauc_mrr_at_10_max": 0.650593,
        "nauc_mrr_at_10_std": -0.025537,
        "nauc_mrr_at_10_diff1": 0.671773,
        "nauc_mrr_at_20_max": 0.649444,
        "nauc_mrr_at_20_std": -0.025118,
        "nauc_mrr_at_20_diff1": 0.67062,
        "nauc_mrr_at_100_max": 0.648796,
        "nauc_mrr_at_100_std": -0.02459,
        "nauc_mrr_at_100_diff1": 0.669928,
        "nauc_mrr_at_1000_max": 0.648741,
        "nauc_mrr_at_1000_std": -0.02457,
        "nauc_mrr_at_1000_diff1": 0.669889,
        "main_score": 0.47055,
        "hf_subset": "default",
        "languages": [
          "tur-Latn"
        ]
      }
    ]
  },
  "evaluation_time": 5.722735166549683,
  "kg_co2_emissions": null
}