{
  "dataset_revision": "main",
  "task_name": "SCIDOCSTR",
  "mteb_version": "1.31.3",
  "scores": {
    "test": [
      {
        "ndcg_at_1": 0.01338,
        "ndcg_at_3": 0.0232,
        "ndcg_at_5": 0.02555,
        "ndcg_at_10": 0.02881,
        "ndcg_at_20": 0.03186,
        "ndcg_at_100": 0.04211,
        "ndcg_at_1000": 0.09304,
        "map_at_1": 0.01338,
        "map_at_3": 0.02081,
        "map_at_5": 0.02215,
        "map_at_10": 0.02351,
        "map_at_20": 0.02431,
        "map_at_100": 0.02556,
        "map_at_1000": 0.0268,
        "recall_at_1": 0.01338,
        "recall_at_3": 0.0301,
        "recall_at_5": 0.03567,
        "recall_at_10": 0.04571,
        "recall_at_20": 0.05797,
        "recall_at_100": 0.11594,
        "recall_at_1000": 0.55853,
        "precision_at_1": 0.01338,
        "precision_at_3": 0.01003,
        "precision_at_5": 0.00713,
        "precision_at_10": 0.00457,
        "precision_at_20": 0.0029,
        "precision_at_100": 0.00116,
        "precision_at_1000": 0.00056,
        "mrr_at_1": 0.013378,
        "mrr_at_3": 0.02081,
        "mrr_at_5": 0.022148,
        "mrr_at_10": 0.023506,
        "mrr_at_20": 0.024314,
        "mrr_at_100": 0.025557,
        "mrr_at_1000": 0.026795,
        "nauc_ndcg_at_1_max": -0.072235,
        "nauc_ndcg_at_1_std": 0.091559,
        "nauc_ndcg_at_1_diff1": 0.285917,
        "nauc_ndcg_at_3_max": 0.035583,
        "nauc_ndcg_at_3_std": 0.098362,
        "nauc_ndcg_at_3_diff1": 0.183689,
        "nauc_ndcg_at_5_max": 0.057526,
        "nauc_ndcg_at_5_std": 0.103428,
        "nauc_ndcg_at_5_diff1": 0.200719,
        "nauc_ndcg_at_10_max": 0.065587,
        "nauc_ndcg_at_10_std": 0.114577,
        "nauc_ndcg_at_10_diff1": 0.160489,
        "nauc_ndcg_at_20_max": 0.081385,
        "nauc_ndcg_at_20_std": 0.120421,
        "nauc_ndcg_at_20_diff1": 0.149886,
        "nauc_ndcg_at_100_max": 0.071451,
        "nauc_ndcg_at_100_std": 0.121827,
        "nauc_ndcg_at_100_diff1": 0.102003,
        "nauc_ndcg_at_1000_max": 0.061574,
        "nauc_ndcg_at_1000_std": 0.079029,
        "nauc_ndcg_at_1000_diff1": 0.082672,
        "nauc_map_at_1_max": -0.072235,
        "nauc_map_at_1_std": 0.091559,
        "nauc_map_at_1_diff1": 0.285917,
        "nauc_map_at_3_max": 0.022306,
        "nauc_map_at_3_std": 0.102797,
        "nauc_map_at_3_diff1": 0.201974,
        "nauc_map_at_5_max": 0.038558,
        "nauc_map_at_5_std": 0.106297,
        "nauc_map_at_5_diff1": 0.213119,
        "nauc_map_at_10_max": 0.045414,
        "nauc_map_at_10_std": 0.111372,
        "nauc_map_at_10_diff1": 0.193088,
        "nauc_map_at_20_max": 0.051406,
        "nauc_map_at_20_std": 0.112439,
        "nauc_map_at_20_diff1": 0.187432,
        "nauc_map_at_100_max": 0.052059,
        "nauc_map_at_100_std": 0.113105,
        "nauc_map_at_100_diff1": 0.177831,
        "nauc_map_at_1000_max": 0.051212,
        "nauc_map_at_1000_std": 0.110188,
        "nauc_map_at_1000_diff1": 0.176221,
        "nauc_recall_at_1_max": -0.072235,
        "nauc_recall_at_1_std": 0.091559,
        "nauc_recall_at_1_diff1": 0.285917,
        "nauc_recall_at_3_max": 0.061091,
        "nauc_recall_at_3_std": 0.087946,
        "nauc_recall_at_3_diff1": 0.146513,
        "nauc_recall_at_5_max": 0.091654,
        "nauc_recall_at_5_std": 0.09703,
        "nauc_recall_at_5_diff1": 0.178469,
        "nauc_recall_at_10_max": 0.095256,
        "nauc_recall_at_10_std": 0.121218,
        "nauc_recall_at_10_diff1": 0.102197,
        "nauc_recall_at_20_max": 0.124526,
        "nauc_recall_at_20_std": 0.136213,
        "nauc_recall_at_20_diff1": 0.093949,
        "nauc_recall_at_100_max": 0.080131,
        "nauc_recall_at_100_std": 0.133015,
        "nauc_recall_at_100_diff1": 0.014283,
        "nauc_recall_at_1000_max": 0.057523,
        "nauc_recall_at_1000_std": 0.035726,
        "nauc_recall_at_1000_diff1": -0.000947,
        "nauc_precision_at_1_max": -0.072235,
        "nauc_precision_at_1_std": 0.091559,
        "nauc_precision_at_1_diff1": 0.285917,
        "nauc_precision_at_3_max": 0.061091,
        "nauc_precision_at_3_std": 0.087946,
        "nauc_precision_at_3_diff1": 0.146513,
        "nauc_precision_at_5_max": 0.091654,
        "nauc_precision_at_5_std": 0.09703,
        "nauc_precision_at_5_diff1": 0.178469,
        "nauc_precision_at_10_max": 0.095256,
        "nauc_precision_at_10_std": 0.121218,
        "nauc_precision_at_10_diff1": 0.102197,
        "nauc_precision_at_20_max": 0.124526,
        "nauc_precision_at_20_std": 0.136213,
        "nauc_precision_at_20_diff1": 0.093949,
        "nauc_precision_at_100_max": 0.080131,
        "nauc_precision_at_100_std": 0.133015,
        "nauc_precision_at_100_diff1": 0.014283,
        "nauc_precision_at_1000_max": 0.057523,
        "nauc_precision_at_1000_std": 0.035726,
        "nauc_precision_at_1000_diff1": -0.000947,
        "nauc_mrr_at_1_max": -0.072235,
        "nauc_mrr_at_1_std": 0.091559,
        "nauc_mrr_at_1_diff1": 0.285917,
        "nauc_mrr_at_3_max": 0.022306,
        "nauc_mrr_at_3_std": 0.102797,
        "nauc_mrr_at_3_diff1": 0.201974,
        "nauc_mrr_at_5_max": 0.038558,
        "nauc_mrr_at_5_std": 0.106297,
        "nauc_mrr_at_5_diff1": 0.213119,
        "nauc_mrr_at_10_max": 0.045414,
        "nauc_mrr_at_10_std": 0.111372,
        "nauc_mrr_at_10_diff1": 0.193088,
        "nauc_mrr_at_20_max": 0.051406,
        "nauc_mrr_at_20_std": 0.112439,
        "nauc_mrr_at_20_diff1": 0.187432,
        "nauc_mrr_at_100_max": 0.052059,
        "nauc_mrr_at_100_std": 0.113105,
        "nauc_mrr_at_100_diff1": 0.177831,
        "nauc_mrr_at_1000_max": 0.051212,
        "nauc_mrr_at_1000_std": 0.110188,
        "nauc_mrr_at_1000_diff1": 0.176221,
        "main_score": 0.02881,
        "hf_subset": "default",
        "languages": [
          "tur-Latn"
        ]
      }
    ]
  },
  "evaluation_time": 4.336374521255493,
  "kg_co2_emissions": null
}