{
  "dataset_revision": "main",
  "task_name": "SquadTRRetrieval",
  "mteb_version": "1.31.3",
  "scores": {
    "test": [
      {
        "ndcg_at_1": 0.38282,
        "ndcg_at_3": 0.48927,
        "ndcg_at_5": 0.51914,
        "ndcg_at_10": 0.55106,
        "ndcg_at_20": 0.57137,
        "ndcg_at_100": 0.59423,
        "ndcg_at_1000": 0.60207,
        "map_at_1": 0.38282,
        "map_at_3": 0.46315,
        "map_at_5": 0.47971,
        "map_at_10": 0.49293,
        "map_at_20": 0.49855,
        "map_at_100": 0.50175,
        "map_at_1000": 0.50206,
        "recall_at_1": 0.38282,
        "recall_at_3": 0.56483,
        "recall_at_5": 0.63744,
        "recall_at_10": 0.73586,
        "recall_at_20": 0.81582,
        "recall_at_100": 0.93849,
        "recall_at_1000": 0.99928,
        "precision_at_1": 0.38282,
        "precision_at_3": 0.18828,
        "precision_at_5": 0.12749,
        "precision_at_10": 0.07359,
        "precision_at_20": 0.04079,
        "precision_at_100": 0.00938,
        "precision_at_1000": 0.001,
        "mrr_at_1": 0.382825,
        "mrr_at_3": 0.463153,
        "mrr_at_5": 0.479707,
        "mrr_at_10": 0.492928,
        "mrr_at_20": 0.49855,
        "mrr_at_100": 0.501751,
        "mrr_at_1000": 0.50206,
        "nauc_ndcg_at_1_max": 0.325315,
        "nauc_ndcg_at_1_std": 0.025128,
        "nauc_ndcg_at_1_diff1": 0.544585,
        "nauc_ndcg_at_3_max": 0.361125,
        "nauc_ndcg_at_3_std": 0.051769,
        "nauc_ndcg_at_3_diff1": 0.482432,
        "nauc_ndcg_at_5_max": 0.37632,
        "nauc_ndcg_at_5_std": 0.068003,
        "nauc_ndcg_at_5_diff1": 0.47467,
        "nauc_ndcg_at_10_max": 0.396633,
        "nauc_ndcg_at_10_std": 0.087874,
        "nauc_ndcg_at_10_diff1": 0.471646,
        "nauc_ndcg_at_20_max": 0.403883,
        "nauc_ndcg_at_20_std": 0.09735,
        "nauc_ndcg_at_20_diff1": 0.471548,
        "nauc_ndcg_at_100_max": 0.393936,
        "nauc_ndcg_at_100_std": 0.090454,
        "nauc_ndcg_at_100_diff1": 0.480208,
        "nauc_ndcg_at_1000_max": 0.383026,
        "nauc_ndcg_at_1000_std": 0.077835,
        "nauc_ndcg_at_1000_diff1": 0.484579,
        "nauc_map_at_1_max": 0.325315,
        "nauc_map_at_1_std": 0.025128,
        "nauc_map_at_1_diff1": 0.544585,
        "nauc_map_at_3_max": 0.351731,
        "nauc_map_at_3_std": 0.044796,
        "nauc_map_at_3_diff1": 0.497644,
        "nauc_map_at_5_max": 0.359753,
        "nauc_map_at_5_std": 0.053431,
        "nauc_map_at_5_diff1": 0.49369,
        "nauc_map_at_10_max": 0.3672,
        "nauc_map_at_10_std": 0.060782,
        "nauc_map_at_10_diff1": 0.492923,
        "nauc_map_at_20_max": 0.368669,
        "nauc_map_at_20_std": 0.062875,
        "nauc_map_at_20_diff1": 0.493048,
        "nauc_map_at_100_max": 0.367533,
        "nauc_map_at_100_std": 0.062092,
        "nauc_map_at_100_diff1": 0.49432,
        "nauc_map_at_1000_max": 0.367176,
        "nauc_map_at_1000_std": 0.061693,
        "nauc_map_at_1000_diff1": 0.494494,
        "nauc_recall_at_1_max": 0.325315,
        "nauc_recall_at_1_std": 0.025128,
        "nauc_recall_at_1_diff1": 0.544585,
        "nauc_recall_at_3_max": 0.390095,
        "nauc_recall_at_3_std": 0.073268,
        "nauc_recall_at_3_diff1": 0.435972,
        "nauc_recall_at_5_max": 0.434284,
        "nauc_recall_at_5_std": 0.11942,
        "nauc_recall_at_5_diff1": 0.410212,
        "nauc_recall_at_10_max": 0.532239,
        "nauc_recall_at_10_std": 0.213652,
        "nauc_recall_at_10_diff1": 0.381573,
        "nauc_recall_at_20_max": 0.627193,
        "nauc_recall_at_20_std": 0.319516,
        "nauc_recall_at_20_diff1": 0.351431,
        "nauc_recall_at_100_max": 0.769532,
        "nauc_recall_at_100_std": 0.531743,
        "nauc_recall_at_100_diff1": 0.336098,
        "nauc_recall_at_1000_max": 0.882123,
        "nauc_recall_at_1000_std": 0.931919,
        "nauc_recall_at_1000_diff1": 0.22018,
        "nauc_precision_at_1_max": 0.325315,
        "nauc_precision_at_1_std": 0.025128,
        "nauc_precision_at_1_diff1": 0.544585,
        "nauc_precision_at_3_max": 0.390095,
        "nauc_precision_at_3_std": 0.073268,
        "nauc_precision_at_3_diff1": 0.435972,
        "nauc_precision_at_5_max": 0.434284,
        "nauc_precision_at_5_std": 0.11942,
        "nauc_precision_at_5_diff1": 0.410212,
        "nauc_precision_at_10_max": 0.532239,
        "nauc_precision_at_10_std": 0.213652,
        "nauc_precision_at_10_diff1": 0.381573,
        "nauc_precision_at_20_max": 0.627193,
        "nauc_precision_at_20_std": 0.319516,
        "nauc_precision_at_20_diff1": 0.351431,
        "nauc_precision_at_100_max": 0.769532,
        "nauc_precision_at_100_std": 0.531743,
        "nauc_precision_at_100_diff1": 0.336098,
        "nauc_precision_at_1000_max": 0.882123,
        "nauc_precision_at_1000_std": 0.931919,
        "nauc_precision_at_1000_diff1": 0.22018,
        "nauc_mrr_at_1_max": 0.325315,
        "nauc_mrr_at_1_std": 0.025128,
        "nauc_mrr_at_1_diff1": 0.544585,
        "nauc_mrr_at_3_max": 0.351731,
        "nauc_mrr_at_3_std": 0.044796,
        "nauc_mrr_at_3_diff1": 0.497644,
        "nauc_mrr_at_5_max": 0.359753,
        "nauc_mrr_at_5_std": 0.053431,
        "nauc_mrr_at_5_diff1": 0.49369,
        "nauc_mrr_at_10_max": 0.3672,
        "nauc_mrr_at_10_std": 0.060782,
        "nauc_mrr_at_10_diff1": 0.492923,
        "nauc_mrr_at_20_max": 0.368669,
        "nauc_mrr_at_20_std": 0.062875,
        "nauc_mrr_at_20_diff1": 0.493048,
        "nauc_mrr_at_100_max": 0.367533,
        "nauc_mrr_at_100_std": 0.062092,
        "nauc_mrr_at_100_diff1": 0.49432,
        "nauc_mrr_at_1000_max": 0.367176,
        "nauc_mrr_at_1000_std": 0.061693,
        "nauc_mrr_at_1000_diff1": 0.494494,
        "main_score": 0.55106,
        "hf_subset": "default",
        "languages": [
          "tur-Latn"
        ]
      }
    ]
  },
  "evaluation_time": 20.907235860824585,
  "kg_co2_emissions": null
}