{
  "dataset_revision": "main",
  "task_name": "ArguAnaTR",
  "mteb_version": "1.31.3",
  "scores": {
    "test": [
      {
        "ndcg_at_1": 0.16927,
        "ndcg_at_3": 0.27829,
        "ndcg_at_5": 0.32276,
        "ndcg_at_10": 0.38646,
        "ndcg_at_20": 0.42311,
        "ndcg_at_100": 0.44887,
        "ndcg_at_1000": 0.45565,
        "map_at_1": 0.16927,
        "map_at_3": 0.25047,
        "map_at_5": 0.27512,
        "map_at_10": 0.30139,
        "map_at_20": 0.31162,
        "map_at_100": 0.31548,
        "map_at_1000": 0.31578,
        "recall_at_1": 0.16927,
        "recall_at_3": 0.35917,
        "recall_at_5": 0.46728,
        "recall_at_10": 0.6643,
        "recall_at_20": 0.80797,
        "recall_at_100": 0.94239,
        "recall_at_1000": 0.9936,
        "precision_at_1": 0.16927,
        "precision_at_3": 0.11972,
        "precision_at_5": 0.09346,
        "precision_at_10": 0.06643,
        "precision_at_20": 0.0404,
        "precision_at_100": 0.00942,
        "precision_at_1000": 0.00099,
        "mrr_at_1": 0.171408,
        "mrr_at_3": 0.251185,
        "mrr_at_5": 0.275972,
        "mrr_at_10": 0.302326,
        "mrr_at_20": 0.312346,
        "mrr_at_100": 0.316211,
        "mrr_at_1000": 0.316506,
        "nauc_ndcg_at_1_max": -0.06092,
        "nauc_ndcg_at_1_std": -0.015743,
        "nauc_ndcg_at_1_diff1": 0.09666,
        "nauc_ndcg_at_3_max": -0.057999,
        "nauc_ndcg_at_3_std": -0.032595,
        "nauc_ndcg_at_3_diff1": 0.056761,
        "nauc_ndcg_at_5_max": -0.046712,
        "nauc_ndcg_at_5_std": -0.031399,
        "nauc_ndcg_at_5_diff1": 0.050831,
        "nauc_ndcg_at_10_max": -0.033013,
        "nauc_ndcg_at_10_std": -0.030672,
        "nauc_ndcg_at_10_diff1": 0.034446,
        "nauc_ndcg_at_20_max": -0.013567,
        "nauc_ndcg_at_20_std": -0.006661,
        "nauc_ndcg_at_20_diff1": 0.059241,
        "nauc_ndcg_at_100_max": -0.021934,
        "nauc_ndcg_at_100_std": -0.003102,
        "nauc_ndcg_at_100_diff1": 0.057784,
        "nauc_ndcg_at_1000_max": -0.031085,
        "nauc_ndcg_at_1000_std": -0.012114,
        "nauc_ndcg_at_1000_diff1": 0.057225,
        "nauc_map_at_1_max": -0.06092,
        "nauc_map_at_1_std": -0.015743,
        "nauc_map_at_1_diff1": 0.09666,
        "nauc_map_at_3_max": -0.060163,
        "nauc_map_at_3_std": -0.029206,
        "nauc_map_at_3_diff1": 0.062645,
        "nauc_map_at_5_max": -0.05341,
        "nauc_map_at_5_std": -0.028222,
        "nauc_map_at_5_diff1": 0.05861,
        "nauc_map_at_10_max": -0.04802,
        "nauc_map_at_10_std": -0.028276,
        "nauc_map_at_10_diff1": 0.052227,
        "nauc_map_at_20_max": -0.043088,
        "nauc_map_at_20_std": -0.021486,
        "nauc_map_at_20_diff1": 0.059315,
        "nauc_map_at_100_max": -0.044352,
        "nauc_map_at_100_std": -0.021171,
        "nauc_map_at_100_diff1": 0.059202,
        "nauc_map_at_1000_max": -0.044675,
        "nauc_map_at_1000_std": -0.021406,
        "nauc_map_at_1000_diff1": 0.059172,
        "nauc_recall_at_1_max": -0.06092,
        "nauc_recall_at_1_std": -0.015743,
        "nauc_recall_at_1_diff1": 0.09666,
        "nauc_recall_at_3_max": -0.052168,
        "nauc_recall_at_3_std": -0.040852,
        "nauc_recall_at_3_diff1": 0.043181,
        "nauc_recall_at_5_max": -0.028513,
        "nauc_recall_at_5_std": -0.039324,
        "nauc_recall_at_5_diff1": 0.032425,
        "nauc_recall_at_10_max": 0.020707,
        "nauc_recall_at_10_std": -0.036653,
        "nauc_recall_at_10_diff1": -0.025972,
        "nauc_recall_at_20_max": 0.16045,
        "nauc_recall_at_20_std": 0.093761,
        "nauc_recall_at_20_diff1": 0.082348,
        "nauc_recall_at_100_max": 0.334431,
        "nauc_recall_at_100_std": 0.382141,
        "nauc_recall_at_100_diff1": 0.094447,
        "nauc_recall_at_1000_max": 0.53903,
        "nauc_recall_at_1000_std": 0.719941,
        "nauc_recall_at_1000_diff1": 0.244234,
        "nauc_precision_at_1_max": -0.06092,
        "nauc_precision_at_1_std": -0.015743,
        "nauc_precision_at_1_diff1": 0.09666,
        "nauc_precision_at_3_max": -0.052168,
        "nauc_precision_at_3_std": -0.040852,
        "nauc_precision_at_3_diff1": 0.043181,
        "nauc_precision_at_5_max": -0.028513,
        "nauc_precision_at_5_std": -0.039324,
        "nauc_precision_at_5_diff1": 0.032425,
        "nauc_precision_at_10_max": 0.020707,
        "nauc_precision_at_10_std": -0.036653,
        "nauc_precision_at_10_diff1": -0.025972,
        "nauc_precision_at_20_max": 0.16045,
        "nauc_precision_at_20_std": 0.093761,
        "nauc_precision_at_20_diff1": 0.082348,
        "nauc_precision_at_100_max": 0.334431,
        "nauc_precision_at_100_std": 0.382141,
        "nauc_precision_at_100_diff1": 0.094447,
        "nauc_precision_at_1000_max": 0.53903,
        "nauc_precision_at_1000_std": 0.719941,
        "nauc_precision_at_1000_diff1": 0.244234,
        "nauc_mrr_at_1_max": -0.064218,
        "nauc_mrr_at_1_std": -0.010355,
        "nauc_mrr_at_1_diff1": 0.087408,
        "nauc_mrr_at_3_max": -0.063653,
        "nauc_mrr_at_3_std": -0.027779,
        "nauc_mrr_at_3_diff1": 0.05685,
        "nauc_mrr_at_5_max": -0.056847,
        "nauc_mrr_at_5_std": -0.026719,
        "nauc_mrr_at_5_diff1": 0.053097,
        "nauc_mrr_at_10_max": -0.051828,
        "nauc_mrr_at_10_std": -0.026083,
        "nauc_mrr_at_10_diff1": 0.045925,
        "nauc_mrr_at_20_max": -0.047166,
        "nauc_mrr_at_20_std": -0.019983,
        "nauc_mrr_at_20_diff1": 0.052857,
        "nauc_mrr_at_100_max": -0.048495,
        "nauc_mrr_at_100_std": -0.01965,
        "nauc_mrr_at_100_diff1": 0.052663,
        "nauc_mrr_at_1000_max": -0.048821,
        "nauc_mrr_at_1000_std": -0.019883,
        "nauc_mrr_at_1000_diff1": 0.052626,
        "main_score": 0.38646,
        "hf_subset": "default",
        "languages": [
          "tur-Latn"
        ]
      }
    ]
  },
  "evaluation_time": 171.94389295578003,
  "kg_co2_emissions": null
}