{
  "dataset_revision": "main",
  "task_name": "CQADupstackGamingRetrievalTR",
  "mteb_version": "1.31.3",
  "scores": {
    "test": [
      {
        "ndcg_at_1": 0.23072,
        "ndcg_at_3": 0.27463,
        "ndcg_at_5": 0.29674,
        "ndcg_at_10": 0.31949,
        "ndcg_at_20": 0.3377,
        "ndcg_at_100": 0.36857,
        "ndcg_at_1000": 0.39385,
        "map_at_1": 0.19866,
        "map_at_3": 0.25073,
        "map_at_5": 0.26446,
        "map_at_10": 0.27485,
        "map_at_20": 0.28051,
        "map_at_100": 0.28519,
        "map_at_1000": 0.2862,
        "recall_at_1": 0.19866,
        "recall_at_3": 0.30462,
        "recall_at_5": 0.35953,
        "recall_at_10": 0.42768,
        "recall_at_20": 0.49596,
        "recall_at_100": 0.65113,
        "recall_at_1000": 0.83747,
        "precision_at_1": 0.23072,
        "precision_at_3": 0.12497,
        "precision_at_5": 0.08953,
        "precision_at_10": 0.05423,
        "precision_at_20": 0.03204,
        "precision_at_100": 0.00871,
        "precision_at_1000": 0.00116,
        "mrr_at_1": 0.230721,
        "mrr_at_3": 0.279624,
        "mrr_at_5": 0.292727,
        "mrr_at_10": 0.302334,
        "mrr_at_20": 0.307114,
        "mrr_at_100": 0.31085,
        "mrr_at_1000": 0.311619,
        "nauc_ndcg_at_1_max": 0.265167,
        "nauc_ndcg_at_1_std": 0.024776,
        "nauc_ndcg_at_1_diff1": 0.427121,
        "nauc_ndcg_at_3_max": 0.292674,
        "nauc_ndcg_at_3_std": 0.027411,
        "nauc_ndcg_at_3_diff1": 0.36996,
        "nauc_ndcg_at_5_max": 0.292164,
        "nauc_ndcg_at_5_std": 0.030934,
        "nauc_ndcg_at_5_diff1": 0.352399,
        "nauc_ndcg_at_10_max": 0.29966,
        "nauc_ndcg_at_10_std": 0.040989,
        "nauc_ndcg_at_10_diff1": 0.347593,
        "nauc_ndcg_at_20_max": 0.298528,
        "nauc_ndcg_at_20_std": 0.04089,
        "nauc_ndcg_at_20_diff1": 0.339249,
        "nauc_ndcg_at_100_max": 0.309389,
        "nauc_ndcg_at_100_std": 0.06628,
        "nauc_ndcg_at_100_diff1": 0.336171,
        "nauc_ndcg_at_1000_max": 0.31303,
        "nauc_ndcg_at_1000_std": 0.066957,
        "nauc_ndcg_at_1000_diff1": 0.340556,
        "nauc_map_at_1_max": 0.240593,
        "nauc_map_at_1_std": 0.010209,
        "nauc_map_at_1_diff1": 0.433299,
        "nauc_map_at_3_max": 0.276659,
        "nauc_map_at_3_std": 0.016865,
        "nauc_map_at_3_diff1": 0.386386,
        "nauc_map_at_5_max": 0.27675,
        "nauc_map_at_5_std": 0.020192,
        "nauc_map_at_5_diff1": 0.376001,
        "nauc_map_at_10_max": 0.281794,
        "nauc_map_at_10_std": 0.026074,
        "nauc_map_at_10_diff1": 0.373118,
        "nauc_map_at_20_max": 0.282548,
        "nauc_map_at_20_std": 0.027009,
        "nauc_map_at_20_diff1": 0.370279,
        "nauc_map_at_100_max": 0.285062,
        "nauc_map_at_100_std": 0.03154,
        "nauc_map_at_100_diff1": 0.369308,
        "nauc_map_at_1000_max": 0.285295,
        "nauc_map_at_1000_std": 0.031875,
        "nauc_map_at_1000_diff1": 0.369489,
        "nauc_recall_at_1_max": 0.240593,
        "nauc_recall_at_1_std": 0.010209,
        "nauc_recall_at_1_diff1": 0.433299,
        "nauc_recall_at_3_max": 0.298507,
        "nauc_recall_at_3_std": 0.026042,
        "nauc_recall_at_3_diff1": 0.334085,
        "nauc_recall_at_5_max": 0.294479,
        "nauc_recall_at_5_std": 0.040181,
        "nauc_recall_at_5_diff1": 0.294656,
        "nauc_recall_at_10_max": 0.313251,
        "nauc_recall_at_10_std": 0.06892,
        "nauc_recall_at_10_diff1": 0.27402,
        "nauc_recall_at_20_max": 0.307601,
        "nauc_recall_at_20_std": 0.068613,
        "nauc_recall_at_20_diff1": 0.239215,
        "nauc_recall_at_100_max": 0.358472,
        "nauc_recall_at_100_std": 0.206938,
        "nauc_recall_at_100_diff1": 0.206949,
        "nauc_recall_at_1000_max": 0.449254,
        "nauc_recall_at_1000_std": 0.309231,
        "nauc_recall_at_1000_diff1": 0.167945,
        "nauc_precision_at_1_max": 0.265167,
        "nauc_precision_at_1_std": 0.024776,
        "nauc_precision_at_1_diff1": 0.427121,
        "nauc_precision_at_3_max": 0.330585,
        "nauc_precision_at_3_std": 0.049097,
        "nauc_precision_at_3_diff1": 0.302248,
        "nauc_precision_at_5_max": 0.328838,
        "nauc_precision_at_5_std": 0.063838,
        "nauc_precision_at_5_diff1": 0.252594,
        "nauc_precision_at_10_max": 0.350534,
        "nauc_precision_at_10_std": 0.104611,
        "nauc_precision_at_10_diff1": 0.215979,
        "nauc_precision_at_20_max": 0.353511,
        "nauc_precision_at_20_std": 0.124034,
        "nauc_precision_at_20_diff1": 0.154113,
        "nauc_precision_at_100_max": 0.363488,
        "nauc_precision_at_100_std": 0.221995,
        "nauc_precision_at_100_diff1": 0.068901,
        "nauc_precision_at_1000_max": 0.312195,
        "nauc_precision_at_1000_std": 0.212331,
        "nauc_precision_at_1000_diff1": -0.008688,
        "nauc_mrr_at_1_max": 0.265167,
        "nauc_mrr_at_1_std": 0.024776,
        "nauc_mrr_at_1_diff1": 0.427121,
        "nauc_mrr_at_3_max": 0.290954,
        "nauc_mrr_at_3_std": 0.027498,
        "nauc_mrr_at_3_diff1": 0.382351,
        "nauc_mrr_at_5_max": 0.292028,
        "nauc_mrr_at_5_std": 0.029946,
        "nauc_mrr_at_5_diff1": 0.371022,
        "nauc_mrr_at_10_max": 0.294918,
        "nauc_mrr_at_10_std": 0.034302,
        "nauc_mrr_at_10_diff1": 0.369537,
        "nauc_mrr_at_20_max": 0.295115,
        "nauc_mrr_at_20_std": 0.034168,
        "nauc_mrr_at_20_diff1": 0.367461,
        "nauc_mrr_at_100_max": 0.295751,
        "nauc_mrr_at_100_std": 0.037075,
        "nauc_mrr_at_100_diff1": 0.367343,
        "nauc_mrr_at_1000_max": 0.29571,
        "nauc_mrr_at_1000_std": 0.037058,
        "nauc_mrr_at_1000_diff1": 0.367681,
        "main_score": 0.31949,
        "hf_subset": "default",
        "languages": [
          "tur-Latn"
        ]
      }
    ]
  },
  "evaluation_time": 446.3083322048187,
  "kg_co2_emissions": null
}