{
  "dataset_revision": "main",
  "task_name": "FiQA2018TR",
  "mteb_version": "1.31.3",
  "scores": {
    "test": [
      {
        "ndcg_at_1": 0.14198,
        "ndcg_at_3": 0.13008,
        "ndcg_at_5": 0.14259,
        "ndcg_at_10": 0.15677,
        "ndcg_at_20": 0.17461,
        "ndcg_at_100": 0.21475,
        "ndcg_at_1000": 0.25713,
        "map_at_1": 0.06886,
        "map_at_3": 0.09488,
        "map_at_5": 0.10749,
        "map_at_10": 0.11546,
        "map_at_20": 0.12063,
        "map_at_100": 0.12694,
        "map_at_1000": 0.12888,
        "recall_at_1": 0.06886,
        "recall_at_3": 0.1165,
        "recall_at_5": 0.15722,
        "recall_at_10": 0.19833,
        "recall_at_20": 0.25458,
        "recall_at_100": 0.43077,
        "recall_at_1000": 0.68726,
        "precision_at_1": 0.14198,
        "precision_at_3": 0.08693,
        "precision_at_5": 0.07099,
        "precision_at_10": 0.04676,
        "precision_at_20": 0.03071,
        "precision_at_100": 0.01043,
        "precision_at_1000": 0.00181,
        "mrr_at_1": 0.141975,
        "mrr_at_3": 0.177469,
        "mrr_at_5": 0.18912,
        "mrr_at_10": 0.19744,
        "mrr_at_20": 0.202932,
        "mrr_at_100": 0.207761,
        "mrr_at_1000": 0.208643,
        "nauc_ndcg_at_1_max": 0.179575,
        "nauc_ndcg_at_1_std": 0.037449,
        "nauc_ndcg_at_1_diff1": 0.320624,
        "nauc_ndcg_at_3_max": 0.144872,
        "nauc_ndcg_at_3_std": 0.020302,
        "nauc_ndcg_at_3_diff1": 0.298872,
        "nauc_ndcg_at_5_max": 0.123013,
        "nauc_ndcg_at_5_std": 0.012014,
        "nauc_ndcg_at_5_diff1": 0.295089,
        "nauc_ndcg_at_10_max": 0.109344,
        "nauc_ndcg_at_10_std": 0.02362,
        "nauc_ndcg_at_10_diff1": 0.280926,
        "nauc_ndcg_at_20_max": 0.110071,
        "nauc_ndcg_at_20_std": 0.032405,
        "nauc_ndcg_at_20_diff1": 0.266515,
        "nauc_ndcg_at_100_max": 0.119791,
        "nauc_ndcg_at_100_std": 0.063896,
        "nauc_ndcg_at_100_diff1": 0.261423,
        "nauc_ndcg_at_1000_max": 0.159695,
        "nauc_ndcg_at_1000_std": 0.088944,
        "nauc_ndcg_at_1000_diff1": 0.238133,
        "nauc_map_at_1_max": 0.142859,
        "nauc_map_at_1_std": -0.02604,
        "nauc_map_at_1_diff1": 0.384231,
        "nauc_map_at_3_max": 0.123804,
        "nauc_map_at_3_std": -0.001713,
        "nauc_map_at_3_diff1": 0.334441,
        "nauc_map_at_5_max": 0.124093,
        "nauc_map_at_5_std": 0.001925,
        "nauc_map_at_5_diff1": 0.323644,
        "nauc_map_at_10_max": 0.118807,
        "nauc_map_at_10_std": 0.011504,
        "nauc_map_at_10_diff1": 0.314569,
        "nauc_map_at_20_max": 0.120461,
        "nauc_map_at_20_std": 0.016914,
        "nauc_map_at_20_diff1": 0.309215,
        "nauc_map_at_100_max": 0.122844,
        "nauc_map_at_100_std": 0.024618,
        "nauc_map_at_100_diff1": 0.306072,
        "nauc_map_at_1000_max": 0.125559,
        "nauc_map_at_1000_std": 0.027065,
        "nauc_map_at_1000_diff1": 0.304643,
        "nauc_recall_at_1_max": 0.142859,
        "nauc_recall_at_1_std": -0.02604,
        "nauc_recall_at_1_diff1": 0.384231,
        "nauc_recall_at_3_max": 0.098548,
        "nauc_recall_at_3_std": -0.000672,
        "nauc_recall_at_3_diff1": 0.297288,
        "nauc_recall_at_5_max": 0.07272,
        "nauc_recall_at_5_std": -0.0011,
        "nauc_recall_at_5_diff1": 0.261165,
        "nauc_recall_at_10_max": 0.052963,
        "nauc_recall_at_10_std": 0.020133,
        "nauc_recall_at_10_diff1": 0.231919,
        "nauc_recall_at_20_max": 0.053018,
        "nauc_recall_at_20_std": 0.034175,
        "nauc_recall_at_20_diff1": 0.197108,
        "nauc_recall_at_100_max": 0.060106,
        "nauc_recall_at_100_std": 0.126772,
        "nauc_recall_at_100_diff1": 0.174567,
        "nauc_recall_at_1000_max": 0.212717,
        "nauc_recall_at_1000_std": 0.26157,
        "nauc_recall_at_1000_diff1": 0.050458,
        "nauc_precision_at_1_max": 0.179575,
        "nauc_precision_at_1_std": 0.037449,
        "nauc_precision_at_1_diff1": 0.320624,
        "nauc_precision_at_3_max": 0.160144,
        "nauc_precision_at_3_std": 0.055585,
        "nauc_precision_at_3_diff1": 0.237248,
        "nauc_precision_at_5_max": 0.152715,
        "nauc_precision_at_5_std": 0.058905,
        "nauc_precision_at_5_diff1": 0.211785,
        "nauc_precision_at_10_max": 0.13401,
        "nauc_precision_at_10_std": 0.090971,
        "nauc_precision_at_10_diff1": 0.166117,
        "nauc_precision_at_20_max": 0.142008,
        "nauc_precision_at_20_std": 0.113544,
        "nauc_precision_at_20_diff1": 0.117026,
        "nauc_precision_at_100_max": 0.165583,
        "nauc_precision_at_100_std": 0.163271,
        "nauc_precision_at_100_diff1": 0.067127,
        "nauc_precision_at_1000_max": 0.279059,
        "nauc_precision_at_1000_std": 0.180982,
        "nauc_precision_at_1000_diff1": -0.053217,
        "nauc_mrr_at_1_max": 0.179575,
        "nauc_mrr_at_1_std": 0.037449,
        "nauc_mrr_at_1_diff1": 0.320624,
        "nauc_mrr_at_3_max": 0.152726,
        "nauc_mrr_at_3_std": 0.036515,
        "nauc_mrr_at_3_diff1": 0.279463,
        "nauc_mrr_at_5_max": 0.146226,
        "nauc_mrr_at_5_std": 0.03382,
        "nauc_mrr_at_5_diff1": 0.273356,
        "nauc_mrr_at_10_max": 0.146791,
        "nauc_mrr_at_10_std": 0.040223,
        "nauc_mrr_at_10_diff1": 0.264812,
        "nauc_mrr_at_20_max": 0.147755,
        "nauc_mrr_at_20_std": 0.040638,
        "nauc_mrr_at_20_diff1": 0.261895,
        "nauc_mrr_at_100_max": 0.148712,
        "nauc_mrr_at_100_std": 0.041414,
        "nauc_mrr_at_100_diff1": 0.264405,
        "nauc_mrr_at_1000_max": 0.149081,
        "nauc_mrr_at_1000_std": 0.041836,
        "nauc_mrr_at_1000_diff1": 0.263794,
        "main_score": 0.15677,
        "hf_subset": "default",
        "languages": [
          "tur-Latn"
        ]
      }
    ]
  },
  "evaluation_time": 854.3988857269287,
  "kg_co2_emissions": null
}