{
  "dataset_revision": "main",
  "task_name": "MSMarcoTRRetrieval",
  "mteb_version": "1.31.3",
  "scores": {
    "test": [
      {
        "ndcg_at_1": 0.47154,
        "ndcg_at_3": 0.50051,
        "ndcg_at_5": 0.50494,
        "ndcg_at_10": 0.51087,
        "ndcg_at_20": 0.51286,
        "ndcg_at_100": 0.5165,
        "ndcg_at_1000": 0.51815,
        "map_at_1": 0.47154,
        "map_at_3": 0.49354,
        "map_at_5": 0.49599,
        "map_at_10": 0.49847,
        "map_at_20": 0.49902,
        "map_at_100": 0.49955,
        "map_at_1000": 0.49962,
        "recall_at_1": 0.47154,
        "recall_at_3": 0.52061,
        "recall_at_5": 0.5314,
        "recall_at_10": 0.54956,
        "recall_at_20": 0.55741,
        "recall_at_100": 0.57655,
        "recall_at_1000": 0.5893,
        "precision_at_1": 0.47154,
        "precision_at_3": 0.17354,
        "precision_at_5": 0.10628,
        "precision_at_10": 0.05496,
        "precision_at_20": 0.02787,
        "precision_at_100": 0.00577,
        "precision_at_1000": 0.00059,
        "mrr_at_1": 0.471541,
        "mrr_at_3": 0.493539,
        "mrr_at_5": 0.495993,
        "mrr_at_10": 0.498466,
        "mrr_at_20": 0.49902,
        "mrr_at_100": 0.49955,
        "mrr_at_1000": 0.499616,
        "nauc_ndcg_at_1_max": 0.787559,
        "nauc_ndcg_at_1_std": 0.073594,
        "nauc_ndcg_at_1_diff1": 0.847401,
        "nauc_ndcg_at_3_max": 0.778447,
        "nauc_ndcg_at_3_std": 0.077231,
        "nauc_ndcg_at_3_diff1": 0.811521,
        "nauc_ndcg_at_5_max": 0.774714,
        "nauc_ndcg_at_5_std": 0.07909,
        "nauc_ndcg_at_5_diff1": 0.805404,
        "nauc_ndcg_at_10_max": 0.771392,
        "nauc_ndcg_at_10_std": 0.080133,
        "nauc_ndcg_at_10_diff1": 0.79993,
        "nauc_ndcg_at_20_max": 0.768728,
        "nauc_ndcg_at_20_std": 0.080526,
        "nauc_ndcg_at_20_diff1": 0.798482,
        "nauc_ndcg_at_100_max": 0.765056,
        "nauc_ndcg_at_100_std": 0.079887,
        "nauc_ndcg_at_100_diff1": 0.794835,
        "nauc_ndcg_at_1000_max": 0.76275,
        "nauc_ndcg_at_1000_std": 0.078867,
        "nauc_ndcg_at_1000_diff1": 0.793463,
        "nauc_map_at_1_max": 0.787559,
        "nauc_map_at_1_std": 0.073594,
        "nauc_map_at_1_diff1": 0.847401,
        "nauc_map_at_3_max": 0.780684,
        "nauc_map_at_3_std": 0.07592,
        "nauc_map_at_3_diff1": 0.820327,
        "nauc_map_at_5_max": 0.778669,
        "nauc_map_at_5_std": 0.076915,
        "nauc_map_at_5_diff1": 0.817015,
        "nauc_map_at_10_max": 0.777437,
        "nauc_map_at_10_std": 0.077556,
        "nauc_map_at_10_diff1": 0.814851,
        "nauc_map_at_20_max": 0.776722,
        "nauc_map_at_20_std": 0.077701,
        "nauc_map_at_20_diff1": 0.814466,
        "nauc_map_at_100_max": 0.776158,
        "nauc_map_at_100_std": 0.077556,
        "nauc_map_at_100_diff1": 0.813913,
        "nauc_map_at_1000_max": 0.776073,
        "nauc_map_at_1000_std": 0.077517,
        "nauc_map_at_1000_diff1": 0.813867,
        "nauc_recall_at_1_max": 0.787559,
        "nauc_recall_at_1_std": 0.073594,
        "nauc_recall_at_1_diff1": 0.847401,
        "nauc_recall_at_3_max": 0.771869,
        "nauc_recall_at_3_std": 0.081263,
        "nauc_recall_at_3_diff1": 0.785621,
        "nauc_recall_at_5_max": 0.762384,
        "nauc_recall_at_5_std": 0.086027,
        "nauc_recall_at_5_diff1": 0.770006,
        "nauc_recall_at_10_max": 0.750887,
        "nauc_recall_at_10_std": 0.088283,
        "nauc_recall_at_10_diff1": 0.751599,
        "nauc_recall_at_20_max": 0.73972,
        "nauc_recall_at_20_std": 0.089669,
        "nauc_recall_at_20_diff1": 0.74523,
        "nauc_recall_at_100_max": 0.719262,
        "nauc_recall_at_100_std": 0.08703,
        "nauc_recall_at_100_diff1": 0.724419,
        "nauc_recall_at_1000_max": 0.699205,
        "nauc_recall_at_1000_std": 0.078433,
        "nauc_recall_at_1000_diff1": 0.711637,
        "nauc_precision_at_1_max": 0.787559,
        "nauc_precision_at_1_std": 0.073594,
        "nauc_precision_at_1_diff1": 0.847401,
        "nauc_precision_at_3_max": 0.771869,
        "nauc_precision_at_3_std": 0.081263,
        "nauc_precision_at_3_diff1": 0.785621,
        "nauc_precision_at_5_max": 0.762384,
        "nauc_precision_at_5_std": 0.086027,
        "nauc_precision_at_5_diff1": 0.770006,
        "nauc_precision_at_10_max": 0.750887,
        "nauc_precision_at_10_std": 0.088283,
        "nauc_precision_at_10_diff1": 0.751599,
        "nauc_precision_at_20_max": 0.73972,
        "nauc_precision_at_20_std": 0.089669,
        "nauc_precision_at_20_diff1": 0.74523,
        "nauc_precision_at_100_max": 0.719262,
        "nauc_precision_at_100_std": 0.08703,
        "nauc_precision_at_100_diff1": 0.724419,
        "nauc_precision_at_1000_max": 0.699205,
        "nauc_precision_at_1000_std": 0.078433,
        "nauc_precision_at_1000_diff1": 0.711637,
        "nauc_mrr_at_1_max": 0.787559,
        "nauc_mrr_at_1_std": 0.073594,
        "nauc_mrr_at_1_diff1": 0.847401,
        "nauc_mrr_at_3_max": 0.780684,
        "nauc_mrr_at_3_std": 0.07592,
        "nauc_mrr_at_3_diff1": 0.820327,
        "nauc_mrr_at_5_max": 0.778669,
        "nauc_mrr_at_5_std": 0.076915,
        "nauc_mrr_at_5_diff1": 0.817015,
        "nauc_mrr_at_10_max": 0.777437,
        "nauc_mrr_at_10_std": 0.077556,
        "nauc_mrr_at_10_diff1": 0.814851,
        "nauc_mrr_at_20_max": 0.776722,
        "nauc_mrr_at_20_std": 0.077701,
        "nauc_mrr_at_20_diff1": 0.814466,
        "nauc_mrr_at_100_max": 0.776158,
        "nauc_mrr_at_100_std": 0.077556,
        "nauc_mrr_at_100_diff1": 0.813913,
        "nauc_mrr_at_1000_max": 0.776073,
        "nauc_mrr_at_1000_std": 0.077517,
        "nauc_mrr_at_1000_diff1": 0.813867,
        "main_score": 0.51087,
        "hf_subset": "default",
        "languages": [
          "tur-Latn"
        ]
      }
    ]
  },
  "evaluation_time": 12.7339608669281,
  "kg_co2_emissions": null
}