{
  "dataset_revision": "main",
  "task_name": "NFCorpusTR",
  "mteb_version": "1.31.3",
  "scores": {
    "test": [
      {
        "ndcg_at_1": 0.23994,
        "ndcg_at_3": 0.21984,
        "ndcg_at_5": 0.20913,
        "ndcg_at_10": 0.19123,
        "ndcg_at_20": 0.18261,
        "ndcg_at_100": 0.19442,
        "ndcg_at_1000": 0.29133,
        "map_at_1": 0.02631,
        "map_at_3": 0.04464,
        "map_at_5": 0.05231,
        "map_at_10": 0.06017,
        "map_at_20": 0.06732,
        "map_at_100": 0.07878,
        "map_at_1000": 0.09028,
        "recall_at_1": 0.02631,
        "recall_at_3": 0.05676,
        "recall_at_5": 0.07429,
        "recall_at_10": 0.09567,
        "recall_at_20": 0.12427,
        "recall_at_100": 0.23314,
        "recall_at_1000": 0.56248,
        "precision_at_1": 0.25387,
        "precision_at_3": 0.20743,
        "precision_at_5": 0.18204,
        "precision_at_10": 0.14211,
        "precision_at_20": 0.11161,
        "precision_at_100": 0.05319,
        "precision_at_1000": 0.0184,
        "mrr_at_1": 0.25387,
        "mrr_at_3": 0.321465,
        "mrr_at_5": 0.336636,
        "mrr_at_10": 0.34736,
        "mrr_at_20": 0.352546,
        "mrr_at_100": 0.357482,
        "mrr_at_1000": 0.358212,
        "nauc_ndcg_at_1_max": 0.257921,
        "nauc_ndcg_at_1_std": 0.123103,
        "nauc_ndcg_at_1_diff1": 0.213956,
        "nauc_ndcg_at_3_max": 0.30263,
        "nauc_ndcg_at_3_std": 0.176127,
        "nauc_ndcg_at_3_diff1": 0.199683,
        "nauc_ndcg_at_5_max": 0.325877,
        "nauc_ndcg_at_5_std": 0.223261,
        "nauc_ndcg_at_5_diff1": 0.195774,
        "nauc_ndcg_at_10_max": 0.331337,
        "nauc_ndcg_at_10_std": 0.252,
        "nauc_ndcg_at_10_diff1": 0.183441,
        "nauc_ndcg_at_20_max": 0.321011,
        "nauc_ndcg_at_20_std": 0.252379,
        "nauc_ndcg_at_20_diff1": 0.151408,
        "nauc_ndcg_at_100_max": 0.345064,
        "nauc_ndcg_at_100_std": 0.255286,
        "nauc_ndcg_at_100_diff1": 0.135142,
        "nauc_ndcg_at_1000_max": 0.394813,
        "nauc_ndcg_at_1000_std": 0.2979,
        "nauc_ndcg_at_1000_diff1": 0.116124,
        "nauc_map_at_1_max": 0.108382,
        "nauc_map_at_1_std": -0.181833,
        "nauc_map_at_1_diff1": 0.167448,
        "nauc_map_at_3_max": 0.201224,
        "nauc_map_at_3_std": -0.057971,
        "nauc_map_at_3_diff1": 0.138185,
        "nauc_map_at_5_max": 0.239317,
        "nauc_map_at_5_std": 0.000574,
        "nauc_map_at_5_diff1": 0.146112,
        "nauc_map_at_10_max": 0.26061,
        "nauc_map_at_10_std": 0.042509,
        "nauc_map_at_10_diff1": 0.160221,
        "nauc_map_at_20_max": 0.281371,
        "nauc_map_at_20_std": 0.085754,
        "nauc_map_at_20_diff1": 0.159414,
        "nauc_map_at_100_max": 0.30003,
        "nauc_map_at_100_std": 0.143406,
        "nauc_map_at_100_diff1": 0.150386,
        "nauc_map_at_1000_max": 0.302408,
        "nauc_map_at_1000_std": 0.179154,
        "nauc_map_at_1000_diff1": 0.136132,
        "nauc_recall_at_1_max": 0.108382,
        "nauc_recall_at_1_std": -0.181833,
        "nauc_recall_at_1_diff1": 0.167448,
        "nauc_recall_at_3_max": 0.17785,
        "nauc_recall_at_3_std": -0.018462,
        "nauc_recall_at_3_diff1": 0.090134,
        "nauc_recall_at_5_max": 0.212746,
        "nauc_recall_at_5_std": 0.058259,
        "nauc_recall_at_5_diff1": 0.077771,
        "nauc_recall_at_10_max": 0.21797,
        "nauc_recall_at_10_std": 0.072256,
        "nauc_recall_at_10_diff1": 0.076338,
        "nauc_recall_at_20_max": 0.231082,
        "nauc_recall_at_20_std": 0.123134,
        "nauc_recall_at_20_diff1": 0.058725,
        "nauc_recall_at_100_max": 0.207319,
        "nauc_recall_at_100_std": 0.165472,
        "nauc_recall_at_100_diff1": 0.056572,
        "nauc_recall_at_1000_max": 0.199273,
        "nauc_recall_at_1000_std": 0.196058,
        "nauc_recall_at_1000_diff1": -0.026359,
        "nauc_precision_at_1_max": 0.296696,
        "nauc_precision_at_1_std": 0.1377,
        "nauc_precision_at_1_diff1": 0.217522,
        "nauc_precision_at_3_max": 0.345687,
        "nauc_precision_at_3_std": 0.237402,
        "nauc_precision_at_3_diff1": 0.175449,
        "nauc_precision_at_5_max": 0.375513,
        "nauc_precision_at_5_std": 0.30885,
        "nauc_precision_at_5_diff1": 0.178821,
        "nauc_precision_at_10_max": 0.365114,
        "nauc_precision_at_10_std": 0.377537,
        "nauc_precision_at_10_diff1": 0.164774,
        "nauc_precision_at_20_max": 0.315139,
        "nauc_precision_at_20_std": 0.404663,
        "nauc_precision_at_20_diff1": 0.112837,
        "nauc_precision_at_100_max": 0.206448,
        "nauc_precision_at_100_std": 0.403017,
        "nauc_precision_at_100_diff1": -0.002614,
        "nauc_precision_at_1000_max": 0.033605,
        "nauc_precision_at_1000_std": 0.250985,
        "nauc_precision_at_1000_diff1": -0.080686,
        "nauc_mrr_at_1_max": 0.296696,
        "nauc_mrr_at_1_std": 0.1377,
        "nauc_mrr_at_1_diff1": 0.217522,
        "nauc_mrr_at_3_max": 0.32189,
        "nauc_mrr_at_3_std": 0.179044,
        "nauc_mrr_at_3_diff1": 0.195808,
        "nauc_mrr_at_5_max": 0.336942,
        "nauc_mrr_at_5_std": 0.191089,
        "nauc_mrr_at_5_diff1": 0.184255,
        "nauc_mrr_at_10_max": 0.338869,
        "nauc_mrr_at_10_std": 0.188057,
        "nauc_mrr_at_10_diff1": 0.186774,
        "nauc_mrr_at_20_max": 0.339257,
        "nauc_mrr_at_20_std": 0.188514,
        "nauc_mrr_at_20_diff1": 0.184034,
        "nauc_mrr_at_100_max": 0.340064,
        "nauc_mrr_at_100_std": 0.189002,
        "nauc_mrr_at_100_diff1": 0.184342,
        "nauc_mrr_at_1000_max": 0.340026,
        "nauc_mrr_at_1000_std": 0.18874,
        "nauc_mrr_at_1000_diff1": 0.184208,
        "main_score": 0.19123,
        "hf_subset": "default",
        "languages": [
          "tur-Latn"
        ]
      }
    ]
  },
  "evaluation_time": 111.5500066280365,
  "kg_co2_emissions": null
}