{
  "dataset_revision": "main",
  "task_name": "QuoraRetrievalTR",
  "mteb_version": "1.31.3",
  "scores": {
    "test": [
      {
        "ndcg_at_1": 0.6416,
        "ndcg_at_3": 0.68972,
        "ndcg_at_5": 0.71093,
        "ndcg_at_10": 0.73021,
        "ndcg_at_20": 0.7429,
        "ndcg_at_100": 0.75802,
        "ndcg_at_1000": 0.76431,
        "map_at_1": 0.55555,
        "map_at_3": 0.65012,
        "map_at_5": 0.66904,
        "map_at_10": 0.68121,
        "map_at_20": 0.68661,
        "map_at_100": 0.69014,
        "map_at_1000": 0.69056,
        "recall_at_1": 0.55555,
        "recall_at_3": 0.7173,
        "recall_at_5": 0.77292,
        "recall_at_10": 0.82987,
        "recall_at_20": 0.87433,
        "recall_at_100": 0.94133,
        "recall_at_1000": 0.98227,
        "precision_at_1": 0.6416,
        "precision_at_3": 0.3021,
        "precision_at_5": 0.2033,
        "precision_at_10": 0.11389,
        "precision_at_20": 0.06208,
        "precision_at_100": 0.01417,
        "precision_at_1000": 0.00152,
        "mrr_at_1": 0.6411,
        "mrr_at_3": 0.7035,
        "mrr_at_5": 0.71403,
        "mrr_at_10": 0.720365,
        "mrr_at_20": 0.722771,
        "mrr_at_100": 0.724069,
        "mrr_at_1000": 0.724217,
        "nauc_ndcg_at_1_max": 0.364054,
        "nauc_ndcg_at_1_std": -0.092538,
        "nauc_ndcg_at_1_diff1": 0.691941,
        "nauc_ndcg_at_3_max": 0.352906,
        "nauc_ndcg_at_3_std": -0.098455,
        "nauc_ndcg_at_3_diff1": 0.650655,
        "nauc_ndcg_at_5_max": 0.361739,
        "nauc_ndcg_at_5_std": -0.090188,
        "nauc_ndcg_at_5_diff1": 0.646664,
        "nauc_ndcg_at_10_max": 0.36804,
        "nauc_ndcg_at_10_std": -0.079736,
        "nauc_ndcg_at_10_diff1": 0.645659,
        "nauc_ndcg_at_20_max": 0.375556,
        "nauc_ndcg_at_20_std": -0.066413,
        "nauc_ndcg_at_20_diff1": 0.643597,
        "nauc_ndcg_at_100_max": 0.379569,
        "nauc_ndcg_at_100_std": -0.059694,
        "nauc_ndcg_at_100_diff1": 0.64515,
        "nauc_ndcg_at_1000_max": 0.378878,
        "nauc_ndcg_at_1000_std": -0.061519,
        "nauc_ndcg_at_1000_diff1": 0.647878,
        "nauc_map_at_1_max": 0.267211,
        "nauc_map_at_1_std": -0.144707,
        "nauc_map_at_1_diff1": 0.703611,
        "nauc_map_at_3_max": 0.319787,
        "nauc_map_at_3_std": -0.128191,
        "nauc_map_at_3_diff1": 0.667913,
        "nauc_map_at_5_max": 0.334132,
        "nauc_map_at_5_std": -0.116515,
        "nauc_map_at_5_diff1": 0.661334,
        "nauc_map_at_10_max": 0.341589,
        "nauc_map_at_10_std": -0.107178,
        "nauc_map_at_10_diff1": 0.658988,
        "nauc_map_at_20_max": 0.346278,
        "nauc_map_at_20_std": -0.100227,
        "nauc_map_at_20_diff1": 0.657527,
        "nauc_map_at_100_max": 0.348965,
        "nauc_map_at_100_std": -0.09665,
        "nauc_map_at_100_diff1": 0.657161,
        "nauc_map_at_1000_max": 0.349155,
        "nauc_map_at_1000_std": -0.096425,
        "nauc_map_at_1000_diff1": 0.6572,
        "nauc_recall_at_1_max": 0.267211,
        "nauc_recall_at_1_std": -0.144707,
        "nauc_recall_at_1_diff1": 0.703611,
        "nauc_recall_at_3_max": 0.323968,
        "nauc_recall_at_3_std": -0.115593,
        "nauc_recall_at_3_diff1": 0.618144,
        "nauc_recall_at_5_max": 0.354065,
        "nauc_recall_at_5_std": -0.084383,
        "nauc_recall_at_5_diff1": 0.591053,
        "nauc_recall_at_10_max": 0.377251,
        "nauc_recall_at_10_std": -0.040669,
        "nauc_recall_at_10_diff1": 0.567482,
        "nauc_recall_at_20_max": 0.42228,
        "nauc_recall_at_20_std": 0.04876,
        "nauc_recall_at_20_diff1": 0.538955,
        "nauc_recall_at_100_max": 0.483276,
        "nauc_recall_at_100_std": 0.206544,
        "nauc_recall_at_100_diff1": 0.489762,
        "nauc_recall_at_1000_max": 0.603505,
        "nauc_recall_at_1000_std": 0.524285,
        "nauc_recall_at_1000_diff1": 0.484374,
        "nauc_precision_at_1_max": 0.364054,
        "nauc_precision_at_1_std": -0.092538,
        "nauc_precision_at_1_diff1": 0.691941,
        "nauc_precision_at_3_max": 0.28637,
        "nauc_precision_at_3_std": 0.049893,
        "nauc_precision_at_3_diff1": 0.172269,
        "nauc_precision_at_5_max": 0.259473,
        "nauc_precision_at_5_std": 0.115541,
        "nauc_precision_at_5_diff1": 0.025817,
        "nauc_precision_at_10_max": 0.215315,
        "nauc_precision_at_10_std": 0.180338,
        "nauc_precision_at_10_diff1": -0.10341,
        "nauc_precision_at_20_max": 0.189478,
        "nauc_precision_at_20_std": 0.232313,
        "nauc_precision_at_20_diff1": -0.187876,
        "nauc_precision_at_100_max": 0.127662,
        "nauc_precision_at_100_std": 0.266111,
        "nauc_precision_at_100_diff1": -0.284937,
        "nauc_precision_at_1000_max": 0.091996,
        "nauc_precision_at_1000_std": 0.26253,
        "nauc_precision_at_1000_diff1": -0.324588,
        "nauc_mrr_at_1_max": 0.361886,
        "nauc_mrr_at_1_std": -0.090482,
        "nauc_mrr_at_1_diff1": 0.692997,
        "nauc_mrr_at_3_max": 0.386596,
        "nauc_mrr_at_3_std": -0.071416,
        "nauc_mrr_at_3_diff1": 0.666522,
        "nauc_mrr_at_5_max": 0.389477,
        "nauc_mrr_at_5_std": -0.067344,
        "nauc_mrr_at_5_diff1": 0.66365,
        "nauc_mrr_at_10_max": 0.389929,
        "nauc_mrr_at_10_std": -0.065133,
        "nauc_mrr_at_10_diff1": 0.663853,
        "nauc_mrr_at_20_max": 0.390153,
        "nauc_mrr_at_20_std": -0.063653,
        "nauc_mrr_at_20_diff1": 0.663758,
        "nauc_mrr_at_100_max": 0.389688,
        "nauc_mrr_at_100_std": -0.064262,
        "nauc_mrr_at_100_diff1": 0.664331,
        "nauc_mrr_at_1000_max": 0.389574,
        "nauc_mrr_at_1000_std": -0.064385,
        "nauc_mrr_at_1000_diff1": 0.66442,
        "main_score": 0.73021,
        "hf_subset": "default",
        "languages": [
          "tur-Latn"
        ]
      }
    ]
  },
  "evaluation_time": 909.8259732723236,
  "kg_co2_emissions": null
}