{
  "dataset_revision": "main",
  "task_name": "SciFactTR",
  "mteb_version": "1.31.3",
  "scores": {
    "test": [
      {
        "ndcg_at_1": 0.39333,
        "ndcg_at_3": 0.46621,
        "ndcg_at_5": 0.49012,
        "ndcg_at_10": 0.51513,
        "ndcg_at_20": 0.53076,
        "ndcg_at_100": 0.55837,
        "ndcg_at_1000": 0.57137,
        "map_at_1": 0.37289,
        "map_at_3": 0.43956,
        "map_at_5": 0.45493,
        "map_at_10": 0.4665,
        "map_at_20": 0.47162,
        "map_at_100": 0.47584,
        "map_at_1000": 0.47633,
        "recall_at_1": 0.37289,
        "recall_at_3": 0.5165,
        "recall_at_5": 0.57439,
        "recall_at_10": 0.64528,
        "recall_at_20": 0.704,
        "recall_at_100": 0.848,
        "recall_at_1000": 0.95167,
        "precision_at_1": 0.39333,
        "precision_at_3": 0.18556,
        "precision_at_5": 0.12667,
        "precision_at_10": 0.073,
        "precision_at_20": 0.04017,
        "precision_at_100": 0.00967,
        "precision_at_1000": 0.00108,
        "mrr_at_1": 0.393333,
        "mrr_at_3": 0.462222,
        "mrr_at_5": 0.474389,
        "mrr_at_10": 0.484249,
        "mrr_at_20": 0.487694,
        "mrr_at_100": 0.491173,
        "mrr_at_1000": 0.491587,
        "nauc_ndcg_at_1_max": 0.307831,
        "nauc_ndcg_at_1_std": 0.110182,
        "nauc_ndcg_at_1_diff1": 0.517765,
        "nauc_ndcg_at_3_max": 0.275379,
        "nauc_ndcg_at_3_std": 0.088469,
        "nauc_ndcg_at_3_diff1": 0.477057,
        "nauc_ndcg_at_5_max": 0.285189,
        "nauc_ndcg_at_5_std": 0.09561,
        "nauc_ndcg_at_5_diff1": 0.472199,
        "nauc_ndcg_at_10_max": 0.299997,
        "nauc_ndcg_at_10_std": 0.120214,
        "nauc_ndcg_at_10_diff1": 0.461595,
        "nauc_ndcg_at_20_max": 0.316557,
        "nauc_ndcg_at_20_std": 0.135828,
        "nauc_ndcg_at_20_diff1": 0.462982,
        "nauc_ndcg_at_100_max": 0.329718,
        "nauc_ndcg_at_100_std": 0.13474,
        "nauc_ndcg_at_100_diff1": 0.474266,
        "nauc_ndcg_at_1000_max": 0.326312,
        "nauc_ndcg_at_1000_std": 0.132394,
        "nauc_ndcg_at_1000_diff1": 0.477934,
        "nauc_map_at_1_max": 0.276845,
        "nauc_map_at_1_std": 0.077467,
        "nauc_map_at_1_diff1": 0.531507,
        "nauc_map_at_3_max": 0.266495,
        "nauc_map_at_3_std": 0.077783,
        "nauc_map_at_3_diff1": 0.494036,
        "nauc_map_at_5_max": 0.27837,
        "nauc_map_at_5_std": 0.086315,
        "nauc_map_at_5_diff1": 0.488397,
        "nauc_map_at_10_max": 0.285163,
        "nauc_map_at_10_std": 0.098741,
        "nauc_map_at_10_diff1": 0.48309,
        "nauc_map_at_20_max": 0.290727,
        "nauc_map_at_20_std": 0.104036,
        "nauc_map_at_20_diff1": 0.483123,
        "nauc_map_at_100_max": 0.293133,
        "nauc_map_at_100_std": 0.103939,
        "nauc_map_at_100_diff1": 0.484998,
        "nauc_map_at_1000_max": 0.293131,
        "nauc_map_at_1000_std": 0.103833,
        "nauc_map_at_1000_diff1": 0.485236,
        "nauc_recall_at_1_max": 0.276845,
        "nauc_recall_at_1_std": 0.077467,
        "nauc_recall_at_1_diff1": 0.531507,
        "nauc_recall_at_3_max": 0.248362,
        "nauc_recall_at_3_std": 0.070245,
        "nauc_recall_at_3_diff1": 0.438691,
        "nauc_recall_at_5_max": 0.277589,
        "nauc_recall_at_5_std": 0.09251,
        "nauc_recall_at_5_diff1": 0.427082,
        "nauc_recall_at_10_max": 0.315583,
        "nauc_recall_at_10_std": 0.159269,
        "nauc_recall_at_10_diff1": 0.376492,
        "nauc_recall_at_20_max": 0.389841,
        "nauc_recall_at_20_std": 0.231242,
        "nauc_recall_at_20_diff1": 0.371455,
        "nauc_recall_at_100_max": 0.578169,
        "nauc_recall_at_100_std": 0.300297,
        "nauc_recall_at_100_diff1": 0.444557,
        "nauc_recall_at_1000_max": 0.874272,
        "nauc_recall_at_1000_std": 0.516372,
        "nauc_recall_at_1000_diff1": 0.543691,
        "nauc_precision_at_1_max": 0.307831,
        "nauc_precision_at_1_std": 0.110182,
        "nauc_precision_at_1_diff1": 0.517765,
        "nauc_precision_at_3_max": 0.314819,
        "nauc_precision_at_3_std": 0.132743,
        "nauc_precision_at_3_diff1": 0.40355,
        "nauc_precision_at_5_max": 0.354037,
        "nauc_precision_at_5_std": 0.175749,
        "nauc_precision_at_5_diff1": 0.317861,
        "nauc_precision_at_10_max": 0.377304,
        "nauc_precision_at_10_std": 0.283742,
        "nauc_precision_at_10_diff1": 0.246669,
        "nauc_precision_at_20_max": 0.40515,
        "nauc_precision_at_20_std": 0.335345,
        "nauc_precision_at_20_diff1": 0.196364,
        "nauc_precision_at_100_max": 0.442344,
        "nauc_precision_at_100_std": 0.352188,
        "nauc_precision_at_100_diff1": 0.129705,
        "nauc_precision_at_1000_max": 0.42176,
        "nauc_precision_at_1000_std": 0.374078,
        "nauc_precision_at_1000_diff1": 0.03019,
        "nauc_mrr_at_1_max": 0.307831,
        "nauc_mrr_at_1_std": 0.110182,
        "nauc_mrr_at_1_diff1": 0.517765,
        "nauc_mrr_at_3_max": 0.297141,
        "nauc_mrr_at_3_std": 0.112897,
        "nauc_mrr_at_3_diff1": 0.478285,
        "nauc_mrr_at_5_max": 0.298763,
        "nauc_mrr_at_5_std": 0.114184,
        "nauc_mrr_at_5_diff1": 0.476912,
        "nauc_mrr_at_10_max": 0.306633,
        "nauc_mrr_at_10_std": 0.12256,
        "nauc_mrr_at_10_diff1": 0.475244,
        "nauc_mrr_at_20_max": 0.309794,
        "nauc_mrr_at_20_std": 0.124729,
        "nauc_mrr_at_20_diff1": 0.47682,
        "nauc_mrr_at_100_max": 0.311078,
        "nauc_mrr_at_100_std": 0.123464,
        "nauc_mrr_at_100_diff1": 0.477962,
        "nauc_mrr_at_1000_max": 0.310969,
        "nauc_mrr_at_1000_std": 0.123389,
        "nauc_mrr_at_1000_diff1": 0.478138,
        "main_score": 0.51513,
        "hf_subset": "default",
        "languages": [
          "tur-Latn"
        ]
      }
    ]
  },
  "evaluation_time": 149.6050910949707,
  "kg_co2_emissions": null
}