{
  "dataset_revision": "main",
  "task_name": "SquadTRRetrieval",
  "mteb_version": "1.31.3",
  "scores": {
    "test": [
      {
        "ndcg_at_1": 0.29104,
        "ndcg_at_3": 0.39086,
        "ndcg_at_5": 0.42091,
        "ndcg_at_10": 0.45541,
        "ndcg_at_20": 0.4811,
        "ndcg_at_100": 0.51127,
        "ndcg_at_1000": 0.5233,
        "map_at_1": 0.29104,
        "map_at_3": 0.36608,
        "map_at_5": 0.38275,
        "map_at_10": 0.397,
        "map_at_20": 0.40406,
        "map_at_100": 0.40841,
        "map_at_1000": 0.40886,
        "recall_at_1": 0.29104,
        "recall_at_3": 0.46267,
        "recall_at_5": 0.53564,
        "recall_at_10": 0.64226,
        "recall_at_20": 0.74382,
        "recall_at_100": 0.90363,
        "recall_at_1000": 0.99855,
        "precision_at_1": 0.29104,
        "precision_at_3": 0.15422,
        "precision_at_5": 0.10713,
        "precision_at_10": 0.06423,
        "precision_at_20": 0.03719,
        "precision_at_100": 0.00904,
        "precision_at_1000": 0.001,
        "mrr_at_1": 0.291038,
        "mrr_at_3": 0.36608,
        "mrr_at_5": 0.382754,
        "mrr_at_10": 0.396997,
        "mrr_at_20": 0.404057,
        "mrr_at_100": 0.408414,
        "mrr_at_1000": 0.408864,
        "nauc_ndcg_at_1_max": 0.194765,
        "nauc_ndcg_at_1_std": -0.070392,
        "nauc_ndcg_at_1_diff1": 0.484162,
        "nauc_ndcg_at_3_max": 0.241141,
        "nauc_ndcg_at_3_std": -0.035438,
        "nauc_ndcg_at_3_diff1": 0.413688,
        "nauc_ndcg_at_5_max": 0.254618,
        "nauc_ndcg_at_5_std": -0.021621,
        "nauc_ndcg_at_5_diff1": 0.405641,
        "nauc_ndcg_at_10_max": 0.277906,
        "nauc_ndcg_at_10_std": -0.002459,
        "nauc_ndcg_at_10_diff1": 0.406126,
        "nauc_ndcg_at_20_max": 0.29514,
        "nauc_ndcg_at_20_std": 0.014384,
        "nauc_ndcg_at_20_diff1": 0.407351,
        "nauc_ndcg_at_100_max": 0.286046,
        "nauc_ndcg_at_100_std": 0.011724,
        "nauc_ndcg_at_100_diff1": 0.413177,
        "nauc_ndcg_at_1000_max": 0.269666,
        "nauc_ndcg_at_1000_std": -0.006218,
        "nauc_ndcg_at_1000_diff1": 0.41785,
        "nauc_map_at_1_max": 0.194765,
        "nauc_map_at_1_std": -0.070392,
        "nauc_map_at_1_diff1": 0.484162,
        "nauc_map_at_3_max": 0.230165,
        "nauc_map_at_3_std": -0.044676,
        "nauc_map_at_3_diff1": 0.430141,
        "nauc_map_at_5_max": 0.237448,
        "nauc_map_at_5_std": -0.037105,
        "nauc_map_at_5_diff1": 0.425798,
        "nauc_map_at_10_max": 0.246341,
        "nauc_map_at_10_std": -0.029776,
        "nauc_map_at_10_diff1": 0.426303,
        "nauc_map_at_20_max": 0.250396,
        "nauc_map_at_20_std": -0.025724,
        "nauc_map_at_20_diff1": 0.42675,
        "nauc_map_at_100_max": 0.249234,
        "nauc_map_at_100_std": -0.026051,
        "nauc_map_at_100_diff1": 0.427736,
        "nauc_map_at_1000_max": 0.248702,
        "nauc_map_at_1000_std": -0.026606,
        "nauc_map_at_1000_diff1": 0.427898,
        "nauc_recall_at_1_max": 0.194765,
        "nauc_recall_at_1_std": -0.070392,
        "nauc_recall_at_1_diff1": 0.484162,
        "nauc_recall_at_3_max": 0.272306,
        "nauc_recall_at_3_std": -0.008817,
        "nauc_recall_at_3_diff1": 0.367064,
        "nauc_recall_at_5_max": 0.307386,
        "nauc_recall_at_5_std": 0.026522,
        "nauc_recall_at_5_diff1": 0.345115,
        "nauc_recall_at_10_max": 0.397885,
        "nauc_recall_at_10_std": 0.101527,
        "nauc_recall_at_10_diff1": 0.337441,
        "nauc_recall_at_20_max": 0.524641,
        "nauc_recall_at_20_std": 0.221258,
        "nauc_recall_at_20_diff1": 0.326336,
        "nauc_recall_at_100_max": 0.66999,
        "nauc_recall_at_100_std": 0.438787,
        "nauc_recall_at_100_diff1": 0.306235,
        "nauc_recall_at_1000_max": 0.830382,
        "nauc_recall_at_1000_std": 0.745995,
        "nauc_recall_at_1000_diff1": 0.317137,
        "nauc_precision_at_1_max": 0.194765,
        "nauc_precision_at_1_std": -0.070392,
        "nauc_precision_at_1_diff1": 0.484162,
        "nauc_precision_at_3_max": 0.272306,
        "nauc_precision_at_3_std": -0.008817,
        "nauc_precision_at_3_diff1": 0.367064,
        "nauc_precision_at_5_max": 0.307386,
        "nauc_precision_at_5_std": 0.026522,
        "nauc_precision_at_5_diff1": 0.345115,
        "nauc_precision_at_10_max": 0.397885,
        "nauc_precision_at_10_std": 0.101527,
        "nauc_precision_at_10_diff1": 0.337441,
        "nauc_precision_at_20_max": 0.524641,
        "nauc_precision_at_20_std": 0.221258,
        "nauc_precision_at_20_diff1": 0.326336,
        "nauc_precision_at_100_max": 0.66999,
        "nauc_precision_at_100_std": 0.438787,
        "nauc_precision_at_100_diff1": 0.306235,
        "nauc_precision_at_1000_max": 0.830382,
        "nauc_precision_at_1000_std": 0.745995,
        "nauc_precision_at_1000_diff1": 0.317137,
        "nauc_mrr_at_1_max": 0.194765,
        "nauc_mrr_at_1_std": -0.070392,
        "nauc_mrr_at_1_diff1": 0.484162,
        "nauc_mrr_at_3_max": 0.230165,
        "nauc_mrr_at_3_std": -0.044676,
        "nauc_mrr_at_3_diff1": 0.430141,
        "nauc_mrr_at_5_max": 0.237448,
        "nauc_mrr_at_5_std": -0.037105,
        "nauc_mrr_at_5_diff1": 0.425798,
        "nauc_mrr_at_10_max": 0.246341,
        "nauc_mrr_at_10_std": -0.029776,
        "nauc_mrr_at_10_diff1": 0.426303,
        "nauc_mrr_at_20_max": 0.250396,
        "nauc_mrr_at_20_std": -0.025724,
        "nauc_mrr_at_20_diff1": 0.42675,
        "nauc_mrr_at_100_max": 0.249234,
        "nauc_mrr_at_100_std": -0.026051,
        "nauc_mrr_at_100_diff1": 0.427736,
        "nauc_mrr_at_1000_max": 0.248702,
        "nauc_mrr_at_1000_std": -0.026606,
        "nauc_mrr_at_1000_diff1": 0.427898,
        "main_score": 0.45541,
        "hf_subset": "default",
        "languages": [
          "tur-Latn"
        ]
      }
    ]
  },
  "evaluation_time": 39.1869478225708,
  "kg_co2_emissions": null
}