{
  "dataset_revision": "51adfef1c1287aab1d2d91b5bead9bcfb9c68583",
  "task_name": "XQuADRetrieval",
  "mteb_version": "1.31.3",
  "scores": {
    "validation": [
      {
        "ndcg_at_1": 0.66807,
        "ndcg_at_3": 0.78696,
        "ndcg_at_5": 0.80964,
        "ndcg_at_10": 0.81923,
        "ndcg_at_20": 0.82405,
        "ndcg_at_100": 0.82908,
        "ndcg_at_1000": 0.82945,
        "map_at_1": 0.66807,
        "map_at_3": 0.75873,
        "map_at_5": 0.77135,
        "map_at_10": 0.77533,
        "map_at_20": 0.77672,
        "map_at_100": 0.77747,
        "map_at_1000": 0.77749,
        "recall_at_1": 0.66807,
        "recall_at_3": 0.86824,
        "recall_at_5": 0.92314,
        "recall_at_10": 0.9527,
        "recall_at_20": 0.97128,
        "recall_at_100": 0.99747,
        "recall_at_1000": 1.0,
        "precision_at_1": 0.66807,
        "precision_at_3": 0.28941,
        "precision_at_5": 0.18463,
        "precision_at_10": 0.09527,
        "precision_at_20": 0.04856,
        "precision_at_100": 0.00997,
        "precision_at_1000": 0.001,
        "mrr_at_1": 0.668074,
        "mrr_at_3": 0.758727,
        "mrr_at_5": 0.771354,
        "mrr_at_10": 0.775328,
        "mrr_at_20": 0.776717,
        "mrr_at_100": 0.777466,
        "mrr_at_1000": 0.777487,
        "nauc_ndcg_at_1_max": 0.443547,
        "nauc_ndcg_at_1_std": 0.006009,
        "nauc_ndcg_at_1_diff1": 0.7099,
        "nauc_ndcg_at_3_max": 0.520067,
        "nauc_ndcg_at_3_std": 0.047827,
        "nauc_ndcg_at_3_diff1": 0.680604,
        "nauc_ndcg_at_5_max": 0.54401,
        "nauc_ndcg_at_5_std": 0.08126,
        "nauc_ndcg_at_5_diff1": 0.686599,
        "nauc_ndcg_at_10_max": 0.534408,
        "nauc_ndcg_at_10_std": 0.074939,
        "nauc_ndcg_at_10_diff1": 0.693225,
        "nauc_ndcg_at_20_max": 0.524529,
        "nauc_ndcg_at_20_std": 0.066078,
        "nauc_ndcg_at_20_diff1": 0.694831,
        "nauc_ndcg_at_100_max": 0.512547,
        "nauc_ndcg_at_100_std": 0.057313,
        "nauc_ndcg_at_100_diff1": 0.693734,
        "nauc_ndcg_at_1000_max": 0.511352,
        "nauc_ndcg_at_1000_std": 0.055113,
        "nauc_ndcg_at_1000_diff1": 0.69412,
        "nauc_map_at_1_max": 0.443547,
        "nauc_map_at_1_std": 0.006009,
        "nauc_map_at_1_diff1": 0.7099,
        "nauc_map_at_3_max": 0.498414,
        "nauc_map_at_3_std": 0.036418,
        "nauc_map_at_3_diff1": 0.689414,
        "nauc_map_at_5_max": 0.50879,
        "nauc_map_at_5_std": 0.052164,
        "nauc_map_at_5_diff1": 0.692729,
        "nauc_map_at_10_max": 0.505115,
        "nauc_map_at_10_std": 0.050065,
        "nauc_map_at_10_diff1": 0.69527,
        "nauc_map_at_20_max": 0.502623,
        "nauc_map_at_20_std": 0.047815,
        "nauc_map_at_20_diff1": 0.69561,
        "nauc_map_at_100_max": 0.501143,
        "nauc_map_at_100_std": 0.046677,
        "nauc_map_at_100_diff1": 0.695481,
        "nauc_map_at_1000_max": 0.501089,
        "nauc_map_at_1000_std": 0.046579,
        "nauc_map_at_1000_diff1": 0.695495,
        "nauc_recall_at_1_max": 0.443547,
        "nauc_recall_at_1_std": 0.006009,
        "nauc_recall_at_1_diff1": 0.7099,
        "nauc_recall_at_3_max": 0.621331,
        "nauc_recall_at_3_std": 0.100859,
        "nauc_recall_at_3_diff1": 0.639007,
        "nauc_recall_at_5_max": 0.811126,
        "nauc_recall_at_5_std": 0.305849,
        "nauc_recall_at_5_diff1": 0.643546,
        "nauc_recall_at_10_max": 0.872555,
        "nauc_recall_at_10_std": 0.367312,
        "nauc_recall_at_10_diff1": 0.681081,
        "nauc_recall_at_20_max": 0.888533,
        "nauc_recall_at_20_std": 0.37602,
        "nauc_recall_at_20_diff1": 0.708592,
        "nauc_recall_at_100_max": 1.0,
        "nauc_recall_at_100_std": 0.956443,
        "nauc_recall_at_100_diff1": 0.52846,
        "nauc_recall_at_1000_max": NaN,
        "nauc_recall_at_1000_std": NaN,
        "nauc_recall_at_1000_diff1": NaN,
        "nauc_precision_at_1_max": 0.443547,
        "nauc_precision_at_1_std": 0.006009,
        "nauc_precision_at_1_diff1": 0.7099,
        "nauc_precision_at_3_max": 0.621331,
        "nauc_precision_at_3_std": 0.100859,
        "nauc_precision_at_3_diff1": 0.639007,
        "nauc_precision_at_5_max": 0.811126,
        "nauc_precision_at_5_std": 0.305849,
        "nauc_precision_at_5_diff1": 0.643546,
        "nauc_precision_at_10_max": 0.872555,
        "nauc_precision_at_10_std": 0.367312,
        "nauc_precision_at_10_diff1": 0.681081,
        "nauc_precision_at_20_max": 0.888533,
        "nauc_precision_at_20_std": 0.37602,
        "nauc_precision_at_20_diff1": 0.708592,
        "nauc_precision_at_100_max": 1.0,
        "nauc_precision_at_100_std": 0.956443,
        "nauc_precision_at_100_diff1": 0.52846,
        "nauc_precision_at_1000_max": 1.0,
        "nauc_precision_at_1000_std": 1.0,
        "nauc_precision_at_1000_diff1": 1.0,
        "nauc_mrr_at_1_max": 0.443547,
        "nauc_mrr_at_1_std": 0.006009,
        "nauc_mrr_at_1_diff1": 0.7099,
        "nauc_mrr_at_3_max": 0.498414,
        "nauc_mrr_at_3_std": 0.036418,
        "nauc_mrr_at_3_diff1": 0.689414,
        "nauc_mrr_at_5_max": 0.50879,
        "nauc_mrr_at_5_std": 0.052164,
        "nauc_mrr_at_5_diff1": 0.692729,
        "nauc_mrr_at_10_max": 0.505115,
        "nauc_mrr_at_10_std": 0.050065,
        "nauc_mrr_at_10_diff1": 0.69527,
        "nauc_mrr_at_20_max": 0.502623,
        "nauc_mrr_at_20_std": 0.047815,
        "nauc_mrr_at_20_diff1": 0.69561,
        "nauc_mrr_at_100_max": 0.501143,
        "nauc_mrr_at_100_std": 0.046677,
        "nauc_mrr_at_100_diff1": 0.695481,
        "nauc_mrr_at_1000_max": 0.501089,
        "nauc_mrr_at_1000_std": 0.046579,
        "nauc_mrr_at_1000_diff1": 0.695495,
        "main_score": 0.81923,
        "hf_subset": "tr",
        "languages": [
          "tur-Latn"
        ]
      }
    ]
  },
  "evaluation_time": 6.788170099258423,
  "kg_co2_emissions": null
}