{
  "dataset_revision": "main",
  "task_name": "ArguAnaTR",
  "mteb_version": "1.31.3",
  "scores": {
    "test": [
      {
        "ndcg_at_1": 0.20697,
        "ndcg_at_3": 0.33877,
        "ndcg_at_5": 0.38872,
        "ndcg_at_10": 0.44898,
        "ndcg_at_20": 0.47963,
        "ndcg_at_100": 0.49896,
        "ndcg_at_1000": 0.50366,
        "map_at_1": 0.20697,
        "map_at_3": 0.30619,
        "map_at_5": 0.33382,
        "map_at_10": 0.35894,
        "map_at_20": 0.36749,
        "map_at_100": 0.37044,
        "map_at_1000": 0.37065,
        "recall_at_1": 0.20697,
        "recall_at_3": 0.43314,
        "recall_at_5": 0.55477,
        "recall_at_10": 0.73969,
        "recall_at_20": 0.85989,
        "recall_at_100": 0.96017,
        "recall_at_1000": 0.99573,
        "precision_at_1": 0.20697,
        "precision_at_3": 0.14438,
        "precision_at_5": 0.11095,
        "precision_at_10": 0.07397,
        "precision_at_20": 0.04299,
        "precision_at_100": 0.0096,
        "precision_at_1000": 0.001,
        "mrr_at_1": 0.208393,
        "mrr_at_3": 0.30678,
        "mrr_at_5": 0.334234,
        "mrr_at_10": 0.359343,
        "mrr_at_20": 0.367891,
        "mrr_at_100": 0.370848,
        "mrr_at_1000": 0.371054,
        "nauc_ndcg_at_1_max": -0.104131,
        "nauc_ndcg_at_1_std": -0.118159,
        "nauc_ndcg_at_1_diff1": 0.053407,
        "nauc_ndcg_at_3_max": -0.092868,
        "nauc_ndcg_at_3_std": -0.119242,
        "nauc_ndcg_at_3_diff1": 0.014296,
        "nauc_ndcg_at_5_max": -0.075768,
        "nauc_ndcg_at_5_std": -0.103158,
        "nauc_ndcg_at_5_diff1": 0.021308,
        "nauc_ndcg_at_10_max": -0.068134,
        "nauc_ndcg_at_10_std": -0.096172,
        "nauc_ndcg_at_10_diff1": 0.013222,
        "nauc_ndcg_at_20_max": -0.054951,
        "nauc_ndcg_at_20_std": -0.081692,
        "nauc_ndcg_at_20_diff1": 0.024624,
        "nauc_ndcg_at_100_max": -0.067033,
        "nauc_ndcg_at_100_std": -0.084859,
        "nauc_ndcg_at_100_diff1": 0.029432,
        "nauc_ndcg_at_1000_max": -0.074757,
        "nauc_ndcg_at_1000_std": -0.095074,
        "nauc_ndcg_at_1000_diff1": 0.024521,
        "nauc_map_at_1_max": -0.104131,
        "nauc_map_at_1_std": -0.118159,
        "nauc_map_at_1_diff1": 0.053407,
        "nauc_map_at_3_max": -0.097547,
        "nauc_map_at_3_std": -0.118782,
        "nauc_map_at_3_diff1": 0.020672,
        "nauc_map_at_5_max": -0.08825,
        "nauc_map_at_5_std": -0.109895,
        "nauc_map_at_5_diff1": 0.024397,
        "nauc_map_at_10_max": -0.085341,
        "nauc_map_at_10_std": -0.107175,
        "nauc_map_at_10_diff1": 0.021704,
        "nauc_map_at_20_max": -0.082846,
        "nauc_map_at_20_std": -0.104228,
        "nauc_map_at_20_diff1": 0.024759,
        "nauc_map_at_100_max": -0.084566,
        "nauc_map_at_100_std": -0.104973,
        "nauc_map_at_100_diff1": 0.025349,
        "nauc_map_at_1000_max": -0.084886,
        "nauc_map_at_1000_std": -0.105315,
        "nauc_map_at_1000_diff1": 0.025128,
        "nauc_recall_at_1_max": -0.104131,
        "nauc_recall_at_1_std": -0.118159,
        "nauc_recall_at_1_diff1": 0.053407,
        "nauc_recall_at_3_max": -0.079789,
        "nauc_recall_at_3_std": -0.120529,
        "nauc_recall_at_3_diff1": -0.001589,
        "nauc_recall_at_5_max": -0.037341,
        "nauc_recall_at_5_std": -0.081952,
        "nauc_recall_at_5_diff1": 0.014999,
        "nauc_recall_at_10_max": 0.005852,
        "nauc_recall_at_10_std": -0.047512,
        "nauc_recall_at_10_diff1": -0.021588,
        "nauc_recall_at_20_max": 0.166647,
        "nauc_recall_at_20_std": 0.105554,
        "nauc_recall_at_20_diff1": 0.041435,
        "nauc_recall_at_100_max": 0.293488,
        "nauc_recall_at_100_std": 0.46697,
        "nauc_recall_at_100_diff1": 0.234864,
        "nauc_recall_at_1000_max": 0.074408,
        "nauc_recall_at_1000_std": 0.522698,
        "nauc_recall_at_1000_diff1": -0.044519,
        "nauc_precision_at_1_max": -0.104131,
        "nauc_precision_at_1_std": -0.118159,
        "nauc_precision_at_1_diff1": 0.053407,
        "nauc_precision_at_3_max": -0.079789,
        "nauc_precision_at_3_std": -0.120529,
        "nauc_precision_at_3_diff1": -0.001589,
        "nauc_precision_at_5_max": -0.037341,
        "nauc_precision_at_5_std": -0.081952,
        "nauc_precision_at_5_diff1": 0.014999,
        "nauc_precision_at_10_max": 0.005852,
        "nauc_precision_at_10_std": -0.047512,
        "nauc_precision_at_10_diff1": -0.021588,
        "nauc_precision_at_20_max": 0.166647,
        "nauc_precision_at_20_std": 0.105554,
        "nauc_precision_at_20_diff1": 0.041435,
        "nauc_precision_at_100_max": 0.293488,
        "nauc_precision_at_100_std": 0.46697,
        "nauc_precision_at_100_diff1": 0.234864,
        "nauc_precision_at_1000_max": 0.074408,
        "nauc_precision_at_1000_std": 0.522698,
        "nauc_precision_at_1000_diff1": -0.044519,
        "nauc_mrr_at_1_max": -0.103136,
        "nauc_mrr_at_1_std": -0.113208,
        "nauc_mrr_at_1_diff1": 0.048421,
        "nauc_mrr_at_3_max": -0.099437,
        "nauc_mrr_at_3_std": -0.11764,
        "nauc_mrr_at_3_diff1": 0.015838,
        "nauc_mrr_at_5_max": -0.090261,
        "nauc_mrr_at_5_std": -0.108828,
        "nauc_mrr_at_5_diff1": 0.018689,
        "nauc_mrr_at_10_max": -0.087324,
        "nauc_mrr_at_10_std": -0.106383,
        "nauc_mrr_at_10_diff1": 0.016596,
        "nauc_mrr_at_20_max": -0.084909,
        "nauc_mrr_at_20_std": -0.103421,
        "nauc_mrr_at_20_diff1": 0.019502,
        "nauc_mrr_at_100_max": -0.086649,
        "nauc_mrr_at_100_std": -0.104158,
        "nauc_mrr_at_100_diff1": 0.02004,
        "nauc_mrr_at_1000_max": -0.086971,
        "nauc_mrr_at_1000_std": -0.104499,
        "nauc_mrr_at_1000_diff1": 0.019816,
        "main_score": 0.44898,
        "hf_subset": "default",
        "languages": [
          "tur-Latn"
        ]
      }
    ]
  },
  "evaluation_time": 529.2517259120941,
  "kg_co2_emissions": null
}