{
  "dataset_revision": "main",
  "task_name": "ArguAnaTR",
  "mteb_version": "1.31.3",
  "scores": {
    "test": [
      {
        "ndcg_at_1": 0.20697,
        "ndcg_at_3": 0.33877,
        "ndcg_at_5": 0.38872,
        "ndcg_at_10": 0.44898,
        "ndcg_at_20": 0.47963,
        "ndcg_at_100": 0.49896,
        "ndcg_at_1000": 0.50366,
        "map_at_1": 0.20697,
        "map_at_3": 0.30619,
        "map_at_5": 0.33382,
        "map_at_10": 0.35894,
        "map_at_20": 0.36749,
        "map_at_100": 0.37044,
        "map_at_1000": 0.37065,
        "recall_at_1": 0.20697,
        "recall_at_3": 0.43314,
        "recall_at_5": 0.55477,
        "recall_at_10": 0.73969,
        "recall_at_20": 0.85989,
        "recall_at_100": 0.96017,
        "recall_at_1000": 0.99573,
        "precision_at_1": 0.20697,
        "precision_at_3": 0.14438,
        "precision_at_5": 0.11095,
        "precision_at_10": 0.07397,
        "precision_at_20": 0.04299,
        "precision_at_100": 0.0096,
        "precision_at_1000": 0.001,
        "mrr_at_1": 0.209104,
        "mrr_at_3": 0.307373,
        "mrr_at_5": 0.334614,
        "mrr_at_10": 0.359731,
        "mrr_at_20": 0.368274,
        "mrr_at_100": 0.37123,
        "mrr_at_1000": 0.371436,
        "nauc_ndcg_at_1_max": -0.104131,
        "nauc_ndcg_at_1_std": -0.118159,
        "nauc_ndcg_at_1_diff1": 0.053407,
        "nauc_ndcg_at_3_max": -0.092868,
        "nauc_ndcg_at_3_std": -0.119242,
        "nauc_ndcg_at_3_diff1": 0.014033,
        "nauc_ndcg_at_5_max": -0.075768,
        "nauc_ndcg_at_5_std": -0.103158,
        "nauc_ndcg_at_5_diff1": 0.021036,
        "nauc_ndcg_at_10_max": -0.068134,
        "nauc_ndcg_at_10_std": -0.096172,
        "nauc_ndcg_at_10_diff1": 0.012919,
        "nauc_ndcg_at_20_max": -0.054951,
        "nauc_ndcg_at_20_std": -0.081692,
        "nauc_ndcg_at_20_diff1": 0.02444,
        "nauc_ndcg_at_100_max": -0.067029,
        "nauc_ndcg_at_100_std": -0.084853,
        "nauc_ndcg_at_100_diff1": 0.029236,
        "nauc_ndcg_at_1000_max": -0.074753,
        "nauc_ndcg_at_1000_std": -0.095068,
        "nauc_ndcg_at_1000_diff1": 0.024321,
        "nauc_map_at_1_max": -0.104131,
        "nauc_map_at_1_std": -0.118159,
        "nauc_map_at_1_diff1": 0.053407,
        "nauc_map_at_3_max": -0.097547,
        "nauc_map_at_3_std": -0.118782,
        "nauc_map_at_3_diff1": 0.020458,
        "nauc_map_at_5_max": -0.08825,
        "nauc_map_at_5_std": -0.109895,
        "nauc_map_at_5_diff1": 0.024179,
        "nauc_map_at_10_max": -0.085341,
        "nauc_map_at_10_std": -0.107175,
        "nauc_map_at_10_diff1": 0.021476,
        "nauc_map_at_20_max": -0.082846,
        "nauc_map_at_20_std": -0.104228,
        "nauc_map_at_20_diff1": 0.024568,
        "nauc_map_at_100_max": -0.084564,
        "nauc_map_at_100_std": -0.10497,
        "nauc_map_at_100_diff1": 0.025157,
        "nauc_map_at_1000_max": -0.084884,
        "nauc_map_at_1000_std": -0.105313,
        "nauc_map_at_1000_diff1": 0.024937,
        "nauc_recall_at_1_max": -0.104131,
        "nauc_recall_at_1_std": -0.118159,
        "nauc_recall_at_1_diff1": 0.053407,
        "nauc_recall_at_3_max": -0.079789,
        "nauc_recall_at_3_std": -0.120529,
        "nauc_recall_at_3_diff1": -0.001978,
        "nauc_recall_at_5_max": -0.037341,
        "nauc_recall_at_5_std": -0.081952,
        "nauc_recall_at_5_diff1": 0.014578,
        "nauc_recall_at_10_max": 0.005852,
        "nauc_recall_at_10_std": -0.047512,
        "nauc_recall_at_10_diff1": -0.022192,
        "nauc_recall_at_20_max": 0.166647,
        "nauc_recall_at_20_std": 0.105554,
        "nauc_recall_at_20_diff1": 0.041435,
        "nauc_recall_at_100_max": 0.293488,
        "nauc_recall_at_100_std": 0.46697,
        "nauc_recall_at_100_diff1": 0.234864,
        "nauc_recall_at_1000_max": 0.074408,
        "nauc_recall_at_1000_std": 0.522698,
        "nauc_recall_at_1000_diff1": -0.044519,
        "nauc_precision_at_1_max": -0.104131,
        "nauc_precision_at_1_std": -0.118159,
        "nauc_precision_at_1_diff1": 0.053407,
        "nauc_precision_at_3_max": -0.079789,
        "nauc_precision_at_3_std": -0.120529,
        "nauc_precision_at_3_diff1": -0.001978,
        "nauc_precision_at_5_max": -0.037341,
        "nauc_precision_at_5_std": -0.081952,
        "nauc_precision_at_5_diff1": 0.014578,
        "nauc_precision_at_10_max": 0.005852,
        "nauc_precision_at_10_std": -0.047512,
        "nauc_precision_at_10_diff1": -0.022192,
        "nauc_precision_at_20_max": 0.166647,
        "nauc_precision_at_20_std": 0.105554,
        "nauc_precision_at_20_diff1": 0.041435,
        "nauc_precision_at_100_max": 0.293488,
        "nauc_precision_at_100_std": 0.46697,
        "nauc_precision_at_100_diff1": 0.234864,
        "nauc_precision_at_1000_max": 0.074408,
        "nauc_precision_at_1000_std": 0.522698,
        "nauc_precision_at_1000_diff1": -0.044519,
        "nauc_mrr_at_1_max": -0.109968,
        "nauc_mrr_at_1_std": -0.120544,
        "nauc_mrr_at_1_diff1": 0.045938,
        "nauc_mrr_at_3_max": -0.101697,
        "nauc_mrr_at_3_std": -0.118129,
        "nauc_mrr_at_3_diff1": 0.013795,
        "nauc_mrr_at_5_max": -0.093395,
        "nauc_mrr_at_5_std": -0.110483,
        "nauc_mrr_at_5_diff1": 0.016968,
        "nauc_mrr_at_10_max": -0.090898,
        "nauc_mrr_at_10_std": -0.107782,
        "nauc_mrr_at_10_diff1": 0.014624,
        "nauc_mrr_at_20_max": -0.088334,
        "nauc_mrr_at_20_std": -0.105174,
        "nauc_mrr_at_20_diff1": 0.017637,
        "nauc_mrr_at_100_max": -0.090112,
        "nauc_mrr_at_100_std": -0.105927,
        "nauc_mrr_at_100_diff1": 0.01815,
        "nauc_mrr_at_1000_max": -0.090436,
        "nauc_mrr_at_1000_std": -0.106269,
        "nauc_mrr_at_1000_diff1": 0.017924,
        "main_score": 0.44898,
        "hf_subset": "default",
        "languages": [
          "tur-Latn"
        ]
      }
    ]
  },
  "evaluation_time": 227.2457890510559,
  "kg_co2_emissions": null
}