{
  "dataset_revision": "main",
  "task_name": "CQADupstackGamingRetrievalTR",
  "mteb_version": "1.31.3",
  "scores": {
    "test": [
      {
        "ndcg_at_1": 0.38596,
        "ndcg_at_3": 0.46343,
        "ndcg_at_5": 0.48751,
        "ndcg_at_10": 0.51263,
        "ndcg_at_20": 0.53157,
        "ndcg_at_100": 0.55685,
        "ndcg_at_1000": 0.57195,
        "map_at_1": 0.38596,
        "map_at_3": 0.44489,
        "map_at_5": 0.45836,
        "map_at_10": 0.46861,
        "map_at_20": 0.47372,
        "map_at_100": 0.47726,
        "map_at_1000": 0.47777,
        "recall_at_1": 0.38596,
        "recall_at_3": 0.51687,
        "recall_at_5": 0.5749,
        "recall_at_10": 0.65317,
        "recall_at_20": 0.72874,
        "recall_at_100": 0.86437,
        "recall_at_1000": 0.9865,
        "precision_at_1": 0.38596,
        "precision_at_3": 0.17229,
        "precision_at_5": 0.11498,
        "precision_at_10": 0.06532,
        "precision_at_20": 0.03644,
        "precision_at_100": 0.00864,
        "precision_at_1000": 0.00099,
        "mrr_at_1": 0.385965,
        "mrr_at_3": 0.444894,
        "mrr_at_5": 0.458356,
        "mrr_at_10": 0.468612,
        "mrr_at_20": 0.473723,
        "mrr_at_100": 0.477262,
        "mrr_at_1000": 0.477768,
        "nauc_ndcg_at_1_max": 0.513094,
        "nauc_ndcg_at_1_std": -0.077278,
        "nauc_ndcg_at_1_diff1": 0.630746,
        "nauc_ndcg_at_3_max": 0.52798,
        "nauc_ndcg_at_3_std": -0.066329,
        "nauc_ndcg_at_3_diff1": 0.5836,
        "nauc_ndcg_at_5_max": 0.532139,
        "nauc_ndcg_at_5_std": -0.055915,
        "nauc_ndcg_at_5_diff1": 0.574599,
        "nauc_ndcg_at_10_max": 0.530314,
        "nauc_ndcg_at_10_std": -0.041672,
        "nauc_ndcg_at_10_diff1": 0.565311,
        "nauc_ndcg_at_20_max": 0.524141,
        "nauc_ndcg_at_20_std": -0.034632,
        "nauc_ndcg_at_20_diff1": 0.562524,
        "nauc_ndcg_at_100_max": 0.532345,
        "nauc_ndcg_at_100_std": -0.025526,
        "nauc_ndcg_at_100_diff1": 0.568329,
        "nauc_ndcg_at_1000_max": 0.52882,
        "nauc_ndcg_at_1000_std": -0.0389,
        "nauc_ndcg_at_1000_diff1": 0.573307,
        "nauc_map_at_1_max": 0.513094,
        "nauc_map_at_1_std": -0.077278,
        "nauc_map_at_1_diff1": 0.630746,
        "nauc_map_at_3_max": 0.525372,
        "nauc_map_at_3_std": -0.069252,
        "nauc_map_at_3_diff1": 0.595026,
        "nauc_map_at_5_max": 0.527515,
        "nauc_map_at_5_std": -0.063469,
        "nauc_map_at_5_diff1": 0.590079,
        "nauc_map_at_10_max": 0.526644,
        "nauc_map_at_10_std": -0.058216,
        "nauc_map_at_10_diff1": 0.586317,
        "nauc_map_at_20_max": 0.52493,
        "nauc_map_at_20_std": -0.056547,
        "nauc_map_at_20_diff1": 0.58566,
        "nauc_map_at_100_max": 0.525897,
        "nauc_map_at_100_std": -0.054967,
        "nauc_map_at_100_diff1": 0.586048,
        "nauc_map_at_1000_max": 0.525764,
        "nauc_map_at_1000_std": -0.055364,
        "nauc_map_at_1000_diff1": 0.586123,
        "nauc_recall_at_1_max": 0.513094,
        "nauc_recall_at_1_std": -0.077278,
        "nauc_recall_at_1_diff1": 0.630746,
        "nauc_recall_at_3_max": 0.535267,
        "nauc_recall_at_3_std": -0.057563,
        "nauc_recall_at_3_diff1": 0.549793,
        "nauc_recall_at_5_max": 0.546824,
        "nauc_recall_at_5_std": -0.03088,
        "nauc_recall_at_5_diff1": 0.52536,
        "nauc_recall_at_10_max": 0.542761,
        "nauc_recall_at_10_std": 0.025318,
        "nauc_recall_at_10_diff1": 0.487274,
        "nauc_recall_at_20_max": 0.513544,
        "nauc_recall_at_20_std": 0.075483,
        "nauc_recall_at_20_diff1": 0.458611,
        "nauc_recall_at_100_max": 0.606596,
        "nauc_recall_at_100_std": 0.253339,
        "nauc_recall_at_100_diff1": 0.462924,
        "nauc_recall_at_1000_max": 0.684579,
        "nauc_recall_at_1000_std": 0.371693,
        "nauc_recall_at_1000_diff1": 0.514853,
        "nauc_precision_at_1_max": 0.513094,
        "nauc_precision_at_1_std": -0.077278,
        "nauc_precision_at_1_diff1": 0.630746,
        "nauc_precision_at_3_max": 0.535267,
        "nauc_precision_at_3_std": -0.057563,
        "nauc_precision_at_3_diff1": 0.549793,
        "nauc_precision_at_5_max": 0.546824,
        "nauc_precision_at_5_std": -0.03088,
        "nauc_precision_at_5_diff1": 0.52536,
        "nauc_precision_at_10_max": 0.542761,
        "nauc_precision_at_10_std": 0.025318,
        "nauc_precision_at_10_diff1": 0.487274,
        "nauc_precision_at_20_max": 0.513544,
        "nauc_precision_at_20_std": 0.075483,
        "nauc_precision_at_20_diff1": 0.458611,
        "nauc_precision_at_100_max": 0.606596,
        "nauc_precision_at_100_std": 0.253339,
        "nauc_precision_at_100_diff1": 0.462924,
        "nauc_precision_at_1000_max": 0.684579,
        "nauc_precision_at_1000_std": 0.371693,
        "nauc_precision_at_1000_diff1": 0.514853,
        "nauc_mrr_at_1_max": 0.513094,
        "nauc_mrr_at_1_std": -0.077278,
        "nauc_mrr_at_1_diff1": 0.630746,
        "nauc_mrr_at_3_max": 0.525372,
        "nauc_mrr_at_3_std": -0.069252,
        "nauc_mrr_at_3_diff1": 0.595026,
        "nauc_mrr_at_5_max": 0.527515,
        "nauc_mrr_at_5_std": -0.063469,
        "nauc_mrr_at_5_diff1": 0.590079,
        "nauc_mrr_at_10_max": 0.526644,
        "nauc_mrr_at_10_std": -0.058216,
        "nauc_mrr_at_10_diff1": 0.586317,
        "nauc_mrr_at_20_max": 0.52493,
        "nauc_mrr_at_20_std": -0.056547,
        "nauc_mrr_at_20_diff1": 0.58566,
        "nauc_mrr_at_100_max": 0.525897,
        "nauc_mrr_at_100_std": -0.054967,
        "nauc_mrr_at_100_diff1": 0.586048,
        "nauc_mrr_at_1000_max": 0.525764,
        "nauc_mrr_at_1000_std": -0.055364,
        "nauc_mrr_at_1000_diff1": 0.586123,
        "main_score": 0.51263,
        "hf_subset": "default",
        "languages": [
          "tur-Latn"
        ]
      }
    ]
  },
  "evaluation_time": 27.88059091567993,
  "kg_co2_emissions": null
}