{
  "dataset_revision": "main",
  "task_name": "CQADupstackGamingRetrievalTR",
  "mteb_version": "1.31.3",
  "scores": {
    "test": [
      {
        "ndcg_at_1": 0.3348,
        "ndcg_at_3": 0.39827,
        "ndcg_at_5": 0.42519,
        "ndcg_at_10": 0.45002,
        "ndcg_at_20": 0.46874,
        "ndcg_at_100": 0.49549,
        "ndcg_at_1000": 0.51512,
        "map_at_1": 0.29161,
        "map_at_3": 0.36589,
        "map_at_5": 0.38307,
        "map_at_10": 0.39485,
        "map_at_20": 0.4012,
        "map_at_100": 0.40573,
        "map_at_1000": 0.40657,
        "recall_at_1": 0.29161,
        "recall_at_3": 0.44414,
        "recall_at_5": 0.50893,
        "recall_at_10": 0.58088,
        "recall_at_20": 0.65065,
        "recall_at_100": 0.78175,
        "recall_at_1000": 0.92409,
        "precision_at_1": 0.3348,
        "precision_at_3": 0.17952,
        "precision_at_5": 0.12665,
        "precision_at_10": 0.07461,
        "precision_at_20": 0.04282,
        "precision_at_100": 0.01058,
        "precision_at_1000": 0.00129,
        "mrr_at_1": 0.334796,
        "mrr_at_3": 0.402717,
        "mrr_at_5": 0.417858,
        "mrr_at_10": 0.427926,
        "mrr_at_20": 0.432158,
        "mrr_at_100": 0.435316,
        "mrr_at_1000": 0.435868,
        "nauc_ndcg_at_1_max": 0.438797,
        "nauc_ndcg_at_1_std": 0.083284,
        "nauc_ndcg_at_1_diff1": 0.543511,
        "nauc_ndcg_at_3_max": 0.441946,
        "nauc_ndcg_at_3_std": 0.091793,
        "nauc_ndcg_at_3_diff1": 0.494076,
        "nauc_ndcg_at_5_max": 0.444234,
        "nauc_ndcg_at_5_std": 0.095534,
        "nauc_ndcg_at_5_diff1": 0.484862,
        "nauc_ndcg_at_10_max": 0.45407,
        "nauc_ndcg_at_10_std": 0.112718,
        "nauc_ndcg_at_10_diff1": 0.484455,
        "nauc_ndcg_at_20_max": 0.461948,
        "nauc_ndcg_at_20_std": 0.126972,
        "nauc_ndcg_at_20_diff1": 0.482307,
        "nauc_ndcg_at_100_max": 0.463643,
        "nauc_ndcg_at_100_std": 0.143763,
        "nauc_ndcg_at_100_diff1": 0.479344,
        "nauc_ndcg_at_1000_max": 0.461526,
        "nauc_ndcg_at_1000_std": 0.137614,
        "nauc_ndcg_at_1000_diff1": 0.484731,
        "nauc_map_at_1_max": 0.397213,
        "nauc_map_at_1_std": 0.043612,
        "nauc_map_at_1_diff1": 0.547249,
        "nauc_map_at_3_max": 0.42895,
        "nauc_map_at_3_std": 0.069962,
        "nauc_map_at_3_diff1": 0.511127,
        "nauc_map_at_5_max": 0.433481,
        "nauc_map_at_5_std": 0.076114,
        "nauc_map_at_5_diff1": 0.50526,
        "nauc_map_at_10_max": 0.439091,
        "nauc_map_at_10_std": 0.086604,
        "nauc_map_at_10_diff1": 0.504576,
        "nauc_map_at_20_max": 0.442482,
        "nauc_map_at_20_std": 0.093141,
        "nauc_map_at_20_diff1": 0.503164,
        "nauc_map_at_100_max": 0.44378,
        "nauc_map_at_100_std": 0.096935,
        "nauc_map_at_100_diff1": 0.502748,
        "nauc_map_at_1000_max": 0.443807,
        "nauc_map_at_1000_std": 0.096988,
        "nauc_map_at_1000_diff1": 0.502872,
        "nauc_recall_at_1_max": 0.397213,
        "nauc_recall_at_1_std": 0.043612,
        "nauc_recall_at_1_diff1": 0.547249,
        "nauc_recall_at_3_max": 0.431314,
        "nauc_recall_at_3_std": 0.08668,
        "nauc_recall_at_3_diff1": 0.452969,
        "nauc_recall_at_5_max": 0.433503,
        "nauc_recall_at_5_std": 0.097279,
        "nauc_recall_at_5_diff1": 0.427623,
        "nauc_recall_at_10_max": 0.461858,
        "nauc_recall_at_10_std": 0.14729,
        "nauc_recall_at_10_diff1": 0.416454,
        "nauc_recall_at_20_max": 0.494502,
        "nauc_recall_at_20_std": 0.210965,
        "nauc_recall_at_20_diff1": 0.39999,
        "nauc_recall_at_100_max": 0.512914,
        "nauc_recall_at_100_std": 0.361456,
        "nauc_recall_at_100_diff1": 0.345809,
        "nauc_recall_at_1000_max": 0.548948,
        "nauc_recall_at_1000_std": 0.487994,
        "nauc_recall_at_1000_diff1": 0.339683,
        "nauc_precision_at_1_max": 0.438797,
        "nauc_precision_at_1_std": 0.083284,
        "nauc_precision_at_1_diff1": 0.543511,
        "nauc_precision_at_3_max": 0.446023,
        "nauc_precision_at_3_std": 0.149276,
        "nauc_precision_at_3_diff1": 0.386859,
        "nauc_precision_at_5_max": 0.429108,
        "nauc_precision_at_5_std": 0.179202,
        "nauc_precision_at_5_diff1": 0.31683,
        "nauc_precision_at_10_max": 0.408682,
        "nauc_precision_at_10_std": 0.247891,
        "nauc_precision_at_10_diff1": 0.249662,
        "nauc_precision_at_20_max": 0.380763,
        "nauc_precision_at_20_std": 0.299741,
        "nauc_precision_at_20_diff1": 0.177481,
        "nauc_precision_at_100_max": 0.296915,
        "nauc_precision_at_100_std": 0.361747,
        "nauc_precision_at_100_diff1": 0.055999,
        "nauc_precision_at_1000_max": 0.160607,
        "nauc_precision_at_1000_std": 0.306898,
        "nauc_precision_at_1000_diff1": -0.032875,
        "nauc_mrr_at_1_max": 0.438797,
        "nauc_mrr_at_1_std": 0.083284,
        "nauc_mrr_at_1_diff1": 0.543511,
        "nauc_mrr_at_3_max": 0.45163,
        "nauc_mrr_at_3_std": 0.105003,
        "nauc_mrr_at_3_diff1": 0.501033,
        "nauc_mrr_at_5_max": 0.450307,
        "nauc_mrr_at_5_std": 0.107118,
        "nauc_mrr_at_5_diff1": 0.49562,
        "nauc_mrr_at_10_max": 0.45535,
        "nauc_mrr_at_10_std": 0.113419,
        "nauc_mrr_at_10_diff1": 0.496973,
        "nauc_mrr_at_20_max": 0.456654,
        "nauc_mrr_at_20_std": 0.116302,
        "nauc_mrr_at_20_diff1": 0.497023,
        "nauc_mrr_at_100_max": 0.456498,
        "nauc_mrr_at_100_std": 0.117299,
        "nauc_mrr_at_100_diff1": 0.497028,
        "nauc_mrr_at_1000_max": 0.456366,
        "nauc_mrr_at_1000_std": 0.116941,
        "nauc_mrr_at_1000_diff1": 0.497116,
        "main_score": 0.45002,
        "hf_subset": "default",
        "languages": [
          "tur-Latn"
        ]
      }
    ]
  },
  "evaluation_time": 1281.121109008789,
  "kg_co2_emissions": null
}