{
  "dataset_revision": "main",
  "task_name": "FiQA2018TR",
  "mteb_version": "1.31.3",
  "scores": {
    "test": [
      {
        "ndcg_at_1": 0.13117,
        "ndcg_at_3": 0.13226,
        "ndcg_at_5": 0.14106,
        "ndcg_at_10": 0.15874,
        "ndcg_at_20": 0.17792,
        "ndcg_at_100": 0.22467,
        "ndcg_at_1000": 0.26809,
        "map_at_1": 0.06038,
        "map_at_3": 0.09502,
        "map_at_5": 0.10449,
        "map_at_10": 0.11391,
        "map_at_20": 0.11982,
        "map_at_100": 0.1272,
        "map_at_1000": 0.12911,
        "recall_at_1": 0.06038,
        "recall_at_3": 0.12649,
        "recall_at_5": 0.15864,
        "recall_at_10": 0.21145,
        "recall_at_20": 0.26869,
        "recall_at_100": 0.47002,
        "recall_at_1000": 0.74129,
        "precision_at_1": 0.13117,
        "precision_at_3": 0.09259,
        "precision_at_5": 0.0716,
        "precision_at_10": 0.0483,
        "precision_at_20": 0.03218,
        "precision_at_100": 0.01153,
        "precision_at_1000": 0.00191,
        "mrr_at_1": 0.131173,
        "mrr_at_3": 0.176183,
        "mrr_at_5": 0.187294,
        "mrr_at_10": 0.196231,
        "mrr_at_20": 0.20219,
        "mrr_at_100": 0.207865,
        "mrr_at_1000": 0.208756,
        "nauc_ndcg_at_1_max": 0.178832,
        "nauc_ndcg_at_1_std": -0.08586,
        "nauc_ndcg_at_1_diff1": 0.255298,
        "nauc_ndcg_at_3_max": 0.155134,
        "nauc_ndcg_at_3_std": -0.06775,
        "nauc_ndcg_at_3_diff1": 0.133976,
        "nauc_ndcg_at_5_max": 0.130495,
        "nauc_ndcg_at_5_std": -0.070486,
        "nauc_ndcg_at_5_diff1": 0.113439,
        "nauc_ndcg_at_10_max": 0.141149,
        "nauc_ndcg_at_10_std": -0.057038,
        "nauc_ndcg_at_10_diff1": 0.127701,
        "nauc_ndcg_at_20_max": 0.132693,
        "nauc_ndcg_at_20_std": -0.058285,
        "nauc_ndcg_at_20_diff1": 0.117321,
        "nauc_ndcg_at_100_max": 0.149408,
        "nauc_ndcg_at_100_std": -0.020897,
        "nauc_ndcg_at_100_diff1": 0.123931,
        "nauc_ndcg_at_1000_max": 0.158183,
        "nauc_ndcg_at_1000_std": -0.012626,
        "nauc_ndcg_at_1000_diff1": 0.12981,
        "nauc_map_at_1_max": 0.122801,
        "nauc_map_at_1_std": -0.065163,
        "nauc_map_at_1_diff1": 0.197674,
        "nauc_map_at_3_max": 0.136155,
        "nauc_map_at_3_std": -0.064691,
        "nauc_map_at_3_diff1": 0.137918,
        "nauc_map_at_5_max": 0.124191,
        "nauc_map_at_5_std": -0.067078,
        "nauc_map_at_5_diff1": 0.124012,
        "nauc_map_at_10_max": 0.135205,
        "nauc_map_at_10_std": -0.060668,
        "nauc_map_at_10_diff1": 0.128428,
        "nauc_map_at_20_max": 0.132329,
        "nauc_map_at_20_std": -0.058759,
        "nauc_map_at_20_diff1": 0.124973,
        "nauc_map_at_100_max": 0.136905,
        "nauc_map_at_100_std": -0.051696,
        "nauc_map_at_100_diff1": 0.127457,
        "nauc_map_at_1000_max": 0.137913,
        "nauc_map_at_1000_std": -0.050443,
        "nauc_map_at_1000_diff1": 0.128109,
        "nauc_recall_at_1_max": 0.122801,
        "nauc_recall_at_1_std": -0.065163,
        "nauc_recall_at_1_diff1": 0.197674,
        "nauc_recall_at_3_max": 0.116278,
        "nauc_recall_at_3_std": -0.060241,
        "nauc_recall_at_3_diff1": 0.085697,
        "nauc_recall_at_5_max": 0.090888,
        "nauc_recall_at_5_std": -0.055809,
        "nauc_recall_at_5_diff1": 0.0623,
        "nauc_recall_at_10_max": 0.10806,
        "nauc_recall_at_10_std": -0.030973,
        "nauc_recall_at_10_diff1": 0.078138,
        "nauc_recall_at_20_max": 0.082148,
        "nauc_recall_at_20_std": -0.038742,
        "nauc_recall_at_20_diff1": 0.053789,
        "nauc_recall_at_100_max": 0.1051,
        "nauc_recall_at_100_std": 0.078652,
        "nauc_recall_at_100_diff1": 0.060329,
        "nauc_recall_at_1000_max": 0.110076,
        "nauc_recall_at_1000_std": 0.171552,
        "nauc_recall_at_1000_diff1": 0.063062,
        "nauc_precision_at_1_max": 0.178832,
        "nauc_precision_at_1_std": -0.08586,
        "nauc_precision_at_1_diff1": 0.255298,
        "nauc_precision_at_3_max": 0.195014,
        "nauc_precision_at_3_std": -0.069976,
        "nauc_precision_at_3_diff1": 0.128424,
        "nauc_precision_at_5_max": 0.176972,
        "nauc_precision_at_5_std": -0.061426,
        "nauc_precision_at_5_diff1": 0.099366,
        "nauc_precision_at_10_max": 0.205281,
        "nauc_precision_at_10_std": -0.024333,
        "nauc_precision_at_10_diff1": 0.137836,
        "nauc_precision_at_20_max": 0.184576,
        "nauc_precision_at_20_std": -0.016713,
        "nauc_precision_at_20_diff1": 0.103225,
        "nauc_precision_at_100_max": 0.21927,
        "nauc_precision_at_100_std": 0.076473,
        "nauc_precision_at_100_diff1": 0.095591,
        "nauc_precision_at_1000_max": 0.217062,
        "nauc_precision_at_1000_std": 0.071295,
        "nauc_precision_at_1000_diff1": 0.076028,
        "nauc_mrr_at_1_max": 0.178832,
        "nauc_mrr_at_1_std": -0.08586,
        "nauc_mrr_at_1_diff1": 0.255298,
        "nauc_mrr_at_3_max": 0.164206,
        "nauc_mrr_at_3_std": -0.090569,
        "nauc_mrr_at_3_diff1": 0.17038,
        "nauc_mrr_at_5_max": 0.162841,
        "nauc_mrr_at_5_std": -0.08555,
        "nauc_mrr_at_5_diff1": 0.166231,
        "nauc_mrr_at_10_max": 0.163683,
        "nauc_mrr_at_10_std": -0.081047,
        "nauc_mrr_at_10_diff1": 0.170948,
        "nauc_mrr_at_20_max": 0.162242,
        "nauc_mrr_at_20_std": -0.083054,
        "nauc_mrr_at_20_diff1": 0.167199,
        "nauc_mrr_at_100_max": 0.162141,
        "nauc_mrr_at_100_std": -0.080367,
        "nauc_mrr_at_100_diff1": 0.167128,
        "nauc_mrr_at_1000_max": 0.162051,
        "nauc_mrr_at_1000_std": -0.080588,
        "nauc_mrr_at_1000_diff1": 0.167297,
        "main_score": 0.15874,
        "hf_subset": "default",
        "languages": [
          "tur-Latn"
        ]
      }
    ]
  },
  "evaluation_time": 2511.884371995926,
  "kg_co2_emissions": null
}