{
  "dataset_revision": "main",
  "task_name": "FiQA2018TR",
  "mteb_version": "1.31.3",
  "scores": {
    "test": [
      {
        "ndcg_at_1": 0.19599,
        "ndcg_at_3": 0.30458,
        "ndcg_at_5": 0.33885,
        "ndcg_at_10": 0.36943,
        "ndcg_at_20": 0.39125,
        "ndcg_at_100": 0.42744,
        "ndcg_at_1000": 0.44621,
        "map_at_1": 0.19599,
        "map_at_3": 0.27855,
        "map_at_5": 0.29753,
        "map_at_10": 0.31023,
        "map_at_20": 0.3162,
        "map_at_100": 0.32111,
        "map_at_1000": 0.32177,
        "recall_at_1": 0.19599,
        "recall_at_3": 0.37963,
        "recall_at_5": 0.46296,
        "recall_at_10": 0.5571,
        "recall_at_20": 0.64352,
        "recall_at_100": 0.83951,
        "recall_at_1000": 0.9892,
        "precision_at_1": 0.19599,
        "precision_at_3": 0.12654,
        "precision_at_5": 0.09259,
        "precision_at_10": 0.05571,
        "precision_at_20": 0.03218,
        "precision_at_100": 0.0084,
        "precision_at_1000": 0.00099,
        "mrr_at_1": 0.195988,
        "mrr_at_3": 0.278549,
        "mrr_at_5": 0.297531,
        "mrr_at_10": 0.310232,
        "mrr_at_20": 0.316198,
        "mrr_at_100": 0.321105,
        "mrr_at_1000": 0.321769,
        "nauc_ndcg_at_1_max": 0.181457,
        "nauc_ndcg_at_1_std": 0.009193,
        "nauc_ndcg_at_1_diff1": 0.256767,
        "nauc_ndcg_at_3_max": 0.155991,
        "nauc_ndcg_at_3_std": -0.04146,
        "nauc_ndcg_at_3_diff1": 0.175191,
        "nauc_ndcg_at_5_max": 0.166442,
        "nauc_ndcg_at_5_std": -0.020676,
        "nauc_ndcg_at_5_diff1": 0.175342,
        "nauc_ndcg_at_10_max": 0.16762,
        "nauc_ndcg_at_10_std": -0.030974,
        "nauc_ndcg_at_10_diff1": 0.161914,
        "nauc_ndcg_at_20_max": 0.161663,
        "nauc_ndcg_at_20_std": -0.031839,
        "nauc_ndcg_at_20_diff1": 0.157108,
        "nauc_ndcg_at_100_max": 0.162438,
        "nauc_ndcg_at_100_std": -0.014271,
        "nauc_ndcg_at_100_diff1": 0.167468,
        "nauc_ndcg_at_1000_max": 0.161558,
        "nauc_ndcg_at_1000_std": -0.021029,
        "nauc_ndcg_at_1000_diff1": 0.169667,
        "nauc_map_at_1_max": 0.181457,
        "nauc_map_at_1_std": 0.009193,
        "nauc_map_at_1_diff1": 0.256767,
        "nauc_map_at_3_max": 0.16053,
        "nauc_map_at_3_std": -0.033479,
        "nauc_map_at_3_diff1": 0.190941,
        "nauc_map_at_5_max": 0.166286,
        "nauc_map_at_5_std": -0.021271,
        "nauc_map_at_5_diff1": 0.190388,
        "nauc_map_at_10_max": 0.166003,
        "nauc_map_at_10_std": -0.026251,
        "nauc_map_at_10_diff1": 0.18486,
        "nauc_map_at_20_max": 0.164059,
        "nauc_map_at_20_std": -0.026488,
        "nauc_map_at_20_diff1": 0.183312,
        "nauc_map_at_100_max": 0.163779,
        "nauc_map_at_100_std": -0.02437,
        "nauc_map_at_100_diff1": 0.18483,
        "nauc_map_at_1000_max": 0.163648,
        "nauc_map_at_1000_std": -0.024535,
        "nauc_map_at_1000_diff1": 0.184775,
        "nauc_recall_at_1_max": 0.181457,
        "nauc_recall_at_1_std": 0.009193,
        "nauc_recall_at_1_diff1": 0.256767,
        "nauc_recall_at_3_max": 0.144654,
        "nauc_recall_at_3_std": -0.060936,
        "nauc_recall_at_3_diff1": 0.135309,
        "nauc_recall_at_5_max": 0.16885,
        "nauc_recall_at_5_std": -0.015618,
        "nauc_recall_at_5_diff1": 0.137704,
        "nauc_recall_at_10_max": 0.176411,
        "nauc_recall_at_10_std": -0.042879,
        "nauc_recall_at_10_diff1": 0.094767,
        "nauc_recall_at_20_max": 0.154918,
        "nauc_recall_at_20_std": -0.047809,
        "nauc_recall_at_20_diff1": 0.068968,
        "nauc_recall_at_100_max": 0.169658,
        "nauc_recall_at_100_std": 0.119461,
        "nauc_recall_at_100_diff1": 0.09711,
        "nauc_recall_at_1000_max": 0.231485,
        "nauc_recall_at_1000_std": 0.365844,
        "nauc_recall_at_1000_diff1": -0.132422,
        "nauc_precision_at_1_max": 0.181457,
        "nauc_precision_at_1_std": 0.009193,
        "nauc_precision_at_1_diff1": 0.256767,
        "nauc_precision_at_3_max": 0.144654,
        "nauc_precision_at_3_std": -0.060936,
        "nauc_precision_at_3_diff1": 0.135309,
        "nauc_precision_at_5_max": 0.16885,
        "nauc_precision_at_5_std": -0.015618,
        "nauc_precision_at_5_diff1": 0.137704,
        "nauc_precision_at_10_max": 0.176411,
        "nauc_precision_at_10_std": -0.042879,
        "nauc_precision_at_10_diff1": 0.094767,
        "nauc_precision_at_20_max": 0.154918,
        "nauc_precision_at_20_std": -0.047809,
        "nauc_precision_at_20_diff1": 0.068968,
        "nauc_precision_at_100_max": 0.169658,
        "nauc_precision_at_100_std": 0.119461,
        "nauc_precision_at_100_diff1": 0.09711,
        "nauc_precision_at_1000_max": 0.231485,
        "nauc_precision_at_1000_std": 0.365844,
        "nauc_precision_at_1000_diff1": -0.132422,
        "nauc_mrr_at_1_max": 0.181457,
        "nauc_mrr_at_1_std": 0.009193,
        "nauc_mrr_at_1_diff1": 0.256767,
        "nauc_mrr_at_3_max": 0.16053,
        "nauc_mrr_at_3_std": -0.033479,
        "nauc_mrr_at_3_diff1": 0.190941,
        "nauc_mrr_at_5_max": 0.166286,
        "nauc_mrr_at_5_std": -0.021271,
        "nauc_mrr_at_5_diff1": 0.190388,
        "nauc_mrr_at_10_max": 0.166003,
        "nauc_mrr_at_10_std": -0.026251,
        "nauc_mrr_at_10_diff1": 0.18486,
        "nauc_mrr_at_20_max": 0.164059,
        "nauc_mrr_at_20_std": -0.026488,
        "nauc_mrr_at_20_diff1": 0.183312,
        "nauc_mrr_at_100_max": 0.163779,
        "nauc_mrr_at_100_std": -0.02437,
        "nauc_mrr_at_100_diff1": 0.18483,
        "nauc_mrr_at_1000_max": 0.163648,
        "nauc_mrr_at_1000_std": -0.024535,
        "nauc_mrr_at_1000_diff1": 0.184775,
        "main_score": 0.36943,
        "hf_subset": "default",
        "languages": [
          "tur-Latn"
        ]
      }
    ]
  },
  "evaluation_time": 40.198052644729614,
  "kg_co2_emissions": null
}