{
  "dataset_revision": "main",
  "task_name": "MSMarcoTRRetrieval",
  "mteb_version": "1.31.3",
  "scores": {
    "test": [
      {
        "ndcg_at_1": 0.53189,
        "ndcg_at_3": 0.54864,
        "ndcg_at_5": 0.55206,
        "ndcg_at_10": 0.55461,
        "ndcg_at_20": 0.55582,
        "ndcg_at_100": 0.55702,
        "ndcg_at_1000": 0.55735,
        "map_at_1": 0.53189,
        "map_at_3": 0.54473,
        "map_at_5": 0.54662,
        "map_at_10": 0.54768,
        "map_at_20": 0.54799,
        "map_at_100": 0.54817,
        "map_at_1000": 0.54818,
        "recall_at_1": 0.53189,
        "recall_at_3": 0.55986,
        "recall_at_5": 0.5682,
        "recall_at_10": 0.57605,
        "recall_at_20": 0.58096,
        "recall_at_100": 0.58734,
        "recall_at_1000": 0.58979,
        "precision_at_1": 0.53189,
        "precision_at_3": 0.18662,
        "precision_at_5": 0.11364,
        "precision_at_10": 0.05761,
        "precision_at_20": 0.02905,
        "precision_at_100": 0.00587,
        "precision_at_1000": 0.00059,
        "mrr_at_1": 0.531894,
        "mrr_at_3": 0.544733,
        "mrr_at_5": 0.546623,
        "mrr_at_10": 0.547678,
        "mrr_at_20": 0.547994,
        "mrr_at_100": 0.548167,
        "mrr_at_1000": 0.548183,
        "nauc_ndcg_at_1_max": 0.85995,
        "nauc_ndcg_at_1_std": 0.240446,
        "nauc_ndcg_at_1_diff1": 0.893005,
        "nauc_ndcg_at_3_max": 0.859202,
        "nauc_ndcg_at_3_std": 0.242485,
        "nauc_ndcg_at_3_diff1": 0.875673,
        "nauc_ndcg_at_5_max": 0.857294,
        "nauc_ndcg_at_5_std": 0.241896,
        "nauc_ndcg_at_5_diff1": 0.873168,
        "nauc_ndcg_at_10_max": 0.854434,
        "nauc_ndcg_at_10_std": 0.238218,
        "nauc_ndcg_at_10_diff1": 0.870071,
        "nauc_ndcg_at_20_max": 0.852952,
        "nauc_ndcg_at_20_std": 0.236607,
        "nauc_ndcg_at_20_diff1": 0.868567,
        "nauc_ndcg_at_100_max": 0.85125,
        "nauc_ndcg_at_100_std": 0.235347,
        "nauc_ndcg_at_100_diff1": 0.866989,
        "nauc_ndcg_at_1000_max": 0.850953,
        "nauc_ndcg_at_1000_std": 0.234787,
        "nauc_ndcg_at_1000_diff1": 0.866557,
        "nauc_map_at_1_max": 0.85995,
        "nauc_map_at_1_std": 0.240446,
        "nauc_map_at_1_diff1": 0.893005,
        "nauc_map_at_3_max": 0.85964,
        "nauc_map_at_3_std": 0.242602,
        "nauc_map_at_3_diff1": 0.879752,
        "nauc_map_at_5_max": 0.858612,
        "nauc_map_at_5_std": 0.242278,
        "nauc_map_at_5_diff1": 0.878426,
        "nauc_map_at_10_max": 0.857436,
        "nauc_map_at_10_std": 0.240759,
        "nauc_map_at_10_diff1": 0.877131,
        "nauc_map_at_20_max": 0.85706,
        "nauc_map_at_20_std": 0.240359,
        "nauc_map_at_20_diff1": 0.876756,
        "nauc_map_at_100_max": 0.856827,
        "nauc_map_at_100_std": 0.240228,
        "nauc_map_at_100_diff1": 0.876546,
        "nauc_map_at_1000_max": 0.85681,
        "nauc_map_at_1000_std": 0.240198,
        "nauc_map_at_1000_diff1": 0.876522,
        "nauc_recall_at_1_max": 0.85995,
        "nauc_recall_at_1_std": 0.240446,
        "nauc_recall_at_1_diff1": 0.893005,
        "nauc_recall_at_3_max": 0.857808,
        "nauc_recall_at_3_std": 0.241884,
        "nauc_recall_at_3_diff1": 0.863773,
        "nauc_recall_at_5_max": 0.852981,
        "nauc_recall_at_5_std": 0.240422,
        "nauc_recall_at_5_diff1": 0.857273,
        "nauc_recall_at_10_max": 0.843932,
        "nauc_recall_at_10_std": 0.228842,
        "nauc_recall_at_10_diff1": 0.84752,
        "nauc_recall_at_20_max": 0.837651,
        "nauc_recall_at_20_std": 0.221941,
        "nauc_recall_at_20_diff1": 0.841036,
        "nauc_recall_at_100_max": 0.828,
        "nauc_recall_at_100_std": 0.214221,
        "nauc_recall_at_100_diff1": 0.831904,
        "nauc_recall_at_1000_max": 0.825807,
        "nauc_recall_at_1000_std": 0.210101,
        "nauc_recall_at_1000_diff1": 0.828672,
        "nauc_precision_at_1_max": 0.85995,
        "nauc_precision_at_1_std": 0.240446,
        "nauc_precision_at_1_diff1": 0.893005,
        "nauc_precision_at_3_max": 0.857808,
        "nauc_precision_at_3_std": 0.241884,
        "nauc_precision_at_3_diff1": 0.863773,
        "nauc_precision_at_5_max": 0.852981,
        "nauc_precision_at_5_std": 0.240422,
        "nauc_precision_at_5_diff1": 0.857273,
        "nauc_precision_at_10_max": 0.843932,
        "nauc_precision_at_10_std": 0.228842,
        "nauc_precision_at_10_diff1": 0.84752,
        "nauc_precision_at_20_max": 0.837651,
        "nauc_precision_at_20_std": 0.221941,
        "nauc_precision_at_20_diff1": 0.841036,
        "nauc_precision_at_100_max": 0.828,
        "nauc_precision_at_100_std": 0.214221,
        "nauc_precision_at_100_diff1": 0.831904,
        "nauc_precision_at_1000_max": 0.825807,
        "nauc_precision_at_1000_std": 0.210101,
        "nauc_precision_at_1000_diff1": 0.828672,
        "nauc_mrr_at_1_max": 0.85995,
        "nauc_mrr_at_1_std": 0.240446,
        "nauc_mrr_at_1_diff1": 0.893005,
        "nauc_mrr_at_3_max": 0.85964,
        "nauc_mrr_at_3_std": 0.242602,
        "nauc_mrr_at_3_diff1": 0.879752,
        "nauc_mrr_at_5_max": 0.858612,
        "nauc_mrr_at_5_std": 0.242278,
        "nauc_mrr_at_5_diff1": 0.878426,
        "nauc_mrr_at_10_max": 0.857436,
        "nauc_mrr_at_10_std": 0.240759,
        "nauc_mrr_at_10_diff1": 0.877131,
        "nauc_mrr_at_20_max": 0.85706,
        "nauc_mrr_at_20_std": 0.240359,
        "nauc_mrr_at_20_diff1": 0.876756,
        "nauc_mrr_at_100_max": 0.856827,
        "nauc_mrr_at_100_std": 0.240228,
        "nauc_mrr_at_100_diff1": 0.876546,
        "nauc_mrr_at_1000_max": 0.85681,
        "nauc_mrr_at_1000_std": 0.240198,
        "nauc_mrr_at_1000_diff1": 0.876522,
        "main_score": 0.55461,
        "hf_subset": "default",
        "languages": [
          "tur-Latn"
        ]
      }
    ]
  },
  "evaluation_time": 32.18433117866516,
  "kg_co2_emissions": null
}