{
  "dataset_revision": "main",
  "task_name": "MSMarcoTRRetrieval",
  "mteb_version": "1.31.3",
  "scores": {
    "test": [
      {
        "ndcg_at_1": 0.54523,
        "ndcg_at_3": 0.5629,
        "ndcg_at_5": 0.5661,
        "ndcg_at_10": 0.56781,
        "ndcg_at_20": 0.56954,
        "ndcg_at_100": 0.57002,
        "ndcg_at_1000": 0.57045,
        "map_at_1": 0.54523,
        "map_at_3": 0.55868,
        "map_at_5": 0.56044,
        "map_at_10": 0.56113,
        "map_at_20": 0.56161,
        "map_at_100": 0.56169,
        "map_at_1000": 0.5617,
        "recall_at_1": 0.54523,
        "recall_at_3": 0.57506,
        "recall_at_5": 0.58289,
        "recall_at_10": 0.58826,
        "recall_at_20": 0.59511,
        "recall_at_100": 0.59756,
        "recall_at_1000": 0.60098,
        "precision_at_1": 0.54523,
        "precision_at_3": 0.19169,
        "precision_at_5": 0.11658,
        "precision_at_10": 0.05883,
        "precision_at_20": 0.02976,
        "precision_at_100": 0.00598,
        "precision_at_1000": 0.0006,
        "mrr_at_1": 0.545232,
        "mrr_at_3": 0.55868,
        "mrr_at_5": 0.56044,
        "mrr_at_10": 0.561135,
        "mrr_at_20": 0.56161,
        "mrr_at_100": 0.561686,
        "mrr_at_1000": 0.561701,
        "nauc_ndcg_at_1_max": 0.847011,
        "nauc_ndcg_at_1_std": 0.187794,
        "nauc_ndcg_at_1_diff1": 0.871526,
        "nauc_ndcg_at_3_max": 0.85186,
        "nauc_ndcg_at_3_std": 0.191332,
        "nauc_ndcg_at_3_diff1": 0.854388,
        "nauc_ndcg_at_5_max": 0.849195,
        "nauc_ndcg_at_5_std": 0.19156,
        "nauc_ndcg_at_5_diff1": 0.850738,
        "nauc_ndcg_at_10_max": 0.847959,
        "nauc_ndcg_at_10_std": 0.189312,
        "nauc_ndcg_at_10_diff1": 0.849561,
        "nauc_ndcg_at_20_max": 0.846455,
        "nauc_ndcg_at_20_std": 0.189242,
        "nauc_ndcg_at_20_diff1": 0.847278,
        "nauc_ndcg_at_100_max": 0.845698,
        "nauc_ndcg_at_100_std": 0.18807,
        "nauc_ndcg_at_100_diff1": 0.846716,
        "nauc_ndcg_at_1000_max": 0.845222,
        "nauc_ndcg_at_1000_std": 0.187161,
        "nauc_ndcg_at_1000_diff1": 0.846257,
        "nauc_map_at_1_max": 0.847011,
        "nauc_map_at_1_std": 0.187794,
        "nauc_map_at_1_diff1": 0.871526,
        "nauc_map_at_3_max": 0.850757,
        "nauc_map_at_3_std": 0.190592,
        "nauc_map_at_3_diff1": 0.858466,
        "nauc_map_at_5_max": 0.849291,
        "nauc_map_at_5_std": 0.190683,
        "nauc_map_at_5_diff1": 0.856479,
        "nauc_map_at_10_max": 0.848804,
        "nauc_map_at_10_std": 0.189775,
        "nauc_map_at_10_diff1": 0.856002,
        "nauc_map_at_20_max": 0.848417,
        "nauc_map_at_20_std": 0.189799,
        "nauc_map_at_20_diff1": 0.855407,
        "nauc_map_at_100_max": 0.848292,
        "nauc_map_at_100_std": 0.189608,
        "nauc_map_at_100_diff1": 0.855318,
        "nauc_map_at_1000_max": 0.848274,
        "nauc_map_at_1000_std": 0.189575,
        "nauc_map_at_1000_diff1": 0.855299,
        "nauc_recall_at_1_max": 0.847011,
        "nauc_recall_at_1_std": 0.187794,
        "nauc_recall_at_1_diff1": 0.871526,
        "nauc_recall_at_3_max": 0.855066,
        "nauc_recall_at_3_std": 0.193452,
        "nauc_recall_at_3_diff1": 0.842456,
        "nauc_recall_at_5_max": 0.848475,
        "nauc_recall_at_5_std": 0.19418,
        "nauc_recall_at_5_diff1": 0.833244,
        "nauc_recall_at_10_max": 0.844453,
        "nauc_recall_at_10_std": 0.187004,
        "nauc_recall_at_10_diff1": 0.829406,
        "nauc_recall_at_20_max": 0.838118,
        "nauc_recall_at_20_std": 0.186318,
        "nauc_recall_at_20_diff1": 0.81978,
        "nauc_recall_at_100_max": 0.834187,
        "nauc_recall_at_100_std": 0.180206,
        "nauc_recall_at_100_diff1": 0.816728,
        "nauc_recall_at_1000_max": 0.830254,
        "nauc_recall_at_1000_std": 0.172678,
        "nauc_recall_at_1000_diff1": 0.81297,
        "nauc_precision_at_1_max": 0.847011,
        "nauc_precision_at_1_std": 0.187794,
        "nauc_precision_at_1_diff1": 0.871526,
        "nauc_precision_at_3_max": 0.855066,
        "nauc_precision_at_3_std": 0.193452,
        "nauc_precision_at_3_diff1": 0.842456,
        "nauc_precision_at_5_max": 0.848475,
        "nauc_precision_at_5_std": 0.19418,
        "nauc_precision_at_5_diff1": 0.833244,
        "nauc_precision_at_10_max": 0.844453,
        "nauc_precision_at_10_std": 0.187004,
        "nauc_precision_at_10_diff1": 0.829406,
        "nauc_precision_at_20_max": 0.838118,
        "nauc_precision_at_20_std": 0.186318,
        "nauc_precision_at_20_diff1": 0.81978,
        "nauc_precision_at_100_max": 0.834187,
        "nauc_precision_at_100_std": 0.180206,
        "nauc_precision_at_100_diff1": 0.816728,
        "nauc_precision_at_1000_max": 0.830254,
        "nauc_precision_at_1000_std": 0.172678,
        "nauc_precision_at_1000_diff1": 0.81297,
        "nauc_mrr_at_1_max": 0.847011,
        "nauc_mrr_at_1_std": 0.187794,
        "nauc_mrr_at_1_diff1": 0.871526,
        "nauc_mrr_at_3_max": 0.850757,
        "nauc_mrr_at_3_std": 0.190592,
        "nauc_mrr_at_3_diff1": 0.858466,
        "nauc_mrr_at_5_max": 0.849291,
        "nauc_mrr_at_5_std": 0.190683,
        "nauc_mrr_at_5_diff1": 0.856479,
        "nauc_mrr_at_10_max": 0.848804,
        "nauc_mrr_at_10_std": 0.189775,
        "nauc_mrr_at_10_diff1": 0.856002,
        "nauc_mrr_at_20_max": 0.848417,
        "nauc_mrr_at_20_std": 0.189799,
        "nauc_mrr_at_20_diff1": 0.855407,
        "nauc_mrr_at_100_max": 0.848292,
        "nauc_mrr_at_100_std": 0.189608,
        "nauc_mrr_at_100_diff1": 0.855318,
        "nauc_mrr_at_1000_max": 0.848274,
        "nauc_mrr_at_1000_std": 0.189575,
        "nauc_mrr_at_1000_diff1": 0.855299,
        "main_score": 0.56781,
        "hf_subset": "default",
        "languages": [
          "tur-Latn"
        ]
      }
    ]
  },
  "evaluation_time": 16.99889349937439,
  "kg_co2_emissions": null
}