{
  "dataset_revision": "main",
  "task_name": "NFCorpusTR",
  "mteb_version": "1.31.3",
  "scores": {
    "test": [
      {
        "ndcg_at_1": 0.04331,
        "ndcg_at_3": 0.06215,
        "ndcg_at_5": 0.0735,
        "ndcg_at_10": 0.08349,
        "ndcg_at_20": 0.09345,
        "ndcg_at_100": 0.1205,
        "ndcg_at_1000": 0.18478,
        "map_at_1": 0.04331,
        "map_at_3": 0.05774,
        "map_at_5": 0.06404,
        "map_at_10": 0.06806,
        "map_at_20": 0.07078,
        "map_at_100": 0.07426,
        "map_at_1000": 0.07592,
        "recall_at_1": 0.04331,
        "recall_at_3": 0.0748,
        "recall_at_5": 0.10236,
        "recall_at_10": 0.13386,
        "recall_at_20": 0.17323,
        "recall_at_100": 0.32283,
        "recall_at_1000": 0.87402,
        "precision_at_1": 0.04331,
        "precision_at_3": 0.02493,
        "precision_at_5": 0.02047,
        "precision_at_10": 0.01339,
        "precision_at_20": 0.00866,
        "precision_at_100": 0.00323,
        "precision_at_1000": 0.00087,
        "mrr_at_1": 0.043307,
        "mrr_at_3": 0.057743,
        "mrr_at_5": 0.064042,
        "mrr_at_10": 0.068056,
        "mrr_at_20": 0.070776,
        "mrr_at_100": 0.074257,
        "mrr_at_1000": 0.075923,
        "nauc_ndcg_at_1_max": 0.108412,
        "nauc_ndcg_at_1_std": -0.035824,
        "nauc_ndcg_at_1_diff1": 0.431281,
        "nauc_ndcg_at_3_max": 0.177338,
        "nauc_ndcg_at_3_std": 0.058313,
        "nauc_ndcg_at_3_diff1": 0.261736,
        "nauc_ndcg_at_5_max": 0.203631,
        "nauc_ndcg_at_5_std": 0.091318,
        "nauc_ndcg_at_5_diff1": 0.271466,
        "nauc_ndcg_at_10_max": 0.208652,
        "nauc_ndcg_at_10_std": 0.127069,
        "nauc_ndcg_at_10_diff1": 0.245973,
        "nauc_ndcg_at_20_max": 0.189635,
        "nauc_ndcg_at_20_std": 0.121578,
        "nauc_ndcg_at_20_diff1": 0.198903,
        "nauc_ndcg_at_100_max": 0.197592,
        "nauc_ndcg_at_100_std": 0.137852,
        "nauc_ndcg_at_100_diff1": 0.164783,
        "nauc_ndcg_at_1000_max": 0.200769,
        "nauc_ndcg_at_1000_std": 0.141637,
        "nauc_ndcg_at_1000_diff1": 0.19899,
        "nauc_map_at_1_max": 0.108412,
        "nauc_map_at_1_std": -0.035824,
        "nauc_map_at_1_diff1": 0.431281,
        "nauc_map_at_3_max": 0.166188,
        "nauc_map_at_3_std": 0.045104,
        "nauc_map_at_3_diff1": 0.287848,
        "nauc_map_at_5_max": 0.181901,
        "nauc_map_at_5_std": 0.066105,
        "nauc_map_at_5_diff1": 0.289894,
        "nauc_map_at_10_max": 0.183928,
        "nauc_map_at_10_std": 0.081491,
        "nauc_map_at_10_diff1": 0.275906,
        "nauc_map_at_20_max": 0.178241,
        "nauc_map_at_20_std": 0.081346,
        "nauc_map_at_20_diff1": 0.258672,
        "nauc_map_at_100_max": 0.179423,
        "nauc_map_at_100_std": 0.087089,
        "nauc_map_at_100_diff1": 0.251129,
        "nauc_map_at_1000_max": 0.179675,
        "nauc_map_at_1000_std": 0.0871,
        "nauc_map_at_1000_diff1": 0.252511,
        "nauc_recall_at_1_max": 0.108412,
        "nauc_recall_at_1_std": -0.035824,
        "nauc_recall_at_1_diff1": 0.431281,
        "nauc_recall_at_3_max": 0.201755,
        "nauc_recall_at_3_std": 0.086519,
        "nauc_recall_at_3_diff1": 0.205019,
        "nauc_recall_at_5_max": 0.246868,
        "nauc_recall_at_5_std": 0.140248,
        "nauc_recall_at_5_diff1": 0.241155,
        "nauc_recall_at_10_max": 0.253443,
        "nauc_recall_at_10_std": 0.213565,
        "nauc_recall_at_10_diff1": 0.196883,
        "nauc_recall_at_20_max": 0.201002,
        "nauc_recall_at_20_std": 0.183856,
        "nauc_recall_at_20_diff1": 0.097723,
        "nauc_recall_at_100_max": 0.222028,
        "nauc_recall_at_100_std": 0.200292,
        "nauc_recall_at_100_diff1": 0.034551,
        "nauc_recall_at_1000_max": 0.286156,
        "nauc_recall_at_1000_std": 0.354834,
        "nauc_recall_at_1000_diff1": 0.114183,
        "nauc_precision_at_1_max": 0.108412,
        "nauc_precision_at_1_std": -0.035824,
        "nauc_precision_at_1_diff1": 0.431281,
        "nauc_precision_at_3_max": 0.201755,
        "nauc_precision_at_3_std": 0.086519,
        "nauc_precision_at_3_diff1": 0.205019,
        "nauc_precision_at_5_max": 0.246868,
        "nauc_precision_at_5_std": 0.140248,
        "nauc_precision_at_5_diff1": 0.241155,
        "nauc_precision_at_10_max": 0.253443,
        "nauc_precision_at_10_std": 0.213565,
        "nauc_precision_at_10_diff1": 0.196883,
        "nauc_precision_at_20_max": 0.201002,
        "nauc_precision_at_20_std": 0.183856,
        "nauc_precision_at_20_diff1": 0.097723,
        "nauc_precision_at_100_max": 0.222028,
        "nauc_precision_at_100_std": 0.200292,
        "nauc_precision_at_100_diff1": 0.034551,
        "nauc_precision_at_1000_max": 0.286156,
        "nauc_precision_at_1000_std": 0.354834,
        "nauc_precision_at_1000_diff1": 0.114183,
        "nauc_mrr_at_1_max": 0.108412,
        "nauc_mrr_at_1_std": -0.035824,
        "nauc_mrr_at_1_diff1": 0.431281,
        "nauc_mrr_at_3_max": 0.166188,
        "nauc_mrr_at_3_std": 0.045104,
        "nauc_mrr_at_3_diff1": 0.287848,
        "nauc_mrr_at_5_max": 0.181901,
        "nauc_mrr_at_5_std": 0.066105,
        "nauc_mrr_at_5_diff1": 0.289894,
        "nauc_mrr_at_10_max": 0.183928,
        "nauc_mrr_at_10_std": 0.081491,
        "nauc_mrr_at_10_diff1": 0.275906,
        "nauc_mrr_at_20_max": 0.178241,
        "nauc_mrr_at_20_std": 0.081346,
        "nauc_mrr_at_20_diff1": 0.258672,
        "nauc_mrr_at_100_max": 0.179423,
        "nauc_mrr_at_100_std": 0.087089,
        "nauc_mrr_at_100_diff1": 0.251129,
        "nauc_mrr_at_1000_max": 0.179674,
        "nauc_mrr_at_1000_std": 0.0871,
        "nauc_mrr_at_1000_diff1": 0.252511,
        "main_score": 0.08349,
        "hf_subset": "default",
        "languages": [
          "tur-Latn"
        ]
      }
    ]
  },
  "evaluation_time": 51.98103451728821,
  "kg_co2_emissions": null
}