{
  "dataset_revision": "main",
  "task_name": "NFCorpusTR",
  "mteb_version": "1.31.3",
  "scores": {
    "test": [
      {
        "ndcg_at_1": 0.33437,
        "ndcg_at_3": 0.31291,
        "ndcg_at_5": 0.2971,
        "ndcg_at_10": 0.28553,
        "ndcg_at_20": 0.26626,
        "ndcg_at_100": 0.26498,
        "ndcg_at_1000": 0.35483,
        "map_at_1": 0.04204,
        "map_at_3": 0.0693,
        "map_at_5": 0.0811,
        "map_at_10": 0.09783,
        "map_at_20": 0.10908,
        "map_at_100": 0.12571,
        "map_at_1000": 0.1388,
        "recall_at_1": 0.04204,
        "recall_at_3": 0.08152,
        "recall_at_5": 0.1014,
        "recall_at_10": 0.14264,
        "recall_at_20": 0.17742,
        "recall_at_100": 0.2772,
        "recall_at_1000": 0.601,
        "precision_at_1": 0.35294,
        "precision_at_3": 0.29825,
        "precision_at_5": 0.26316,
        "precision_at_10": 0.22136,
        "precision_at_20": 0.16161,
        "precision_at_100": 0.07056,
        "precision_at_1000": 0.01968,
        "mrr_at_1": 0.352941,
        "mrr_at_3": 0.429309,
        "mrr_at_5": 0.442157,
        "mrr_at_10": 0.452714,
        "mrr_at_20": 0.456523,
        "mrr_at_100": 0.458819,
        "mrr_at_1000": 0.459484,
        "nauc_ndcg_at_1_max": 0.245996,
        "nauc_ndcg_at_1_std": 0.153554,
        "nauc_ndcg_at_1_diff1": 0.356556,
        "nauc_ndcg_at_3_max": 0.270191,
        "nauc_ndcg_at_3_std": 0.218341,
        "nauc_ndcg_at_3_diff1": 0.276375,
        "nauc_ndcg_at_5_max": 0.270044,
        "nauc_ndcg_at_5_std": 0.246922,
        "nauc_ndcg_at_5_diff1": 0.245447,
        "nauc_ndcg_at_10_max": 0.25549,
        "nauc_ndcg_at_10_std": 0.279366,
        "nauc_ndcg_at_10_diff1": 0.223199,
        "nauc_ndcg_at_20_max": 0.256566,
        "nauc_ndcg_at_20_std": 0.282394,
        "nauc_ndcg_at_20_diff1": 0.229258,
        "nauc_ndcg_at_100_max": 0.298308,
        "nauc_ndcg_at_100_std": 0.296897,
        "nauc_ndcg_at_100_diff1": 0.263397,
        "nauc_ndcg_at_1000_max": 0.348073,
        "nauc_ndcg_at_1000_std": 0.36408,
        "nauc_ndcg_at_1000_diff1": 0.242484,
        "nauc_map_at_1_max": 0.038607,
        "nauc_map_at_1_std": -0.150472,
        "nauc_map_at_1_diff1": 0.490558,
        "nauc_map_at_3_max": 0.077653,
        "nauc_map_at_3_std": -0.077913,
        "nauc_map_at_3_diff1": 0.419459,
        "nauc_map_at_5_max": 0.102852,
        "nauc_map_at_5_std": -0.048001,
        "nauc_map_at_5_diff1": 0.383778,
        "nauc_map_at_10_max": 0.131413,
        "nauc_map_at_10_std": 0.003623,
        "nauc_map_at_10_diff1": 0.342792,
        "nauc_map_at_20_max": 0.158489,
        "nauc_map_at_20_std": 0.049214,
        "nauc_map_at_20_diff1": 0.324452,
        "nauc_map_at_100_max": 0.187237,
        "nauc_map_at_100_std": 0.122741,
        "nauc_map_at_100_diff1": 0.300216,
        "nauc_map_at_1000_max": 0.196557,
        "nauc_map_at_1000_std": 0.164048,
        "nauc_map_at_1000_diff1": 0.282982,
        "nauc_recall_at_1_max": 0.038607,
        "nauc_recall_at_1_std": -0.150472,
        "nauc_recall_at_1_diff1": 0.490558,
        "nauc_recall_at_3_max": 0.093648,
        "nauc_recall_at_3_std": -0.048192,
        "nauc_recall_at_3_diff1": 0.372768,
        "nauc_recall_at_5_max": 0.112564,
        "nauc_recall_at_5_std": -0.013493,
        "nauc_recall_at_5_diff1": 0.337928,
        "nauc_recall_at_10_max": 0.112351,
        "nauc_recall_at_10_std": 0.036302,
        "nauc_recall_at_10_diff1": 0.263342,
        "nauc_recall_at_20_max": 0.172188,
        "nauc_recall_at_20_std": 0.097706,
        "nauc_recall_at_20_diff1": 0.247801,
        "nauc_recall_at_100_max": 0.22578,
        "nauc_recall_at_100_std": 0.24538,
        "nauc_recall_at_100_diff1": 0.207333,
        "nauc_recall_at_1000_max": 0.195028,
        "nauc_recall_at_1000_std": 0.285109,
        "nauc_recall_at_1000_diff1": 0.041456,
        "nauc_precision_at_1_max": 0.275918,
        "nauc_precision_at_1_std": 0.164412,
        "nauc_precision_at_1_diff1": 0.356281,
        "nauc_precision_at_3_max": 0.309341,
        "nauc_precision_at_3_std": 0.287896,
        "nauc_precision_at_3_diff1": 0.18236,
        "nauc_precision_at_5_max": 0.304998,
        "nauc_precision_at_5_std": 0.340288,
        "nauc_precision_at_5_diff1": 0.099656,
        "nauc_precision_at_10_max": 0.279556,
        "nauc_precision_at_10_std": 0.405634,
        "nauc_precision_at_10_diff1": 0.015863,
        "nauc_precision_at_20_max": 0.252737,
        "nauc_precision_at_20_std": 0.441042,
        "nauc_precision_at_20_diff1": -0.023588,
        "nauc_precision_at_100_max": 0.167653,
        "nauc_precision_at_100_std": 0.465327,
        "nauc_precision_at_100_diff1": -0.073354,
        "nauc_precision_at_1000_max": 0.034669,
        "nauc_precision_at_1000_std": 0.352259,
        "nauc_precision_at_1000_diff1": -0.084773,
        "nauc_mrr_at_1_max": 0.275918,
        "nauc_mrr_at_1_std": 0.164412,
        "nauc_mrr_at_1_diff1": 0.356281,
        "nauc_mrr_at_3_max": 0.32528,
        "nauc_mrr_at_3_std": 0.229566,
        "nauc_mrr_at_3_diff1": 0.32578,
        "nauc_mrr_at_5_max": 0.323474,
        "nauc_mrr_at_5_std": 0.247325,
        "nauc_mrr_at_5_diff1": 0.318061,
        "nauc_mrr_at_10_max": 0.325049,
        "nauc_mrr_at_10_std": 0.255803,
        "nauc_mrr_at_10_diff1": 0.314965,
        "nauc_mrr_at_20_max": 0.327728,
        "nauc_mrr_at_20_std": 0.256752,
        "nauc_mrr_at_20_diff1": 0.318439,
        "nauc_mrr_at_100_max": 0.328792,
        "nauc_mrr_at_100_std": 0.256943,
        "nauc_mrr_at_100_diff1": 0.318457,
        "nauc_mrr_at_1000_max": 0.328399,
        "nauc_mrr_at_1000_std": 0.256348,
        "nauc_mrr_at_1000_diff1": 0.318378,
        "main_score": 0.28553,
        "hf_subset": "default",
        "languages": [
          "tur-Latn"
        ]
      }
    ]
  },
  "evaluation_time": 341.7507801055908,
  "kg_co2_emissions": null
}