{
  "dataset_revision": "main",
  "task_name": "QuoraRetrievalTR",
  "mteb_version": "1.31.3",
  "scores": {
    "test": [
      {
        "ndcg_at_1": 0.7174,
        "ndcg_at_3": 0.77079,
        "ndcg_at_5": 0.78971,
        "ndcg_at_10": 0.80653,
        "ndcg_at_20": 0.81774,
        "ndcg_at_100": 0.82799,
        "ndcg_at_1000": 0.83091,
        "map_at_1": 0.62314,
        "map_at_3": 0.72958,
        "map_at_5": 0.74824,
        "map_at_10": 0.76013,
        "map_at_20": 0.76542,
        "map_at_100": 0.7684,
        "map_at_1000": 0.76869,
        "recall_at_1": 0.62314,
        "recall_at_3": 0.79929,
        "recall_at_5": 0.85038,
        "recall_at_10": 0.89992,
        "recall_at_20": 0.93768,
        "recall_at_100": 0.97972,
        "recall_at_1000": 0.99619,
        "precision_at_1": 0.7174,
        "precision_at_3": 0.3389,
        "precision_at_5": 0.22528,
        "precision_at_10": 0.12427,
        "precision_at_20": 0.06728,
        "precision_at_100": 0.0149,
        "precision_at_1000": 0.00156,
        "mrr_at_1": 0.717,
        "mrr_at_3": 0.781533,
        "mrr_at_5": 0.790758,
        "mrr_at_10": 0.79554,
        "mrr_at_20": 0.797465,
        "mrr_at_100": 0.798206,
        "mrr_at_1000": 0.79826,
        "nauc_ndcg_at_1_max": 0.283183,
        "nauc_ndcg_at_1_std": -0.296579,
        "nauc_ndcg_at_1_diff1": 0.722034,
        "nauc_ndcg_at_3_max": 0.261977,
        "nauc_ndcg_at_3_std": -0.350623,
        "nauc_ndcg_at_3_diff1": 0.687207,
        "nauc_ndcg_at_5_max": 0.265831,
        "nauc_ndcg_at_5_std": -0.352518,
        "nauc_ndcg_at_5_diff1": 0.685819,
        "nauc_ndcg_at_10_max": 0.271985,
        "nauc_ndcg_at_10_std": -0.341067,
        "nauc_ndcg_at_10_diff1": 0.689275,
        "nauc_ndcg_at_20_max": 0.276738,
        "nauc_ndcg_at_20_std": -0.329761,
        "nauc_ndcg_at_20_diff1": 0.690783,
        "nauc_ndcg_at_100_max": 0.281347,
        "nauc_ndcg_at_100_std": -0.314393,
        "nauc_ndcg_at_100_diff1": 0.690503,
        "nauc_ndcg_at_1000_max": 0.282122,
        "nauc_ndcg_at_1000_std": -0.312136,
        "nauc_ndcg_at_1000_diff1": 0.691345,
        "nauc_map_at_1_max": 0.200521,
        "nauc_map_at_1_std": -0.337608,
        "nauc_map_at_1_diff1": 0.731076,
        "nauc_map_at_3_max": 0.237904,
        "nauc_map_at_3_std": -0.374485,
        "nauc_map_at_3_diff1": 0.699028,
        "nauc_map_at_5_max": 0.249642,
        "nauc_map_at_5_std": -0.369484,
        "nauc_map_at_5_diff1": 0.696679,
        "nauc_map_at_10_max": 0.256254,
        "nauc_map_at_10_std": -0.358053,
        "nauc_map_at_10_diff1": 0.695846,
        "nauc_map_at_20_max": 0.260125,
        "nauc_map_at_20_std": -0.349105,
        "nauc_map_at_20_diff1": 0.695018,
        "nauc_map_at_100_max": 0.262413,
        "nauc_map_at_100_std": -0.341934,
        "nauc_map_at_100_diff1": 0.694304,
        "nauc_map_at_1000_max": 0.262719,
        "nauc_map_at_1000_std": -0.341233,
        "nauc_map_at_1000_diff1": 0.694341,
        "nauc_recall_at_1_max": 0.200521,
        "nauc_recall_at_1_std": -0.337608,
        "nauc_recall_at_1_diff1": 0.731076,
        "nauc_recall_at_3_max": 0.21584,
        "nauc_recall_at_3_std": -0.415001,
        "nauc_recall_at_3_diff1": 0.649884,
        "nauc_recall_at_5_max": 0.232072,
        "nauc_recall_at_5_std": -0.422268,
        "nauc_recall_at_5_diff1": 0.629035,
        "nauc_recall_at_10_max": 0.25484,
        "nauc_recall_at_10_std": -0.388541,
        "nauc_recall_at_10_diff1": 0.622289,
        "nauc_recall_at_20_max": 0.271451,
        "nauc_recall_at_20_std": -0.343899,
        "nauc_recall_at_20_diff1": 0.614103,
        "nauc_recall_at_100_max": 0.327183,
        "nauc_recall_at_100_std": -0.118782,
        "nauc_recall_at_100_diff1": 0.564699,
        "nauc_recall_at_1000_max": 0.450092,
        "nauc_recall_at_1000_std": 0.533186,
        "nauc_recall_at_1000_diff1": 0.433911,
        "nauc_precision_at_1_max": 0.283183,
        "nauc_precision_at_1_std": -0.296579,
        "nauc_precision_at_1_diff1": 0.722034,
        "nauc_precision_at_3_max": 0.163448,
        "nauc_precision_at_3_std": -0.01889,
        "nauc_precision_at_3_diff1": 0.039086,
        "nauc_precision_at_5_max": 0.133086,
        "nauc_precision_at_5_std": 0.091506,
        "nauc_precision_at_5_diff1": -0.104004,
        "nauc_precision_at_10_max": 0.099651,
        "nauc_precision_at_10_std": 0.205896,
        "nauc_precision_at_10_diff1": -0.214547,
        "nauc_precision_at_20_max": 0.080788,
        "nauc_precision_at_20_std": 0.302554,
        "nauc_precision_at_20_diff1": -0.285979,
        "nauc_precision_at_100_max": 0.054239,
        "nauc_precision_at_100_std": 0.402264,
        "nauc_precision_at_100_diff1": -0.345727,
        "nauc_precision_at_1000_max": 0.047265,
        "nauc_precision_at_1000_std": 0.422303,
        "nauc_precision_at_1000_diff1": -0.356911,
        "nauc_mrr_at_1_max": 0.282495,
        "nauc_mrr_at_1_std": -0.297444,
        "nauc_mrr_at_1_diff1": 0.722809,
        "nauc_mrr_at_3_max": 0.292625,
        "nauc_mrr_at_3_std": -0.30807,
        "nauc_mrr_at_3_diff1": 0.704216,
        "nauc_mrr_at_5_max": 0.293525,
        "nauc_mrr_at_5_std": -0.304561,
        "nauc_mrr_at_5_diff1": 0.701819,
        "nauc_mrr_at_10_max": 0.294987,
        "nauc_mrr_at_10_std": -0.302032,
        "nauc_mrr_at_10_diff1": 0.703604,
        "nauc_mrr_at_20_max": 0.294762,
        "nauc_mrr_at_20_std": -0.301759,
        "nauc_mrr_at_20_diff1": 0.704284,
        "nauc_mrr_at_100_max": 0.294338,
        "nauc_mrr_at_100_std": -0.301774,
        "nauc_mrr_at_100_diff1": 0.704371,
        "nauc_mrr_at_1000_max": 0.294278,
        "nauc_mrr_at_1000_std": -0.301833,
        "nauc_mrr_at_1000_diff1": 0.704391,
        "main_score": 0.80653,
        "hf_subset": "default",
        "languages": [
          "tur-Latn"
        ]
      }
    ]
  },
  "evaluation_time": 2524.8414208889008,
  "kg_co2_emissions": null
}