{
  "dataset_revision": "main",
  "task_name": "SCIDOCSTR",
  "mteb_version": "1.31.3",
  "scores": {
    "test": [
      {
        "ndcg_at_1": 0.01115,
        "ndcg_at_3": 0.01619,
        "ndcg_at_5": 0.02027,
        "ndcg_at_10": 0.02811,
        "ndcg_at_20": 0.03255,
        "ndcg_at_100": 0.04432,
        "ndcg_at_1000": 0.09197,
        "map_at_1": 0.01115,
        "map_at_3": 0.01486,
        "map_at_5": 0.01709,
        "map_at_10": 0.02028,
        "map_at_20": 0.02147,
        "map_at_100": 0.02298,
        "map_at_1000": 0.02413,
        "recall_at_1": 0.01115,
        "recall_at_3": 0.02007,
        "recall_at_5": 0.0301,
        "recall_at_10": 0.05463,
        "recall_at_20": 0.07246,
        "recall_at_100": 0.13712,
        "recall_at_1000": 0.55295,
        "precision_at_1": 0.01115,
        "precision_at_3": 0.00669,
        "precision_at_5": 0.00602,
        "precision_at_10": 0.00546,
        "precision_at_20": 0.00362,
        "precision_at_100": 0.00137,
        "precision_at_1000": 0.00055,
        "mrr_at_1": 0.011148,
        "mrr_at_3": 0.014864,
        "mrr_at_5": 0.017094,
        "mrr_at_10": 0.02028,
        "mrr_at_20": 0.021465,
        "mrr_at_100": 0.022985,
        "mrr_at_1000": 0.024128,
        "nauc_ndcg_at_1_max": 0.048892,
        "nauc_ndcg_at_1_std": 0.097796,
        "nauc_ndcg_at_1_diff1": -0.02624,
        "nauc_ndcg_at_3_max": 0.028909,
        "nauc_ndcg_at_3_std": 0.269154,
        "nauc_ndcg_at_3_diff1": 0.004711,
        "nauc_ndcg_at_5_max": 0.03783,
        "nauc_ndcg_at_5_std": 0.254225,
        "nauc_ndcg_at_5_diff1": -0.00734,
        "nauc_ndcg_at_10_max": 0.055451,
        "nauc_ndcg_at_10_std": 0.24325,
        "nauc_ndcg_at_10_diff1": 0.003662,
        "nauc_ndcg_at_20_max": 0.060983,
        "nauc_ndcg_at_20_std": 0.205432,
        "nauc_ndcg_at_20_diff1": -0.008387,
        "nauc_ndcg_at_100_max": 0.04327,
        "nauc_ndcg_at_100_std": 0.140591,
        "nauc_ndcg_at_100_diff1": -0.031292,
        "nauc_ndcg_at_1000_max": 0.020884,
        "nauc_ndcg_at_1000_std": 0.10788,
        "nauc_ndcg_at_1000_diff1": -0.02331,
        "nauc_map_at_1_max": 0.048892,
        "nauc_map_at_1_std": 0.097796,
        "nauc_map_at_1_diff1": -0.02624,
        "nauc_map_at_3_max": 0.037107,
        "nauc_map_at_3_std": 0.239694,
        "nauc_map_at_3_diff1": 0.002899,
        "nauc_map_at_5_max": 0.043158,
        "nauc_map_at_5_std": 0.234937,
        "nauc_map_at_5_diff1": -0.006018,
        "nauc_map_at_10_max": 0.050924,
        "nauc_map_at_10_std": 0.232686,
        "nauc_map_at_10_diff1": -0.001612,
        "nauc_map_at_20_max": 0.053191,
        "nauc_map_at_20_std": 0.217796,
        "nauc_map_at_20_diff1": -0.006927,
        "nauc_map_at_100_max": 0.049624,
        "nauc_map_at_100_std": 0.201093,
        "nauc_map_at_100_diff1": -0.013241,
        "nauc_map_at_1000_max": 0.047561,
        "nauc_map_at_1000_std": 0.19831,
        "nauc_map_at_1000_diff1": -0.013854,
        "nauc_recall_at_1_max": 0.048892,
        "nauc_recall_at_1_std": 0.097796,
        "nauc_recall_at_1_diff1": -0.02624,
        "nauc_recall_at_3_max": 0.009981,
        "nauc_recall_at_3_std": 0.33166,
        "nauc_recall_at_3_diff1": 0.007425,
        "nauc_recall_at_5_max": 0.027934,
        "nauc_recall_at_5_std": 0.28354,
        "nauc_recall_at_5_diff1": -0.010298,
        "nauc_recall_at_10_max": 0.063094,
        "nauc_recall_at_10_std": 0.251123,
        "nauc_recall_at_10_diff1": 0.011585,
        "nauc_recall_at_20_max": 0.071755,
        "nauc_recall_at_20_std": 0.181433,
        "nauc_recall_at_20_diff1": -0.01051,
        "nauc_recall_at_100_max": 0.033489,
        "nauc_recall_at_100_std": 0.071928,
        "nauc_recall_at_100_diff1": -0.049905,
        "nauc_recall_at_1000_max": -0.008855,
        "nauc_recall_at_1000_std": 0.018833,
        "nauc_recall_at_1000_diff1": -0.01856,
        "nauc_precision_at_1_max": 0.048892,
        "nauc_precision_at_1_std": 0.097796,
        "nauc_precision_at_1_diff1": -0.02624,
        "nauc_precision_at_3_max": 0.009981,
        "nauc_precision_at_3_std": 0.33166,
        "nauc_precision_at_3_diff1": 0.007425,
        "nauc_precision_at_5_max": 0.027934,
        "nauc_precision_at_5_std": 0.28354,
        "nauc_precision_at_5_diff1": -0.010298,
        "nauc_precision_at_10_max": 0.063094,
        "nauc_precision_at_10_std": 0.251123,
        "nauc_precision_at_10_diff1": 0.011585,
        "nauc_precision_at_20_max": 0.071755,
        "nauc_precision_at_20_std": 0.181433,
        "nauc_precision_at_20_diff1": -0.01051,
        "nauc_precision_at_100_max": 0.033489,
        "nauc_precision_at_100_std": 0.071928,
        "nauc_precision_at_100_diff1": -0.049905,
        "nauc_precision_at_1000_max": -0.008855,
        "nauc_precision_at_1000_std": 0.018833,
        "nauc_precision_at_1000_diff1": -0.01856,
        "nauc_mrr_at_1_max": 0.048892,
        "nauc_mrr_at_1_std": 0.097796,
        "nauc_mrr_at_1_diff1": -0.02624,
        "nauc_mrr_at_3_max": 0.037107,
        "nauc_mrr_at_3_std": 0.239694,
        "nauc_mrr_at_3_diff1": 0.002899,
        "nauc_mrr_at_5_max": 0.043158,
        "nauc_mrr_at_5_std": 0.234937,
        "nauc_mrr_at_5_diff1": -0.006018,
        "nauc_mrr_at_10_max": 0.050924,
        "nauc_mrr_at_10_std": 0.232686,
        "nauc_mrr_at_10_diff1": -0.001612,
        "nauc_mrr_at_20_max": 0.053191,
        "nauc_mrr_at_20_std": 0.217796,
        "nauc_mrr_at_20_diff1": -0.006927,
        "nauc_mrr_at_100_max": 0.049624,
        "nauc_mrr_at_100_std": 0.201093,
        "nauc_mrr_at_100_diff1": -0.013241,
        "nauc_mrr_at_1000_max": 0.047566,
        "nauc_mrr_at_1000_std": 0.19831,
        "nauc_mrr_at_1000_diff1": -0.013847,
        "main_score": 0.02811,
        "hf_subset": "default",
        "languages": [
          "tur-Latn"
        ]
      }
    ]
  },
  "evaluation_time": 55.31965756416321,
  "kg_co2_emissions": null
}