{
  "dataset_revision": "main",
  "task_name": "SciFactTR",
  "mteb_version": "1.31.3",
  "scores": {
    "test": [
      {
        "ndcg_at_1": 0.7,
        "ndcg_at_3": 0.77424,
        "ndcg_at_5": 0.78887,
        "ndcg_at_10": 0.79996,
        "ndcg_at_20": 0.81371,
        "ndcg_at_100": 0.82088,
        "ndcg_at_1000": 0.82272,
        "map_at_1": 0.7,
        "map_at_3": 0.75611,
        "map_at_5": 0.76394,
        "map_at_10": 0.7687,
        "map_at_20": 0.77261,
        "map_at_100": 0.77374,
        "map_at_1000": 0.77383,
        "recall_at_1": 0.7,
        "recall_at_3": 0.82667,
        "recall_at_5": 0.86333,
        "recall_at_10": 0.89667,
        "recall_at_20": 0.95,
        "recall_at_100": 0.98667,
        "recall_at_1000": 1.0,
        "precision_at_1": 0.7,
        "precision_at_3": 0.27556,
        "precision_at_5": 0.17267,
        "precision_at_10": 0.08967,
        "precision_at_20": 0.0475,
        "precision_at_100": 0.00987,
        "precision_at_1000": 0.001,
        "mrr_at_1": 0.7,
        "mrr_at_3": 0.756111,
        "mrr_at_5": 0.763944,
        "mrr_at_10": 0.7687,
        "mrr_at_20": 0.772609,
        "mrr_at_100": 0.773739,
        "mrr_at_1000": 0.77383,
        "nauc_ndcg_at_1_max": 0.502186,
        "nauc_ndcg_at_1_std": 0.070624,
        "nauc_ndcg_at_1_diff1": 0.822356,
        "nauc_ndcg_at_3_max": 0.611845,
        "nauc_ndcg_at_3_std": 0.171262,
        "nauc_ndcg_at_3_diff1": 0.804537,
        "nauc_ndcg_at_5_max": 0.606754,
        "nauc_ndcg_at_5_std": 0.15898,
        "nauc_ndcg_at_5_diff1": 0.801222,
        "nauc_ndcg_at_10_max": 0.593159,
        "nauc_ndcg_at_10_std": 0.147445,
        "nauc_ndcg_at_10_diff1": 0.793059,
        "nauc_ndcg_at_20_max": 0.584778,
        "nauc_ndcg_at_20_std": 0.151756,
        "nauc_ndcg_at_20_diff1": 0.797272,
        "nauc_ndcg_at_100_max": 0.58095,
        "nauc_ndcg_at_100_std": 0.147334,
        "nauc_ndcg_at_100_diff1": 0.79951,
        "nauc_ndcg_at_1000_max": 0.578663,
        "nauc_ndcg_at_1000_std": 0.140099,
        "nauc_ndcg_at_1000_diff1": 0.802175,
        "nauc_map_at_1_max": 0.502186,
        "nauc_map_at_1_std": 0.070624,
        "nauc_map_at_1_diff1": 0.822356,
        "nauc_map_at_3_max": 0.580631,
        "nauc_map_at_3_std": 0.139019,
        "nauc_map_at_3_diff1": 0.809044,
        "nauc_map_at_5_max": 0.576804,
        "nauc_map_at_5_std": 0.132031,
        "nauc_map_at_5_diff1": 0.80758,
        "nauc_map_at_10_max": 0.57119,
        "nauc_map_at_10_std": 0.127912,
        "nauc_map_at_10_diff1": 0.804677,
        "nauc_map_at_20_max": 0.569023,
        "nauc_map_at_20_std": 0.128541,
        "nauc_map_at_20_diff1": 0.805779,
        "nauc_map_at_100_max": 0.568781,
        "nauc_map_at_100_std": 0.128274,
        "nauc_map_at_100_diff1": 0.806073,
        "nauc_map_at_1000_max": 0.56869,
        "nauc_map_at_1000_std": 0.127984,
        "nauc_map_at_1000_diff1": 0.806181,
        "nauc_recall_at_1_max": 0.502186,
        "nauc_recall_at_1_std": 0.070624,
        "nauc_recall_at_1_diff1": 0.822356,
        "nauc_recall_at_3_max": 0.731212,
        "nauc_recall_at_3_std": 0.296558,
        "nauc_recall_at_3_diff1": 0.787615,
        "nauc_recall_at_5_max": 0.74387,
        "nauc_recall_at_5_std": 0.282139,
        "nauc_recall_at_5_diff1": 0.771495,
        "nauc_recall_at_10_max": 0.709461,
        "nauc_recall_at_10_std": 0.248117,
        "nauc_recall_at_10_diff1": 0.719473,
        "nauc_recall_at_20_max": 0.717149,
        "nauc_recall_at_20_std": 0.412325,
        "nauc_recall_at_20_diff1": 0.699533,
        "nauc_recall_at_100_max": 0.780696,
        "nauc_recall_at_100_std": 0.770075,
        "nauc_recall_at_100_diff1": 0.572362,
        "nauc_recall_at_1000_max": NaN,
        "nauc_recall_at_1000_std": NaN,
        "nauc_recall_at_1000_diff1": NaN,
        "nauc_precision_at_1_max": 0.502186,
        "nauc_precision_at_1_std": 0.070624,
        "nauc_precision_at_1_diff1": 0.822356,
        "nauc_precision_at_3_max": 0.731212,
        "nauc_precision_at_3_std": 0.296558,
        "nauc_precision_at_3_diff1": 0.787615,
        "nauc_precision_at_5_max": 0.74387,
        "nauc_precision_at_5_std": 0.282139,
        "nauc_precision_at_5_diff1": 0.771495,
        "nauc_precision_at_10_max": 0.709461,
        "nauc_precision_at_10_std": 0.248117,
        "nauc_precision_at_10_diff1": 0.719473,
        "nauc_precision_at_20_max": 0.717149,
        "nauc_precision_at_20_std": 0.412325,
        "nauc_precision_at_20_diff1": 0.699533,
        "nauc_precision_at_100_max": 0.780696,
        "nauc_precision_at_100_std": 0.770075,
        "nauc_precision_at_100_diff1": 0.572362,
        "nauc_precision_at_1000_max": 1.0,
        "nauc_precision_at_1000_std": 1.0,
        "nauc_precision_at_1000_diff1": 1.0,
        "nauc_mrr_at_1_max": 0.502186,
        "nauc_mrr_at_1_std": 0.070624,
        "nauc_mrr_at_1_diff1": 0.822356,
        "nauc_mrr_at_3_max": 0.580631,
        "nauc_mrr_at_3_std": 0.139019,
        "nauc_mrr_at_3_diff1": 0.809044,
        "nauc_mrr_at_5_max": 0.576804,
        "nauc_mrr_at_5_std": 0.132031,
        "nauc_mrr_at_5_diff1": 0.80758,
        "nauc_mrr_at_10_max": 0.57119,
        "nauc_mrr_at_10_std": 0.127912,
        "nauc_mrr_at_10_diff1": 0.804677,
        "nauc_mrr_at_20_max": 0.569023,
        "nauc_mrr_at_20_std": 0.128541,
        "nauc_mrr_at_20_diff1": 0.805779,
        "nauc_mrr_at_100_max": 0.568781,
        "nauc_mrr_at_100_std": 0.128274,
        "nauc_mrr_at_100_diff1": 0.806073,
        "nauc_mrr_at_1000_max": 0.56869,
        "nauc_mrr_at_1000_std": 0.127984,
        "nauc_mrr_at_1000_diff1": 0.806181,
        "main_score": 0.79996,
        "hf_subset": "default",
        "languages": [
          "tur-Latn"
        ]
      }
    ]
  },
  "evaluation_time": 11.21171498298645,
  "kg_co2_emissions": null
}