{
  "dataset_revision": "main",
  "task_name": "SquadTRRetrieval",
  "mteb_version": "1.31.3",
  "scores": {
    "test": [
      {
        "ndcg_at_1": 0.58135,
        "ndcg_at_3": 0.68411,
        "ndcg_at_5": 0.70819,
        "ndcg_at_10": 0.7301,
        "ndcg_at_20": 0.74256,
        "ndcg_at_100": 0.75203,
        "ndcg_at_1000": 0.75466,
        "map_at_1": 0.58135,
        "map_at_3": 0.65943,
        "map_at_5": 0.67276,
        "map_at_10": 0.68195,
        "map_at_20": 0.6854,
        "map_at_100": 0.6868,
        "map_at_1000": 0.68691,
        "recall_at_1": 0.58135,
        "recall_at_3": 0.75528,
        "recall_at_5": 0.81389,
        "recall_at_10": 0.88083,
        "recall_at_20": 0.92992,
        "recall_at_100": 0.97962,
        "recall_at_1000": 0.99988,
        "precision_at_1": 0.58135,
        "precision_at_3": 0.25176,
        "precision_at_5": 0.16278,
        "precision_at_10": 0.08808,
        "precision_at_20": 0.0465,
        "precision_at_100": 0.0098,
        "precision_at_1000": 0.001,
        "mrr_at_1": 0.581353,
        "mrr_at_3": 0.65943,
        "mrr_at_5": 0.672758,
        "mrr_at_10": 0.681952,
        "mrr_at_20": 0.6854,
        "mrr_at_100": 0.686805,
        "mrr_at_1000": 0.686912,
        "nauc_ndcg_at_1_max": 0.432204,
        "nauc_ndcg_at_1_std": 0.072625,
        "nauc_ndcg_at_1_diff1": 0.686818,
        "nauc_ndcg_at_3_max": 0.487568,
        "nauc_ndcg_at_3_std": 0.116217,
        "nauc_ndcg_at_3_diff1": 0.649034,
        "nauc_ndcg_at_5_max": 0.492952,
        "nauc_ndcg_at_5_std": 0.130519,
        "nauc_ndcg_at_5_diff1": 0.64153,
        "nauc_ndcg_at_10_max": 0.498978,
        "nauc_ndcg_at_10_std": 0.141524,
        "nauc_ndcg_at_10_diff1": 0.644999,
        "nauc_ndcg_at_20_max": 0.499209,
        "nauc_ndcg_at_20_std": 0.144428,
        "nauc_ndcg_at_20_diff1": 0.647433,
        "nauc_ndcg_at_100_max": 0.489254,
        "nauc_ndcg_at_100_std": 0.132998,
        "nauc_ndcg_at_100_diff1": 0.651738,
        "nauc_ndcg_at_1000_max": 0.484096,
        "nauc_ndcg_at_1000_std": 0.125516,
        "nauc_ndcg_at_1000_diff1": 0.65283,
        "nauc_map_at_1_max": 0.432204,
        "nauc_map_at_1_std": 0.072625,
        "nauc_map_at_1_diff1": 0.686818,
        "nauc_map_at_3_max": 0.471358,
        "nauc_map_at_3_std": 0.103554,
        "nauc_map_at_3_diff1": 0.658246,
        "nauc_map_at_5_max": 0.473429,
        "nauc_map_at_5_std": 0.110394,
        "nauc_map_at_5_diff1": 0.654636,
        "nauc_map_at_10_max": 0.475007,
        "nauc_map_at_10_std": 0.113936,
        "nauc_map_at_10_diff1": 0.656261,
        "nauc_map_at_20_max": 0.474743,
        "nauc_map_at_20_std": 0.114314,
        "nauc_map_at_20_diff1": 0.656895,
        "nauc_map_at_100_max": 0.473561,
        "nauc_map_at_100_std": 0.112917,
        "nauc_map_at_100_diff1": 0.657483,
        "nauc_map_at_1000_max": 0.473393,
        "nauc_map_at_1000_std": 0.112684,
        "nauc_map_at_1000_diff1": 0.657519,
        "nauc_recall_at_1_max": 0.432204,
        "nauc_recall_at_1_std": 0.072625,
        "nauc_recall_at_1_diff1": 0.686818,
        "nauc_recall_at_3_max": 0.546968,
        "nauc_recall_at_3_std": 0.162567,
        "nauc_recall_at_3_diff1": 0.6162,
        "nauc_recall_at_5_max": 0.580579,
        "nauc_recall_at_5_std": 0.22235,
        "nauc_recall_at_5_diff1": 0.58342,
        "nauc_recall_at_10_max": 0.659859,
        "nauc_recall_at_10_std": 0.331079,
        "nauc_recall_at_10_diff1": 0.575386,
        "nauc_recall_at_20_max": 0.76998,
        "nauc_recall_at_20_std": 0.4903,
        "nauc_recall_at_20_diff1": 0.560182,
        "nauc_recall_at_100_max": 0.8844,
        "nauc_recall_at_100_std": 0.711156,
        "nauc_recall_at_100_diff1": 0.568532,
        "nauc_recall_at_1000_max": 0.869283,
        "nauc_recall_at_1000_std": 0.55417,
        "nauc_recall_at_1000_diff1": 1.0,
        "nauc_precision_at_1_max": 0.432204,
        "nauc_precision_at_1_std": 0.072625,
        "nauc_precision_at_1_diff1": 0.686818,
        "nauc_precision_at_3_max": 0.546968,
        "nauc_precision_at_3_std": 0.162567,
        "nauc_precision_at_3_diff1": 0.6162,
        "nauc_precision_at_5_max": 0.580579,
        "nauc_precision_at_5_std": 0.22235,
        "nauc_precision_at_5_diff1": 0.58342,
        "nauc_precision_at_10_max": 0.659859,
        "nauc_precision_at_10_std": 0.331079,
        "nauc_precision_at_10_diff1": 0.575386,
        "nauc_precision_at_20_max": 0.76998,
        "nauc_precision_at_20_std": 0.4903,
        "nauc_precision_at_20_diff1": 0.560182,
        "nauc_precision_at_100_max": 0.8844,
        "nauc_precision_at_100_std": 0.711156,
        "nauc_precision_at_100_diff1": 0.568532,
        "nauc_precision_at_1000_max": 0.869283,
        "nauc_precision_at_1000_std": 0.55417,
        "nauc_precision_at_1000_diff1": 1.0,
        "nauc_mrr_at_1_max": 0.432204,
        "nauc_mrr_at_1_std": 0.072625,
        "nauc_mrr_at_1_diff1": 0.686818,
        "nauc_mrr_at_3_max": 0.471358,
        "nauc_mrr_at_3_std": 0.103554,
        "nauc_mrr_at_3_diff1": 0.658246,
        "nauc_mrr_at_5_max": 0.473429,
        "nauc_mrr_at_5_std": 0.110394,
        "nauc_mrr_at_5_diff1": 0.654636,
        "nauc_mrr_at_10_max": 0.475007,
        "nauc_mrr_at_10_std": 0.113936,
        "nauc_mrr_at_10_diff1": 0.656261,
        "nauc_mrr_at_20_max": 0.474743,
        "nauc_mrr_at_20_std": 0.114314,
        "nauc_mrr_at_20_diff1": 0.656895,
        "nauc_mrr_at_100_max": 0.473561,
        "nauc_mrr_at_100_std": 0.112917,
        "nauc_mrr_at_100_diff1": 0.657483,
        "nauc_mrr_at_1000_max": 0.473393,
        "nauc_mrr_at_1000_std": 0.112684,
        "nauc_mrr_at_1000_diff1": 0.657519,
        "main_score": 0.7301,
        "hf_subset": "default",
        "languages": [
          "tur-Latn"
        ]
      }
    ]
  },
  "evaluation_time": 98.78113293647766,
  "kg_co2_emissions": null
}