{
  "dataset_revision": "main",
  "task_name": "TQuadRetrieval",
  "mteb_version": "1.31.3",
  "scores": {
    "test": [
      {
        "ndcg_at_1": 0.69395,
        "ndcg_at_3": 0.82483,
        "ndcg_at_5": 0.83839,
        "ndcg_at_10": 0.84679,
        "ndcg_at_20": 0.84889,
        "ndcg_at_100": 0.85248,
        "ndcg_at_1000": 0.85281,
        "map_at_1": 0.69395,
        "map_at_3": 0.79428,
        "map_at_5": 0.80191,
        "map_at_10": 0.80541,
        "map_at_20": 0.80605,
        "map_at_100": 0.80656,
        "map_at_1000": 0.80658,
        "recall_at_1": 0.69395,
        "recall_at_3": 0.91256,
        "recall_at_5": 0.94507,
        "recall_at_10": 0.97085,
        "recall_at_20": 0.9787,
        "recall_at_100": 0.99776,
        "recall_at_1000": 1.0,
        "precision_at_1": 0.69395,
        "precision_at_3": 0.30419,
        "precision_at_5": 0.18901,
        "precision_at_10": 0.09709,
        "precision_at_20": 0.04893,
        "precision_at_100": 0.00998,
        "precision_at_1000": 0.001,
        "mrr_at_1": 0.691704,
        "mrr_at_3": 0.793161,
        "mrr_at_5": 0.800785,
        "mrr_at_10": 0.804287,
        "mrr_at_20": 0.804925,
        "mrr_at_100": 0.805435,
        "mrr_at_1000": 0.805456,
        "nauc_ndcg_at_1_max": 0.207568,
        "nauc_ndcg_at_1_std": -0.274382,
        "nauc_ndcg_at_1_diff1": 0.667939,
        "nauc_ndcg_at_3_max": 0.338558,
        "nauc_ndcg_at_3_std": -0.184401,
        "nauc_ndcg_at_3_diff1": 0.655131,
        "nauc_ndcg_at_5_max": 0.341955,
        "nauc_ndcg_at_5_std": -0.173059,
        "nauc_ndcg_at_5_diff1": 0.666701,
        "nauc_ndcg_at_10_max": 0.327471,
        "nauc_ndcg_at_10_std": -0.186706,
        "nauc_ndcg_at_10_diff1": 0.662535,
        "nauc_ndcg_at_20_max": 0.317831,
        "nauc_ndcg_at_20_std": -0.194578,
        "nauc_ndcg_at_20_diff1": 0.661854,
        "nauc_ndcg_at_100_max": 0.300319,
        "nauc_ndcg_at_100_std": -0.210992,
        "nauc_ndcg_at_100_diff1": 0.662696,
        "nauc_ndcg_at_1000_max": 0.298538,
        "nauc_ndcg_at_1000_std": -0.211464,
        "nauc_ndcg_at_1000_diff1": 0.662002,
        "nauc_map_at_1_max": 0.207568,
        "nauc_map_at_1_std": -0.274382,
        "nauc_map_at_1_diff1": 0.667939,
        "nauc_map_at_3_max": 0.294287,
        "nauc_map_at_3_std": -0.217295,
        "nauc_map_at_3_diff1": 0.657625,
        "nauc_map_at_5_max": 0.294258,
        "nauc_map_at_5_std": -0.213329,
        "nauc_map_at_5_diff1": 0.662982,
        "nauc_map_at_10_max": 0.288464,
        "nauc_map_at_10_std": -0.218613,
        "nauc_map_at_10_diff1": 0.661398,
        "nauc_map_at_20_max": 0.286023,
        "nauc_map_at_20_std": -0.22069,
        "nauc_map_at_20_diff1": 0.661254,
        "nauc_map_at_100_max": 0.284082,
        "nauc_map_at_100_std": -0.222617,
        "nauc_map_at_100_diff1": 0.661546,
        "nauc_map_at_1000_max": 0.283994,
        "nauc_map_at_1000_std": -0.222641,
        "nauc_map_at_1000_diff1": 0.661512,
        "nauc_recall_at_1_max": 0.207568,
        "nauc_recall_at_1_std": -0.274382,
        "nauc_recall_at_1_diff1": 0.667939,
        "nauc_recall_at_3_max": 0.605085,
        "nauc_recall_at_3_std": 0.015824,
        "nauc_recall_at_3_diff1": 0.641736,
        "nauc_recall_at_5_max": 0.780093,
        "nauc_recall_at_5_std": 0.2043,
        "nauc_recall_at_5_diff1": 0.708566,
        "nauc_recall_at_10_max": 0.960229,
        "nauc_recall_at_10_std": 0.339804,
        "nauc_recall_at_10_diff1": 0.689877,
        "nauc_recall_at_20_max": 0.966211,
        "nauc_recall_at_20_std": 0.353068,
        "nauc_recall_at_20_diff1": 0.682738,
        "nauc_recall_at_100_max": 1.0,
        "nauc_recall_at_100_std": -0.02426,
        "nauc_recall_at_100_diff1": 0.934657,
        "nauc_recall_at_1000_max": NaN,
        "nauc_recall_at_1000_std": NaN,
        "nauc_recall_at_1000_diff1": NaN,
        "nauc_precision_at_1_max": 0.207568,
        "nauc_precision_at_1_std": -0.274382,
        "nauc_precision_at_1_diff1": 0.667939,
        "nauc_precision_at_3_max": 0.605085,
        "nauc_precision_at_3_std": 0.015824,
        "nauc_precision_at_3_diff1": 0.641736,
        "nauc_precision_at_5_max": 0.780093,
        "nauc_precision_at_5_std": 0.2043,
        "nauc_precision_at_5_diff1": 0.708566,
        "nauc_precision_at_10_max": 0.960229,
        "nauc_precision_at_10_std": 0.339804,
        "nauc_precision_at_10_diff1": 0.689877,
        "nauc_precision_at_20_max": 0.966211,
        "nauc_precision_at_20_std": 0.353068,
        "nauc_precision_at_20_diff1": 0.682738,
        "nauc_precision_at_100_max": 1.0,
        "nauc_precision_at_100_std": -0.02426,
        "nauc_precision_at_100_diff1": 0.934657,
        "nauc_precision_at_1000_max": NaN,
        "nauc_precision_at_1000_std": NaN,
        "nauc_precision_at_1000_diff1": NaN,
        "nauc_mrr_at_1_max": 0.198458,
        "nauc_mrr_at_1_std": -0.28038,
        "nauc_mrr_at_1_diff1": 0.673293,
        "nauc_mrr_at_3_max": 0.287452,
        "nauc_mrr_at_3_std": -0.221794,
        "nauc_mrr_at_3_diff1": 0.661505,
        "nauc_mrr_at_5_max": 0.287127,
        "nauc_mrr_at_5_std": -0.218038,
        "nauc_mrr_at_5_diff1": 0.667011,
        "nauc_mrr_at_10_max": 0.281209,
        "nauc_mrr_at_10_std": -0.223398,
        "nauc_mrr_at_10_diff1": 0.665514,
        "nauc_mrr_at_20_max": 0.278751,
        "nauc_mrr_at_20_std": -0.225485,
        "nauc_mrr_at_20_diff1": 0.665386,
        "nauc_mrr_at_100_max": 0.276795,
        "nauc_mrr_at_100_std": -0.22742,
        "nauc_mrr_at_100_diff1": 0.665689,
        "nauc_mrr_at_1000_max": 0.276707,
        "nauc_mrr_at_1000_std": -0.227444,
        "nauc_mrr_at_1000_diff1": 0.665656,
        "main_score": 0.84679,
        "hf_subset": "default",
        "languages": [
          "tur-Latn"
        ]
      }
    ]
  },
  "evaluation_time": 19.52200675010681,
  "kg_co2_emissions": null
}