{
  "dataset_revision": "51adfef1c1287aab1d2d91b5bead9bcfb9c68583",
  "task_name": "XQuADRetrieval",
  "mteb_version": "1.31.3",
  "scores": {
    "validation": [
      {
        "ndcg_at_1": 0.8902,
        "ndcg_at_3": 0.93784,
        "ndcg_at_5": 0.9458,
        "ndcg_at_10": 0.94663,
        "ndcg_at_20": 0.94791,
        "ndcg_at_100": 0.94824,
        "ndcg_at_1000": 0.94836,
        "map_at_1": 0.8902,
        "map_at_3": 0.92652,
        "map_at_5": 0.93091,
        "map_at_10": 0.93126,
        "map_at_20": 0.93161,
        "map_at_100": 0.93166,
        "map_at_1000": 0.93167,
        "recall_at_1": 0.8902,
        "recall_at_3": 0.97044,
        "recall_at_5": 0.98986,
        "recall_at_10": 0.9924,
        "recall_at_20": 0.99747,
        "recall_at_100": 0.99916,
        "recall_at_1000": 1.0,
        "precision_at_1": 0.8902,
        "precision_at_3": 0.32348,
        "precision_at_5": 0.19797,
        "precision_at_10": 0.09924,
        "precision_at_20": 0.04987,
        "precision_at_100": 0.00999,
        "precision_at_1000": 0.001,
        "mrr_at_1": 0.890203,
        "mrr_at_3": 0.92652,
        "mrr_at_5": 0.930912,
        "mrr_at_10": 0.931259,
        "mrr_at_20": 0.931612,
        "mrr_at_100": 0.931662,
        "mrr_at_1000": 0.93167,
        "nauc_ndcg_at_1_max": 0.690019,
        "nauc_ndcg_at_1_std": 0.161772,
        "nauc_ndcg_at_1_diff1": 0.895125,
        "nauc_ndcg_at_3_max": 0.764229,
        "nauc_ndcg_at_3_std": 0.307784,
        "nauc_ndcg_at_3_diff1": 0.885828,
        "nauc_ndcg_at_5_max": 0.743817,
        "nauc_ndcg_at_5_std": 0.27364,
        "nauc_ndcg_at_5_diff1": 0.891667,
        "nauc_ndcg_at_10_max": 0.741152,
        "nauc_ndcg_at_10_std": 0.265278,
        "nauc_ndcg_at_10_diff1": 0.893,
        "nauc_ndcg_at_20_max": 0.734717,
        "nauc_ndcg_at_20_std": 0.249418,
        "nauc_ndcg_at_20_diff1": 0.890853,
        "nauc_ndcg_at_100_max": 0.733392,
        "nauc_ndcg_at_100_std": 0.245476,
        "nauc_ndcg_at_100_diff1": 0.89099,
        "nauc_ndcg_at_1000_max": 0.732745,
        "nauc_ndcg_at_1000_std": 0.243646,
        "nauc_ndcg_at_1000_diff1": 0.891042,
        "nauc_map_at_1_max": 0.690019,
        "nauc_map_at_1_std": 0.161772,
        "nauc_map_at_1_diff1": 0.895125,
        "nauc_map_at_3_max": 0.741002,
        "nauc_map_at_3_std": 0.258235,
        "nauc_map_at_3_diff1": 0.888115,
        "nauc_map_at_5_max": 0.730822,
        "nauc_map_at_5_std": 0.240299,
        "nauc_map_at_5_diff1": 0.891101,
        "nauc_map_at_10_max": 0.729884,
        "nauc_map_at_10_std": 0.237421,
        "nauc_map_at_10_diff1": 0.891539,
        "nauc_map_at_20_max": 0.728479,
        "nauc_map_at_20_std": 0.233998,
        "nauc_map_at_20_diff1": 0.89107,
        "nauc_map_at_100_max": 0.728302,
        "nauc_map_at_100_std": 0.233523,
        "nauc_map_at_100_diff1": 0.891086,
        "nauc_map_at_1000_max": 0.728272,
        "nauc_map_at_1000_std": 0.233437,
        "nauc_map_at_1000_diff1": 0.891089,
        "nauc_recall_at_1_max": 0.690019,
        "nauc_recall_at_1_std": 0.161772,
        "nauc_recall_at_1_diff1": 0.895125,
        "nauc_recall_at_3_max": 0.925848,
        "nauc_recall_at_3_std": 0.65705,
        "nauc_recall_at_3_diff1": 0.870636,
        "nauc_recall_at_5_max": 0.967333,
        "nauc_recall_at_5_std": 0.88389,
        "nauc_recall_at_5_diff1": 0.908405,
        "nauc_recall_at_10_max": 0.985481,
        "nauc_recall_at_10_std": 0.909238,
        "nauc_recall_at_10_diff1": 0.941924,
        "nauc_recall_at_20_max": 0.956443,
        "nauc_recall_at_20_std": 0.912887,
        "nauc_recall_at_20_diff1": 0.86933,
        "nauc_recall_at_100_max": 1.0,
        "nauc_recall_at_100_std": 1.0,
        "nauc_recall_at_100_diff1": 0.86933,
        "nauc_recall_at_1000_max": NaN,
        "nauc_recall_at_1000_std": NaN,
        "nauc_recall_at_1000_diff1": NaN,
        "nauc_precision_at_1_max": 0.690019,
        "nauc_precision_at_1_std": 0.161772,
        "nauc_precision_at_1_diff1": 0.895125,
        "nauc_precision_at_3_max": 0.925848,
        "nauc_precision_at_3_std": 0.65705,
        "nauc_precision_at_3_diff1": 0.870636,
        "nauc_precision_at_5_max": 0.967333,
        "nauc_precision_at_5_std": 0.88389,
        "nauc_precision_at_5_diff1": 0.908405,
        "nauc_precision_at_10_max": 0.985481,
        "nauc_precision_at_10_std": 0.909238,
        "nauc_precision_at_10_diff1": 0.941924,
        "nauc_precision_at_20_max": 0.956443,
        "nauc_precision_at_20_std": 0.912887,
        "nauc_precision_at_20_diff1": 0.86933,
        "nauc_precision_at_100_max": 1.0,
        "nauc_precision_at_100_std": 1.0,
        "nauc_precision_at_100_diff1": 0.86933,
        "nauc_precision_at_1000_max": 1.0,
        "nauc_precision_at_1000_std": 1.0,
        "nauc_precision_at_1000_diff1": 1.0,
        "nauc_mrr_at_1_max": 0.690019,
        "nauc_mrr_at_1_std": 0.161772,
        "nauc_mrr_at_1_diff1": 0.895125,
        "nauc_mrr_at_3_max": 0.741002,
        "nauc_mrr_at_3_std": 0.258235,
        "nauc_mrr_at_3_diff1": 0.888115,
        "nauc_mrr_at_5_max": 0.730822,
        "nauc_mrr_at_5_std": 0.240299,
        "nauc_mrr_at_5_diff1": 0.891101,
        "nauc_mrr_at_10_max": 0.729884,
        "nauc_mrr_at_10_std": 0.237421,
        "nauc_mrr_at_10_diff1": 0.891539,
        "nauc_mrr_at_20_max": 0.728479,
        "nauc_mrr_at_20_std": 0.233998,
        "nauc_mrr_at_20_diff1": 0.89107,
        "nauc_mrr_at_100_max": 0.728302,
        "nauc_mrr_at_100_std": 0.233523,
        "nauc_mrr_at_100_diff1": 0.891086,
        "nauc_mrr_at_1000_max": 0.728272,
        "nauc_mrr_at_1000_std": 0.233437,
        "nauc_mrr_at_1000_diff1": 0.891089,
        "main_score": 0.94663,
        "hf_subset": "tr",
        "languages": [
          "tur-Latn"
        ]
      }
    ]
  },
  "evaluation_time": 18.469300985336304,
  "kg_co2_emissions": null
}