{
  "dataset_revision": "main",
  "task_name": "ArguAnaTR",
  "mteb_version": "1.31.3",
  "scores": {
    "test": [
      {
        "ndcg_at_1": 0.17639,
        "ndcg_at_3": 0.2744,
        "ndcg_at_5": 0.3133,
        "ndcg_at_10": 0.36107,
        "ndcg_at_20": 0.3926,
        "ndcg_at_100": 0.42759,
        "ndcg_at_1000": 0.43868,
        "map_at_1": 0.17639,
        "map_at_3": 0.24941,
        "map_at_5": 0.27096,
        "map_at_10": 0.29063,
        "map_at_20": 0.29942,
        "map_at_100": 0.30445,
        "map_at_1000": 0.30488,
        "recall_at_1": 0.17639,
        "recall_at_3": 0.34708,
        "recall_at_5": 0.44168,
        "recall_at_10": 0.58962,
        "recall_at_20": 0.71337,
        "recall_at_100": 0.899,
        "recall_at_1000": 0.98578,
        "precision_at_1": 0.17639,
        "precision_at_3": 0.11569,
        "precision_at_5": 0.08834,
        "precision_at_10": 0.05896,
        "precision_at_20": 0.03567,
        "precision_at_100": 0.00899,
        "precision_at_1000": 0.00099,
        "mrr_at_1": 0.177809,
        "mrr_at_3": 0.250119,
        "mrr_at_5": 0.271491,
        "mrr_at_10": 0.291164,
        "mrr_at_20": 0.299939,
        "mrr_at_100": 0.304976,
        "mrr_at_1000": 0.305404,
        "nauc_ndcg_at_1_max": -0.056026,
        "nauc_ndcg_at_1_std": -0.033768,
        "nauc_ndcg_at_1_diff1": 0.127378,
        "nauc_ndcg_at_3_max": -0.019052,
        "nauc_ndcg_at_3_std": -0.009232,
        "nauc_ndcg_at_3_diff1": 0.081841,
        "nauc_ndcg_at_5_max": -0.012322,
        "nauc_ndcg_at_5_std": 0.001561,
        "nauc_ndcg_at_5_diff1": 0.082167,
        "nauc_ndcg_at_10_max": -0.00185,
        "nauc_ndcg_at_10_std": -0.00387,
        "nauc_ndcg_at_10_diff1": 0.091608,
        "nauc_ndcg_at_20_max": 0.016415,
        "nauc_ndcg_at_20_std": 0.015225,
        "nauc_ndcg_at_20_diff1": 0.097104,
        "nauc_ndcg_at_100_max": 0.004559,
        "nauc_ndcg_at_100_std": 0.019391,
        "nauc_ndcg_at_100_diff1": 0.093721,
        "nauc_ndcg_at_1000_max": -0.00363,
        "nauc_ndcg_at_1000_std": 0.008055,
        "nauc_ndcg_at_1000_diff1": 0.095232,
        "nauc_map_at_1_max": -0.056026,
        "nauc_map_at_1_std": -0.033768,
        "nauc_map_at_1_diff1": 0.127378,
        "nauc_map_at_3_max": -0.028101,
        "nauc_map_at_3_std": -0.015016,
        "nauc_map_at_3_diff1": 0.090579,
        "nauc_map_at_5_max": -0.02379,
        "nauc_map_at_5_std": -0.009138,
        "nauc_map_at_5_diff1": 0.091206,
        "nauc_map_at_10_max": -0.019957,
        "nauc_map_at_10_std": -0.011465,
        "nauc_map_at_10_diff1": 0.095075,
        "nauc_map_at_20_max": -0.015313,
        "nauc_map_at_20_std": -0.006485,
        "nauc_map_at_20_diff1": 0.096513,
        "nauc_map_at_100_max": -0.017142,
        "nauc_map_at_100_std": -0.006265,
        "nauc_map_at_100_diff1": 0.096243,
        "nauc_map_at_1000_max": -0.017425,
        "nauc_map_at_1000_std": -0.006591,
        "nauc_map_at_1000_diff1": 0.096301,
        "nauc_recall_at_1_max": -0.056026,
        "nauc_recall_at_1_std": -0.033768,
        "nauc_recall_at_1_diff1": 0.127378,
        "nauc_recall_at_3_max": 0.003876,
        "nauc_recall_at_3_std": 0.005359,
        "nauc_recall_at_3_diff1": 0.060427,
        "nauc_recall_at_5_max": 0.016864,
        "nauc_recall_at_5_std": 0.029968,
        "nauc_recall_at_5_diff1": 0.05969,
        "nauc_recall_at_10_max": 0.05364,
        "nauc_recall_at_10_std": 0.01665,
        "nauc_recall_at_10_diff1": 0.086249,
        "nauc_recall_at_20_max": 0.152411,
        "nauc_recall_at_20_std": 0.110108,
        "nauc_recall_at_20_diff1": 0.110856,
        "nauc_recall_at_100_max": 0.183699,
        "nauc_recall_at_100_std": 0.306332,
        "nauc_recall_at_100_diff1": 0.077984,
        "nauc_recall_at_1000_max": 0.133647,
        "nauc_recall_at_1000_std": 0.40169,
        "nauc_recall_at_1000_diff1": 0.196007,
        "nauc_precision_at_1_max": -0.056026,
        "nauc_precision_at_1_std": -0.033768,
        "nauc_precision_at_1_diff1": 0.127378,
        "nauc_precision_at_3_max": 0.003876,
        "nauc_precision_at_3_std": 0.005359,
        "nauc_precision_at_3_diff1": 0.060427,
        "nauc_precision_at_5_max": 0.016864,
        "nauc_precision_at_5_std": 0.029968,
        "nauc_precision_at_5_diff1": 0.05969,
        "nauc_precision_at_10_max": 0.05364,
        "nauc_precision_at_10_std": 0.01665,
        "nauc_precision_at_10_diff1": 0.086249,
        "nauc_precision_at_20_max": 0.152411,
        "nauc_precision_at_20_std": 0.110108,
        "nauc_precision_at_20_diff1": 0.110856,
        "nauc_precision_at_100_max": 0.183699,
        "nauc_precision_at_100_std": 0.306332,
        "nauc_precision_at_100_diff1": 0.077984,
        "nauc_precision_at_1000_max": 0.133647,
        "nauc_precision_at_1000_std": 0.40169,
        "nauc_precision_at_1000_diff1": 0.196007,
        "nauc_mrr_at_1_max": -0.054753,
        "nauc_mrr_at_1_std": -0.036019,
        "nauc_mrr_at_1_diff1": 0.121192,
        "nauc_mrr_at_3_max": -0.02809,
        "nauc_mrr_at_3_std": -0.01642,
        "nauc_mrr_at_3_diff1": 0.085897,
        "nauc_mrr_at_5_max": -0.02596,
        "nauc_mrr_at_5_std": -0.009982,
        "nauc_mrr_at_5_diff1": 0.085677,
        "nauc_mrr_at_10_max": -0.021779,
        "nauc_mrr_at_10_std": -0.012214,
        "nauc_mrr_at_10_diff1": 0.08965,
        "nauc_mrr_at_20_max": -0.016901,
        "nauc_mrr_at_20_std": -0.007433,
        "nauc_mrr_at_20_diff1": 0.091486,
        "nauc_mrr_at_100_max": -0.018758,
        "nauc_mrr_at_100_std": -0.007228,
        "nauc_mrr_at_100_diff1": 0.091133,
        "nauc_mrr_at_1000_max": -0.019043,
        "nauc_mrr_at_1000_std": -0.007555,
        "nauc_mrr_at_1000_diff1": 0.091184,
        "main_score": 0.36107,
        "hf_subset": "default",
        "languages": [
          "tur-Latn"
        ]
      }
    ]
  },
  "evaluation_time": 78.13945651054382,
  "kg_co2_emissions": null
}