{
  "dataset_revision": "main",
  "task_name": "CQADupstackGamingRetrievalTR",
  "mteb_version": "1.31.3",
  "scores": {
    "test": [
      {
        "ndcg_at_1": 0.39879,
        "ndcg_at_3": 0.47698,
        "ndcg_at_5": 0.49569,
        "ndcg_at_10": 0.51723,
        "ndcg_at_20": 0.53617,
        "ndcg_at_100": 0.56139,
        "ndcg_at_1000": 0.5772,
        "map_at_1": 0.39879,
        "map_at_3": 0.45783,
        "map_at_5": 0.46825,
        "map_at_10": 0.47712,
        "map_at_20": 0.48231,
        "map_at_100": 0.48581,
        "map_at_1000": 0.48635,
        "recall_at_1": 0.39879,
        "recall_at_3": 0.53239,
        "recall_at_5": 0.5776,
        "recall_at_10": 0.6444,
        "recall_at_20": 0.7193,
        "recall_at_100": 0.85493,
        "recall_at_1000": 0.98246,
        "precision_at_1": 0.39879,
        "precision_at_3": 0.17746,
        "precision_at_5": 0.11552,
        "precision_at_10": 0.06444,
        "precision_at_20": 0.03596,
        "precision_at_100": 0.00855,
        "precision_at_1000": 0.00098,
        "mrr_at_1": 0.398785,
        "mrr_at_3": 0.457827,
        "mrr_at_5": 0.468252,
        "mrr_at_10": 0.477116,
        "mrr_at_20": 0.482315,
        "mrr_at_100": 0.485807,
        "mrr_at_1000": 0.486353,
        "nauc_ndcg_at_1_max": 0.444592,
        "nauc_ndcg_at_1_std": -0.043001,
        "nauc_ndcg_at_1_diff1": 0.667529,
        "nauc_ndcg_at_3_max": 0.448483,
        "nauc_ndcg_at_3_std": -0.04081,
        "nauc_ndcg_at_3_diff1": 0.605697,
        "nauc_ndcg_at_5_max": 0.450664,
        "nauc_ndcg_at_5_std": -0.029258,
        "nauc_ndcg_at_5_diff1": 0.599109,
        "nauc_ndcg_at_10_max": 0.456046,
        "nauc_ndcg_at_10_std": -0.012402,
        "nauc_ndcg_at_10_diff1": 0.587259,
        "nauc_ndcg_at_20_max": 0.44913,
        "nauc_ndcg_at_20_std": -0.015457,
        "nauc_ndcg_at_20_diff1": 0.583421,
        "nauc_ndcg_at_100_max": 0.453839,
        "nauc_ndcg_at_100_std": -0.005262,
        "nauc_ndcg_at_100_diff1": 0.591054,
        "nauc_ndcg_at_1000_max": 0.452776,
        "nauc_ndcg_at_1000_std": -0.01487,
        "nauc_ndcg_at_1000_diff1": 0.59736,
        "nauc_map_at_1_max": 0.444592,
        "nauc_map_at_1_std": -0.043001,
        "nauc_map_at_1_diff1": 0.667529,
        "nauc_map_at_3_max": 0.448919,
        "nauc_map_at_3_std": -0.04092,
        "nauc_map_at_3_diff1": 0.621364,
        "nauc_map_at_5_max": 0.450254,
        "nauc_map_at_5_std": -0.03464,
        "nauc_map_at_5_diff1": 0.618092,
        "nauc_map_at_10_max": 0.452053,
        "nauc_map_at_10_std": -0.028402,
        "nauc_map_at_10_diff1": 0.613596,
        "nauc_map_at_20_max": 0.450139,
        "nauc_map_at_20_std": -0.029344,
        "nauc_map_at_20_diff1": 0.612828,
        "nauc_map_at_100_max": 0.450475,
        "nauc_map_at_100_std": -0.02847,
        "nauc_map_at_100_diff1": 0.613885,
        "nauc_map_at_1000_max": 0.450487,
        "nauc_map_at_1000_std": -0.028679,
        "nauc_map_at_1000_diff1": 0.61413,
        "nauc_recall_at_1_max": 0.444592,
        "nauc_recall_at_1_std": -0.043001,
        "nauc_recall_at_1_diff1": 0.667529,
        "nauc_recall_at_3_max": 0.446571,
        "nauc_recall_at_3_std": -0.040667,
        "nauc_recall_at_3_diff1": 0.558463,
        "nauc_recall_at_5_max": 0.451458,
        "nauc_recall_at_5_std": -0.010835,
        "nauc_recall_at_5_diff1": 0.538444,
        "nauc_recall_at_10_max": 0.472685,
        "nauc_recall_at_10_std": 0.053505,
        "nauc_recall_at_10_diff1": 0.489693,
        "nauc_recall_at_20_max": 0.440991,
        "nauc_recall_at_20_std": 0.049885,
        "nauc_recall_at_20_diff1": 0.452147,
        "nauc_recall_at_100_max": 0.49729,
        "nauc_recall_at_100_std": 0.226811,
        "nauc_recall_at_100_diff1": 0.445197,
        "nauc_recall_at_1000_max": 0.605991,
        "nauc_recall_at_1000_std": 0.464429,
        "nauc_recall_at_1000_diff1": 0.242014,
        "nauc_precision_at_1_max": 0.444592,
        "nauc_precision_at_1_std": -0.043001,
        "nauc_precision_at_1_diff1": 0.667529,
        "nauc_precision_at_3_max": 0.446571,
        "nauc_precision_at_3_std": -0.040667,
        "nauc_precision_at_3_diff1": 0.558463,
        "nauc_precision_at_5_max": 0.451458,
        "nauc_precision_at_5_std": -0.010835,
        "nauc_precision_at_5_diff1": 0.538444,
        "nauc_precision_at_10_max": 0.472685,
        "nauc_precision_at_10_std": 0.053505,
        "nauc_precision_at_10_diff1": 0.489693,
        "nauc_precision_at_20_max": 0.440991,
        "nauc_precision_at_20_std": 0.049885,
        "nauc_precision_at_20_diff1": 0.452147,
        "nauc_precision_at_100_max": 0.49729,
        "nauc_precision_at_100_std": 0.226811,
        "nauc_precision_at_100_diff1": 0.445197,
        "nauc_precision_at_1000_max": 0.605991,
        "nauc_precision_at_1000_std": 0.464429,
        "nauc_precision_at_1000_diff1": 0.242014,
        "nauc_mrr_at_1_max": 0.444592,
        "nauc_mrr_at_1_std": -0.043001,
        "nauc_mrr_at_1_diff1": 0.667529,
        "nauc_mrr_at_3_max": 0.448919,
        "nauc_mrr_at_3_std": -0.04092,
        "nauc_mrr_at_3_diff1": 0.621364,
        "nauc_mrr_at_5_max": 0.450254,
        "nauc_mrr_at_5_std": -0.03464,
        "nauc_mrr_at_5_diff1": 0.618092,
        "nauc_mrr_at_10_max": 0.452053,
        "nauc_mrr_at_10_std": -0.028402,
        "nauc_mrr_at_10_diff1": 0.613596,
        "nauc_mrr_at_20_max": 0.450139,
        "nauc_mrr_at_20_std": -0.029344,
        "nauc_mrr_at_20_diff1": 0.612828,
        "nauc_mrr_at_100_max": 0.450475,
        "nauc_mrr_at_100_std": -0.02847,
        "nauc_mrr_at_100_diff1": 0.613885,
        "nauc_mrr_at_1000_max": 0.450487,
        "nauc_mrr_at_1000_std": -0.028679,
        "nauc_mrr_at_1000_diff1": 0.61413,
        "main_score": 0.51723,
        "hf_subset": "default",
        "languages": [
          "tur-Latn"
        ]
      }
    ]
  },
  "evaluation_time": 10.853030920028687,
  "kg_co2_emissions": null
}