{
  "dataset_revision": "main",
  "task_name": "FiQA2018TR",
  "mteb_version": "1.31.3",
  "scores": {
    "test": [
      {
        "ndcg_at_1": 0.25,
        "ndcg_at_3": 0.35247,
        "ndcg_at_5": 0.38229,
        "ndcg_at_10": 0.41654,
        "ndcg_at_20": 0.43951,
        "ndcg_at_100": 0.47008,
        "ndcg_at_1000": 0.48611,
        "map_at_1": 0.25,
        "map_at_3": 0.32665,
        "map_at_5": 0.34316,
        "map_at_10": 0.35749,
        "map_at_20": 0.36376,
        "map_at_100": 0.36796,
        "map_at_1000": 0.36856,
        "recall_at_1": 0.25,
        "recall_at_3": 0.42747,
        "recall_at_5": 0.5,
        "recall_at_10": 0.60494,
        "recall_at_20": 0.69599,
        "recall_at_100": 0.86111,
        "recall_at_1000": 0.98765,
        "precision_at_1": 0.25,
        "precision_at_3": 0.14249,
        "precision_at_5": 0.1,
        "precision_at_10": 0.06049,
        "precision_at_20": 0.0348,
        "precision_at_100": 0.00861,
        "precision_at_1000": 0.00099,
        "mrr_at_1": 0.25,
        "mrr_at_3": 0.326646,
        "mrr_at_5": 0.343158,
        "mrr_at_10": 0.357485,
        "mrr_at_20": 0.363765,
        "mrr_at_100": 0.367965,
        "mrr_at_1000": 0.368558,
        "nauc_ndcg_at_1_max": 0.168963,
        "nauc_ndcg_at_1_std": -0.058433,
        "nauc_ndcg_at_1_diff1": 0.431102,
        "nauc_ndcg_at_3_max": 0.18357,
        "nauc_ndcg_at_3_std": -0.070687,
        "nauc_ndcg_at_3_diff1": 0.379436,
        "nauc_ndcg_at_5_max": 0.197375,
        "nauc_ndcg_at_5_std": -0.073552,
        "nauc_ndcg_at_5_diff1": 0.379556,
        "nauc_ndcg_at_10_max": 0.223555,
        "nauc_ndcg_at_10_std": -0.061173,
        "nauc_ndcg_at_10_diff1": 0.393868,
        "nauc_ndcg_at_20_max": 0.234059,
        "nauc_ndcg_at_20_std": -0.043108,
        "nauc_ndcg_at_20_diff1": 0.381932,
        "nauc_ndcg_at_100_max": 0.227291,
        "nauc_ndcg_at_100_std": -0.036676,
        "nauc_ndcg_at_100_diff1": 0.383115,
        "nauc_ndcg_at_1000_max": 0.217489,
        "nauc_ndcg_at_1000_std": -0.045808,
        "nauc_ndcg_at_1000_diff1": 0.385489,
        "nauc_map_at_1_max": 0.168963,
        "nauc_map_at_1_std": -0.058433,
        "nauc_map_at_1_diff1": 0.431102,
        "nauc_map_at_3_max": 0.181966,
        "nauc_map_at_3_std": -0.066764,
        "nauc_map_at_3_diff1": 0.389798,
        "nauc_map_at_5_max": 0.189469,
        "nauc_map_at_5_std": -0.068382,
        "nauc_map_at_5_diff1": 0.390021,
        "nauc_map_at_10_max": 0.199749,
        "nauc_map_at_10_std": -0.063655,
        "nauc_map_at_10_diff1": 0.395406,
        "nauc_map_at_20_max": 0.201899,
        "nauc_map_at_20_std": -0.059237,
        "nauc_map_at_20_diff1": 0.39249,
        "nauc_map_at_100_max": 0.200781,
        "nauc_map_at_100_std": -0.058764,
        "nauc_map_at_100_diff1": 0.392592,
        "nauc_map_at_1000_max": 0.20056,
        "nauc_map_at_1000_std": -0.058942,
        "nauc_map_at_1000_diff1": 0.392734,
        "nauc_recall_at_1_max": 0.168963,
        "nauc_recall_at_1_std": -0.058433,
        "nauc_recall_at_1_diff1": 0.431102,
        "nauc_recall_at_3_max": 0.187258,
        "nauc_recall_at_3_std": -0.081772,
        "nauc_recall_at_3_diff1": 0.351851,
        "nauc_recall_at_5_max": 0.220795,
        "nauc_recall_at_5_std": -0.088666,
        "nauc_recall_at_5_diff1": 0.351063,
        "nauc_recall_at_10_max": 0.310266,
        "nauc_recall_at_10_std": -0.047974,
        "nauc_recall_at_10_diff1": 0.397519,
        "nauc_recall_at_20_max": 0.380435,
        "nauc_recall_at_20_std": 0.043702,
        "nauc_recall_at_20_diff1": 0.339322,
        "nauc_recall_at_100_max": 0.436731,
        "nauc_recall_at_100_std": 0.204009,
        "nauc_recall_at_100_diff1": 0.317145,
        "nauc_recall_at_1000_max": 0.587569,
        "nauc_recall_at_1000_std": 0.738595,
        "nauc_recall_at_1000_diff1": 0.027583,
        "nauc_precision_at_1_max": 0.168963,
        "nauc_precision_at_1_std": -0.058433,
        "nauc_precision_at_1_diff1": 0.431102,
        "nauc_precision_at_3_max": 0.187258,
        "nauc_precision_at_3_std": -0.081772,
        "nauc_precision_at_3_diff1": 0.351851,
        "nauc_precision_at_5_max": 0.220795,
        "nauc_precision_at_5_std": -0.088666,
        "nauc_precision_at_5_diff1": 0.351063,
        "nauc_precision_at_10_max": 0.310266,
        "nauc_precision_at_10_std": -0.047974,
        "nauc_precision_at_10_diff1": 0.397519,
        "nauc_precision_at_20_max": 0.380435,
        "nauc_precision_at_20_std": 0.043702,
        "nauc_precision_at_20_diff1": 0.339322,
        "nauc_precision_at_100_max": 0.436731,
        "nauc_precision_at_100_std": 0.204009,
        "nauc_precision_at_100_diff1": 0.317145,
        "nauc_precision_at_1000_max": 0.587569,
        "nauc_precision_at_1000_std": 0.738595,
        "nauc_precision_at_1000_diff1": 0.027583,
        "nauc_mrr_at_1_max": 0.168963,
        "nauc_mrr_at_1_std": -0.058433,
        "nauc_mrr_at_1_diff1": 0.431102,
        "nauc_mrr_at_3_max": 0.181966,
        "nauc_mrr_at_3_std": -0.066764,
        "nauc_mrr_at_3_diff1": 0.389798,
        "nauc_mrr_at_5_max": 0.189469,
        "nauc_mrr_at_5_std": -0.068382,
        "nauc_mrr_at_5_diff1": 0.390021,
        "nauc_mrr_at_10_max": 0.199749,
        "nauc_mrr_at_10_std": -0.063655,
        "nauc_mrr_at_10_diff1": 0.395406,
        "nauc_mrr_at_20_max": 0.201899,
        "nauc_mrr_at_20_std": -0.059237,
        "nauc_mrr_at_20_diff1": 0.39249,
        "nauc_mrr_at_100_max": 0.200781,
        "nauc_mrr_at_100_std": -0.058764,
        "nauc_mrr_at_100_diff1": 0.392592,
        "nauc_mrr_at_1000_max": 0.20056,
        "nauc_mrr_at_1000_std": -0.058942,
        "nauc_mrr_at_1000_diff1": 0.392734,
        "main_score": 0.41654,
        "hf_subset": "default",
        "languages": [
          "tur-Latn"
        ]
      }
    ]
  },
  "evaluation_time": 13.485085487365723,
  "kg_co2_emissions": null
}