{
  "dataset_revision": "main",
  "task_name": "MSMarcoTRRetrieval",
  "mteb_version": "1.31.3",
  "scores": {
    "test": [
      {
        "ndcg_at_1": 0.5467,
        "ndcg_at_3": 0.56753,
        "ndcg_at_5": 0.57033,
        "ndcg_at_10": 0.57194,
        "ndcg_at_20": 0.57269,
        "ndcg_at_100": 0.57336,
        "ndcg_at_1000": 0.57357,
        "map_at_1": 0.5467,
        "map_at_3": 0.56284,
        "map_at_5": 0.56438,
        "map_at_10": 0.56506,
        "map_at_20": 0.56527,
        "map_at_100": 0.56534,
        "map_at_1000": 0.56536,
        "recall_at_1": 0.5467,
        "recall_at_3": 0.58093,
        "recall_at_5": 0.58778,
        "recall_at_10": 0.59267,
        "recall_at_20": 0.5956,
        "recall_at_100": 0.59951,
        "recall_at_1000": 0.60098,
        "precision_at_1": 0.5467,
        "precision_at_3": 0.19364,
        "precision_at_5": 0.11756,
        "precision_at_10": 0.05927,
        "precision_at_20": 0.02978,
        "precision_at_100": 0.006,
        "precision_at_1000": 0.0006,
        "mrr_at_1": 0.546699,
        "mrr_at_3": 0.562836,
        "mrr_at_5": 0.564377,
        "mrr_at_10": 0.565061,
        "mrr_at_20": 0.565272,
        "mrr_at_100": 0.565345,
        "mrr_at_1000": 0.565356,
        "nauc_ndcg_at_1_max": 0.867626,
        "nauc_ndcg_at_1_std": 0.123487,
        "nauc_ndcg_at_1_diff1": 0.888107,
        "nauc_ndcg_at_3_max": 0.866453,
        "nauc_ndcg_at_3_std": 0.148162,
        "nauc_ndcg_at_3_diff1": 0.864013,
        "nauc_ndcg_at_5_max": 0.866214,
        "nauc_ndcg_at_5_std": 0.154187,
        "nauc_ndcg_at_5_diff1": 0.861963,
        "nauc_ndcg_at_10_max": 0.864319,
        "nauc_ndcg_at_10_std": 0.15462,
        "nauc_ndcg_at_10_diff1": 0.859723,
        "nauc_ndcg_at_20_max": 0.863037,
        "nauc_ndcg_at_20_std": 0.15478,
        "nauc_ndcg_at_20_diff1": 0.858562,
        "nauc_ndcg_at_100_max": 0.862144,
        "nauc_ndcg_at_100_std": 0.155574,
        "nauc_ndcg_at_100_diff1": 0.857778,
        "nauc_ndcg_at_1000_max": 0.861796,
        "nauc_ndcg_at_1000_std": 0.15513,
        "nauc_ndcg_at_1000_diff1": 0.85752,
        "nauc_map_at_1_max": 0.867626,
        "nauc_map_at_1_std": 0.123487,
        "nauc_map_at_1_diff1": 0.888107,
        "nauc_map_at_3_max": 0.866905,
        "nauc_map_at_3_std": 0.14248,
        "nauc_map_at_3_diff1": 0.869631,
        "nauc_map_at_5_max": 0.866852,
        "nauc_map_at_5_std": 0.145762,
        "nauc_map_at_5_diff1": 0.868593,
        "nauc_map_at_10_max": 0.866063,
        "nauc_map_at_10_std": 0.145851,
        "nauc_map_at_10_diff1": 0.867675,
        "nauc_map_at_20_max": 0.865706,
        "nauc_map_at_20_std": 0.145866,
        "nauc_map_at_20_diff1": 0.867355,
        "nauc_map_at_100_max": 0.865613,
        "nauc_map_at_100_std": 0.145969,
        "nauc_map_at_100_diff1": 0.867271,
        "nauc_map_at_1000_max": 0.865593,
        "nauc_map_at_1000_std": 0.145944,
        "nauc_map_at_1000_diff1": 0.867256,
        "nauc_recall_at_1_max": 0.867626,
        "nauc_recall_at_1_std": 0.123487,
        "nauc_recall_at_1_diff1": 0.888107,
        "nauc_recall_at_3_max": 0.865052,
        "nauc_recall_at_3_std": 0.164732,
        "nauc_recall_at_3_diff1": 0.847596,
        "nauc_recall_at_5_max": 0.864117,
        "nauc_recall_at_5_std": 0.179903,
        "nauc_recall_at_5_diff1": 0.842046,
        "nauc_recall_at_10_max": 0.858188,
        "nauc_recall_at_10_std": 0.181868,
        "nauc_recall_at_10_diff1": 0.834876,
        "nauc_recall_at_20_max": 0.853022,
        "nauc_recall_at_20_std": 0.182787,
        "nauc_recall_at_20_diff1": 0.830121,
        "nauc_recall_at_100_max": 0.84761,
        "nauc_recall_at_100_std": 0.187357,
        "nauc_recall_at_100_diff1": 0.825343,
        "nauc_recall_at_1000_max": 0.845077,
        "nauc_recall_at_1000_std": 0.18424,
        "nauc_recall_at_1000_diff1": 0.823421,
        "nauc_precision_at_1_max": 0.867626,
        "nauc_precision_at_1_std": 0.123487,
        "nauc_precision_at_1_diff1": 0.888107,
        "nauc_precision_at_3_max": 0.865052,
        "nauc_precision_at_3_std": 0.164732,
        "nauc_precision_at_3_diff1": 0.847596,
        "nauc_precision_at_5_max": 0.864117,
        "nauc_precision_at_5_std": 0.179903,
        "nauc_precision_at_5_diff1": 0.842046,
        "nauc_precision_at_10_max": 0.858188,
        "nauc_precision_at_10_std": 0.181868,
        "nauc_precision_at_10_diff1": 0.834876,
        "nauc_precision_at_20_max": 0.853022,
        "nauc_precision_at_20_std": 0.182787,
        "nauc_precision_at_20_diff1": 0.830121,
        "nauc_precision_at_100_max": 0.84761,
        "nauc_precision_at_100_std": 0.187357,
        "nauc_precision_at_100_diff1": 0.825343,
        "nauc_precision_at_1000_max": 0.845077,
        "nauc_precision_at_1000_std": 0.18424,
        "nauc_precision_at_1000_diff1": 0.823421,
        "nauc_mrr_at_1_max": 0.867626,
        "nauc_mrr_at_1_std": 0.123487,
        "nauc_mrr_at_1_diff1": 0.888107,
        "nauc_mrr_at_3_max": 0.866905,
        "nauc_mrr_at_3_std": 0.14248,
        "nauc_mrr_at_3_diff1": 0.869631,
        "nauc_mrr_at_5_max": 0.866852,
        "nauc_mrr_at_5_std": 0.145762,
        "nauc_mrr_at_5_diff1": 0.868593,
        "nauc_mrr_at_10_max": 0.866063,
        "nauc_mrr_at_10_std": 0.145851,
        "nauc_mrr_at_10_diff1": 0.867675,
        "nauc_mrr_at_20_max": 0.865706,
        "nauc_mrr_at_20_std": 0.145866,
        "nauc_mrr_at_20_diff1": 0.867355,
        "nauc_mrr_at_100_max": 0.865613,
        "nauc_mrr_at_100_std": 0.145969,
        "nauc_mrr_at_100_diff1": 0.867271,
        "nauc_mrr_at_1000_max": 0.865593,
        "nauc_mrr_at_1000_std": 0.145944,
        "nauc_mrr_at_1000_diff1": 0.867256,
        "main_score": 0.57194,
        "hf_subset": "default",
        "languages": [
          "tur-Latn"
        ]
      }
    ]
  },
  "evaluation_time": 8.226653099060059,
  "kg_co2_emissions": null
}