{
  "dataset_revision": "main",
  "task_name": "NFCorpusTR",
  "mteb_version": "1.31.3",
  "scores": {
    "test": [
      {
        "ndcg_at_1": 0.0315,
        "ndcg_at_3": 0.06018,
        "ndcg_at_5": 0.07136,
        "ndcg_at_10": 0.08683,
        "ndcg_at_20": 0.10755,
        "ndcg_at_100": 0.1559,
        "ndcg_at_1000": 0.20949,
        "map_at_1": 0.0315,
        "map_at_3": 0.05249,
        "map_at_5": 0.0586,
        "map_at_10": 0.06509,
        "map_at_20": 0.07068,
        "map_at_100": 0.07718,
        "map_at_1000": 0.07869,
        "recall_at_1": 0.0315,
        "recall_at_3": 0.08268,
        "recall_at_5": 0.11024,
        "recall_at_10": 0.15748,
        "recall_at_20": 0.24016,
        "recall_at_100": 0.50394,
        "recall_at_1000": 0.95669,
        "precision_at_1": 0.0315,
        "precision_at_3": 0.02756,
        "precision_at_5": 0.02205,
        "precision_at_10": 0.01575,
        "precision_at_20": 0.01201,
        "precision_at_100": 0.00504,
        "precision_at_1000": 0.00096,
        "mrr_at_1": 0.031496,
        "mrr_at_3": 0.051181,
        "mrr_at_5": 0.058268,
        "mrr_at_10": 0.064765,
        "mrr_at_20": 0.070355,
        "mrr_at_100": 0.076847,
        "mrr_at_1000": 0.078366,
        "nauc_ndcg_at_1_max": 0.470426,
        "nauc_ndcg_at_1_std": 0.200124,
        "nauc_ndcg_at_1_diff1": 0.518148,
        "nauc_ndcg_at_3_max": 0.279252,
        "nauc_ndcg_at_3_std": 0.171357,
        "nauc_ndcg_at_3_diff1": 0.197291,
        "nauc_ndcg_at_5_max": 0.240906,
        "nauc_ndcg_at_5_std": 0.128736,
        "nauc_ndcg_at_5_diff1": 0.131786,
        "nauc_ndcg_at_10_max": 0.285376,
        "nauc_ndcg_at_10_std": 0.192958,
        "nauc_ndcg_at_10_diff1": 0.115679,
        "nauc_ndcg_at_20_max": 0.296006,
        "nauc_ndcg_at_20_std": 0.20902,
        "nauc_ndcg_at_20_diff1": 0.100106,
        "nauc_ndcg_at_100_max": 0.346159,
        "nauc_ndcg_at_100_std": 0.290126,
        "nauc_ndcg_at_100_diff1": 0.106968,
        "nauc_ndcg_at_1000_max": 0.332243,
        "nauc_ndcg_at_1000_std": 0.256311,
        "nauc_ndcg_at_1000_diff1": 0.124889,
        "nauc_map_at_1_max": 0.470426,
        "nauc_map_at_1_std": 0.200124,
        "nauc_map_at_1_diff1": 0.518148,
        "nauc_map_at_3_max": 0.303498,
        "nauc_map_at_3_std": 0.168755,
        "nauc_map_at_3_diff1": 0.247921,
        "nauc_map_at_5_max": 0.276737,
        "nauc_map_at_5_std": 0.140569,
        "nauc_map_at_5_diff1": 0.200098,
        "nauc_map_at_10_max": 0.297036,
        "nauc_map_at_10_std": 0.172085,
        "nauc_map_at_10_diff1": 0.187297,
        "nauc_map_at_20_max": 0.296633,
        "nauc_map_at_20_std": 0.176371,
        "nauc_map_at_20_diff1": 0.177072,
        "nauc_map_at_100_max": 0.307096,
        "nauc_map_at_100_std": 0.194519,
        "nauc_map_at_100_diff1": 0.175768,
        "nauc_map_at_1000_max": 0.306066,
        "nauc_map_at_1000_std": 0.192792,
        "nauc_map_at_1000_diff1": 0.176018,
        "nauc_recall_at_1_max": 0.470426,
        "nauc_recall_at_1_std": 0.200124,
        "nauc_recall_at_1_diff1": 0.518148,
        "nauc_recall_at_3_max": 0.235722,
        "nauc_recall_at_3_std": 0.177899,
        "nauc_recall_at_3_diff1": 0.103423,
        "nauc_recall_at_5_max": 0.181561,
        "nauc_recall_at_5_std": 0.108121,
        "nauc_recall_at_5_diff1": 0.018067,
        "nauc_recall_at_10_max": 0.277059,
        "nauc_recall_at_10_std": 0.232929,
        "nauc_recall_at_10_diff1": 0.013465,
        "nauc_recall_at_20_max": 0.31103,
        "nauc_recall_at_20_std": 0.26359,
        "nauc_recall_at_20_diff1": 0.008718,
        "nauc_recall_at_100_max": 0.436097,
        "nauc_recall_at_100_std": 0.458978,
        "nauc_recall_at_100_diff1": 0.04098,
        "nauc_recall_at_1000_max": 0.708634,
        "nauc_recall_at_1000_std": 0.740332,
        "nauc_recall_at_1000_diff1": 0.141358,
        "nauc_precision_at_1_max": 0.470426,
        "nauc_precision_at_1_std": 0.200124,
        "nauc_precision_at_1_diff1": 0.518148,
        "nauc_precision_at_3_max": 0.235722,
        "nauc_precision_at_3_std": 0.177899,
        "nauc_precision_at_3_diff1": 0.103423,
        "nauc_precision_at_5_max": 0.181561,
        "nauc_precision_at_5_std": 0.108121,
        "nauc_precision_at_5_diff1": 0.018067,
        "nauc_precision_at_10_max": 0.277059,
        "nauc_precision_at_10_std": 0.232929,
        "nauc_precision_at_10_diff1": 0.013465,
        "nauc_precision_at_20_max": 0.31103,
        "nauc_precision_at_20_std": 0.26359,
        "nauc_precision_at_20_diff1": 0.008718,
        "nauc_precision_at_100_max": 0.436097,
        "nauc_precision_at_100_std": 0.458978,
        "nauc_precision_at_100_diff1": 0.04098,
        "nauc_precision_at_1000_max": 0.708634,
        "nauc_precision_at_1000_std": 0.740332,
        "nauc_precision_at_1000_diff1": 0.141358,
        "nauc_mrr_at_1_max": 0.470426,
        "nauc_mrr_at_1_std": 0.200124,
        "nauc_mrr_at_1_diff1": 0.518148,
        "nauc_mrr_at_3_max": 0.316532,
        "nauc_mrr_at_3_std": 0.17058,
        "nauc_mrr_at_3_diff1": 0.264879,
        "nauc_mrr_at_5_max": 0.279486,
        "nauc_mrr_at_5_std": 0.140815,
        "nauc_mrr_at_5_diff1": 0.203601,
        "nauc_mrr_at_10_max": 0.299703,
        "nauc_mrr_at_10_std": 0.172481,
        "nauc_mrr_at_10_diff1": 0.19049,
        "nauc_mrr_at_20_max": 0.299177,
        "nauc_mrr_at_20_std": 0.176771,
        "nauc_mrr_at_20_diff1": 0.180067,
        "nauc_mrr_at_100_max": 0.309656,
        "nauc_mrr_at_100_std": 0.195004,
        "nauc_mrr_at_100_diff1": 0.178714,
        "nauc_mrr_at_1000_max": 0.308639,
        "nauc_mrr_at_1000_std": 0.193272,
        "nauc_mrr_at_1000_diff1": 0.178986,
        "main_score": 0.08683,
        "hf_subset": "default",
        "languages": [
          "tur-Latn"
        ]
      }
    ]
  },
  "evaluation_time": 18.349246978759766,
  "kg_co2_emissions": null
}