{
  "dataset_revision": "main",
  "task_name": "SCIDOCSTR",
  "mteb_version": "1.31.3",
  "scores": {
    "test": [
      {
        "ndcg_at_1": 0.00892,
        "ndcg_at_3": 0.0127,
        "ndcg_at_5": 0.01822,
        "ndcg_at_10": 0.02223,
        "ndcg_at_20": 0.02536,
        "ndcg_at_100": 0.03357,
        "ndcg_at_1000": 0.08354,
        "map_at_1": 0.00892,
        "map_at_3": 0.01171,
        "map_at_5": 0.01477,
        "map_at_10": 0.01645,
        "map_at_20": 0.01733,
        "map_at_100": 0.01829,
        "map_at_1000": 0.0195,
        "recall_at_1": 0.00892,
        "recall_at_3": 0.01561,
        "recall_at_5": 0.02899,
        "recall_at_10": 0.04125,
        "recall_at_20": 0.05351,
        "recall_at_100": 0.10033,
        "recall_at_1000": 0.534,
        "precision_at_1": 0.00892,
        "precision_at_3": 0.0052,
        "precision_at_5": 0.0058,
        "precision_at_10": 0.00412,
        "precision_at_20": 0.00268,
        "precision_at_100": 0.001,
        "precision_at_1000": 0.00053,
        "mrr_at_1": 0.008919,
        "mrr_at_3": 0.011706,
        "mrr_at_5": 0.014771,
        "mrr_at_10": 0.016454,
        "mrr_at_20": 0.017332,
        "mrr_at_100": 0.018288,
        "mrr_at_1000": 0.019497,
        "nauc_ndcg_at_1_max": 0.039221,
        "nauc_ndcg_at_1_std": -0.007267,
        "nauc_ndcg_at_1_diff1": 0.375919,
        "nauc_ndcg_at_3_max": 0.001852,
        "nauc_ndcg_at_3_std": -0.072896,
        "nauc_ndcg_at_3_diff1": 0.233773,
        "nauc_ndcg_at_5_max": 0.01021,
        "nauc_ndcg_at_5_std": 0.011991,
        "nauc_ndcg_at_5_diff1": 0.131317,
        "nauc_ndcg_at_10_max": 0.04074,
        "nauc_ndcg_at_10_std": 0.045337,
        "nauc_ndcg_at_10_diff1": 0.125181,
        "nauc_ndcg_at_20_max": 0.039922,
        "nauc_ndcg_at_20_std": 0.06535,
        "nauc_ndcg_at_20_diff1": 0.102826,
        "nauc_ndcg_at_100_max": 0.044518,
        "nauc_ndcg_at_100_std": 0.051368,
        "nauc_ndcg_at_100_diff1": 0.079048,
        "nauc_ndcg_at_1000_max": 0.062379,
        "nauc_ndcg_at_1000_std": 0.06939,
        "nauc_ndcg_at_1000_diff1": 0.049826,
        "nauc_map_at_1_max": 0.039221,
        "nauc_map_at_1_std": -0.007267,
        "nauc_map_at_1_diff1": 0.375919,
        "nauc_map_at_3_max": 0.015186,
        "nauc_map_at_3_std": -0.054902,
        "nauc_map_at_3_diff1": 0.264764,
        "nauc_map_at_5_max": 0.018991,
        "nauc_map_at_5_std": 0.000823,
        "nauc_map_at_5_diff1": 0.187541,
        "nauc_map_at_10_max": 0.031688,
        "nauc_map_at_10_std": 0.019576,
        "nauc_map_at_10_diff1": 0.174725,
        "nauc_map_at_20_max": 0.033481,
        "nauc_map_at_20_std": 0.030034,
        "nauc_map_at_20_diff1": 0.163201,
        "nauc_map_at_100_max": 0.035781,
        "nauc_map_at_100_std": 0.03105,
        "nauc_map_at_100_diff1": 0.154379,
        "nauc_map_at_1000_max": 0.037031,
        "nauc_map_at_1000_std": 0.034226,
        "nauc_map_at_1000_diff1": 0.148942,
        "nauc_recall_at_1_max": 0.039221,
        "nauc_recall_at_1_std": -0.007267,
        "nauc_recall_at_1_diff1": 0.375919,
        "nauc_recall_at_3_max": -0.02901,
        "nauc_recall_at_3_std": -0.11368,
        "nauc_recall_at_3_diff1": 0.165187,
        "nauc_recall_at_5_max": -0.003812,
        "nauc_recall_at_5_std": 0.031803,
        "nauc_recall_at_5_diff1": 0.041911,
        "nauc_recall_at_10_max": 0.058381,
        "nauc_recall_at_10_std": 0.083508,
        "nauc_recall_at_10_diff1": 0.066065,
        "nauc_recall_at_20_max": 0.0488,
        "nauc_recall_at_20_std": 0.109462,
        "nauc_recall_at_20_diff1": 0.037705,
        "nauc_recall_at_100_max": 0.050949,
        "nauc_recall_at_100_std": 0.056404,
        "nauc_recall_at_100_diff1": 0.024327,
        "nauc_recall_at_1000_max": 0.085967,
        "nauc_recall_at_1000_std": 0.080244,
        "nauc_recall_at_1000_diff1": 0.00495,
        "nauc_precision_at_1_max": 0.039221,
        "nauc_precision_at_1_std": -0.007267,
        "nauc_precision_at_1_diff1": 0.375919,
        "nauc_precision_at_3_max": -0.02901,
        "nauc_precision_at_3_std": -0.11368,
        "nauc_precision_at_3_diff1": 0.165187,
        "nauc_precision_at_5_max": -0.003812,
        "nauc_precision_at_5_std": 0.031803,
        "nauc_precision_at_5_diff1": 0.041911,
        "nauc_precision_at_10_max": 0.058381,
        "nauc_precision_at_10_std": 0.083508,
        "nauc_precision_at_10_diff1": 0.066065,
        "nauc_precision_at_20_max": 0.0488,
        "nauc_precision_at_20_std": 0.109462,
        "nauc_precision_at_20_diff1": 0.037705,
        "nauc_precision_at_100_max": 0.050949,
        "nauc_precision_at_100_std": 0.056404,
        "nauc_precision_at_100_diff1": 0.024327,
        "nauc_precision_at_1000_max": 0.085967,
        "nauc_precision_at_1000_std": 0.080244,
        "nauc_precision_at_1000_diff1": 0.00495,
        "nauc_mrr_at_1_max": 0.039221,
        "nauc_mrr_at_1_std": -0.007267,
        "nauc_mrr_at_1_diff1": 0.375919,
        "nauc_mrr_at_3_max": 0.015186,
        "nauc_mrr_at_3_std": -0.054902,
        "nauc_mrr_at_3_diff1": 0.264764,
        "nauc_mrr_at_5_max": 0.018991,
        "nauc_mrr_at_5_std": 0.000823,
        "nauc_mrr_at_5_diff1": 0.187541,
        "nauc_mrr_at_10_max": 0.031688,
        "nauc_mrr_at_10_std": 0.019576,
        "nauc_mrr_at_10_diff1": 0.174725,
        "nauc_mrr_at_20_max": 0.033481,
        "nauc_mrr_at_20_std": 0.030034,
        "nauc_mrr_at_20_diff1": 0.163201,
        "nauc_mrr_at_100_max": 0.035781,
        "nauc_mrr_at_100_std": 0.03105,
        "nauc_mrr_at_100_diff1": 0.154379,
        "nauc_mrr_at_1000_max": 0.037031,
        "nauc_mrr_at_1000_std": 0.034226,
        "nauc_mrr_at_1000_diff1": 0.148942,
        "main_score": 0.02223,
        "hf_subset": "default",
        "languages": [
          "tur-Latn"
        ]
      }
    ]
  },
  "evaluation_time": 20.135104179382324,
  "kg_co2_emissions": null
}