{
  "dataset_revision": "main",
  "task_name": "SciFactTR",
  "mteb_version": "1.31.3",
  "scores": {
    "test": [
      {
        "ndcg_at_1": 0.47333,
        "ndcg_at_3": 0.58035,
        "ndcg_at_5": 0.60775,
        "ndcg_at_10": 0.62944,
        "ndcg_at_20": 0.64775,
        "ndcg_at_100": 0.67086,
        "ndcg_at_1000": 0.67267,
        "map_at_1": 0.47333,
        "map_at_3": 0.555,
        "map_at_5": 0.57017,
        "map_at_10": 0.57919,
        "map_at_20": 0.5841,
        "map_at_100": 0.58713,
        "map_at_1000": 0.58721,
        "recall_at_1": 0.47333,
        "recall_at_3": 0.65333,
        "recall_at_5": 0.72,
        "recall_at_10": 0.78667,
        "recall_at_20": 0.86,
        "recall_at_100": 0.98667,
        "recall_at_1000": 1.0,
        "precision_at_1": 0.47333,
        "precision_at_3": 0.21778,
        "precision_at_5": 0.144,
        "precision_at_10": 0.07867,
        "precision_at_20": 0.043,
        "precision_at_100": 0.00987,
        "precision_at_1000": 0.001,
        "mrr_at_1": 0.473333,
        "mrr_at_3": 0.555,
        "mrr_at_5": 0.570167,
        "mrr_at_10": 0.579187,
        "mrr_at_20": 0.584098,
        "mrr_at_100": 0.587128,
        "mrr_at_1000": 0.587212,
        "nauc_ndcg_at_1_max": 0.312034,
        "nauc_ndcg_at_1_std": 0.052025,
        "nauc_ndcg_at_1_diff1": 0.638017,
        "nauc_ndcg_at_3_max": 0.352355,
        "nauc_ndcg_at_3_std": 0.029783,
        "nauc_ndcg_at_3_diff1": 0.584611,
        "nauc_ndcg_at_5_max": 0.327828,
        "nauc_ndcg_at_5_std": 0.053729,
        "nauc_ndcg_at_5_diff1": 0.574651,
        "nauc_ndcg_at_10_max": 0.328959,
        "nauc_ndcg_at_10_std": 0.051092,
        "nauc_ndcg_at_10_diff1": 0.577817,
        "nauc_ndcg_at_20_max": 0.32875,
        "nauc_ndcg_at_20_std": 0.044669,
        "nauc_ndcg_at_20_diff1": 0.59447,
        "nauc_ndcg_at_100_max": 0.324883,
        "nauc_ndcg_at_100_std": 0.042868,
        "nauc_ndcg_at_100_diff1": 0.593118,
        "nauc_ndcg_at_1000_max": 0.326681,
        "nauc_ndcg_at_1000_std": 0.044635,
        "nauc_ndcg_at_1000_diff1": 0.593178,
        "nauc_map_at_1_max": 0.312034,
        "nauc_map_at_1_std": 0.052025,
        "nauc_map_at_1_diff1": 0.638017,
        "nauc_map_at_3_max": 0.340634,
        "nauc_map_at_3_std": 0.035668,
        "nauc_map_at_3_diff1": 0.59828,
        "nauc_map_at_5_max": 0.327754,
        "nauc_map_at_5_std": 0.049339,
        "nauc_map_at_5_diff1": 0.593509,
        "nauc_map_at_10_max": 0.328438,
        "nauc_map_at_10_std": 0.048273,
        "nauc_map_at_10_diff1": 0.594652,
        "nauc_map_at_20_max": 0.327476,
        "nauc_map_at_20_std": 0.045639,
        "nauc_map_at_20_diff1": 0.598266,
        "nauc_map_at_100_max": 0.326929,
        "nauc_map_at_100_std": 0.04552,
        "nauc_map_at_100_diff1": 0.598236,
        "nauc_map_at_1000_max": 0.327017,
        "nauc_map_at_1000_std": 0.045605,
        "nauc_map_at_1000_diff1": 0.598243,
        "nauc_recall_at_1_max": 0.312034,
        "nauc_recall_at_1_std": 0.052025,
        "nauc_recall_at_1_diff1": 0.638017,
        "nauc_recall_at_3_max": 0.391317,
        "nauc_recall_at_3_std": 0.010467,
        "nauc_recall_at_3_diff1": 0.539962,
        "nauc_recall_at_5_max": 0.323654,
        "nauc_recall_at_5_std": 0.07291,
        "nauc_recall_at_5_diff1": 0.502906,
        "nauc_recall_at_10_max": 0.325561,
        "nauc_recall_at_10_std": 0.065871,
        "nauc_recall_at_10_diff1": 0.503127,
        "nauc_recall_at_20_max": 0.337906,
        "nauc_recall_at_20_std": 0.040102,
        "nauc_recall_at_20_diff1": 0.609348,
        "nauc_recall_at_100_max": 0.103875,
        "nauc_recall_at_100_std": -0.176237,
        "nauc_recall_at_100_diff1": 0.587535,
        "nauc_recall_at_1000_max": NaN,
        "nauc_recall_at_1000_std": NaN,
        "nauc_recall_at_1000_diff1": NaN,
        "nauc_precision_at_1_max": 0.312034,
        "nauc_precision_at_1_std": 0.052025,
        "nauc_precision_at_1_diff1": 0.638017,
        "nauc_precision_at_3_max": 0.391317,
        "nauc_precision_at_3_std": 0.010467,
        "nauc_precision_at_3_diff1": 0.539962,
        "nauc_precision_at_5_max": 0.323654,
        "nauc_precision_at_5_std": 0.07291,
        "nauc_precision_at_5_diff1": 0.502906,
        "nauc_precision_at_10_max": 0.325561,
        "nauc_precision_at_10_std": 0.065871,
        "nauc_precision_at_10_diff1": 0.503127,
        "nauc_precision_at_20_max": 0.337906,
        "nauc_precision_at_20_std": 0.040102,
        "nauc_precision_at_20_diff1": 0.609348,
        "nauc_precision_at_100_max": 0.103875,
        "nauc_precision_at_100_std": -0.176237,
        "nauc_precision_at_100_diff1": 0.587535,
        "nauc_precision_at_1000_max": 1.0,
        "nauc_precision_at_1000_std": 1.0,
        "nauc_precision_at_1000_diff1": 1.0,
        "nauc_mrr_at_1_max": 0.312034,
        "nauc_mrr_at_1_std": 0.052025,
        "nauc_mrr_at_1_diff1": 0.638017,
        "nauc_mrr_at_3_max": 0.340634,
        "nauc_mrr_at_3_std": 0.035668,
        "nauc_mrr_at_3_diff1": 0.59828,
        "nauc_mrr_at_5_max": 0.327754,
        "nauc_mrr_at_5_std": 0.049339,
        "nauc_mrr_at_5_diff1": 0.593509,
        "nauc_mrr_at_10_max": 0.328438,
        "nauc_mrr_at_10_std": 0.048273,
        "nauc_mrr_at_10_diff1": 0.594652,
        "nauc_mrr_at_20_max": 0.327476,
        "nauc_mrr_at_20_std": 0.045639,
        "nauc_mrr_at_20_diff1": 0.598266,
        "nauc_mrr_at_100_max": 0.326929,
        "nauc_mrr_at_100_std": 0.04552,
        "nauc_mrr_at_100_diff1": 0.598236,
        "nauc_mrr_at_1000_max": 0.327017,
        "nauc_mrr_at_1000_std": 0.045605,
        "nauc_mrr_at_1000_diff1": 0.598243,
        "main_score": 0.62944,
        "hf_subset": "default",
        "languages": [
          "tur-Latn"
        ]
      }
    ]
  },
  "evaluation_time": 3.879389524459839,
  "kg_co2_emissions": null
}