{
  "dataset_revision": "main",
  "task_name": "SquadTRRetrieval",
  "mteb_version": "1.31.3",
  "scores": {
    "test": [
      {
        "ndcg_at_1": 0.41804,
        "ndcg_at_3": 0.52285,
        "ndcg_at_5": 0.55231,
        "ndcg_at_10": 0.58136,
        "ndcg_at_20": 0.60154,
        "ndcg_at_100": 0.62223,
        "ndcg_at_1000": 0.62901,
        "map_at_1": 0.41804,
        "map_at_3": 0.49713,
        "map_at_5": 0.5135,
        "map_at_10": 0.5256,
        "map_at_20": 0.53119,
        "map_at_100": 0.53418,
        "map_at_1000": 0.53445,
        "recall_at_1": 0.41804,
        "recall_at_3": 0.59727,
        "recall_at_5": 0.66868,
        "recall_at_10": 0.75793,
        "recall_at_20": 0.83741,
        "recall_at_100": 0.94705,
        "recall_at_1000": 0.99964,
        "precision_at_1": 0.41804,
        "precision_at_3": 0.19909,
        "precision_at_5": 0.13374,
        "precision_at_10": 0.07579,
        "precision_at_20": 0.04187,
        "precision_at_100": 0.00947,
        "precision_at_1000": 0.001,
        "mrr_at_1": 0.418044,
        "mrr_at_3": 0.497125,
        "mrr_at_5": 0.513499,
        "mrr_at_10": 0.5256,
        "mrr_at_20": 0.531186,
        "mrr_at_100": 0.534177,
        "mrr_at_1000": 0.534445,
        "nauc_ndcg_at_1_max": 0.305219,
        "nauc_ndcg_at_1_std": 0.021018,
        "nauc_ndcg_at_1_diff1": 0.543498,
        "nauc_ndcg_at_3_max": 0.339057,
        "nauc_ndcg_at_3_std": 0.038554,
        "nauc_ndcg_at_3_diff1": 0.482923,
        "nauc_ndcg_at_5_max": 0.352513,
        "nauc_ndcg_at_5_std": 0.045635,
        "nauc_ndcg_at_5_diff1": 0.479969,
        "nauc_ndcg_at_10_max": 0.367422,
        "nauc_ndcg_at_10_std": 0.056414,
        "nauc_ndcg_at_10_diff1": 0.482082,
        "nauc_ndcg_at_20_max": 0.373179,
        "nauc_ndcg_at_20_std": 0.064476,
        "nauc_ndcg_at_20_diff1": 0.483467,
        "nauc_ndcg_at_100_max": 0.364183,
        "nauc_ndcg_at_100_std": 0.062043,
        "nauc_ndcg_at_100_diff1": 0.488617,
        "nauc_ndcg_at_1000_max": 0.35486,
        "nauc_ndcg_at_1000_std": 0.052687,
        "nauc_ndcg_at_1000_diff1": 0.490677,
        "nauc_map_at_1_max": 0.305219,
        "nauc_map_at_1_std": 0.021018,
        "nauc_map_at_1_diff1": 0.543498,
        "nauc_map_at_3_max": 0.329089,
        "nauc_map_at_3_std": 0.033102,
        "nauc_map_at_3_diff1": 0.49697,
        "nauc_map_at_5_max": 0.336024,
        "nauc_map_at_5_std": 0.036752,
        "nauc_map_at_5_diff1": 0.49575,
        "nauc_map_at_10_max": 0.341508,
        "nauc_map_at_10_std": 0.040903,
        "nauc_map_at_10_diff1": 0.496729,
        "nauc_map_at_20_max": 0.342572,
        "nauc_map_at_20_std": 0.042694,
        "nauc_map_at_20_diff1": 0.497161,
        "nauc_map_at_100_max": 0.341492,
        "nauc_map_at_100_std": 0.042504,
        "nauc_map_at_100_diff1": 0.497769,
        "nauc_map_at_1000_max": 0.341194,
        "nauc_map_at_1000_std": 0.04222,
        "nauc_map_at_1000_diff1": 0.497846,
        "nauc_recall_at_1_max": 0.305219,
        "nauc_recall_at_1_std": 0.021018,
        "nauc_recall_at_1_diff1": 0.543498,
        "nauc_recall_at_3_max": 0.370822,
        "nauc_recall_at_3_std": 0.056037,
        "nauc_recall_at_3_diff1": 0.439623,
        "nauc_recall_at_5_max": 0.412764,
        "nauc_recall_at_5_std": 0.07819,
        "nauc_recall_at_5_diff1": 0.425373,
        "nauc_recall_at_10_max": 0.491111,
        "nauc_recall_at_10_std": 0.130913,
        "nauc_recall_at_10_diff1": 0.421153,
        "nauc_recall_at_20_max": 0.583116,
        "nauc_recall_at_20_std": 0.219269,
        "nauc_recall_at_20_diff1": 0.408,
        "nauc_recall_at_100_max": 0.724693,
        "nauc_recall_at_100_std": 0.426635,
        "nauc_recall_at_100_diff1": 0.411646,
        "nauc_recall_at_1000_max": 0.649873,
        "nauc_recall_at_1000_std": 0.264845,
        "nauc_recall_at_1000_diff1": 0.330199,
        "nauc_precision_at_1_max": 0.305219,
        "nauc_precision_at_1_std": 0.021018,
        "nauc_precision_at_1_diff1": 0.543498,
        "nauc_precision_at_3_max": 0.370822,
        "nauc_precision_at_3_std": 0.056037,
        "nauc_precision_at_3_diff1": 0.439623,
        "nauc_precision_at_5_max": 0.412764,
        "nauc_precision_at_5_std": 0.07819,
        "nauc_precision_at_5_diff1": 0.425373,
        "nauc_precision_at_10_max": 0.491111,
        "nauc_precision_at_10_std": 0.130913,
        "nauc_precision_at_10_diff1": 0.421153,
        "nauc_precision_at_20_max": 0.583116,
        "nauc_precision_at_20_std": 0.219269,
        "nauc_precision_at_20_diff1": 0.408,
        "nauc_precision_at_100_max": 0.724693,
        "nauc_precision_at_100_std": 0.426635,
        "nauc_precision_at_100_diff1": 0.411646,
        "nauc_precision_at_1000_max": 0.649873,
        "nauc_precision_at_1000_std": 0.264845,
        "nauc_precision_at_1000_diff1": 0.330199,
        "nauc_mrr_at_1_max": 0.305219,
        "nauc_mrr_at_1_std": 0.021018,
        "nauc_mrr_at_1_diff1": 0.543498,
        "nauc_mrr_at_3_max": 0.329089,
        "nauc_mrr_at_3_std": 0.033102,
        "nauc_mrr_at_3_diff1": 0.49697,
        "nauc_mrr_at_5_max": 0.336024,
        "nauc_mrr_at_5_std": 0.036752,
        "nauc_mrr_at_5_diff1": 0.49575,
        "nauc_mrr_at_10_max": 0.341508,
        "nauc_mrr_at_10_std": 0.040903,
        "nauc_mrr_at_10_diff1": 0.496729,
        "nauc_mrr_at_20_max": 0.342572,
        "nauc_mrr_at_20_std": 0.042694,
        "nauc_mrr_at_20_diff1": 0.497161,
        "nauc_mrr_at_100_max": 0.341492,
        "nauc_mrr_at_100_std": 0.042504,
        "nauc_mrr_at_100_diff1": 0.497769,
        "nauc_mrr_at_1000_max": 0.341194,
        "nauc_mrr_at_1000_std": 0.04222,
        "nauc_mrr_at_1000_diff1": 0.497846,
        "main_score": 0.58136,
        "hf_subset": "default",
        "languages": [
          "tur-Latn"
        ]
      }
    ]
  },
  "evaluation_time": 28.913317918777466,
  "kg_co2_emissions": null
}