{
  "dataset_revision": "main",
  "task_name": "TQuadRetrieval",
  "mteb_version": "1.31.3",
  "scores": {
    "test": [
      {
        "ndcg_at_1": 0.63565,
        "ndcg_at_3": 0.75319,
        "ndcg_at_5": 0.78387,
        "ndcg_at_10": 0.8041,
        "ndcg_at_20": 0.80804,
        "ndcg_at_100": 0.81084,
        "ndcg_at_1000": 0.81084,
        "map_at_1": 0.63565,
        "map_at_3": 0.72478,
        "map_at_5": 0.74165,
        "map_at_10": 0.75061,
        "map_at_20": 0.75167,
        "map_at_100": 0.75209,
        "map_at_1000": 0.75209,
        "recall_at_1": 0.63565,
        "recall_at_3": 0.8352,
        "recall_at_5": 0.91031,
        "recall_at_10": 0.96973,
        "recall_at_20": 0.98543,
        "recall_at_100": 1.0,
        "recall_at_1000": 1.0,
        "precision_at_1": 0.63565,
        "precision_at_3": 0.2784,
        "precision_at_5": 0.18206,
        "precision_at_10": 0.09697,
        "precision_at_20": 0.04927,
        "precision_at_100": 0.01,
        "precision_at_1000": 0.001,
        "mrr_at_1": 0.63565,
        "mrr_at_3": 0.724776,
        "mrr_at_5": 0.741648,
        "mrr_at_10": 0.750606,
        "mrr_at_20": 0.751667,
        "mrr_at_100": 0.752087,
        "mrr_at_1000": 0.752087,
        "nauc_ndcg_at_1_max": 0.19862,
        "nauc_ndcg_at_1_std": -0.183258,
        "nauc_ndcg_at_1_diff1": 0.591249,
        "nauc_ndcg_at_3_max": 0.245669,
        "nauc_ndcg_at_3_std": -0.176274,
        "nauc_ndcg_at_3_diff1": 0.535322,
        "nauc_ndcg_at_5_max": 0.261639,
        "nauc_ndcg_at_5_std": -0.170685,
        "nauc_ndcg_at_5_diff1": 0.56508,
        "nauc_ndcg_at_10_max": 0.254723,
        "nauc_ndcg_at_10_std": -0.175016,
        "nauc_ndcg_at_10_diff1": 0.568825,
        "nauc_ndcg_at_20_max": 0.248062,
        "nauc_ndcg_at_20_std": -0.1777,
        "nauc_ndcg_at_20_diff1": 0.567847,
        "nauc_ndcg_at_100_max": 0.236643,
        "nauc_ndcg_at_100_std": -0.180691,
        "nauc_ndcg_at_100_diff1": 0.566202,
        "nauc_ndcg_at_1000_max": 0.236643,
        "nauc_ndcg_at_1000_std": -0.180691,
        "nauc_ndcg_at_1000_diff1": 0.566202,
        "nauc_map_at_1_max": 0.19862,
        "nauc_map_at_1_std": -0.183258,
        "nauc_map_at_1_diff1": 0.591249,
        "nauc_map_at_3_max": 0.228517,
        "nauc_map_at_3_std": -0.181879,
        "nauc_map_at_3_diff1": 0.550365,
        "nauc_map_at_5_max": 0.234866,
        "nauc_map_at_5_std": -0.179603,
        "nauc_map_at_5_diff1": 0.565748,
        "nauc_map_at_10_max": 0.231818,
        "nauc_map_at_10_std": -0.181578,
        "nauc_map_at_10_diff1": 0.567465,
        "nauc_map_at_20_max": 0.230508,
        "nauc_map_at_20_std": -0.181936,
        "nauc_map_at_20_diff1": 0.567295,
        "nauc_map_at_100_max": 0.229132,
        "nauc_map_at_100_std": -0.182405,
        "nauc_map_at_100_diff1": 0.567073,
        "nauc_map_at_1000_max": 0.229132,
        "nauc_map_at_1000_std": -0.182405,
        "nauc_map_at_1000_diff1": 0.567073,
        "nauc_recall_at_1_max": 0.19862,
        "nauc_recall_at_1_std": -0.183258,
        "nauc_recall_at_1_diff1": 0.591249,
        "nauc_recall_at_3_max": 0.321574,
        "nauc_recall_at_3_std": -0.149893,
        "nauc_recall_at_3_diff1": 0.471505,
        "nauc_recall_at_5_max": 0.459203,
        "nauc_recall_at_5_std": -0.102135,
        "nauc_recall_at_5_diff1": 0.571953,
        "nauc_recall_at_10_max": 0.716165,
        "nauc_recall_at_10_std": -0.035218,
        "nauc_recall_at_10_diff1": 0.632468,
        "nauc_recall_at_20_max": 0.894082,
        "nauc_recall_at_20_std": -0.030303,
        "nauc_recall_at_20_diff1": 0.652952,
        "nauc_recall_at_100_max": NaN,
        "nauc_recall_at_100_std": NaN,
        "nauc_recall_at_100_diff1": NaN,
        "nauc_recall_at_1000_max": NaN,
        "nauc_recall_at_1000_std": NaN,
        "nauc_recall_at_1000_diff1": NaN,
        "nauc_precision_at_1_max": 0.19862,
        "nauc_precision_at_1_std": -0.183258,
        "nauc_precision_at_1_diff1": 0.591249,
        "nauc_precision_at_3_max": 0.321574,
        "nauc_precision_at_3_std": -0.149893,
        "nauc_precision_at_3_diff1": 0.471505,
        "nauc_precision_at_5_max": 0.459203,
        "nauc_precision_at_5_std": -0.102135,
        "nauc_precision_at_5_diff1": 0.571953,
        "nauc_precision_at_10_max": 0.716165,
        "nauc_precision_at_10_std": -0.035218,
        "nauc_precision_at_10_diff1": 0.632468,
        "nauc_precision_at_20_max": 0.894082,
        "nauc_precision_at_20_std": -0.030303,
        "nauc_precision_at_20_diff1": 0.652952,
        "nauc_precision_at_100_max": NaN,
        "nauc_precision_at_100_std": NaN,
        "nauc_precision_at_100_diff1": NaN,
        "nauc_precision_at_1000_max": NaN,
        "nauc_precision_at_1000_std": NaN,
        "nauc_precision_at_1000_diff1": NaN,
        "nauc_mrr_at_1_max": 0.202351,
        "nauc_mrr_at_1_std": -0.183258,
        "nauc_mrr_at_1_diff1": 0.591249,
        "nauc_mrr_at_3_max": 0.230866,
        "nauc_mrr_at_3_std": -0.181879,
        "nauc_mrr_at_3_diff1": 0.550365,
        "nauc_mrr_at_5_max": 0.237375,
        "nauc_mrr_at_5_std": -0.179603,
        "nauc_mrr_at_5_diff1": 0.565748,
        "nauc_mrr_at_10_max": 0.234434,
        "nauc_mrr_at_10_std": -0.181578,
        "nauc_mrr_at_10_diff1": 0.567465,
        "nauc_mrr_at_20_max": 0.233137,
        "nauc_mrr_at_20_std": -0.181936,
        "nauc_mrr_at_20_diff1": 0.567295,
        "nauc_mrr_at_100_max": 0.231767,
        "nauc_mrr_at_100_std": -0.182405,
        "nauc_mrr_at_100_diff1": 0.567073,
        "nauc_mrr_at_1000_max": 0.231767,
        "nauc_mrr_at_1000_std": -0.182405,
        "nauc_mrr_at_1000_diff1": 0.567073,
        "main_score": 0.8041,
        "hf_subset": "default",
        "languages": [
          "tur-Latn"
        ]
      }
    ]
  },
  "evaluation_time": 2.471151828765869,
  "kg_co2_emissions": null
}