{
  "dataset_revision": "09698e0180d87dc247ca447d3a1248b931ac0cdb",
  "task_name": "XNLI",
  "mteb_version": "1.31.3",
  "scores": {
    "test": [
      {
        "similarity_accuracy": 0.715751,
        "similarity_accuracy_threshold": 0.561149,
        "similarity_f1": 0.735562,
        "similarity_f1_threshold": 0.442744,
        "similarity_precision": 0.628245,
        "similarity_recall": 0.887097,
        "similarity_ap": 0.792635,
        "cosine_accuracy": 0.715751,
        "cosine_accuracy_threshold": 0.561149,
        "cosine_f1": 0.735562,
        "cosine_f1_threshold": 0.442744,
        "cosine_precision": 0.628245,
        "cosine_recall": 0.887097,
        "cosine_ap": 0.792635,
        "manhattan_accuracy": 0.724542,
        "manhattan_accuracy_threshold": 287.095886,
        "manhattan_f1": 0.743442,
        "manhattan_f1_threshold": 318.028198,
        "manhattan_precision": 0.659478,
        "manhattan_recall": 0.851906,
        "manhattan_ap": 0.799721,
        "euclidean_accuracy": 0.726007,
        "euclidean_accuracy_threshold": 13.015402,
        "euclidean_f1": 0.746177,
        "euclidean_f1_threshold": 14.867753,
        "euclidean_precision": 0.640084,
        "euclidean_recall": 0.894428,
        "euclidean_ap": 0.798669,
        "dot_accuracy": 0.687912,
        "dot_accuracy_threshold": 100.445572,
        "dot_f1": 0.720097,
        "dot_f1_threshold": 86.133057,
        "dot_precision": 0.614508,
        "dot_recall": 0.869501,
        "dot_ap": 0.751291,
        "max_accuracy": 0.726007,
        "max_f1": 0.746177,
        "max_precision": 0.659478,
        "max_recall": 0.894428,
        "max_ap": 0.799721,
        "main_score": 0.799721,
        "hf_subset": "tr",
        "languages": [
          "tur-Latn"
        ]
      }
    ],
    "validation": [
      {
        "similarity_accuracy": 0.715751,
        "similarity_accuracy_threshold": 0.565803,
        "similarity_f1": 0.741801,
        "similarity_f1_threshold": 0.431888,
        "similarity_precision": 0.625126,
        "similarity_recall": 0.912023,
        "similarity_ap": 0.790874,
        "cosine_accuracy": 0.715751,
        "cosine_accuracy_threshold": 0.565804,
        "cosine_f1": 0.741801,
        "cosine_f1_threshold": 0.431888,
        "cosine_precision": 0.625126,
        "cosine_recall": 0.912023,
        "cosine_ap": 0.790874,
        "manhattan_accuracy": 0.721612,
        "manhattan_accuracy_threshold": 289.932343,
        "manhattan_f1": 0.744129,
        "manhattan_f1_threshold": 321.5625,
        "manhattan_precision": 0.643162,
        "manhattan_recall": 0.882698,
        "manhattan_ap": 0.792268,
        "euclidean_accuracy": 0.720147,
        "euclidean_accuracy_threshold": 13.145128,
        "euclidean_f1": 0.746341,
        "euclidean_f1_threshold": 14.771709,
        "euclidean_precision": 0.638831,
        "euclidean_recall": 0.897361,
        "euclidean_ap": 0.791265,
        "dot_accuracy": 0.698901,
        "dot_accuracy_threshold": 101.266876,
        "dot_f1": 0.728655,
        "dot_f1_threshold": 79.464249,
        "dot_precision": 0.606031,
        "dot_recall": 0.91349,
        "dot_ap": 0.751674,
        "max_accuracy": 0.721612,
        "max_f1": 0.746341,
        "max_precision": 0.643162,
        "max_recall": 0.91349,
        "max_ap": 0.792268,
        "main_score": 0.792268,
        "hf_subset": "tr",
        "languages": [
          "tur-Latn"
        ]
      }
    ]
  },
  "evaluation_time": 3.504822254180908,
  "kg_co2_emissions": null
}