{
  "dataset_revision": "51adfef1c1287aab1d2d91b5bead9bcfb9c68583",
  "task_name": "XQuADRetrieval",
  "mteb_version": "1.31.3",
  "scores": {
    "validation": [
      {
        "ndcg_at_1": 0.76436,
        "ndcg_at_3": 0.8476,
        "ndcg_at_5": 0.86094,
        "ndcg_at_10": 0.86987,
        "ndcg_at_20": 0.87287,
        "ndcg_at_100": 0.87707,
        "ndcg_at_1000": 0.87731,
        "map_at_1": 0.76436,
        "map_at_3": 0.82756,
        "map_at_5": 0.83504,
        "map_at_10": 0.83884,
        "map_at_20": 0.83967,
        "map_at_100": 0.84029,
        "map_at_1000": 0.8403,
        "recall_at_1": 0.76436,
        "recall_at_3": 0.90541,
        "recall_at_5": 0.9375,
        "recall_at_10": 0.96453,
        "recall_at_20": 0.97635,
        "recall_at_100": 0.99831,
        "recall_at_1000": 1.0,
        "precision_at_1": 0.76436,
        "precision_at_3": 0.3018,
        "precision_at_5": 0.1875,
        "precision_at_10": 0.09645,
        "precision_at_20": 0.04882,
        "precision_at_100": 0.00998,
        "precision_at_1000": 0.001,
        "mrr_at_1": 0.764358,
        "mrr_at_3": 0.827562,
        "mrr_at_5": 0.835037,
        "mrr_at_10": 0.838836,
        "mrr_at_20": 0.83967,
        "mrr_at_100": 0.840289,
        "mrr_at_1000": 0.840303,
        "nauc_ndcg_at_1_max": 0.570814,
        "nauc_ndcg_at_1_std": 0.035943,
        "nauc_ndcg_at_1_diff1": 0.786424,
        "nauc_ndcg_at_3_max": 0.640399,
        "nauc_ndcg_at_3_std": 0.088276,
        "nauc_ndcg_at_3_diff1": 0.761665,
        "nauc_ndcg_at_5_max": 0.647195,
        "nauc_ndcg_at_5_std": 0.118343,
        "nauc_ndcg_at_5_diff1": 0.765454,
        "nauc_ndcg_at_10_max": 0.63446,
        "nauc_ndcg_at_10_std": 0.109497,
        "nauc_ndcg_at_10_diff1": 0.767984,
        "nauc_ndcg_at_20_max": 0.630541,
        "nauc_ndcg_at_20_std": 0.110196,
        "nauc_ndcg_at_20_diff1": 0.769823,
        "nauc_ndcg_at_100_max": 0.621147,
        "nauc_ndcg_at_100_std": 0.094947,
        "nauc_ndcg_at_100_diff1": 0.770087,
        "nauc_ndcg_at_1000_max": 0.620337,
        "nauc_ndcg_at_1000_std": 0.093146,
        "nauc_ndcg_at_1000_diff1": 0.76973,
        "nauc_map_at_1_max": 0.570814,
        "nauc_map_at_1_std": 0.035943,
        "nauc_map_at_1_diff1": 0.786424,
        "nauc_map_at_3_max": 0.617519,
        "nauc_map_at_3_std": 0.07402,
        "nauc_map_at_3_diff1": 0.767671,
        "nauc_map_at_5_max": 0.619664,
        "nauc_map_at_5_std": 0.087989,
        "nauc_map_at_5_diff1": 0.769669,
        "nauc_map_at_10_max": 0.614695,
        "nauc_map_at_10_std": 0.084436,
        "nauc_map_at_10_diff1": 0.77076,
        "nauc_map_at_20_max": 0.613759,
        "nauc_map_at_20_std": 0.084744,
        "nauc_map_at_20_diff1": 0.771201,
        "nauc_map_at_100_max": 0.612614,
        "nauc_map_at_100_std": 0.082975,
        "nauc_map_at_100_diff1": 0.771126,
        "nauc_map_at_1000_max": 0.612578,
        "nauc_map_at_1000_std": 0.082893,
        "nauc_map_at_1000_diff1": 0.771109,
        "nauc_recall_at_1_max": 0.570814,
        "nauc_recall_at_1_std": 0.035943,
        "nauc_recall_at_1_diff1": 0.786424,
        "nauc_recall_at_3_max": 0.752559,
        "nauc_recall_at_3_std": 0.156151,
        "nauc_recall_at_3_diff1": 0.733678,
        "nauc_recall_at_5_max": 0.843895,
        "nauc_recall_at_5_std": 0.338033,
        "nauc_recall_at_5_diff1": 0.739286,
        "nauc_recall_at_10_max": 0.859135,
        "nauc_recall_at_10_std": 0.407353,
        "nauc_recall_at_10_diff1": 0.743239,
        "nauc_recall_at_20_max": 0.892723,
        "nauc_recall_at_20_std": 0.557135,
        "nauc_recall_at_20_diff1": 0.76613,
        "nauc_recall_at_100_max": 1.0,
        "nauc_recall_at_100_std": 0.934665,
        "nauc_recall_at_100_diff1": 0.934665,
        "nauc_recall_at_1000_max": NaN,
        "nauc_recall_at_1000_std": NaN,
        "nauc_recall_at_1000_diff1": NaN,
        "nauc_precision_at_1_max": 0.570814,
        "nauc_precision_at_1_std": 0.035943,
        "nauc_precision_at_1_diff1": 0.786424,
        "nauc_precision_at_3_max": 0.752559,
        "nauc_precision_at_3_std": 0.156151,
        "nauc_precision_at_3_diff1": 0.733678,
        "nauc_precision_at_5_max": 0.843895,
        "nauc_precision_at_5_std": 0.338033,
        "nauc_precision_at_5_diff1": 0.739286,
        "nauc_precision_at_10_max": 0.859135,
        "nauc_precision_at_10_std": 0.407353,
        "nauc_precision_at_10_diff1": 0.743239,
        "nauc_precision_at_20_max": 0.892723,
        "nauc_precision_at_20_std": 0.557135,
        "nauc_precision_at_20_diff1": 0.76613,
        "nauc_precision_at_100_max": 1.0,
        "nauc_precision_at_100_std": 0.934665,
        "nauc_precision_at_100_diff1": 0.934665,
        "nauc_precision_at_1000_max": 1.0,
        "nauc_precision_at_1000_std": 1.0,
        "nauc_precision_at_1000_diff1": 1.0,
        "nauc_mrr_at_1_max": 0.570814,
        "nauc_mrr_at_1_std": 0.035943,
        "nauc_mrr_at_1_diff1": 0.786424,
        "nauc_mrr_at_3_max": 0.617519,
        "nauc_mrr_at_3_std": 0.07402,
        "nauc_mrr_at_3_diff1": 0.767671,
        "nauc_mrr_at_5_max": 0.619664,
        "nauc_mrr_at_5_std": 0.087989,
        "nauc_mrr_at_5_diff1": 0.769669,
        "nauc_mrr_at_10_max": 0.614695,
        "nauc_mrr_at_10_std": 0.084436,
        "nauc_mrr_at_10_diff1": 0.77076,
        "nauc_mrr_at_20_max": 0.613759,
        "nauc_mrr_at_20_std": 0.084744,
        "nauc_mrr_at_20_diff1": 0.771201,
        "nauc_mrr_at_100_max": 0.612614,
        "nauc_mrr_at_100_std": 0.082975,
        "nauc_mrr_at_100_diff1": 0.771126,
        "nauc_mrr_at_1000_max": 0.612578,
        "nauc_mrr_at_1000_std": 0.082893,
        "nauc_mrr_at_1000_diff1": 0.771109,
        "main_score": 0.86987,
        "hf_subset": "tr",
        "languages": [
          "tur-Latn"
        ]
      }
    ]
  },
  "evaluation_time": 2.916663885116577,
  "kg_co2_emissions": null
}