{
  "dataset_revision": "main",
  "task_name": "ArguAnaTR",
  "mteb_version": "1.31.3",
  "scores": {
    "test": [
      {
        "ndcg_at_1": 0.09388,
        "ndcg_at_3": 0.16111,
        "ndcg_at_5": 0.18646,
        "ndcg_at_10": 0.22699,
        "ndcg_at_20": 0.26084,
        "ndcg_at_100": 0.31209,
        "ndcg_at_1000": 0.33312,
        "map_at_1": 0.09388,
        "map_at_3": 0.14367,
        "map_at_5": 0.15782,
        "map_at_10": 0.17431,
        "map_at_20": 0.18352,
        "map_at_100": 0.19067,
        "map_at_1000": 0.19146,
        "recall_at_1": 0.09388,
        "recall_at_3": 0.21195,
        "recall_at_5": 0.27312,
        "recall_at_10": 0.39972,
        "recall_at_20": 0.53414,
        "recall_at_100": 0.80939,
        "recall_at_1000": 0.9744,
        "precision_at_1": 0.09388,
        "precision_at_3": 0.07065,
        "precision_at_5": 0.05462,
        "precision_at_10": 0.03997,
        "precision_at_20": 0.02671,
        "precision_at_100": 0.00809,
        "precision_at_1000": 0.00097,
        "mrr_at_1": 0.094595,
        "mrr_at_3": 0.143907,
        "mrr_at_5": 0.158203,
        "mrr_at_10": 0.174559,
        "mrr_at_20": 0.183766,
        "mrr_at_100": 0.190915,
        "mrr_at_1000": 0.191705,
        "nauc_ndcg_at_1_max": -0.103173,
        "nauc_ndcg_at_1_std": -0.000539,
        "nauc_ndcg_at_1_diff1": 0.106428,
        "nauc_ndcg_at_3_max": -0.121738,
        "nauc_ndcg_at_3_std": -0.052091,
        "nauc_ndcg_at_3_diff1": 0.066064,
        "nauc_ndcg_at_5_max": -0.111199,
        "nauc_ndcg_at_5_std": -0.052914,
        "nauc_ndcg_at_5_diff1": 0.078207,
        "nauc_ndcg_at_10_max": -0.090169,
        "nauc_ndcg_at_10_std": -0.03297,
        "nauc_ndcg_at_10_diff1": 0.06086,
        "nauc_ndcg_at_20_max": -0.063776,
        "nauc_ndcg_at_20_std": 0.000592,
        "nauc_ndcg_at_20_diff1": 0.061167,
        "nauc_ndcg_at_100_max": -0.056882,
        "nauc_ndcg_at_100_std": 0.031385,
        "nauc_ndcg_at_100_diff1": 0.057542,
        "nauc_ndcg_at_1000_max": -0.072283,
        "nauc_ndcg_at_1000_std": 0.007714,
        "nauc_ndcg_at_1000_diff1": 0.064347,
        "nauc_map_at_1_max": -0.103173,
        "nauc_map_at_1_std": -0.000539,
        "nauc_map_at_1_diff1": 0.106428,
        "nauc_map_at_3_max": -0.118617,
        "nauc_map_at_3_std": -0.041309,
        "nauc_map_at_3_diff1": 0.074029,
        "nauc_map_at_5_max": -0.112149,
        "nauc_map_at_5_std": -0.042552,
        "nauc_map_at_5_diff1": 0.081505,
        "nauc_map_at_10_max": -0.101389,
        "nauc_map_at_10_std": -0.032836,
        "nauc_map_at_10_diff1": 0.074511,
        "nauc_map_at_20_max": -0.092976,
        "nauc_map_at_20_std": -0.022787,
        "nauc_map_at_20_diff1": 0.074687,
        "nauc_map_at_100_max": -0.092602,
        "nauc_map_at_100_std": -0.019125,
        "nauc_map_at_100_diff1": 0.074503,
        "nauc_map_at_1000_max": -0.093253,
        "nauc_map_at_1000_std": -0.01996,
        "nauc_map_at_1000_diff1": 0.074733,
        "nauc_recall_at_1_max": -0.103173,
        "nauc_recall_at_1_std": -0.000539,
        "nauc_recall_at_1_diff1": 0.106428,
        "nauc_recall_at_3_max": -0.128377,
        "nauc_recall_at_3_std": -0.075714,
        "nauc_recall_at_3_diff1": 0.048737,
        "nauc_recall_at_5_max": -0.108229,
        "nauc_recall_at_5_std": -0.073763,
        "nauc_recall_at_5_diff1": 0.07246,
        "nauc_recall_at_10_max": -0.063954,
        "nauc_recall_at_10_std": -0.028854,
        "nauc_recall_at_10_diff1": 0.0297,
        "nauc_recall_at_20_max": 0.015622,
        "nauc_recall_at_20_std": 0.074098,
        "nauc_recall_at_20_diff1": 0.028431,
        "nauc_recall_at_100_max": 0.136176,
        "nauc_recall_at_100_std": 0.357906,
        "nauc_recall_at_100_diff1": -0.027563,
        "nauc_recall_at_1000_max": 0.299951,
        "nauc_recall_at_1000_std": 0.703251,
        "nauc_recall_at_1000_diff1": -0.055459,
        "nauc_precision_at_1_max": -0.103173,
        "nauc_precision_at_1_std": -0.000539,
        "nauc_precision_at_1_diff1": 0.106428,
        "nauc_precision_at_3_max": -0.128377,
        "nauc_precision_at_3_std": -0.075714,
        "nauc_precision_at_3_diff1": 0.048737,
        "nauc_precision_at_5_max": -0.108229,
        "nauc_precision_at_5_std": -0.073763,
        "nauc_precision_at_5_diff1": 0.07246,
        "nauc_precision_at_10_max": -0.063954,
        "nauc_precision_at_10_std": -0.028854,
        "nauc_precision_at_10_diff1": 0.0297,
        "nauc_precision_at_20_max": 0.015622,
        "nauc_precision_at_20_std": 0.074098,
        "nauc_precision_at_20_diff1": 0.028431,
        "nauc_precision_at_100_max": 0.136176,
        "nauc_precision_at_100_std": 0.357906,
        "nauc_precision_at_100_diff1": -0.027563,
        "nauc_precision_at_1000_max": 0.299951,
        "nauc_precision_at_1000_std": 0.703251,
        "nauc_precision_at_1000_diff1": -0.055459,
        "nauc_mrr_at_1_max": -0.106721,
        "nauc_mrr_at_1_std": 0.006983,
        "nauc_mrr_at_1_diff1": 0.101304,
        "nauc_mrr_at_3_max": -0.120904,
        "nauc_mrr_at_3_std": -0.03935,
        "nauc_mrr_at_3_diff1": 0.071321,
        "nauc_mrr_at_5_max": -0.113613,
        "nauc_mrr_at_5_std": -0.040721,
        "nauc_mrr_at_5_diff1": 0.078955,
        "nauc_mrr_at_10_max": -0.103593,
        "nauc_mrr_at_10_std": -0.031024,
        "nauc_mrr_at_10_diff1": 0.071879,
        "nauc_mrr_at_20_max": -0.095275,
        "nauc_mrr_at_20_std": -0.020983,
        "nauc_mrr_at_20_diff1": 0.071969,
        "nauc_mrr_at_100_max": -0.094958,
        "nauc_mrr_at_100_std": -0.0173,
        "nauc_mrr_at_100_diff1": 0.071727,
        "nauc_mrr_at_1000_max": -0.095615,
        "nauc_mrr_at_1000_std": -0.018127,
        "nauc_mrr_at_1000_diff1": 0.071948,
        "main_score": 0.22699,
        "hf_subset": "default",
        "languages": [
          "tur-Latn"
        ]
      }
    ]
  },
  "evaluation_time": 44.54548621177673,
  "kg_co2_emissions": null
}