{
  "dataset_revision": "main",
  "task_name": "FiQA2018TR",
  "mteb_version": "1.31.3",
  "scores": {
    "test": [
      {
        "ndcg_at_1": 0.05864,
        "ndcg_at_3": 0.06424,
        "ndcg_at_5": 0.0678,
        "ndcg_at_10": 0.07669,
        "ndcg_at_20": 0.08596,
        "ndcg_at_100": 0.11436,
        "ndcg_at_1000": 0.15619,
        "map_at_1": 0.02558,
        "map_at_3": 0.04116,
        "map_at_5": 0.04573,
        "map_at_10": 0.05051,
        "map_at_20": 0.05318,
        "map_at_100": 0.05699,
        "map_at_1000": 0.05852,
        "recall_at_1": 0.02558,
        "recall_at_3": 0.05933,
        "recall_at_5": 0.07459,
        "recall_at_10": 0.10399,
        "recall_at_20": 0.13293,
        "recall_at_100": 0.25621,
        "recall_at_1000": 0.52403,
        "precision_at_1": 0.05864,
        "precision_at_3": 0.04784,
        "precision_at_5": 0.03735,
        "precision_at_10": 0.02485,
        "precision_at_20": 0.01613,
        "precision_at_100": 0.00642,
        "precision_at_1000": 0.00135,
        "mrr_at_1": 0.058642,
        "mrr_at_3": 0.093107,
        "mrr_at_5": 0.09928,
        "mrr_at_10": 0.104577,
        "mrr_at_20": 0.107711,
        "mrr_at_100": 0.11185,
        "mrr_at_1000": 0.113009,
        "nauc_ndcg_at_1_max": 0.007713,
        "nauc_ndcg_at_1_std": 0.038857,
        "nauc_ndcg_at_1_diff1": 0.306443,
        "nauc_ndcg_at_3_max": -0.040453,
        "nauc_ndcg_at_3_std": -0.001156,
        "nauc_ndcg_at_3_diff1": 0.155338,
        "nauc_ndcg_at_5_max": -0.030392,
        "nauc_ndcg_at_5_std": 0.004864,
        "nauc_ndcg_at_5_diff1": 0.148838,
        "nauc_ndcg_at_10_max": -0.026738,
        "nauc_ndcg_at_10_std": 0.012787,
        "nauc_ndcg_at_10_diff1": 0.135641,
        "nauc_ndcg_at_20_max": -0.030443,
        "nauc_ndcg_at_20_std": 0.011821,
        "nauc_ndcg_at_20_diff1": 0.129742,
        "nauc_ndcg_at_100_max": -0.027509,
        "nauc_ndcg_at_100_std": 0.056407,
        "nauc_ndcg_at_100_diff1": 0.105009,
        "nauc_ndcg_at_1000_max": 0.00867,
        "nauc_ndcg_at_1000_std": 0.095763,
        "nauc_ndcg_at_1000_diff1": 0.103524,
        "nauc_map_at_1_max": -0.041752,
        "nauc_map_at_1_std": -0.078607,
        "nauc_map_at_1_diff1": 0.324312,
        "nauc_map_at_3_max": -0.083422,
        "nauc_map_at_3_std": -0.057301,
        "nauc_map_at_3_diff1": 0.147945,
        "nauc_map_at_5_max": -0.055594,
        "nauc_map_at_5_std": -0.038162,
        "nauc_map_at_5_diff1": 0.153871,
        "nauc_map_at_10_max": -0.04406,
        "nauc_map_at_10_std": -0.023733,
        "nauc_map_at_10_diff1": 0.151269,
        "nauc_map_at_20_max": -0.045839,
        "nauc_map_at_20_std": -0.020177,
        "nauc_map_at_20_diff1": 0.148579,
        "nauc_map_at_100_max": -0.046434,
        "nauc_map_at_100_std": -0.006653,
        "nauc_map_at_100_diff1": 0.141619,
        "nauc_map_at_1000_max": -0.04364,
        "nauc_map_at_1000_std": -0.002474,
        "nauc_map_at_1000_diff1": 0.1419,
        "nauc_recall_at_1_max": -0.041752,
        "nauc_recall_at_1_std": -0.078607,
        "nauc_recall_at_1_diff1": 0.324312,
        "nauc_recall_at_3_max": -0.099711,
        "nauc_recall_at_3_std": -0.034043,
        "nauc_recall_at_3_diff1": 0.063087,
        "nauc_recall_at_5_max": -0.046819,
        "nauc_recall_at_5_std": 0.004139,
        "nauc_recall_at_5_diff1": 0.083001,
        "nauc_recall_at_10_max": -0.029721,
        "nauc_recall_at_10_std": 0.029528,
        "nauc_recall_at_10_diff1": 0.081767,
        "nauc_recall_at_20_max": -0.035319,
        "nauc_recall_at_20_std": 0.022069,
        "nauc_recall_at_20_diff1": 0.069255,
        "nauc_recall_at_100_max": -0.035877,
        "nauc_recall_at_100_std": 0.118882,
        "nauc_recall_at_100_diff1": 0.025496,
        "nauc_recall_at_1000_max": 0.043773,
        "nauc_recall_at_1000_std": 0.209763,
        "nauc_recall_at_1000_diff1": 0.002908,
        "nauc_precision_at_1_max": 0.007713,
        "nauc_precision_at_1_std": 0.038857,
        "nauc_precision_at_1_diff1": 0.306443,
        "nauc_precision_at_3_max": -0.027994,
        "nauc_precision_at_3_std": 0.035994,
        "nauc_precision_at_3_diff1": 0.126444,
        "nauc_precision_at_5_max": 0.017213,
        "nauc_precision_at_5_std": 0.070225,
        "nauc_precision_at_5_diff1": 0.150892,
        "nauc_precision_at_10_max": 0.038154,
        "nauc_precision_at_10_std": 0.089222,
        "nauc_precision_at_10_diff1": 0.135316,
        "nauc_precision_at_20_max": 0.020769,
        "nauc_precision_at_20_std": 0.088781,
        "nauc_precision_at_20_diff1": 0.132983,
        "nauc_precision_at_100_max": 0.059841,
        "nauc_precision_at_100_std": 0.160655,
        "nauc_precision_at_100_diff1": 0.070541,
        "nauc_precision_at_1000_max": 0.176095,
        "nauc_precision_at_1000_std": 0.221027,
        "nauc_precision_at_1000_diff1": 0.072442,
        "nauc_mrr_at_1_max": 0.007713,
        "nauc_mrr_at_1_std": 0.038857,
        "nauc_mrr_at_1_diff1": 0.306443,
        "nauc_mrr_at_3_max": -0.000106,
        "nauc_mrr_at_3_std": 0.016252,
        "nauc_mrr_at_3_diff1": 0.190796,
        "nauc_mrr_at_5_max": 0.002759,
        "nauc_mrr_at_5_std": 0.025937,
        "nauc_mrr_at_5_diff1": 0.186789,
        "nauc_mrr_at_10_max": 0.001586,
        "nauc_mrr_at_10_std": 0.032251,
        "nauc_mrr_at_10_diff1": 0.18058,
        "nauc_mrr_at_20_max": 0.003114,
        "nauc_mrr_at_20_std": 0.030981,
        "nauc_mrr_at_20_diff1": 0.179304,
        "nauc_mrr_at_100_max": 0.001792,
        "nauc_mrr_at_100_std": 0.03385,
        "nauc_mrr_at_100_diff1": 0.174514,
        "nauc_mrr_at_1000_max": 0.002096,
        "nauc_mrr_at_1000_std": 0.03411,
        "nauc_mrr_at_1000_diff1": 0.174835,
        "main_score": 0.07669,
        "hf_subset": "default",
        "languages": [
          "tur-Latn"
        ]
      }
    ]
  },
  "evaluation_time": 277.3121712207794,
  "kg_co2_emissions": null
}