{
  "dataset_revision": "main",
  "task_name": "MSMarcoTRRetrieval",
  "mteb_version": "1.31.3",
  "scores": {
    "test": [
      {
        "ndcg_at_1": 0.38175,
        "ndcg_at_3": 0.4251,
        "ndcg_at_5": 0.43492,
        "ndcg_at_10": 0.44371,
        "ndcg_at_20": 0.44914,
        "ndcg_at_100": 0.45495,
        "ndcg_at_1000": 0.45849,
        "map_at_1": 0.38175,
        "map_at_3": 0.41462,
        "map_at_5": 0.42014,
        "map_at_10": 0.42371,
        "map_at_20": 0.42518,
        "map_at_100": 0.42599,
        "map_at_1000": 0.42611,
        "recall_at_1": 0.38175,
        "recall_at_3": 0.45535,
        "recall_at_5": 0.4789,
        "recall_at_10": 0.50638,
        "recall_at_20": 0.52797,
        "recall_at_100": 0.55937,
        "recall_at_1000": 0.58783,
        "precision_at_1": 0.38175,
        "precision_at_3": 0.15178,
        "precision_at_5": 0.09578,
        "precision_at_10": 0.05064,
        "precision_at_20": 0.0264,
        "precision_at_100": 0.00559,
        "precision_at_1000": 0.00059,
        "mrr_at_1": 0.381747,
        "mrr_at_3": 0.414622,
        "mrr_at_5": 0.420142,
        "mrr_at_10": 0.423711,
        "mrr_at_20": 0.425182,
        "mrr_at_100": 0.425987,
        "mrr_at_1000": 0.426111,
        "nauc_ndcg_at_1_max": 0.686398,
        "nauc_ndcg_at_1_std": 0.123058,
        "nauc_ndcg_at_1_diff1": 0.743669,
        "nauc_ndcg_at_3_max": 0.681483,
        "nauc_ndcg_at_3_std": 0.125917,
        "nauc_ndcg_at_3_diff1": 0.697063,
        "nauc_ndcg_at_5_max": 0.677186,
        "nauc_ndcg_at_5_std": 0.129281,
        "nauc_ndcg_at_5_diff1": 0.68591,
        "nauc_ndcg_at_10_max": 0.669765,
        "nauc_ndcg_at_10_std": 0.129164,
        "nauc_ndcg_at_10_diff1": 0.677494,
        "nauc_ndcg_at_20_max": 0.66458,
        "nauc_ndcg_at_20_std": 0.12683,
        "nauc_ndcg_at_20_diff1": 0.673112,
        "nauc_ndcg_at_100_max": 0.659537,
        "nauc_ndcg_at_100_std": 0.125635,
        "nauc_ndcg_at_100_diff1": 0.671587,
        "nauc_ndcg_at_1000_max": 0.654936,
        "nauc_ndcg_at_1000_std": 0.122484,
        "nauc_ndcg_at_1000_diff1": 0.669165,
        "nauc_map_at_1_max": 0.686398,
        "nauc_map_at_1_std": 0.123058,
        "nauc_map_at_1_diff1": 0.743669,
        "nauc_map_at_3_max": 0.682833,
        "nauc_map_at_3_std": 0.125396,
        "nauc_map_at_3_diff1": 0.708199,
        "nauc_map_at_5_max": 0.680414,
        "nauc_map_at_5_std": 0.127395,
        "nauc_map_at_5_diff1": 0.701961,
        "nauc_map_at_10_max": 0.67747,
        "nauc_map_at_10_std": 0.127359,
        "nauc_map_at_10_diff1": 0.69853,
        "nauc_map_at_20_max": 0.67613,
        "nauc_map_at_20_std": 0.12674,
        "nauc_map_at_20_diff1": 0.697398,
        "nauc_map_at_100_max": 0.675518,
        "nauc_map_at_100_std": 0.126738,
        "nauc_map_at_100_diff1": 0.697176,
        "nauc_map_at_1000_max": 0.675359,
        "nauc_map_at_1000_std": 0.126644,
        "nauc_map_at_1000_diff1": 0.697081,
        "nauc_recall_at_1_max": 0.686398,
        "nauc_recall_at_1_std": 0.123058,
        "nauc_recall_at_1_diff1": 0.743669,
        "nauc_recall_at_3_max": 0.677495,
        "nauc_recall_at_3_std": 0.127357,
        "nauc_recall_at_3_diff1": 0.664776,
        "nauc_recall_at_5_max": 0.667112,
        "nauc_recall_at_5_std": 0.135037,
        "nauc_recall_at_5_diff1": 0.637544,
        "nauc_recall_at_10_max": 0.643072,
        "nauc_recall_at_10_std": 0.134679,
        "nauc_recall_at_10_diff1": 0.610379,
        "nauc_recall_at_20_max": 0.620767,
        "nauc_recall_at_20_std": 0.12511,
        "nauc_recall_at_20_diff1": 0.590645,
        "nauc_recall_at_100_max": 0.589107,
        "nauc_recall_at_100_std": 0.115554,
        "nauc_recall_at_100_diff1": 0.579312,
        "nauc_recall_at_1000_max": 0.546575,
        "nauc_recall_at_1000_std": 0.086884,
        "nauc_recall_at_1000_diff1": 0.555815,
        "nauc_precision_at_1_max": 0.686398,
        "nauc_precision_at_1_std": 0.123058,
        "nauc_precision_at_1_diff1": 0.743669,
        "nauc_precision_at_3_max": 0.677495,
        "nauc_precision_at_3_std": 0.127357,
        "nauc_precision_at_3_diff1": 0.664776,
        "nauc_precision_at_5_max": 0.667112,
        "nauc_precision_at_5_std": 0.135037,
        "nauc_precision_at_5_diff1": 0.637544,
        "nauc_precision_at_10_max": 0.643072,
        "nauc_precision_at_10_std": 0.134679,
        "nauc_precision_at_10_diff1": 0.610379,
        "nauc_precision_at_20_max": 0.620767,
        "nauc_precision_at_20_std": 0.12511,
        "nauc_precision_at_20_diff1": 0.590645,
        "nauc_precision_at_100_max": 0.589107,
        "nauc_precision_at_100_std": 0.115554,
        "nauc_precision_at_100_diff1": 0.579312,
        "nauc_precision_at_1000_max": 0.546575,
        "nauc_precision_at_1000_std": 0.086884,
        "nauc_precision_at_1000_diff1": 0.555815,
        "nauc_mrr_at_1_max": 0.686398,
        "nauc_mrr_at_1_std": 0.123058,
        "nauc_mrr_at_1_diff1": 0.743669,
        "nauc_mrr_at_3_max": 0.682833,
        "nauc_mrr_at_3_std": 0.125396,
        "nauc_mrr_at_3_diff1": 0.708199,
        "nauc_mrr_at_5_max": 0.680414,
        "nauc_mrr_at_5_std": 0.127395,
        "nauc_mrr_at_5_diff1": 0.701961,
        "nauc_mrr_at_10_max": 0.67747,
        "nauc_mrr_at_10_std": 0.127359,
        "nauc_mrr_at_10_diff1": 0.69853,
        "nauc_mrr_at_20_max": 0.67613,
        "nauc_mrr_at_20_std": 0.12674,
        "nauc_mrr_at_20_diff1": 0.697398,
        "nauc_mrr_at_100_max": 0.675518,
        "nauc_mrr_at_100_std": 0.126738,
        "nauc_mrr_at_100_diff1": 0.697176,
        "nauc_mrr_at_1000_max": 0.675359,
        "nauc_mrr_at_1000_std": 0.126644,
        "nauc_mrr_at_1000_diff1": 0.697081,
        "main_score": 0.44371,
        "hf_subset": "default",
        "languages": [
          "tur-Latn"
        ]
      }
    ]
  },
  "evaluation_time": 9.79912805557251,
  "kg_co2_emissions": null
}