{
  "dataset_revision": "main",
  "task_name": "NFCorpusTR",
  "mteb_version": "1.31.3",
  "scores": {
    "test": [
      {
        "ndcg_at_1": 0.1935,
        "ndcg_at_3": 0.17615,
        "ndcg_at_5": 0.16867,
        "ndcg_at_10": 0.14978,
        "ndcg_at_20": 0.13953,
        "ndcg_at_100": 0.14828,
        "ndcg_at_1000": 0.24006,
        "map_at_1": 0.01659,
        "map_at_3": 0.02866,
        "map_at_5": 0.03272,
        "map_at_10": 0.03875,
        "map_at_20": 0.04381,
        "map_at_100": 0.05182,
        "map_at_1000": 0.0612,
        "recall_at_1": 0.01659,
        "recall_at_3": 0.0361,
        "recall_at_5": 0.04494,
        "recall_at_10": 0.06336,
        "recall_at_20": 0.08728,
        "recall_at_100": 0.17759,
        "recall_at_1000": 0.49242,
        "precision_at_1": 0.20433,
        "precision_at_3": 0.17337,
        "precision_at_5": 0.15789,
        "precision_at_10": 0.12012,
        "precision_at_20": 0.09071,
        "precision_at_100": 0.04455,
        "precision_at_1000": 0.01668,
        "mrr_at_1": 0.20743,
        "mrr_at_3": 0.259546,
        "mrr_at_5": 0.277348,
        "mrr_at_10": 0.286711,
        "mrr_at_20": 0.292631,
        "mrr_at_100": 0.296605,
        "mrr_at_1000": 0.297459,
        "nauc_ndcg_at_1_max": 0.242907,
        "nauc_ndcg_at_1_std": 0.079635,
        "nauc_ndcg_at_1_diff1": 0.364839,
        "nauc_ndcg_at_3_max": 0.226969,
        "nauc_ndcg_at_3_std": 0.108172,
        "nauc_ndcg_at_3_diff1": 0.320692,
        "nauc_ndcg_at_5_max": 0.243314,
        "nauc_ndcg_at_5_std": 0.126214,
        "nauc_ndcg_at_5_diff1": 0.305872,
        "nauc_ndcg_at_10_max": 0.275205,
        "nauc_ndcg_at_10_std": 0.140469,
        "nauc_ndcg_at_10_diff1": 0.299038,
        "nauc_ndcg_at_20_max": 0.305879,
        "nauc_ndcg_at_20_std": 0.134282,
        "nauc_ndcg_at_20_diff1": 0.285096,
        "nauc_ndcg_at_100_max": 0.367879,
        "nauc_ndcg_at_100_std": 0.156498,
        "nauc_ndcg_at_100_diff1": 0.285685,
        "nauc_ndcg_at_1000_max": 0.395655,
        "nauc_ndcg_at_1000_std": 0.168971,
        "nauc_ndcg_at_1000_diff1": 0.30256,
        "nauc_map_at_1_max": 0.377287,
        "nauc_map_at_1_std": 0.151972,
        "nauc_map_at_1_diff1": 0.679577,
        "nauc_map_at_3_max": 0.298427,
        "nauc_map_at_3_std": 0.069357,
        "nauc_map_at_3_diff1": 0.498847,
        "nauc_map_at_5_max": 0.315471,
        "nauc_map_at_5_std": 0.079183,
        "nauc_map_at_5_diff1": 0.469016,
        "nauc_map_at_10_max": 0.339444,
        "nauc_map_at_10_std": 0.093205,
        "nauc_map_at_10_diff1": 0.433376,
        "nauc_map_at_20_max": 0.352315,
        "nauc_map_at_20_std": 0.09705,
        "nauc_map_at_20_diff1": 0.395238,
        "nauc_map_at_100_max": 0.359686,
        "nauc_map_at_100_std": 0.133856,
        "nauc_map_at_100_diff1": 0.360489,
        "nauc_map_at_1000_max": 0.353866,
        "nauc_map_at_1000_std": 0.145226,
        "nauc_map_at_1000_diff1": 0.349166,
        "nauc_recall_at_1_max": 0.377287,
        "nauc_recall_at_1_std": 0.151972,
        "nauc_recall_at_1_diff1": 0.679577,
        "nauc_recall_at_3_max": 0.291525,
        "nauc_recall_at_3_std": 0.05171,
        "nauc_recall_at_3_diff1": 0.372687,
        "nauc_recall_at_5_max": 0.300326,
        "nauc_recall_at_5_std": 0.077203,
        "nauc_recall_at_5_diff1": 0.341052,
        "nauc_recall_at_10_max": 0.351159,
        "nauc_recall_at_10_std": 0.104276,
        "nauc_recall_at_10_diff1": 0.275997,
        "nauc_recall_at_20_max": 0.352283,
        "nauc_recall_at_20_std": 0.095916,
        "nauc_recall_at_20_diff1": 0.204669,
        "nauc_recall_at_100_max": 0.267351,
        "nauc_recall_at_100_std": 0.193175,
        "nauc_recall_at_100_diff1": 0.111436,
        "nauc_recall_at_1000_max": 0.22273,
        "nauc_recall_at_1000_std": 0.200485,
        "nauc_recall_at_1000_diff1": 0.164582,
        "nauc_precision_at_1_max": 0.246993,
        "nauc_precision_at_1_std": 0.081536,
        "nauc_precision_at_1_diff1": 0.34987,
        "nauc_precision_at_3_max": 0.220753,
        "nauc_precision_at_3_std": 0.129845,
        "nauc_precision_at_3_diff1": 0.244427,
        "nauc_precision_at_5_max": 0.225616,
        "nauc_precision_at_5_std": 0.145204,
        "nauc_precision_at_5_diff1": 0.210412,
        "nauc_precision_at_10_max": 0.240605,
        "nauc_precision_at_10_std": 0.164118,
        "nauc_precision_at_10_diff1": 0.171094,
        "nauc_precision_at_20_max": 0.232039,
        "nauc_precision_at_20_std": 0.16826,
        "nauc_precision_at_20_diff1": 0.118093,
        "nauc_precision_at_100_max": 0.17905,
        "nauc_precision_at_100_std": 0.196343,
        "nauc_precision_at_100_diff1": 0.072757,
        "nauc_precision_at_1000_max": 0.052991,
        "nauc_precision_at_1000_std": 0.105356,
        "nauc_precision_at_1000_diff1": 0.089736,
        "nauc_mrr_at_1_max": 0.257641,
        "nauc_mrr_at_1_std": 0.079763,
        "nauc_mrr_at_1_diff1": 0.337239,
        "nauc_mrr_at_3_max": 0.275842,
        "nauc_mrr_at_3_std": 0.091498,
        "nauc_mrr_at_3_diff1": 0.321575,
        "nauc_mrr_at_5_max": 0.282906,
        "nauc_mrr_at_5_std": 0.105763,
        "nauc_mrr_at_5_diff1": 0.321217,
        "nauc_mrr_at_10_max": 0.289982,
        "nauc_mrr_at_10_std": 0.105354,
        "nauc_mrr_at_10_diff1": 0.319097,
        "nauc_mrr_at_20_max": 0.290991,
        "nauc_mrr_at_20_std": 0.103993,
        "nauc_mrr_at_20_diff1": 0.320651,
        "nauc_mrr_at_100_max": 0.292936,
        "nauc_mrr_at_100_std": 0.104738,
        "nauc_mrr_at_100_diff1": 0.31868,
        "nauc_mrr_at_1000_max": 0.292611,
        "nauc_mrr_at_1000_std": 0.104693,
        "nauc_mrr_at_1000_diff1": 0.318879,
        "main_score": 0.14978,
        "hf_subset": "default",
        "languages": [
          "tur-Latn"
        ]
      }
    ]
  },
  "evaluation_time": 16.240764141082764,
  "kg_co2_emissions": null
}