{
  "dataset_revision": "main",
  "task_name": "SciFactTR",
  "mteb_version": "1.31.3",
  "scores": {
    "test": [
      {
        "ndcg_at_1": 0.18333,
        "ndcg_at_3": 0.21271,
        "ndcg_at_5": 0.22169,
        "ndcg_at_10": 0.24352,
        "ndcg_at_20": 0.25742,
        "ndcg_at_100": 0.2832,
        "ndcg_at_1000": 0.32075,
        "map_at_1": 0.16833,
        "map_at_3": 0.19702,
        "map_at_5": 0.20285,
        "map_at_10": 0.21261,
        "map_at_20": 0.21667,
        "map_at_100": 0.22032,
        "map_at_1000": 0.22158,
        "recall_at_1": 0.16833,
        "recall_at_3": 0.23811,
        "recall_at_5": 0.26144,
        "recall_at_10": 0.32628,
        "recall_at_20": 0.37872,
        "recall_at_100": 0.51644,
        "recall_at_1000": 0.81933,
        "precision_at_1": 0.18333,
        "precision_at_3": 0.08889,
        "precision_at_5": 0.06,
        "precision_at_10": 0.038,
        "precision_at_20": 0.0225,
        "precision_at_100": 0.00613,
        "precision_at_1000": 0.00094,
        "mrr_at_1": 0.183333,
        "mrr_at_3": 0.214444,
        "mrr_at_5": 0.219444,
        "mrr_at_10": 0.227795,
        "mrr_at_20": 0.231054,
        "mrr_at_100": 0.233997,
        "mrr_at_1000": 0.235174,
        "nauc_ndcg_at_1_max": 0.223622,
        "nauc_ndcg_at_1_std": 0.076548,
        "nauc_ndcg_at_1_diff1": 0.356624,
        "nauc_ndcg_at_3_max": 0.181213,
        "nauc_ndcg_at_3_std": 0.093154,
        "nauc_ndcg_at_3_diff1": 0.351098,
        "nauc_ndcg_at_5_max": 0.1872,
        "nauc_ndcg_at_5_std": 0.122521,
        "nauc_ndcg_at_5_diff1": 0.356349,
        "nauc_ndcg_at_10_max": 0.187411,
        "nauc_ndcg_at_10_std": 0.14508,
        "nauc_ndcg_at_10_diff1": 0.350147,
        "nauc_ndcg_at_20_max": 0.18861,
        "nauc_ndcg_at_20_std": 0.150191,
        "nauc_ndcg_at_20_diff1": 0.345961,
        "nauc_ndcg_at_100_max": 0.186667,
        "nauc_ndcg_at_100_std": 0.162928,
        "nauc_ndcg_at_100_diff1": 0.331099,
        "nauc_ndcg_at_1000_max": 0.205907,
        "nauc_ndcg_at_1000_std": 0.15231,
        "nauc_ndcg_at_1000_diff1": 0.331139,
        "nauc_map_at_1_max": 0.181752,
        "nauc_map_at_1_std": 0.065562,
        "nauc_map_at_1_diff1": 0.380263,
        "nauc_map_at_3_max": 0.170791,
        "nauc_map_at_3_std": 0.080427,
        "nauc_map_at_3_diff1": 0.361938,
        "nauc_map_at_5_max": 0.1775,
        "nauc_map_at_5_std": 0.101852,
        "nauc_map_at_5_diff1": 0.363739,
        "nauc_map_at_10_max": 0.17995,
        "nauc_map_at_10_std": 0.116995,
        "nauc_map_at_10_diff1": 0.361279,
        "nauc_map_at_20_max": 0.181155,
        "nauc_map_at_20_std": 0.119759,
        "nauc_map_at_20_diff1": 0.359961,
        "nauc_map_at_100_max": 0.183133,
        "nauc_map_at_100_std": 0.121633,
        "nauc_map_at_100_diff1": 0.358491,
        "nauc_map_at_1000_max": 0.183845,
        "nauc_map_at_1000_std": 0.121357,
        "nauc_map_at_1000_diff1": 0.35875,
        "nauc_recall_at_1_max": 0.181752,
        "nauc_recall_at_1_std": 0.065562,
        "nauc_recall_at_1_diff1": 0.380263,
        "nauc_recall_at_3_max": 0.156558,
        "nauc_recall_at_3_std": 0.102123,
        "nauc_recall_at_3_diff1": 0.340254,
        "nauc_recall_at_5_max": 0.172772,
        "nauc_recall_at_5_std": 0.163464,
        "nauc_recall_at_5_diff1": 0.349569,
        "nauc_recall_at_10_max": 0.164088,
        "nauc_recall_at_10_std": 0.2062,
        "nauc_recall_at_10_diff1": 0.327962,
        "nauc_recall_at_20_max": 0.16299,
        "nauc_recall_at_20_std": 0.218487,
        "nauc_recall_at_20_diff1": 0.314867,
        "nauc_recall_at_100_max": 0.130253,
        "nauc_recall_at_100_std": 0.281823,
        "nauc_recall_at_100_diff1": 0.234107,
        "nauc_recall_at_1000_max": 0.326793,
        "nauc_recall_at_1000_std": 0.255894,
        "nauc_recall_at_1000_diff1": 0.138304,
        "nauc_precision_at_1_max": 0.223622,
        "nauc_precision_at_1_std": 0.076548,
        "nauc_precision_at_1_diff1": 0.356624,
        "nauc_precision_at_3_max": 0.225228,
        "nauc_precision_at_3_std": 0.112302,
        "nauc_precision_at_3_diff1": 0.310581,
        "nauc_precision_at_5_max": 0.248719,
        "nauc_precision_at_5_std": 0.201475,
        "nauc_precision_at_5_diff1": 0.303537,
        "nauc_precision_at_10_max": 0.255792,
        "nauc_precision_at_10_std": 0.266558,
        "nauc_precision_at_10_diff1": 0.261354,
        "nauc_precision_at_20_max": 0.272075,
        "nauc_precision_at_20_std": 0.287782,
        "nauc_precision_at_20_diff1": 0.245726,
        "nauc_precision_at_100_max": 0.26967,
        "nauc_precision_at_100_std": 0.313757,
        "nauc_precision_at_100_diff1": 0.168871,
        "nauc_precision_at_1000_max": 0.436363,
        "nauc_precision_at_1000_std": 0.259573,
        "nauc_precision_at_1000_diff1": 0.067832,
        "nauc_mrr_at_1_max": 0.223622,
        "nauc_mrr_at_1_std": 0.076548,
        "nauc_mrr_at_1_diff1": 0.356624,
        "nauc_mrr_at_3_max": 0.215512,
        "nauc_mrr_at_3_std": 0.100707,
        "nauc_mrr_at_3_diff1": 0.342393,
        "nauc_mrr_at_5_max": 0.217945,
        "nauc_mrr_at_5_std": 0.114304,
        "nauc_mrr_at_5_diff1": 0.34581,
        "nauc_mrr_at_10_max": 0.21827,
        "nauc_mrr_at_10_std": 0.121233,
        "nauc_mrr_at_10_diff1": 0.345138,
        "nauc_mrr_at_20_max": 0.21722,
        "nauc_mrr_at_20_std": 0.120328,
        "nauc_mrr_at_20_diff1": 0.344589,
        "nauc_mrr_at_100_max": 0.215944,
        "nauc_mrr_at_100_std": 0.121833,
        "nauc_mrr_at_100_diff1": 0.342862,
        "nauc_mrr_at_1000_max": 0.216314,
        "nauc_mrr_at_1000_std": 0.121612,
        "nauc_mrr_at_1000_diff1": 0.343022,
        "main_score": 0.24352,
        "hf_subset": "default",
        "languages": [
          "tur-Latn"
        ]
      }
    ]
  },
  "evaluation_time": 22.78192687034607,
  "kg_co2_emissions": null
}