{
  "dataset_revision": "main",
  "task_name": "SquadTRRetrieval",
  "mteb_version": "1.31.3",
  "scores": {
    "test": [
      {
        "ndcg_at_1": 0.23182,
        "ndcg_at_3": 0.31706,
        "ndcg_at_5": 0.34802,
        "ndcg_at_10": 0.38231,
        "ndcg_at_20": 0.41076,
        "ndcg_at_100": 0.44715,
        "ndcg_at_1000": 0.46348,
        "map_at_1": 0.23182,
        "map_at_3": 0.29572,
        "map_at_5": 0.31287,
        "map_at_10": 0.32706,
        "map_at_20": 0.33493,
        "map_at_100": 0.34005,
        "map_at_1000": 0.34066,
        "recall_at_1": 0.23182,
        "recall_at_3": 0.37897,
        "recall_at_5": 0.45423,
        "recall_at_10": 0.56013,
        "recall_at_20": 0.67217,
        "recall_at_100": 0.86696,
        "recall_at_1000": 0.99602,
        "precision_at_1": 0.23182,
        "precision_at_3": 0.12632,
        "precision_at_5": 0.09085,
        "precision_at_10": 0.05601,
        "precision_at_20": 0.03361,
        "precision_at_100": 0.00867,
        "precision_at_1000": 0.001,
        "mrr_at_1": 0.231818,
        "mrr_at_3": 0.295722,
        "mrr_at_5": 0.312873,
        "mrr_at_10": 0.327059,
        "mrr_at_20": 0.33493,
        "mrr_at_100": 0.340053,
        "mrr_at_1000": 0.340656,
        "nauc_ndcg_at_1_max": 0.235047,
        "nauc_ndcg_at_1_std": 0.009954,
        "nauc_ndcg_at_1_diff1": 0.436395,
        "nauc_ndcg_at_3_max": 0.251971,
        "nauc_ndcg_at_3_std": 0.031318,
        "nauc_ndcg_at_3_diff1": 0.366331,
        "nauc_ndcg_at_5_max": 0.260148,
        "nauc_ndcg_at_5_std": 0.04273,
        "nauc_ndcg_at_5_diff1": 0.349874,
        "nauc_ndcg_at_10_max": 0.278549,
        "nauc_ndcg_at_10_std": 0.05983,
        "nauc_ndcg_at_10_diff1": 0.337812,
        "nauc_ndcg_at_20_max": 0.298114,
        "nauc_ndcg_at_20_std": 0.07763,
        "nauc_ndcg_at_20_diff1": 0.335712,
        "nauc_ndcg_at_100_max": 0.304151,
        "nauc_ndcg_at_100_std": 0.08695,
        "nauc_ndcg_at_100_diff1": 0.347684,
        "nauc_ndcg_at_1000_max": 0.284811,
        "nauc_ndcg_at_1000_std": 0.066406,
        "nauc_ndcg_at_1000_diff1": 0.354309,
        "nauc_map_at_1_max": 0.235047,
        "nauc_map_at_1_std": 0.009954,
        "nauc_map_at_1_diff1": 0.436395,
        "nauc_map_at_3_max": 0.247596,
        "nauc_map_at_3_std": 0.025928,
        "nauc_map_at_3_diff1": 0.381684,
        "nauc_map_at_5_max": 0.252124,
        "nauc_map_at_5_std": 0.032239,
        "nauc_map_at_5_diff1": 0.372535,
        "nauc_map_at_10_max": 0.259753,
        "nauc_map_at_10_std": 0.039264,
        "nauc_map_at_10_diff1": 0.367702,
        "nauc_map_at_20_max": 0.264751,
        "nauc_map_at_20_std": 0.043697,
        "nauc_map_at_20_diff1": 0.367392,
        "nauc_map_at_100_max": 0.265993,
        "nauc_map_at_100_std": 0.045325,
        "nauc_map_at_100_diff1": 0.369219,
        "nauc_map_at_1000_max": 0.265365,
        "nauc_map_at_1000_std": 0.044717,
        "nauc_map_at_1000_diff1": 0.369475,
        "nauc_recall_at_1_max": 0.235047,
        "nauc_recall_at_1_std": 0.009954,
        "nauc_recall_at_1_diff1": 0.436395,
        "nauc_recall_at_3_max": 0.263849,
        "nauc_recall_at_3_std": 0.045908,
        "nauc_recall_at_3_diff1": 0.325549,
        "nauc_recall_at_5_max": 0.283127,
        "nauc_recall_at_5_std": 0.072832,
        "nauc_recall_at_5_diff1": 0.286791,
        "nauc_recall_at_10_max": 0.3415,
        "nauc_recall_at_10_std": 0.127968,
        "nauc_recall_at_10_diff1": 0.244627,
        "nauc_recall_at_20_max": 0.442962,
        "nauc_recall_at_20_std": 0.223109,
        "nauc_recall_at_20_diff1": 0.217506,
        "nauc_recall_at_100_max": 0.648485,
        "nauc_recall_at_100_std": 0.469488,
        "nauc_recall_at_100_diff1": 0.228965,
        "nauc_recall_at_1000_max": 0.752683,
        "nauc_recall_at_1000_std": 0.847725,
        "nauc_recall_at_1000_diff1": 0.049291,
        "nauc_precision_at_1_max": 0.235047,
        "nauc_precision_at_1_std": 0.009954,
        "nauc_precision_at_1_diff1": 0.436395,
        "nauc_precision_at_3_max": 0.263849,
        "nauc_precision_at_3_std": 0.045908,
        "nauc_precision_at_3_diff1": 0.325549,
        "nauc_precision_at_5_max": 0.283127,
        "nauc_precision_at_5_std": 0.072832,
        "nauc_precision_at_5_diff1": 0.286791,
        "nauc_precision_at_10_max": 0.3415,
        "nauc_precision_at_10_std": 0.127968,
        "nauc_precision_at_10_diff1": 0.244627,
        "nauc_precision_at_20_max": 0.442962,
        "nauc_precision_at_20_std": 0.223109,
        "nauc_precision_at_20_diff1": 0.217506,
        "nauc_precision_at_100_max": 0.648485,
        "nauc_precision_at_100_std": 0.469488,
        "nauc_precision_at_100_diff1": 0.228965,
        "nauc_precision_at_1000_max": 0.752683,
        "nauc_precision_at_1000_std": 0.847725,
        "nauc_precision_at_1000_diff1": 0.049291,
        "nauc_mrr_at_1_max": 0.235047,
        "nauc_mrr_at_1_std": 0.009954,
        "nauc_mrr_at_1_diff1": 0.436395,
        "nauc_mrr_at_3_max": 0.247596,
        "nauc_mrr_at_3_std": 0.025928,
        "nauc_mrr_at_3_diff1": 0.381684,
        "nauc_mrr_at_5_max": 0.252124,
        "nauc_mrr_at_5_std": 0.032239,
        "nauc_mrr_at_5_diff1": 0.372535,
        "nauc_mrr_at_10_max": 0.259753,
        "nauc_mrr_at_10_std": 0.039264,
        "nauc_mrr_at_10_diff1": 0.367702,
        "nauc_mrr_at_20_max": 0.264751,
        "nauc_mrr_at_20_std": 0.043697,
        "nauc_mrr_at_20_diff1": 0.367392,
        "nauc_mrr_at_100_max": 0.265993,
        "nauc_mrr_at_100_std": 0.045325,
        "nauc_mrr_at_100_diff1": 0.369219,
        "nauc_mrr_at_1000_max": 0.265365,
        "nauc_mrr_at_1000_std": 0.044717,
        "nauc_mrr_at_1000_diff1": 0.369475,
        "main_score": 0.38231,
        "hf_subset": "default",
        "languages": [
          "tur-Latn"
        ]
      }
    ]
  },
  "evaluation_time": 24.033272981643677,
  "kg_co2_emissions": null
}