{
  "dataset_revision": "main",
  "task_name": "TQuadRetrieval",
  "mteb_version": "1.31.3",
  "scores": {
    "test": [
      {
        "ndcg_at_1": 0.48879,
        "ndcg_at_3": 0.60184,
        "ndcg_at_5": 0.6361,
        "ndcg_at_10": 0.67318,
        "ndcg_at_20": 0.68901,
        "ndcg_at_100": 0.69837,
        "ndcg_at_1000": 0.69977,
        "map_at_1": 0.48879,
        "map_at_3": 0.57493,
        "map_at_5": 0.59398,
        "map_at_10": 0.60914,
        "map_at_20": 0.61361,
        "map_at_100": 0.61489,
        "map_at_1000": 0.61496,
        "recall_at_1": 0.48879,
        "recall_at_3": 0.67937,
        "recall_at_5": 0.76233,
        "recall_at_10": 0.8778,
        "recall_at_20": 0.93946,
        "recall_at_100": 0.98991,
        "recall_at_1000": 1.0,
        "precision_at_1": 0.48879,
        "precision_at_3": 0.22646,
        "precision_at_5": 0.15247,
        "precision_at_10": 0.08778,
        "precision_at_20": 0.04697,
        "precision_at_100": 0.0099,
        "precision_at_1000": 0.001,
        "mrr_at_1": 0.488789,
        "mrr_at_3": 0.574925,
        "mrr_at_5": 0.593984,
        "mrr_at_10": 0.609136,
        "mrr_at_20": 0.613607,
        "mrr_at_100": 0.614888,
        "mrr_at_1000": 0.614959,
        "nauc_ndcg_at_1_max": 0.074085,
        "nauc_ndcg_at_1_std": -0.281847,
        "nauc_ndcg_at_1_diff1": 0.583873,
        "nauc_ndcg_at_3_max": 0.089541,
        "nauc_ndcg_at_3_std": -0.335656,
        "nauc_ndcg_at_3_diff1": 0.549904,
        "nauc_ndcg_at_5_max": 0.107231,
        "nauc_ndcg_at_5_std": -0.333749,
        "nauc_ndcg_at_5_diff1": 0.548638,
        "nauc_ndcg_at_10_max": 0.131244,
        "nauc_ndcg_at_10_std": -0.327072,
        "nauc_ndcg_at_10_diff1": 0.563899,
        "nauc_ndcg_at_20_max": 0.126691,
        "nauc_ndcg_at_20_std": -0.32143,
        "nauc_ndcg_at_20_diff1": 0.564518,
        "nauc_ndcg_at_100_max": 0.113037,
        "nauc_ndcg_at_100_std": -0.313828,
        "nauc_ndcg_at_100_diff1": 0.563197,
        "nauc_ndcg_at_1000_max": 0.108336,
        "nauc_ndcg_at_1000_std": -0.317086,
        "nauc_ndcg_at_1000_diff1": 0.562892,
        "nauc_map_at_1_max": 0.074085,
        "nauc_map_at_1_std": -0.281847,
        "nauc_map_at_1_diff1": 0.583873,
        "nauc_map_at_3_max": 0.084875,
        "nauc_map_at_3_std": -0.322231,
        "nauc_map_at_3_diff1": 0.559048,
        "nauc_map_at_5_max": 0.093956,
        "nauc_map_at_5_std": -0.320566,
        "nauc_map_at_5_diff1": 0.558374,
        "nauc_map_at_10_max": 0.101031,
        "nauc_map_at_10_std": -0.317689,
        "nauc_map_at_10_diff1": 0.564092,
        "nauc_map_at_20_max": 0.099684,
        "nauc_map_at_20_std": -0.316148,
        "nauc_map_at_20_diff1": 0.56459,
        "nauc_map_at_100_max": 0.098352,
        "nauc_map_at_100_std": -0.31496,
        "nauc_map_at_100_diff1": 0.564341,
        "nauc_map_at_1000_max": 0.098164,
        "nauc_map_at_1000_std": -0.315073,
        "nauc_map_at_1000_diff1": 0.564329,
        "nauc_recall_at_1_max": 0.074085,
        "nauc_recall_at_1_std": -0.281847,
        "nauc_recall_at_1_diff1": 0.583873,
        "nauc_recall_at_3_max": 0.10553,
        "nauc_recall_at_3_std": -0.380452,
        "nauc_recall_at_3_diff1": 0.519048,
        "nauc_recall_at_5_max": 0.165141,
        "nauc_recall_at_5_std": -0.386855,
        "nauc_recall_at_5_diff1": 0.509274,
        "nauc_recall_at_10_max": 0.378847,
        "nauc_recall_at_10_std": -0.384961,
        "nauc_recall_at_10_diff1": 0.578956,
        "nauc_recall_at_20_max": 0.544133,
        "nauc_recall_at_20_std": -0.359814,
        "nauc_recall_at_20_diff1": 0.590983,
        "nauc_recall_at_100_max": 0.870585,
        "nauc_recall_at_100_std": 0.226009,
        "nauc_recall_at_100_diff1": 0.612304,
        "nauc_recall_at_1000_max": NaN,
        "nauc_recall_at_1000_std": NaN,
        "nauc_recall_at_1000_diff1": NaN,
        "nauc_precision_at_1_max": 0.074085,
        "nauc_precision_at_1_std": -0.281847,
        "nauc_precision_at_1_diff1": 0.583873,
        "nauc_precision_at_3_max": 0.10553,
        "nauc_precision_at_3_std": -0.380452,
        "nauc_precision_at_3_diff1": 0.519048,
        "nauc_precision_at_5_max": 0.165141,
        "nauc_precision_at_5_std": -0.386855,
        "nauc_precision_at_5_diff1": 0.509274,
        "nauc_precision_at_10_max": 0.378847,
        "nauc_precision_at_10_std": -0.384961,
        "nauc_precision_at_10_diff1": 0.578956,
        "nauc_precision_at_20_max": 0.544133,
        "nauc_precision_at_20_std": -0.359814,
        "nauc_precision_at_20_diff1": 0.590983,
        "nauc_precision_at_100_max": 0.870585,
        "nauc_precision_at_100_std": 0.226009,
        "nauc_precision_at_100_diff1": 0.612304,
        "nauc_precision_at_1000_max": NaN,
        "nauc_precision_at_1000_std": NaN,
        "nauc_precision_at_1000_diff1": NaN,
        "nauc_mrr_at_1_max": 0.074085,
        "nauc_mrr_at_1_std": -0.281847,
        "nauc_mrr_at_1_diff1": 0.583873,
        "nauc_mrr_at_3_max": 0.084875,
        "nauc_mrr_at_3_std": -0.322231,
        "nauc_mrr_at_3_diff1": 0.558949,
        "nauc_mrr_at_5_max": 0.093956,
        "nauc_mrr_at_5_std": -0.320566,
        "nauc_mrr_at_5_diff1": 0.55827,
        "nauc_mrr_at_10_max": 0.101031,
        "nauc_mrr_at_10_std": -0.317689,
        "nauc_mrr_at_10_diff1": 0.563984,
        "nauc_mrr_at_20_max": 0.099684,
        "nauc_mrr_at_20_std": -0.316148,
        "nauc_mrr_at_20_diff1": 0.564481,
        "nauc_mrr_at_100_max": 0.098352,
        "nauc_mrr_at_100_std": -0.31496,
        "nauc_mrr_at_100_diff1": 0.564231,
        "nauc_mrr_at_1000_max": 0.098164,
        "nauc_mrr_at_1000_std": -0.315073,
        "nauc_mrr_at_1000_diff1": 0.564219,
        "main_score": 0.67318,
        "hf_subset": "default",
        "languages": [
          "tur-Latn"
        ]
      }
    ]
  },
  "evaluation_time": 3.3951239585876465,
  "kg_co2_emissions": null
}