{
  "dataset_revision": "09698e0180d87dc247ca447d3a1248b931ac0cdb",
  "task_name": "XNLI",
  "mteb_version": "1.31.3",
  "scores": {
    "test": [
      {
        "similarity_accuracy": 0.579487,
        "similarity_accuracy_threshold": 0.690132,
        "similarity_f1": 0.669763,
        "similarity_f1_threshold": 0.379515,
        "similarity_precision": 0.51672,
        "similarity_recall": 0.951613,
        "similarity_ap": 0.597375,
        "cosine_accuracy": 0.579487,
        "cosine_accuracy_threshold": 0.690132,
        "cosine_f1": 0.669763,
        "cosine_f1_threshold": 0.379515,
        "cosine_precision": 0.51672,
        "cosine_recall": 0.951613,
        "cosine_ap": 0.597375,
        "manhattan_accuracy": 0.584615,
        "manhattan_accuracy_threshold": 341.911987,
        "manhattan_f1": 0.66765,
        "manhattan_f1_threshold": 584.781128,
        "manhattan_precision": 0.502219,
        "manhattan_recall": 0.995601,
        "manhattan_ap": 0.598311,
        "euclidean_accuracy": 0.585348,
        "euclidean_accuracy_threshold": 16.254482,
        "euclidean_f1": 0.66863,
        "euclidean_f1_threshold": 26.693962,
        "euclidean_precision": 0.502583,
        "euclidean_recall": 0.998534,
        "euclidean_ap": 0.59752,
        "dot_accuracy": 0.579487,
        "dot_accuracy_threshold": 249.689575,
        "dot_f1": 0.669409,
        "dot_f1_threshold": 157.650726,
        "dot_precision": 0.515439,
        "dot_recall": 0.954545,
        "dot_ap": 0.585939,
        "max_accuracy": 0.585348,
        "max_f1": 0.669763,
        "max_precision": 0.51672,
        "max_recall": 0.998534,
        "max_ap": 0.598311,
        "main_score": 0.598311,
        "hf_subset": "tr",
        "languages": [
          "tur-Latn"
        ]
      }
    ],
    "validation": [
      {
        "similarity_accuracy": 0.598535,
        "similarity_accuracy_threshold": 0.574704,
        "similarity_f1": 0.673564,
        "similarity_f1_threshold": 0.368492,
        "similarity_precision": 0.520384,
        "similarity_recall": 0.954545,
        "similarity_ap": 0.616105,
        "cosine_accuracy": 0.598535,
        "cosine_accuracy_threshold": 0.574704,
        "cosine_f1": 0.673564,
        "cosine_f1_threshold": 0.368492,
        "cosine_precision": 0.520384,
        "cosine_recall": 0.954545,
        "cosine_ap": 0.616105,
        "manhattan_accuracy": 0.596337,
        "manhattan_accuracy_threshold": 425.873535,
        "manhattan_f1": 0.675244,
        "manhattan_f1_threshold": 519.829712,
        "manhattan_precision": 0.520222,
        "manhattan_recall": 0.961877,
        "manhattan_ap": 0.610358,
        "euclidean_accuracy": 0.593407,
        "euclidean_accuracy_threshold": 19.220175,
        "euclidean_f1": 0.674872,
        "euclidean_f1_threshold": 23.73785,
        "euclidean_precision": 0.518927,
        "euclidean_recall": 0.964809,
        "euclidean_ap": 0.611047,
        "dot_accuracy": 0.591941,
        "dot_accuracy_threshold": 282.449219,
        "dot_f1": 0.672976,
        "dot_f1_threshold": 164.559799,
        "dot_precision": 0.52459,
        "dot_recall": 0.938416,
        "dot_ap": 0.62036,
        "max_accuracy": 0.598535,
        "max_f1": 0.675244,
        "max_precision": 0.52459,
        "max_recall": 0.964809,
        "max_ap": 0.62036,
        "main_score": 0.62036,
        "hf_subset": "tr",
        "languages": [
          "tur-Latn"
        ]
      }
    ]
  },
  "evaluation_time": 7.814723968505859,
  "kg_co2_emissions": null
}