{
  "dataset_revision": "51adfef1c1287aab1d2d91b5bead9bcfb9c68583",
  "task_name": "XQuADRetrieval",
  "mteb_version": "1.31.3",
  "scores": {
    "validation": [
      {
        "ndcg_at_1": 0.60389,
        "ndcg_at_3": 0.71216,
        "ndcg_at_5": 0.74535,
        "ndcg_at_10": 0.76124,
        "ndcg_at_20": 0.76844,
        "ndcg_at_100": 0.77662,
        "ndcg_at_1000": 0.77806,
        "map_at_1": 0.60389,
        "map_at_3": 0.68539,
        "map_at_5": 0.70389,
        "map_at_10": 0.71047,
        "map_at_20": 0.71253,
        "map_at_100": 0.71375,
        "map_at_1000": 0.71383,
        "recall_at_1": 0.60389,
        "recall_at_3": 0.7897,
        "recall_at_5": 0.86993,
        "recall_at_10": 0.91892,
        "recall_at_20": 0.94679,
        "recall_at_100": 0.98986,
        "recall_at_1000": 1.0,
        "precision_at_1": 0.60389,
        "precision_at_3": 0.26323,
        "precision_at_5": 0.17399,
        "precision_at_10": 0.09189,
        "precision_at_20": 0.04734,
        "precision_at_100": 0.0099,
        "precision_at_1000": 0.001,
        "mrr_at_1": 0.603885,
        "mrr_at_3": 0.685389,
        "mrr_at_5": 0.703885,
        "mrr_at_10": 0.710474,
        "mrr_at_20": 0.712531,
        "mrr_at_100": 0.713749,
        "mrr_at_1000": 0.713826,
        "nauc_ndcg_at_1_max": 0.463696,
        "nauc_ndcg_at_1_std": 0.065706,
        "nauc_ndcg_at_1_diff1": 0.663086,
        "nauc_ndcg_at_3_max": 0.472265,
        "nauc_ndcg_at_3_std": 0.067325,
        "nauc_ndcg_at_3_diff1": 0.634278,
        "nauc_ndcg_at_5_max": 0.516486,
        "nauc_ndcg_at_5_std": 0.096922,
        "nauc_ndcg_at_5_diff1": 0.642764,
        "nauc_ndcg_at_10_max": 0.513915,
        "nauc_ndcg_at_10_std": 0.106342,
        "nauc_ndcg_at_10_diff1": 0.648498,
        "nauc_ndcg_at_20_max": 0.509766,
        "nauc_ndcg_at_20_std": 0.107026,
        "nauc_ndcg_at_20_diff1": 0.647432,
        "nauc_ndcg_at_100_max": 0.498559,
        "nauc_ndcg_at_100_std": 0.097295,
        "nauc_ndcg_at_100_diff1": 0.647261,
        "nauc_ndcg_at_1000_max": 0.495878,
        "nauc_ndcg_at_1000_std": 0.093755,
        "nauc_ndcg_at_1000_diff1": 0.646836,
        "nauc_map_at_1_max": 0.463696,
        "nauc_map_at_1_std": 0.065706,
        "nauc_map_at_1_diff1": 0.663086,
        "nauc_map_at_3_max": 0.469451,
        "nauc_map_at_3_std": 0.06866,
        "nauc_map_at_3_diff1": 0.641237,
        "nauc_map_at_5_max": 0.491256,
        "nauc_map_at_5_std": 0.083398,
        "nauc_map_at_5_diff1": 0.645677,
        "nauc_map_at_10_max": 0.489822,
        "nauc_map_at_10_std": 0.086727,
        "nauc_map_at_10_diff1": 0.647879,
        "nauc_map_at_20_max": 0.488776,
        "nauc_map_at_20_std": 0.086994,
        "nauc_map_at_20_diff1": 0.647635,
        "nauc_map_at_100_max": 0.487495,
        "nauc_map_at_100_std": 0.086086,
        "nauc_map_at_100_diff1": 0.647569,
        "nauc_map_at_1000_max": 0.487373,
        "nauc_map_at_1000_std": 0.085923,
        "nauc_map_at_1000_diff1": 0.64755,
        "nauc_recall_at_1_max": 0.463696,
        "nauc_recall_at_1_std": 0.065706,
        "nauc_recall_at_1_diff1": 0.663086,
        "nauc_recall_at_3_max": 0.483392,
        "nauc_recall_at_3_std": 0.06114,
        "nauc_recall_at_3_diff1": 0.60799,
        "nauc_recall_at_5_max": 0.670144,
        "nauc_recall_at_5_std": 0.179254,
        "nauc_recall_at_5_diff1": 0.630251,
        "nauc_recall_at_10_max": 0.734323,
        "nauc_recall_at_10_std": 0.291163,
        "nauc_recall_at_10_diff1": 0.66531,
        "nauc_recall_at_20_max": 0.786813,
        "nauc_recall_at_20_std": 0.388702,
        "nauc_recall_at_20_diff1": 0.658614,
        "nauc_recall_at_100_max": 0.83936,
        "nauc_recall_at_100_std": 0.544808,
        "nauc_recall_at_100_diff1": 0.701468,
        "nauc_recall_at_1000_max": NaN,
        "nauc_recall_at_1000_std": NaN,
        "nauc_recall_at_1000_diff1": NaN,
        "nauc_precision_at_1_max": 0.463696,
        "nauc_precision_at_1_std": 0.065706,
        "nauc_precision_at_1_diff1": 0.663086,
        "nauc_precision_at_3_max": 0.483392,
        "nauc_precision_at_3_std": 0.06114,
        "nauc_precision_at_3_diff1": 0.60799,
        "nauc_precision_at_5_max": 0.670144,
        "nauc_precision_at_5_std": 0.179254,
        "nauc_precision_at_5_diff1": 0.630251,
        "nauc_precision_at_10_max": 0.734323,
        "nauc_precision_at_10_std": 0.291163,
        "nauc_precision_at_10_diff1": 0.66531,
        "nauc_precision_at_20_max": 0.786813,
        "nauc_precision_at_20_std": 0.388702,
        "nauc_precision_at_20_diff1": 0.658614,
        "nauc_precision_at_100_max": 0.83936,
        "nauc_precision_at_100_std": 0.544808,
        "nauc_precision_at_100_diff1": 0.701468,
        "nauc_precision_at_1000_max": 1.0,
        "nauc_precision_at_1000_std": 1.0,
        "nauc_precision_at_1000_diff1": 1.0,
        "nauc_mrr_at_1_max": 0.463696,
        "nauc_mrr_at_1_std": 0.065706,
        "nauc_mrr_at_1_diff1": 0.663086,
        "nauc_mrr_at_3_max": 0.469451,
        "nauc_mrr_at_3_std": 0.06866,
        "nauc_mrr_at_3_diff1": 0.641237,
        "nauc_mrr_at_5_max": 0.491256,
        "nauc_mrr_at_5_std": 0.083398,
        "nauc_mrr_at_5_diff1": 0.645677,
        "nauc_mrr_at_10_max": 0.489822,
        "nauc_mrr_at_10_std": 0.086727,
        "nauc_mrr_at_10_diff1": 0.647879,
        "nauc_mrr_at_20_max": 0.488776,
        "nauc_mrr_at_20_std": 0.086994,
        "nauc_mrr_at_20_diff1": 0.647635,
        "nauc_mrr_at_100_max": 0.487495,
        "nauc_mrr_at_100_std": 0.086086,
        "nauc_mrr_at_100_diff1": 0.647569,
        "nauc_mrr_at_1000_max": 0.487373,
        "nauc_mrr_at_1000_std": 0.085923,
        "nauc_mrr_at_1000_diff1": 0.64755,
        "main_score": 0.76124,
        "hf_subset": "tr",
        "languages": [
          "tur-Latn"
        ]
      }
    ]
  },
  "evaluation_time": 3.1672699451446533,
  "kg_co2_emissions": null
}