{
  "dataset_revision": "main",
  "task_name": "ArguAnaTR",
  "mteb_version": "1.31.3",
  "scores": {
    "test": [
      {
        "ndcg_at_1": 0.00356,
        "ndcg_at_3": 0.00786,
        "ndcg_at_5": 0.00957,
        "ndcg_at_10": 0.01246,
        "ndcg_at_20": 0.01551,
        "ndcg_at_100": 0.02114,
        "ndcg_at_1000": 0.0313,
        "map_at_1": 0.00356,
        "map_at_3": 0.00688,
        "map_at_5": 0.0078,
        "map_at_10": 0.00894,
        "map_at_20": 0.00977,
        "map_at_100": 0.01049,
        "map_at_1000": 0.01083,
        "recall_at_1": 0.00356,
        "recall_at_3": 0.01067,
        "recall_at_5": 0.01494,
        "recall_at_10": 0.02418,
        "recall_at_20": 0.03627,
        "recall_at_100": 0.06757,
        "recall_at_1000": 0.15007,
        "precision_at_1": 0.00356,
        "precision_at_3": 0.00356,
        "precision_at_5": 0.00299,
        "precision_at_10": 0.00242,
        "precision_at_20": 0.00181,
        "precision_at_100": 0.00068,
        "precision_at_1000": 0.00015,
        "mrr_at_1": 0.003556,
        "mrr_at_3": 0.006875,
        "mrr_at_5": 0.0078,
        "mrr_at_10": 0.00894,
        "mrr_at_20": 0.009773,
        "mrr_at_100": 0.010493,
        "mrr_at_1000": 0.010831,
        "nauc_ndcg_at_1_max": -0.276297,
        "nauc_ndcg_at_1_std": 0.335658,
        "nauc_ndcg_at_1_diff1": 0.034436,
        "nauc_ndcg_at_3_max": -0.158049,
        "nauc_ndcg_at_3_std": 0.406883,
        "nauc_ndcg_at_3_diff1": 0.154384,
        "nauc_ndcg_at_5_max": -0.215367,
        "nauc_ndcg_at_5_std": 0.404358,
        "nauc_ndcg_at_5_diff1": 0.144993,
        "nauc_ndcg_at_10_max": -0.194049,
        "nauc_ndcg_at_10_std": 0.429483,
        "nauc_ndcg_at_10_diff1": 0.081282,
        "nauc_ndcg_at_20_max": -0.163853,
        "nauc_ndcg_at_20_std": 0.477691,
        "nauc_ndcg_at_20_diff1": 0.088939,
        "nauc_ndcg_at_100_max": -0.080228,
        "nauc_ndcg_at_100_std": 0.499602,
        "nauc_ndcg_at_100_diff1": 0.148331,
        "nauc_ndcg_at_1000_max": 0.00687,
        "nauc_ndcg_at_1000_std": 0.559005,
        "nauc_ndcg_at_1000_diff1": 0.130158,
        "nauc_map_at_1_max": -0.276297,
        "nauc_map_at_1_std": 0.335658,
        "nauc_map_at_1_diff1": 0.034436,
        "nauc_map_at_3_max": -0.167715,
        "nauc_map_at_3_std": 0.400681,
        "nauc_map_at_3_diff1": 0.134902,
        "nauc_map_at_5_max": -0.204822,
        "nauc_map_at_5_std": 0.396574,
        "nauc_map_at_5_diff1": 0.13463,
        "nauc_map_at_10_max": -0.195394,
        "nauc_map_at_10_std": 0.41116,
        "nauc_map_at_10_diff1": 0.100829,
        "nauc_map_at_20_max": -0.182743,
        "nauc_map_at_20_std": 0.433827,
        "nauc_map_at_20_diff1": 0.100449,
        "nauc_map_at_100_max": -0.159444,
        "nauc_map_at_100_std": 0.444169,
        "nauc_map_at_100_diff1": 0.117515,
        "nauc_map_at_1000_max": -0.147844,
        "nauc_map_at_1000_std": 0.45208,
        "nauc_map_at_1000_diff1": 0.116291,
        "nauc_recall_at_1_max": -0.276297,
        "nauc_recall_at_1_std": 0.335658,
        "nauc_recall_at_1_diff1": 0.034436,
        "nauc_recall_at_3_max": -0.141425,
        "nauc_recall_at_3_std": 0.417703,
        "nauc_recall_at_3_diff1": 0.191819,
        "nauc_recall_at_5_max": -0.237021,
        "nauc_recall_at_5_std": 0.41744,
        "nauc_recall_at_5_diff1": 0.158264,
        "nauc_recall_at_10_max": -0.191535,
        "nauc_recall_at_10_std": 0.454027,
        "nauc_recall_at_10_diff1": 0.048727,
        "nauc_recall_at_20_max": -0.140197,
        "nauc_recall_at_20_std": 0.526957,
        "nauc_recall_at_20_diff1": 0.076685,
        "nauc_recall_at_100_max": -0.005728,
        "nauc_recall_at_100_std": 0.538825,
        "nauc_recall_at_100_diff1": 0.180872,
        "nauc_recall_at_1000_max": 0.106014,
        "nauc_recall_at_1000_std": 0.620321,
        "nauc_recall_at_1000_diff1": 0.133301,
        "nauc_precision_at_1_max": -0.276297,
        "nauc_precision_at_1_std": 0.335658,
        "nauc_precision_at_1_diff1": 0.034436,
        "nauc_precision_at_3_max": -0.141425,
        "nauc_precision_at_3_std": 0.417703,
        "nauc_precision_at_3_diff1": 0.191819,
        "nauc_precision_at_5_max": -0.237021,
        "nauc_precision_at_5_std": 0.41744,
        "nauc_precision_at_5_diff1": 0.158264,
        "nauc_precision_at_10_max": -0.191535,
        "nauc_precision_at_10_std": 0.454027,
        "nauc_precision_at_10_diff1": 0.048727,
        "nauc_precision_at_20_max": -0.140197,
        "nauc_precision_at_20_std": 0.526957,
        "nauc_precision_at_20_diff1": 0.076685,
        "nauc_precision_at_100_max": -0.005728,
        "nauc_precision_at_100_std": 0.538825,
        "nauc_precision_at_100_diff1": 0.180872,
        "nauc_precision_at_1000_max": 0.106014,
        "nauc_precision_at_1000_std": 0.620321,
        "nauc_precision_at_1000_diff1": 0.133301,
        "nauc_mrr_at_1_max": -0.276297,
        "nauc_mrr_at_1_std": 0.335658,
        "nauc_mrr_at_1_diff1": 0.034436,
        "nauc_mrr_at_3_max": -0.167715,
        "nauc_mrr_at_3_std": 0.400681,
        "nauc_mrr_at_3_diff1": 0.134902,
        "nauc_mrr_at_5_max": -0.204822,
        "nauc_mrr_at_5_std": 0.396574,
        "nauc_mrr_at_5_diff1": 0.13463,
        "nauc_mrr_at_10_max": -0.195433,
        "nauc_mrr_at_10_std": 0.411346,
        "nauc_mrr_at_10_diff1": 0.100615,
        "nauc_mrr_at_20_max": -0.182782,
        "nauc_mrr_at_20_std": 0.433991,
        "nauc_mrr_at_20_diff1": 0.100254,
        "nauc_mrr_at_100_max": -0.159487,
        "nauc_mrr_at_100_std": 0.444319,
        "nauc_mrr_at_100_diff1": 0.117329,
        "nauc_mrr_at_1000_max": -0.147889,
        "nauc_mrr_at_1000_std": 0.452223,
        "nauc_mrr_at_1000_diff1": 0.116109,
        "main_score": 0.01246,
        "hf_subset": "default",
        "languages": [
          "tur-Latn"
        ]
      }
    ]
  },
  "evaluation_time": 31.12761378288269,
  "kg_co2_emissions": null
}