{
  "dataset_revision": "main",
  "task_name": "CQADupstackGamingRetrievalTR",
  "mteb_version": "1.31.3",
  "scores": {
    "test": [
      {
        "ndcg_at_1": 0.05517,
        "ndcg_at_3": 0.07018,
        "ndcg_at_5": 0.07557,
        "ndcg_at_10": 0.08325,
        "ndcg_at_20": 0.09081,
        "ndcg_at_100": 0.10748,
        "ndcg_at_1000": 0.13138,
        "map_at_1": 0.04501,
        "map_at_3": 0.06163,
        "map_at_5": 0.06496,
        "map_at_10": 0.06834,
        "map_at_20": 0.07055,
        "map_at_100": 0.07288,
        "map_at_1000": 0.07367,
        "recall_at_1": 0.04501,
        "recall_at_3": 0.08126,
        "recall_at_5": 0.09519,
        "recall_at_10": 0.11718,
        "recall_at_20": 0.14622,
        "recall_at_100": 0.23175,
        "recall_at_1000": 0.41447,
        "precision_at_1": 0.05517,
        "precision_at_3": 0.0349,
        "precision_at_5": 0.02483,
        "precision_at_10": 0.01599,
        "precision_at_20": 0.00978,
        "precision_at_100": 0.00312,
        "precision_at_1000": 0.00059,
        "mrr_at_1": 0.055172,
        "mrr_at_3": 0.071996,
        "mrr_at_5": 0.075162,
        "mrr_at_10": 0.078854,
        "mrr_at_20": 0.081144,
        "mrr_at_100": 0.083341,
        "mrr_at_1000": 0.084072,
        "nauc_ndcg_at_1_max": 0.12496,
        "nauc_ndcg_at_1_std": 0.118498,
        "nauc_ndcg_at_1_diff1": 0.449807,
        "nauc_ndcg_at_3_max": 0.113744,
        "nauc_ndcg_at_3_std": 0.125195,
        "nauc_ndcg_at_3_diff1": 0.350109,
        "nauc_ndcg_at_5_max": 0.098125,
        "nauc_ndcg_at_5_std": 0.114378,
        "nauc_ndcg_at_5_diff1": 0.337403,
        "nauc_ndcg_at_10_max": 0.10823,
        "nauc_ndcg_at_10_std": 0.127099,
        "nauc_ndcg_at_10_diff1": 0.331841,
        "nauc_ndcg_at_20_max": 0.10828,
        "nauc_ndcg_at_20_std": 0.136211,
        "nauc_ndcg_at_20_diff1": 0.320928,
        "nauc_ndcg_at_100_max": 0.130922,
        "nauc_ndcg_at_100_std": 0.173601,
        "nauc_ndcg_at_100_diff1": 0.300503,
        "nauc_ndcg_at_1000_max": 0.165181,
        "nauc_ndcg_at_1000_std": 0.222534,
        "nauc_ndcg_at_1000_diff1": 0.290738,
        "nauc_map_at_1_max": 0.131026,
        "nauc_map_at_1_std": 0.105591,
        "nauc_map_at_1_diff1": 0.479304,
        "nauc_map_at_3_max": 0.116297,
        "nauc_map_at_3_std": 0.111737,
        "nauc_map_at_3_diff1": 0.37836,
        "nauc_map_at_5_max": 0.106416,
        "nauc_map_at_5_std": 0.107825,
        "nauc_map_at_5_diff1": 0.368992,
        "nauc_map_at_10_max": 0.112839,
        "nauc_map_at_10_std": 0.116736,
        "nauc_map_at_10_diff1": 0.363909,
        "nauc_map_at_20_max": 0.113147,
        "nauc_map_at_20_std": 0.120629,
        "nauc_map_at_20_diff1": 0.36054,
        "nauc_map_at_100_max": 0.116832,
        "nauc_map_at_100_std": 0.127853,
        "nauc_map_at_100_diff1": 0.355888,
        "nauc_map_at_1000_max": 0.118981,
        "nauc_map_at_1000_std": 0.130914,
        "nauc_map_at_1000_diff1": 0.355311,
        "nauc_recall_at_1_max": 0.131026,
        "nauc_recall_at_1_std": 0.105591,
        "nauc_recall_at_1_diff1": 0.479304,
        "nauc_recall_at_3_max": 0.100479,
        "nauc_recall_at_3_std": 0.114046,
        "nauc_recall_at_3_diff1": 0.293847,
        "nauc_recall_at_5_max": 0.064013,
        "nauc_recall_at_5_std": 0.091934,
        "nauc_recall_at_5_diff1": 0.270727,
        "nauc_recall_at_10_max": 0.089613,
        "nauc_recall_at_10_std": 0.123574,
        "nauc_recall_at_10_diff1": 0.263885,
        "nauc_recall_at_20_max": 0.094394,
        "nauc_recall_at_20_std": 0.150378,
        "nauc_recall_at_20_diff1": 0.246491,
        "nauc_recall_at_100_max": 0.158539,
        "nauc_recall_at_100_std": 0.245471,
        "nauc_recall_at_100_diff1": 0.206264,
        "nauc_recall_at_1000_max": 0.264643,
        "nauc_recall_at_1000_std": 0.394459,
        "nauc_recall_at_1000_diff1": 0.184201,
        "nauc_precision_at_1_max": 0.12496,
        "nauc_precision_at_1_std": 0.118498,
        "nauc_precision_at_1_diff1": 0.449807,
        "nauc_precision_at_3_max": 0.120106,
        "nauc_precision_at_3_std": 0.149757,
        "nauc_precision_at_3_diff1": 0.29369,
        "nauc_precision_at_5_max": 0.111988,
        "nauc_precision_at_5_std": 0.153023,
        "nauc_precision_at_5_diff1": 0.288642,
        "nauc_precision_at_10_max": 0.137046,
        "nauc_precision_at_10_std": 0.192989,
        "nauc_precision_at_10_diff1": 0.269543,
        "nauc_precision_at_20_max": 0.135309,
        "nauc_precision_at_20_std": 0.208499,
        "nauc_precision_at_20_diff1": 0.256341,
        "nauc_precision_at_100_max": 0.190408,
        "nauc_precision_at_100_std": 0.296139,
        "nauc_precision_at_100_diff1": 0.209803,
        "nauc_precision_at_1000_max": 0.298108,
        "nauc_precision_at_1000_std": 0.442247,
        "nauc_precision_at_1000_diff1": 0.164035,
        "nauc_mrr_at_1_max": 0.12496,
        "nauc_mrr_at_1_std": 0.118498,
        "nauc_mrr_at_1_diff1": 0.449807,
        "nauc_mrr_at_3_max": 0.115328,
        "nauc_mrr_at_3_std": 0.131735,
        "nauc_mrr_at_3_diff1": 0.365943,
        "nauc_mrr_at_5_max": 0.109086,
        "nauc_mrr_at_5_std": 0.127198,
        "nauc_mrr_at_5_diff1": 0.360473,
        "nauc_mrr_at_10_max": 0.111507,
        "nauc_mrr_at_10_std": 0.132236,
        "nauc_mrr_at_10_diff1": 0.358449,
        "nauc_mrr_at_20_max": 0.111619,
        "nauc_mrr_at_20_std": 0.135905,
        "nauc_mrr_at_20_diff1": 0.353543,
        "nauc_mrr_at_100_max": 0.115637,
        "nauc_mrr_at_100_std": 0.141914,
        "nauc_mrr_at_100_diff1": 0.349173,
        "nauc_mrr_at_1000_max": 0.117152,
        "nauc_mrr_at_1000_std": 0.143936,
        "nauc_mrr_at_1000_diff1": 0.348639,
        "main_score": 0.08325,
        "hf_subset": "default",
        "languages": [
          "tur-Latn"
        ]
      }
    ]
  },
  "evaluation_time": 122.69632577896118,
  "kg_co2_emissions": null
}