{
  "dataset_revision": "main",
  "task_name": "MSMarcoTRRetrieval",
  "mteb_version": "1.31.3",
  "scores": {
    "test": [
      {
        "ndcg_at_1": 0.25466,
        "ndcg_at_3": 0.29363,
        "ndcg_at_5": 0.30364,
        "ndcg_at_10": 0.31157,
        "ndcg_at_20": 0.31935,
        "ndcg_at_100": 0.33034,
        "ndcg_at_1000": 0.34475,
        "map_at_1": 0.25466,
        "map_at_3": 0.28418,
        "map_at_5": 0.2898,
        "map_at_10": 0.29307,
        "map_at_20": 0.29519,
        "map_at_100": 0.2967,
        "map_at_1000": 0.29713,
        "recall_at_1": 0.25466,
        "recall_at_3": 0.3209,
        "recall_at_5": 0.34495,
        "recall_at_10": 0.36948,
        "recall_at_20": 0.40039,
        "recall_at_100": 0.45976,
        "recall_at_1000": 0.58047,
        "precision_at_1": 0.25466,
        "precision_at_3": 0.10697,
        "precision_at_5": 0.06899,
        "precision_at_10": 0.03695,
        "precision_at_20": 0.02002,
        "precision_at_100": 0.0046,
        "precision_at_1000": 0.00058,
        "mrr_at_1": 0.254661,
        "mrr_at_3": 0.284184,
        "mrr_at_5": 0.289802,
        "mrr_at_10": 0.293074,
        "mrr_at_20": 0.295192,
        "mrr_at_100": 0.296701,
        "mrr_at_1000": 0.297127,
        "nauc_ndcg_at_1_max": 0.376238,
        "nauc_ndcg_at_1_std": -0.104743,
        "nauc_ndcg_at_1_diff1": 0.746273,
        "nauc_ndcg_at_3_max": 0.360928,
        "nauc_ndcg_at_3_std": -0.094391,
        "nauc_ndcg_at_3_diff1": 0.666991,
        "nauc_ndcg_at_5_max": 0.362867,
        "nauc_ndcg_at_5_std": -0.090328,
        "nauc_ndcg_at_5_diff1": 0.654206,
        "nauc_ndcg_at_10_max": 0.358325,
        "nauc_ndcg_at_10_std": -0.088002,
        "nauc_ndcg_at_10_diff1": 0.643642,
        "nauc_ndcg_at_20_max": 0.354688,
        "nauc_ndcg_at_20_std": -0.083463,
        "nauc_ndcg_at_20_diff1": 0.634903,
        "nauc_ndcg_at_100_max": 0.354877,
        "nauc_ndcg_at_100_std": -0.073106,
        "nauc_ndcg_at_100_diff1": 0.62677,
        "nauc_ndcg_at_1000_max": 0.356949,
        "nauc_ndcg_at_1000_std": -0.061642,
        "nauc_ndcg_at_1000_diff1": 0.616025,
        "nauc_map_at_1_max": 0.376238,
        "nauc_map_at_1_std": -0.104743,
        "nauc_map_at_1_diff1": 0.746273,
        "nauc_map_at_3_max": 0.36495,
        "nauc_map_at_3_std": -0.096198,
        "nauc_map_at_3_diff1": 0.684876,
        "nauc_map_at_5_max": 0.365931,
        "nauc_map_at_5_std": -0.094044,
        "nauc_map_at_5_diff1": 0.67751,
        "nauc_map_at_10_max": 0.364076,
        "nauc_map_at_10_std": -0.092987,
        "nauc_map_at_10_diff1": 0.67307,
        "nauc_map_at_20_max": 0.363045,
        "nauc_map_at_20_std": -0.091731,
        "nauc_map_at_20_diff1": 0.67054,
        "nauc_map_at_100_max": 0.362938,
        "nauc_map_at_100_std": -0.090647,
        "nauc_map_at_100_diff1": 0.669516,
        "nauc_map_at_1000_max": 0.362959,
        "nauc_map_at_1000_std": -0.090323,
        "nauc_map_at_1000_diff1": 0.669154,
        "nauc_recall_at_1_max": 0.376238,
        "nauc_recall_at_1_std": -0.104743,
        "nauc_recall_at_1_diff1": 0.746273,
        "nauc_recall_at_3_max": 0.349638,
        "nauc_recall_at_3_std": -0.089636,
        "nauc_recall_at_3_diff1": 0.617795,
        "nauc_recall_at_5_max": 0.35468,
        "nauc_recall_at_5_std": -0.079666,
        "nauc_recall_at_5_diff1": 0.589004,
        "nauc_recall_at_10_max": 0.341101,
        "nauc_recall_at_10_std": -0.073302,
        "nauc_recall_at_10_diff1": 0.558449,
        "nauc_recall_at_20_max": 0.327841,
        "nauc_recall_at_20_std": -0.056418,
        "nauc_recall_at_20_diff1": 0.527411,
        "nauc_recall_at_100_max": 0.329992,
        "nauc_recall_at_100_std": 0.002617,
        "nauc_recall_at_100_diff1": 0.481816,
        "nauc_recall_at_1000_max": 0.348024,
        "nauc_recall_at_1000_std": 0.111882,
        "nauc_recall_at_1000_diff1": 0.375001,
        "nauc_precision_at_1_max": 0.376238,
        "nauc_precision_at_1_std": -0.104743,
        "nauc_precision_at_1_diff1": 0.746273,
        "nauc_precision_at_3_max": 0.349638,
        "nauc_precision_at_3_std": -0.089636,
        "nauc_precision_at_3_diff1": 0.617795,
        "nauc_precision_at_5_max": 0.35468,
        "nauc_precision_at_5_std": -0.079666,
        "nauc_precision_at_5_diff1": 0.589004,
        "nauc_precision_at_10_max": 0.341101,
        "nauc_precision_at_10_std": -0.073302,
        "nauc_precision_at_10_diff1": 0.558449,
        "nauc_precision_at_20_max": 0.327841,
        "nauc_precision_at_20_std": -0.056418,
        "nauc_precision_at_20_diff1": 0.527411,
        "nauc_precision_at_100_max": 0.329992,
        "nauc_precision_at_100_std": 0.002617,
        "nauc_precision_at_100_diff1": 0.481816,
        "nauc_precision_at_1000_max": 0.348024,
        "nauc_precision_at_1000_std": 0.111882,
        "nauc_precision_at_1000_diff1": 0.375001,
        "nauc_mrr_at_1_max": 0.376238,
        "nauc_mrr_at_1_std": -0.104743,
        "nauc_mrr_at_1_diff1": 0.746273,
        "nauc_mrr_at_3_max": 0.36495,
        "nauc_mrr_at_3_std": -0.096198,
        "nauc_mrr_at_3_diff1": 0.684876,
        "nauc_mrr_at_5_max": 0.365931,
        "nauc_mrr_at_5_std": -0.094044,
        "nauc_mrr_at_5_diff1": 0.67751,
        "nauc_mrr_at_10_max": 0.364076,
        "nauc_mrr_at_10_std": -0.092987,
        "nauc_mrr_at_10_diff1": 0.67307,
        "nauc_mrr_at_20_max": 0.363045,
        "nauc_mrr_at_20_std": -0.091731,
        "nauc_mrr_at_20_diff1": 0.67054,
        "nauc_mrr_at_100_max": 0.362938,
        "nauc_mrr_at_100_std": -0.090647,
        "nauc_mrr_at_100_diff1": 0.669516,
        "nauc_mrr_at_1000_max": 0.362959,
        "nauc_mrr_at_1000_std": -0.090323,
        "nauc_mrr_at_1000_diff1": 0.669154,
        "main_score": 0.31157,
        "hf_subset": "default",
        "languages": [
          "tur-Latn"
        ]
      }
    ]
  },
  "evaluation_time": 8.550911903381348,
  "kg_co2_emissions": null
}