{
  "dataset_revision": "main",
  "task_name": "NFCorpusTR",
  "mteb_version": "1.31.3",
  "scores": {
    "test": [
      {
        "ndcg_at_1": 0.12229,
        "ndcg_at_3": 0.1043,
        "ndcg_at_5": 0.09815,
        "ndcg_at_10": 0.09181,
        "ndcg_at_20": 0.08972,
        "ndcg_at_100": 0.0956,
        "ndcg_at_1000": 0.18,
        "map_at_1": 0.02206,
        "map_at_3": 0.02982,
        "map_at_5": 0.03365,
        "map_at_10": 0.03791,
        "map_at_20": 0.04066,
        "map_at_100": 0.04515,
        "map_at_1000": 0.05073,
        "recall_at_1": 0.02206,
        "recall_at_3": 0.03451,
        "recall_at_5": 0.04158,
        "recall_at_10": 0.05298,
        "recall_at_20": 0.06648,
        "recall_at_100": 0.11253,
        "recall_at_1000": 0.39632,
        "precision_at_1": 0.12693,
        "precision_at_3": 0.09288,
        "precision_at_5": 0.07802,
        "precision_at_10": 0.06068,
        "precision_at_20": 0.04752,
        "precision_at_100": 0.023,
        "precision_at_1000": 0.01281,
        "mrr_at_1": 0.126935,
        "mrr_at_3": 0.157895,
        "mrr_at_5": 0.163932,
        "mrr_at_10": 0.171177,
        "mrr_at_20": 0.176397,
        "mrr_at_100": 0.179828,
        "mrr_at_1000": 0.18142,
        "nauc_ndcg_at_1_max": 0.183948,
        "nauc_ndcg_at_1_std": 0.16644,
        "nauc_ndcg_at_1_diff1": 0.111107,
        "nauc_ndcg_at_3_max": 0.218229,
        "nauc_ndcg_at_3_std": 0.173215,
        "nauc_ndcg_at_3_diff1": 0.051673,
        "nauc_ndcg_at_5_max": 0.238179,
        "nauc_ndcg_at_5_std": 0.199726,
        "nauc_ndcg_at_5_diff1": 0.064491,
        "nauc_ndcg_at_10_max": 0.272944,
        "nauc_ndcg_at_10_std": 0.220858,
        "nauc_ndcg_at_10_diff1": 0.08686,
        "nauc_ndcg_at_20_max": 0.274888,
        "nauc_ndcg_at_20_std": 0.216992,
        "nauc_ndcg_at_20_diff1": 0.095738,
        "nauc_ndcg_at_100_max": 0.240361,
        "nauc_ndcg_at_100_std": 0.187423,
        "nauc_ndcg_at_100_diff1": 0.129918,
        "nauc_ndcg_at_1000_max": 0.263626,
        "nauc_ndcg_at_1000_std": 0.20566,
        "nauc_ndcg_at_1000_diff1": 0.138168,
        "nauc_map_at_1_max": 0.144303,
        "nauc_map_at_1_std": -0.00569,
        "nauc_map_at_1_diff1": 0.39195,
        "nauc_map_at_3_max": 0.216993,
        "nauc_map_at_3_std": 0.077921,
        "nauc_map_at_3_diff1": 0.312134,
        "nauc_map_at_5_max": 0.226816,
        "nauc_map_at_5_std": 0.107902,
        "nauc_map_at_5_diff1": 0.280204,
        "nauc_map_at_10_max": 0.261136,
        "nauc_map_at_10_std": 0.152611,
        "nauc_map_at_10_diff1": 0.236385,
        "nauc_map_at_20_max": 0.269096,
        "nauc_map_at_20_std": 0.162481,
        "nauc_map_at_20_diff1": 0.22612,
        "nauc_map_at_100_max": 0.282886,
        "nauc_map_at_100_std": 0.192857,
        "nauc_map_at_100_diff1": 0.211534,
        "nauc_map_at_1000_max": 0.287987,
        "nauc_map_at_1000_std": 0.205107,
        "nauc_map_at_1000_diff1": 0.204773,
        "nauc_recall_at_1_max": 0.144303,
        "nauc_recall_at_1_std": -0.00569,
        "nauc_recall_at_1_diff1": 0.39195,
        "nauc_recall_at_3_max": 0.203318,
        "nauc_recall_at_3_std": 0.073726,
        "nauc_recall_at_3_diff1": 0.268269,
        "nauc_recall_at_5_max": 0.209677,
        "nauc_recall_at_5_std": 0.112331,
        "nauc_recall_at_5_diff1": 0.23735,
        "nauc_recall_at_10_max": 0.214208,
        "nauc_recall_at_10_std": 0.124981,
        "nauc_recall_at_10_diff1": 0.185966,
        "nauc_recall_at_20_max": 0.200872,
        "nauc_recall_at_20_std": 0.112481,
        "nauc_recall_at_20_diff1": 0.185903,
        "nauc_recall_at_100_max": 0.198634,
        "nauc_recall_at_100_std": 0.158163,
        "nauc_recall_at_100_diff1": 0.14352,
        "nauc_recall_at_1000_max": 0.237823,
        "nauc_recall_at_1000_std": 0.142255,
        "nauc_recall_at_1000_diff1": 0.143556,
        "nauc_precision_at_1_max": 0.2001,
        "nauc_precision_at_1_std": 0.184272,
        "nauc_precision_at_1_diff1": 0.102205,
        "nauc_precision_at_3_max": 0.262059,
        "nauc_precision_at_3_std": 0.225022,
        "nauc_precision_at_3_diff1": -0.025599,
        "nauc_precision_at_5_max": 0.275194,
        "nauc_precision_at_5_std": 0.268117,
        "nauc_precision_at_5_diff1": -0.028558,
        "nauc_precision_at_10_max": 0.347179,
        "nauc_precision_at_10_std": 0.328258,
        "nauc_precision_at_10_diff1": -0.015719,
        "nauc_precision_at_20_max": 0.340825,
        "nauc_precision_at_20_std": 0.33886,
        "nauc_precision_at_20_diff1": -0.043466,
        "nauc_precision_at_100_max": 0.256913,
        "nauc_precision_at_100_std": 0.294632,
        "nauc_precision_at_100_diff1": 0.008452,
        "nauc_precision_at_1000_max": 0.025955,
        "nauc_precision_at_1000_std": 0.050567,
        "nauc_precision_at_1000_diff1": 0.029248,
        "nauc_mrr_at_1_max": 0.2001,
        "nauc_mrr_at_1_std": 0.184272,
        "nauc_mrr_at_1_diff1": 0.102205,
        "nauc_mrr_at_3_max": 0.190624,
        "nauc_mrr_at_3_std": 0.161564,
        "nauc_mrr_at_3_diff1": 0.045853,
        "nauc_mrr_at_5_max": 0.188498,
        "nauc_mrr_at_5_std": 0.166731,
        "nauc_mrr_at_5_diff1": 0.037166,
        "nauc_mrr_at_10_max": 0.188676,
        "nauc_mrr_at_10_std": 0.160832,
        "nauc_mrr_at_10_diff1": 0.048156,
        "nauc_mrr_at_20_max": 0.185629,
        "nauc_mrr_at_20_std": 0.160777,
        "nauc_mrr_at_20_diff1": 0.050007,
        "nauc_mrr_at_100_max": 0.185136,
        "nauc_mrr_at_100_std": 0.160294,
        "nauc_mrr_at_100_diff1": 0.049922,
        "nauc_mrr_at_1000_max": 0.185909,
        "nauc_mrr_at_1000_std": 0.160818,
        "nauc_mrr_at_1000_diff1": 0.050123,
        "main_score": 0.09181,
        "hf_subset": "default",
        "languages": [
          "tur-Latn"
        ]
      }
    ]
  },
  "evaluation_time": 12.884774923324585,
  "kg_co2_emissions": null
}