{
  "dataset_revision": "main",
  "task_name": "SCIDOCSTR",
  "mteb_version": "1.31.3",
  "scores": {
    "test": [
      {
        "ndcg_at_1": 0.029,
        "ndcg_at_3": 0.02677,
        "ndcg_at_5": 0.02311,
        "ndcg_at_10": 0.02882,
        "ndcg_at_20": 0.03528,
        "ndcg_at_100": 0.04958,
        "ndcg_at_1000": 0.07477,
        "map_at_1": 0.00585,
        "map_at_3": 0.0122,
        "map_at_5": 0.01407,
        "map_at_10": 0.01642,
        "map_at_20": 0.01858,
        "map_at_100": 0.02087,
        "map_at_1000": 0.02176,
        "recall_at_1": 0.00585,
        "recall_at_3": 0.0157,
        "recall_at_5": 0.02095,
        "recall_at_10": 0.03163,
        "recall_at_20": 0.04663,
        "recall_at_100": 0.0936,
        "recall_at_1000": 0.21872,
        "precision_at_1": 0.029,
        "precision_at_3": 0.026,
        "precision_at_5": 0.0208,
        "precision_at_10": 0.0156,
        "precision_at_20": 0.0115,
        "precision_at_100": 0.00458,
        "precision_at_1000": 0.00107,
        "mrr_at_1": 0.029,
        "mrr_at_3": 0.040333,
        "mrr_at_5": 0.043933,
        "mrr_at_10": 0.0476,
        "mrr_at_20": 0.049553,
        "mrr_at_100": 0.051934,
        "mrr_at_1000": 0.052941,
        "nauc_ndcg_at_1_max": 0.388674,
        "nauc_ndcg_at_1_std": 0.426626,
        "nauc_ndcg_at_1_diff1": 0.533766,
        "nauc_ndcg_at_3_max": 0.392084,
        "nauc_ndcg_at_3_std": 0.386456,
        "nauc_ndcg_at_3_diff1": 0.434694,
        "nauc_ndcg_at_5_max": 0.391962,
        "nauc_ndcg_at_5_std": 0.390589,
        "nauc_ndcg_at_5_diff1": 0.405103,
        "nauc_ndcg_at_10_max": 0.387111,
        "nauc_ndcg_at_10_std": 0.427547,
        "nauc_ndcg_at_10_diff1": 0.365228,
        "nauc_ndcg_at_20_max": 0.404719,
        "nauc_ndcg_at_20_std": 0.460264,
        "nauc_ndcg_at_20_diff1": 0.352557,
        "nauc_ndcg_at_100_max": 0.39341,
        "nauc_ndcg_at_100_std": 0.487772,
        "nauc_ndcg_at_100_diff1": 0.305765,
        "nauc_ndcg_at_1000_max": 0.376604,
        "nauc_ndcg_at_1000_std": 0.48385,
        "nauc_ndcg_at_1000_diff1": 0.251214,
        "nauc_map_at_1_max": 0.393899,
        "nauc_map_at_1_std": 0.428637,
        "nauc_map_at_1_diff1": 0.537751,
        "nauc_map_at_3_max": 0.395712,
        "nauc_map_at_3_std": 0.382729,
        "nauc_map_at_3_diff1": 0.443069,
        "nauc_map_at_5_max": 0.38739,
        "nauc_map_at_5_std": 0.381063,
        "nauc_map_at_5_diff1": 0.432655,
        "nauc_map_at_10_max": 0.3896,
        "nauc_map_at_10_std": 0.409135,
        "nauc_map_at_10_diff1": 0.416526,
        "nauc_map_at_20_max": 0.407006,
        "nauc_map_at_20_std": 0.437068,
        "nauc_map_at_20_diff1": 0.409858,
        "nauc_map_at_100_max": 0.409841,
        "nauc_map_at_100_std": 0.456462,
        "nauc_map_at_100_diff1": 0.39292,
        "nauc_map_at_1000_max": 0.410245,
        "nauc_map_at_1000_std": 0.462003,
        "nauc_map_at_1000_diff1": 0.383825,
        "nauc_recall_at_1_max": 0.393899,
        "nauc_recall_at_1_std": 0.428637,
        "nauc_recall_at_1_diff1": 0.537751,
        "nauc_recall_at_3_max": 0.406062,
        "nauc_recall_at_3_std": 0.376837,
        "nauc_recall_at_3_diff1": 0.413336,
        "nauc_recall_at_5_max": 0.399582,
        "nauc_recall_at_5_std": 0.384562,
        "nauc_recall_at_5_diff1": 0.368507,
        "nauc_recall_at_10_max": 0.38731,
        "nauc_recall_at_10_std": 0.447525,
        "nauc_recall_at_10_diff1": 0.312018,
        "nauc_recall_at_20_max": 0.416942,
        "nauc_recall_at_20_std": 0.499668,
        "nauc_recall_at_20_diff1": 0.304301,
        "nauc_recall_at_100_max": 0.390166,
        "nauc_recall_at_100_std": 0.527991,
        "nauc_recall_at_100_diff1": 0.23532,
        "nauc_recall_at_1000_max": 0.345529,
        "nauc_recall_at_1000_std": 0.483585,
        "nauc_recall_at_1000_diff1": 0.149161,
        "nauc_precision_at_1_max": 0.388674,
        "nauc_precision_at_1_std": 0.426626,
        "nauc_precision_at_1_diff1": 0.533766,
        "nauc_precision_at_3_max": 0.402255,
        "nauc_precision_at_3_std": 0.378152,
        "nauc_precision_at_3_diff1": 0.409575,
        "nauc_precision_at_5_max": 0.395252,
        "nauc_precision_at_5_std": 0.387275,
        "nauc_precision_at_5_diff1": 0.363953,
        "nauc_precision_at_10_max": 0.382232,
        "nauc_precision_at_10_std": 0.445703,
        "nauc_precision_at_10_diff1": 0.312407,
        "nauc_precision_at_20_max": 0.41313,
        "nauc_precision_at_20_std": 0.498884,
        "nauc_precision_at_20_diff1": 0.304663,
        "nauc_precision_at_100_max": 0.390003,
        "nauc_precision_at_100_std": 0.528622,
        "nauc_precision_at_100_diff1": 0.240573,
        "nauc_precision_at_1000_max": 0.343262,
        "nauc_precision_at_1000_std": 0.480767,
        "nauc_precision_at_1000_diff1": 0.151842,
        "nauc_mrr_at_1_max": 0.388674,
        "nauc_mrr_at_1_std": 0.426626,
        "nauc_mrr_at_1_diff1": 0.533766,
        "nauc_mrr_at_3_max": 0.381662,
        "nauc_mrr_at_3_std": 0.410417,
        "nauc_mrr_at_3_diff1": 0.457742,
        "nauc_mrr_at_5_max": 0.38044,
        "nauc_mrr_at_5_std": 0.414936,
        "nauc_mrr_at_5_diff1": 0.424201,
        "nauc_mrr_at_10_max": 0.374584,
        "nauc_mrr_at_10_std": 0.427978,
        "nauc_mrr_at_10_diff1": 0.395472,
        "nauc_mrr_at_20_max": 0.372854,
        "nauc_mrr_at_20_std": 0.427663,
        "nauc_mrr_at_20_diff1": 0.388903,
        "nauc_mrr_at_100_max": 0.363858,
        "nauc_mrr_at_100_std": 0.425401,
        "nauc_mrr_at_100_diff1": 0.375637,
        "nauc_mrr_at_1000_max": 0.361934,
        "nauc_mrr_at_1000_std": 0.423972,
        "nauc_mrr_at_1000_diff1": 0.373266,
        "main_score": 0.02882,
        "hf_subset": "default",
        "languages": [
          "tur-Latn"
        ]
      }
    ]
  },
  "evaluation_time": 73.07940483093262,
  "kg_co2_emissions": null
}