{
  "dataset_revision": "main",
  "task_name": "ArguAnaTR",
  "mteb_version": "1.31.3",
  "scores": {
    "test": [
      {
        "ndcg_at_1": 0.20839,
        "ndcg_at_3": 0.32576,
        "ndcg_at_5": 0.37431,
        "ndcg_at_10": 0.42728,
        "ndcg_at_20": 0.46063,
        "ndcg_at_100": 0.48321,
        "ndcg_at_1000": 0.4901,
        "map_at_1": 0.20839,
        "map_at_3": 0.29635,
        "map_at_5": 0.32341,
        "map_at_10": 0.34532,
        "map_at_20": 0.35471,
        "map_at_100": 0.35808,
        "map_at_1000": 0.35833,
        "recall_at_1": 0.20839,
        "recall_at_3": 0.4111,
        "recall_at_5": 0.52845,
        "recall_at_10": 0.69203,
        "recall_at_20": 0.82219,
        "recall_at_100": 0.94026,
        "recall_at_1000": 0.99502,
        "precision_at_1": 0.20839,
        "precision_at_3": 0.13703,
        "precision_at_5": 0.10569,
        "precision_at_10": 0.0692,
        "precision_at_20": 0.04111,
        "precision_at_100": 0.0094,
        "precision_at_1000": 0.001,
        "mrr_at_1": 0.208393,
        "mrr_at_3": 0.296349,
        "mrr_at_5": 0.323483,
        "mrr_at_10": 0.345392,
        "mrr_at_20": 0.354749,
        "mrr_at_100": 0.358154,
        "mrr_at_1000": 0.3584,
        "nauc_ndcg_at_1_max": -0.040764,
        "nauc_ndcg_at_1_std": -0.063721,
        "nauc_ndcg_at_1_diff1": 0.104502,
        "nauc_ndcg_at_3_max": -0.002781,
        "nauc_ndcg_at_3_std": -0.009735,
        "nauc_ndcg_at_3_diff1": 0.078305,
        "nauc_ndcg_at_5_max": 0.008471,
        "nauc_ndcg_at_5_std": -0.012436,
        "nauc_ndcg_at_5_diff1": 0.075669,
        "nauc_ndcg_at_10_max": 0.029251,
        "nauc_ndcg_at_10_std": 0.012902,
        "nauc_ndcg_at_10_diff1": 0.08728,
        "nauc_ndcg_at_20_max": 0.045325,
        "nauc_ndcg_at_20_std": 0.020031,
        "nauc_ndcg_at_20_diff1": 0.102539,
        "nauc_ndcg_at_100_max": 0.030272,
        "nauc_ndcg_at_100_std": 0.021615,
        "nauc_ndcg_at_100_diff1": 0.096044,
        "nauc_ndcg_at_1000_max": 0.019015,
        "nauc_ndcg_at_1000_std": 0.006501,
        "nauc_ndcg_at_1000_diff1": 0.091602,
        "nauc_map_at_1_max": -0.040764,
        "nauc_map_at_1_std": -0.063721,
        "nauc_map_at_1_diff1": 0.104502,
        "nauc_map_at_3_max": -0.013178,
        "nauc_map_at_3_std": -0.022797,
        "nauc_map_at_3_diff1": 0.082668,
        "nauc_map_at_5_max": -0.007116,
        "nauc_map_at_5_std": -0.024551,
        "nauc_map_at_5_diff1": 0.081102,
        "nauc_map_at_10_max": 0.001222,
        "nauc_map_at_10_std": -0.014298,
        "nauc_map_at_10_diff1": 0.086331,
        "nauc_map_at_20_max": 0.004691,
        "nauc_map_at_20_std": -0.012937,
        "nauc_map_at_20_diff1": 0.089825,
        "nauc_map_at_100_max": 0.002423,
        "nauc_map_at_100_std": -0.012704,
        "nauc_map_at_100_diff1": 0.0889,
        "nauc_map_at_1000_max": 0.002075,
        "nauc_map_at_1000_std": -0.013157,
        "nauc_map_at_1000_diff1": 0.088763,
        "nauc_recall_at_1_max": -0.040764,
        "nauc_recall_at_1_std": -0.063721,
        "nauc_recall_at_1_diff1": 0.104502,
        "nauc_recall_at_3_max": 0.025077,
        "nauc_recall_at_3_std": 0.024754,
        "nauc_recall_at_3_diff1": 0.067444,
        "nauc_recall_at_5_max": 0.05355,
        "nauc_recall_at_5_std": 0.020761,
        "nauc_recall_at_5_diff1": 0.061191,
        "nauc_recall_at_10_max": 0.136951,
        "nauc_recall_at_10_std": 0.117153,
        "nauc_recall_at_10_diff1": 0.095499,
        "nauc_recall_at_20_max": 0.302786,
        "nauc_recall_at_20_std": 0.220786,
        "nauc_recall_at_20_diff1": 0.204277,
        "nauc_recall_at_100_max": 0.42391,
        "nauc_recall_at_100_std": 0.595969,
        "nauc_recall_at_100_diff1": 0.237541,
        "nauc_recall_at_1000_max": 0.206635,
        "nauc_recall_at_1000_std": 0.778965,
        "nauc_recall_at_1000_diff1": -0.017766,
        "nauc_precision_at_1_max": -0.040764,
        "nauc_precision_at_1_std": -0.063721,
        "nauc_precision_at_1_diff1": 0.104502,
        "nauc_precision_at_3_max": 0.025077,
        "nauc_precision_at_3_std": 0.024754,
        "nauc_precision_at_3_diff1": 0.067444,
        "nauc_precision_at_5_max": 0.05355,
        "nauc_precision_at_5_std": 0.020761,
        "nauc_precision_at_5_diff1": 0.061191,
        "nauc_precision_at_10_max": 0.136951,
        "nauc_precision_at_10_std": 0.117153,
        "nauc_precision_at_10_diff1": 0.095499,
        "nauc_precision_at_20_max": 0.302786,
        "nauc_precision_at_20_std": 0.220786,
        "nauc_precision_at_20_diff1": 0.204277,
        "nauc_precision_at_100_max": 0.42391,
        "nauc_precision_at_100_std": 0.595969,
        "nauc_precision_at_100_diff1": 0.237541,
        "nauc_precision_at_1000_max": 0.206635,
        "nauc_precision_at_1000_std": 0.778965,
        "nauc_precision_at_1000_diff1": -0.017766,
        "nauc_mrr_at_1_max": -0.040764,
        "nauc_mrr_at_1_std": -0.063721,
        "nauc_mrr_at_1_diff1": 0.104502,
        "nauc_mrr_at_3_max": -0.013178,
        "nauc_mrr_at_3_std": -0.022797,
        "nauc_mrr_at_3_diff1": 0.082668,
        "nauc_mrr_at_5_max": -0.007426,
        "nauc_mrr_at_5_std": -0.024693,
        "nauc_mrr_at_5_diff1": 0.080193,
        "nauc_mrr_at_10_max": 0.001009,
        "nauc_mrr_at_10_std": -0.014511,
        "nauc_mrr_at_10_diff1": 0.085844,
        "nauc_mrr_at_20_max": 0.004225,
        "nauc_mrr_at_20_std": -0.013148,
        "nauc_mrr_at_20_diff1": 0.089067,
        "nauc_mrr_at_100_max": 0.002139,
        "nauc_mrr_at_100_std": -0.012934,
        "nauc_mrr_at_100_diff1": 0.088326,
        "nauc_mrr_at_1000_max": 0.001791,
        "nauc_mrr_at_1000_std": -0.013388,
        "nauc_mrr_at_1000_diff1": 0.088188,
        "main_score": 0.42728,
        "hf_subset": "default",
        "languages": [
          "tur-Latn"
        ]
      }
    ]
  },
  "evaluation_time": 26.138810873031616,
  "kg_co2_emissions": null
}