{
  "dataset_revision": "main",
  "task_name": "CQADupstackGamingRetrievalTR",
  "mteb_version": "1.31.3",
  "scores": {
    "test": [
      {
        "ndcg_at_1": 0.41835,
        "ndcg_at_3": 0.4897,
        "ndcg_at_5": 0.51061,
        "ndcg_at_10": 0.53293,
        "ndcg_at_20": 0.54787,
        "ndcg_at_100": 0.57095,
        "ndcg_at_1000": 0.58735,
        "map_at_1": 0.41835,
        "map_at_3": 0.47256,
        "map_at_5": 0.4842,
        "map_at_10": 0.49357,
        "map_at_20": 0.49764,
        "map_at_100": 0.50075,
        "map_at_1000": 0.5013,
        "recall_at_1": 0.41835,
        "recall_at_3": 0.53914,
        "recall_at_5": 0.58974,
        "recall_at_10": 0.65789,
        "recall_at_20": 0.71727,
        "recall_at_100": 0.84278,
        "recall_at_1000": 0.97571,
        "precision_at_1": 0.41835,
        "precision_at_3": 0.17971,
        "precision_at_5": 0.11795,
        "precision_at_10": 0.06579,
        "precision_at_20": 0.03586,
        "precision_at_100": 0.00843,
        "precision_at_1000": 0.00098,
        "mrr_at_1": 0.418354,
        "mrr_at_3": 0.47256,
        "mrr_at_5": 0.484199,
        "mrr_at_10": 0.493571,
        "mrr_at_20": 0.497636,
        "mrr_at_100": 0.500751,
        "mrr_at_1000": 0.501296,
        "nauc_ndcg_at_1_max": 0.476482,
        "nauc_ndcg_at_1_std": -0.001678,
        "nauc_ndcg_at_1_diff1": 0.703879,
        "nauc_ndcg_at_3_max": 0.495026,
        "nauc_ndcg_at_3_std": 0.007492,
        "nauc_ndcg_at_3_diff1": 0.66559,
        "nauc_ndcg_at_5_max": 0.496002,
        "nauc_ndcg_at_5_std": 0.023207,
        "nauc_ndcg_at_5_diff1": 0.650803,
        "nauc_ndcg_at_10_max": 0.489838,
        "nauc_ndcg_at_10_std": 0.036259,
        "nauc_ndcg_at_10_diff1": 0.641866,
        "nauc_ndcg_at_20_max": 0.49501,
        "nauc_ndcg_at_20_std": 0.045507,
        "nauc_ndcg_at_20_diff1": 0.638842,
        "nauc_ndcg_at_100_max": 0.499269,
        "nauc_ndcg_at_100_std": 0.056808,
        "nauc_ndcg_at_100_diff1": 0.643646,
        "nauc_ndcg_at_1000_max": 0.494874,
        "nauc_ndcg_at_1000_std": 0.042943,
        "nauc_ndcg_at_1000_diff1": 0.649282,
        "nauc_map_at_1_max": 0.476482,
        "nauc_map_at_1_std": -0.001678,
        "nauc_map_at_1_diff1": 0.703879,
        "nauc_map_at_3_max": 0.491245,
        "nauc_map_at_3_std": 0.006041,
        "nauc_map_at_3_diff1": 0.674426,
        "nauc_map_at_5_max": 0.491836,
        "nauc_map_at_5_std": 0.014745,
        "nauc_map_at_5_diff1": 0.66672,
        "nauc_map_at_10_max": 0.489288,
        "nauc_map_at_10_std": 0.019896,
        "nauc_map_at_10_diff1": 0.663278,
        "nauc_map_at_20_max": 0.490486,
        "nauc_map_at_20_std": 0.022198,
        "nauc_map_at_20_diff1": 0.662666,
        "nauc_map_at_100_max": 0.491087,
        "nauc_map_at_100_std": 0.023828,
        "nauc_map_at_100_diff1": 0.663237,
        "nauc_map_at_1000_max": 0.490974,
        "nauc_map_at_1000_std": 0.023465,
        "nauc_map_at_1000_diff1": 0.663452,
        "nauc_recall_at_1_max": 0.476482,
        "nauc_recall_at_1_std": -0.001678,
        "nauc_recall_at_1_diff1": 0.703879,
        "nauc_recall_at_3_max": 0.506048,
        "nauc_recall_at_3_std": 0.011501,
        "nauc_recall_at_3_diff1": 0.639294,
        "nauc_recall_at_5_max": 0.508726,
        "nauc_recall_at_5_std": 0.051639,
        "nauc_recall_at_5_diff1": 0.598468,
        "nauc_recall_at_10_max": 0.488437,
        "nauc_recall_at_10_std": 0.10132,
        "nauc_recall_at_10_diff1": 0.56054,
        "nauc_recall_at_20_max": 0.516177,
        "nauc_recall_at_20_std": 0.157794,
        "nauc_recall_at_20_diff1": 0.533172,
        "nauc_recall_at_100_max": 0.571862,
        "nauc_recall_at_100_std": 0.339176,
        "nauc_recall_at_100_diff1": 0.523562,
        "nauc_recall_at_1000_max": 0.513211,
        "nauc_recall_at_1000_std": 0.417417,
        "nauc_recall_at_1000_diff1": 0.420122,
        "nauc_precision_at_1_max": 0.476482,
        "nauc_precision_at_1_std": -0.001678,
        "nauc_precision_at_1_diff1": 0.703879,
        "nauc_precision_at_3_max": 0.506048,
        "nauc_precision_at_3_std": 0.011501,
        "nauc_precision_at_3_diff1": 0.639294,
        "nauc_precision_at_5_max": 0.508726,
        "nauc_precision_at_5_std": 0.051639,
        "nauc_precision_at_5_diff1": 0.598468,
        "nauc_precision_at_10_max": 0.488437,
        "nauc_precision_at_10_std": 0.10132,
        "nauc_precision_at_10_diff1": 0.56054,
        "nauc_precision_at_20_max": 0.516177,
        "nauc_precision_at_20_std": 0.157794,
        "nauc_precision_at_20_diff1": 0.533172,
        "nauc_precision_at_100_max": 0.571862,
        "nauc_precision_at_100_std": 0.339176,
        "nauc_precision_at_100_diff1": 0.523562,
        "nauc_precision_at_1000_max": 0.513211,
        "nauc_precision_at_1000_std": 0.417417,
        "nauc_precision_at_1000_diff1": 0.420122,
        "nauc_mrr_at_1_max": 0.476482,
        "nauc_mrr_at_1_std": -0.001678,
        "nauc_mrr_at_1_diff1": 0.703879,
        "nauc_mrr_at_3_max": 0.491245,
        "nauc_mrr_at_3_std": 0.006041,
        "nauc_mrr_at_3_diff1": 0.674426,
        "nauc_mrr_at_5_max": 0.491836,
        "nauc_mrr_at_5_std": 0.014745,
        "nauc_mrr_at_5_diff1": 0.66672,
        "nauc_mrr_at_10_max": 0.489288,
        "nauc_mrr_at_10_std": 0.019896,
        "nauc_mrr_at_10_diff1": 0.663278,
        "nauc_mrr_at_20_max": 0.490486,
        "nauc_mrr_at_20_std": 0.022198,
        "nauc_mrr_at_20_diff1": 0.662666,
        "nauc_mrr_at_100_max": 0.491087,
        "nauc_mrr_at_100_std": 0.023828,
        "nauc_mrr_at_100_diff1": 0.663237,
        "nauc_mrr_at_1000_max": 0.490974,
        "nauc_mrr_at_1000_std": 0.023465,
        "nauc_mrr_at_1000_diff1": 0.663452,
        "main_score": 0.53293,
        "hf_subset": "default",
        "languages": [
          "tur-Latn"
        ]
      }
    ]
  },
  "evaluation_time": 5.76372218132019,
  "kg_co2_emissions": null
}