{
  "dataset_revision": "main",
  "task_name": "CQADupstackGamingRetrievalTR",
  "mteb_version": "1.31.3",
  "scores": {
    "test": [
      {
        "ndcg_at_1": 0.34044,
        "ndcg_at_3": 0.38324,
        "ndcg_at_5": 0.4029,
        "ndcg_at_10": 0.42486,
        "ndcg_at_20": 0.44093,
        "ndcg_at_100": 0.46627,
        "ndcg_at_1000": 0.48598,
        "map_at_1": 0.29549,
        "map_at_3": 0.35698,
        "map_at_5": 0.36966,
        "map_at_10": 0.3802,
        "map_at_20": 0.38529,
        "map_at_100": 0.38933,
        "map_at_1000": 0.39015,
        "recall_at_1": 0.29549,
        "recall_at_3": 0.41408,
        "recall_at_5": 0.46302,
        "recall_at_10": 0.52688,
        "recall_at_20": 0.58713,
        "recall_at_100": 0.71211,
        "recall_at_1000": 0.8559,
        "precision_at_1": 0.34044,
        "precision_at_3": 0.16761,
        "precision_at_5": 0.11423,
        "precision_at_10": 0.06665,
        "precision_at_20": 0.03806,
        "precision_at_100": 0.00954,
        "precision_at_1000": 0.00119,
        "mrr_at_1": 0.340439,
        "mrr_at_3": 0.391954,
        "mrr_at_5": 0.403835,
        "mrr_at_10": 0.412236,
        "mrr_at_20": 0.41636,
        "mrr_at_100": 0.419513,
        "mrr_at_1000": 0.42006,
        "nauc_ndcg_at_1_max": 0.484419,
        "nauc_ndcg_at_1_std": 0.156411,
        "nauc_ndcg_at_1_diff1": 0.585205,
        "nauc_ndcg_at_3_max": 0.469245,
        "nauc_ndcg_at_3_std": 0.170878,
        "nauc_ndcg_at_3_diff1": 0.54249,
        "nauc_ndcg_at_5_max": 0.453894,
        "nauc_ndcg_at_5_std": 0.168474,
        "nauc_ndcg_at_5_diff1": 0.529462,
        "nauc_ndcg_at_10_max": 0.459513,
        "nauc_ndcg_at_10_std": 0.184446,
        "nauc_ndcg_at_10_diff1": 0.524769,
        "nauc_ndcg_at_20_max": 0.466133,
        "nauc_ndcg_at_20_std": 0.196696,
        "nauc_ndcg_at_20_diff1": 0.517511,
        "nauc_ndcg_at_100_max": 0.475306,
        "nauc_ndcg_at_100_std": 0.212618,
        "nauc_ndcg_at_100_diff1": 0.522704,
        "nauc_ndcg_at_1000_max": 0.477997,
        "nauc_ndcg_at_1000_std": 0.210965,
        "nauc_ndcg_at_1000_diff1": 0.522453,
        "nauc_map_at_1_max": 0.426157,
        "nauc_map_at_1_std": 0.119738,
        "nauc_map_at_1_diff1": 0.581681,
        "nauc_map_at_3_max": 0.45181,
        "nauc_map_at_3_std": 0.150301,
        "nauc_map_at_3_diff1": 0.552282,
        "nauc_map_at_5_max": 0.445231,
        "nauc_map_at_5_std": 0.152402,
        "nauc_map_at_5_diff1": 0.545449,
        "nauc_map_at_10_max": 0.450051,
        "nauc_map_at_10_std": 0.160844,
        "nauc_map_at_10_diff1": 0.543617,
        "nauc_map_at_20_max": 0.453674,
        "nauc_map_at_20_std": 0.165879,
        "nauc_map_at_20_diff1": 0.541358,
        "nauc_map_at_100_max": 0.455884,
        "nauc_map_at_100_std": 0.168958,
        "nauc_map_at_100_diff1": 0.541916,
        "nauc_map_at_1000_max": 0.45623,
        "nauc_map_at_1000_std": 0.169108,
        "nauc_map_at_1000_diff1": 0.541845,
        "nauc_recall_at_1_max": 0.426157,
        "nauc_recall_at_1_std": 0.119738,
        "nauc_recall_at_1_diff1": 0.581681,
        "nauc_recall_at_3_max": 0.45029,
        "nauc_recall_at_3_std": 0.174543,
        "nauc_recall_at_3_diff1": 0.508133,
        "nauc_recall_at_5_max": 0.418656,
        "nauc_recall_at_5_std": 0.172568,
        "nauc_recall_at_5_diff1": 0.47544,
        "nauc_recall_at_10_max": 0.430388,
        "nauc_recall_at_10_std": 0.221661,
        "nauc_recall_at_10_diff1": 0.45332,
        "nauc_recall_at_20_max": 0.455194,
        "nauc_recall_at_20_std": 0.273264,
        "nauc_recall_at_20_diff1": 0.416682,
        "nauc_recall_at_100_max": 0.500262,
        "nauc_recall_at_100_std": 0.390871,
        "nauc_recall_at_100_diff1": 0.426814,
        "nauc_recall_at_1000_max": 0.557244,
        "nauc_recall_at_1000_std": 0.492057,
        "nauc_recall_at_1000_diff1": 0.369061,
        "nauc_precision_at_1_max": 0.484419,
        "nauc_precision_at_1_std": 0.156411,
        "nauc_precision_at_1_diff1": 0.585205,
        "nauc_precision_at_3_max": 0.481212,
        "nauc_precision_at_3_std": 0.20898,
        "nauc_precision_at_3_diff1": 0.43991,
        "nauc_precision_at_5_max": 0.439077,
        "nauc_precision_at_5_std": 0.212733,
        "nauc_precision_at_5_diff1": 0.38862,
        "nauc_precision_at_10_max": 0.430487,
        "nauc_precision_at_10_std": 0.250033,
        "nauc_precision_at_10_diff1": 0.316892,
        "nauc_precision_at_20_max": 0.435274,
        "nauc_precision_at_20_std": 0.293715,
        "nauc_precision_at_20_diff1": 0.242672,
        "nauc_precision_at_100_max": 0.404843,
        "nauc_precision_at_100_std": 0.331108,
        "nauc_precision_at_100_diff1": 0.158037,
        "nauc_precision_at_1000_max": 0.290741,
        "nauc_precision_at_1000_std": 0.249783,
        "nauc_precision_at_1000_diff1": 0.011796,
        "nauc_mrr_at_1_max": 0.484419,
        "nauc_mrr_at_1_std": 0.156411,
        "nauc_mrr_at_1_diff1": 0.585205,
        "nauc_mrr_at_3_max": 0.488812,
        "nauc_mrr_at_3_std": 0.181161,
        "nauc_mrr_at_3_diff1": 0.556153,
        "nauc_mrr_at_5_max": 0.482611,
        "nauc_mrr_at_5_std": 0.180082,
        "nauc_mrr_at_5_diff1": 0.547524,
        "nauc_mrr_at_10_max": 0.484031,
        "nauc_mrr_at_10_std": 0.185317,
        "nauc_mrr_at_10_diff1": 0.54536,
        "nauc_mrr_at_20_max": 0.485272,
        "nauc_mrr_at_20_std": 0.187551,
        "nauc_mrr_at_20_diff1": 0.54361,
        "nauc_mrr_at_100_max": 0.485825,
        "nauc_mrr_at_100_std": 0.188903,
        "nauc_mrr_at_100_diff1": 0.544043,
        "nauc_mrr_at_1000_max": 0.485882,
        "nauc_mrr_at_1000_std": 0.188859,
        "nauc_mrr_at_1000_diff1": 0.544099,
        "main_score": 0.42486,
        "hf_subset": "default",
        "languages": [
          "tur-Latn"
        ]
      }
    ]
  },
  "evaluation_time": 185.44488716125488,
  "kg_co2_emissions": null
}