{
  "dataset_revision": "main",
  "task_name": "FiQA2018TR",
  "mteb_version": "1.31.3",
  "scores": {
    "test": [
      {
        "ndcg_at_1": 0.15586,
        "ndcg_at_3": 0.1482,
        "ndcg_at_5": 0.15617,
        "ndcg_at_10": 0.16787,
        "ndcg_at_20": 0.1863,
        "ndcg_at_100": 0.21971,
        "ndcg_at_1000": 0.26363,
        "map_at_1": 0.07175,
        "map_at_3": 0.10451,
        "map_at_5": 0.11499,
        "map_at_10": 0.12261,
        "map_at_20": 0.12838,
        "map_at_100": 0.13355,
        "map_at_1000": 0.13539,
        "recall_at_1": 0.07175,
        "recall_at_3": 0.13662,
        "recall_at_5": 0.17249,
        "recall_at_10": 0.21138,
        "recall_at_20": 0.26792,
        "recall_at_100": 0.40812,
        "recall_at_1000": 0.68755,
        "precision_at_1": 0.15586,
        "precision_at_3": 0.10237,
        "precision_at_5": 0.07747,
        "precision_at_10": 0.04861,
        "precision_at_20": 0.03164,
        "precision_at_100": 0.01014,
        "precision_at_1000": 0.00176,
        "mrr_at_1": 0.155864,
        "mrr_at_3": 0.199331,
        "mrr_at_5": 0.210983,
        "mrr_at_10": 0.217715,
        "mrr_at_20": 0.223265,
        "mrr_at_100": 0.227454,
        "mrr_at_1000": 0.228424,
        "nauc_ndcg_at_1_max": 0.18645,
        "nauc_ndcg_at_1_std": 0.092145,
        "nauc_ndcg_at_1_diff1": 0.327361,
        "nauc_ndcg_at_3_max": 0.176222,
        "nauc_ndcg_at_3_std": 0.104926,
        "nauc_ndcg_at_3_diff1": 0.265253,
        "nauc_ndcg_at_5_max": 0.159819,
        "nauc_ndcg_at_5_std": 0.107926,
        "nauc_ndcg_at_5_diff1": 0.273424,
        "nauc_ndcg_at_10_max": 0.167432,
        "nauc_ndcg_at_10_std": 0.120414,
        "nauc_ndcg_at_10_diff1": 0.26181,
        "nauc_ndcg_at_20_max": 0.167725,
        "nauc_ndcg_at_20_std": 0.133413,
        "nauc_ndcg_at_20_diff1": 0.264084,
        "nauc_ndcg_at_100_max": 0.178771,
        "nauc_ndcg_at_100_std": 0.173663,
        "nauc_ndcg_at_100_diff1": 0.261103,
        "nauc_ndcg_at_1000_max": 0.202351,
        "nauc_ndcg_at_1000_std": 0.193554,
        "nauc_ndcg_at_1000_diff1": 0.262639,
        "nauc_map_at_1_max": 0.132583,
        "nauc_map_at_1_std": 0.098801,
        "nauc_map_at_1_diff1": 0.346547,
        "nauc_map_at_3_max": 0.145043,
        "nauc_map_at_3_std": 0.098561,
        "nauc_map_at_3_diff1": 0.288442,
        "nauc_map_at_5_max": 0.144345,
        "nauc_map_at_5_std": 0.104289,
        "nauc_map_at_5_diff1": 0.289648,
        "nauc_map_at_10_max": 0.155835,
        "nauc_map_at_10_std": 0.110191,
        "nauc_map_at_10_diff1": 0.286882,
        "nauc_map_at_20_max": 0.157393,
        "nauc_map_at_20_std": 0.11747,
        "nauc_map_at_20_diff1": 0.287932,
        "nauc_map_at_100_max": 0.160293,
        "nauc_map_at_100_std": 0.127412,
        "nauc_map_at_100_diff1": 0.286379,
        "nauc_map_at_1000_max": 0.162162,
        "nauc_map_at_1000_std": 0.129401,
        "nauc_map_at_1000_diff1": 0.286371,
        "nauc_recall_at_1_max": 0.132583,
        "nauc_recall_at_1_std": 0.098801,
        "nauc_recall_at_1_diff1": 0.346547,
        "nauc_recall_at_3_max": 0.117132,
        "nauc_recall_at_3_std": 0.087671,
        "nauc_recall_at_3_diff1": 0.227961,
        "nauc_recall_at_5_max": 0.105994,
        "nauc_recall_at_5_std": 0.093465,
        "nauc_recall_at_5_diff1": 0.221282,
        "nauc_recall_at_10_max": 0.135706,
        "nauc_recall_at_10_std": 0.12116,
        "nauc_recall_at_10_diff1": 0.180778,
        "nauc_recall_at_20_max": 0.129274,
        "nauc_recall_at_20_std": 0.141352,
        "nauc_recall_at_20_diff1": 0.185283,
        "nauc_recall_at_100_max": 0.149496,
        "nauc_recall_at_100_std": 0.259654,
        "nauc_recall_at_100_diff1": 0.181847,
        "nauc_recall_at_1000_max": 0.236371,
        "nauc_recall_at_1000_std": 0.390815,
        "nauc_recall_at_1000_diff1": 0.182929,
        "nauc_precision_at_1_max": 0.18645,
        "nauc_precision_at_1_std": 0.092145,
        "nauc_precision_at_1_diff1": 0.327361,
        "nauc_precision_at_3_max": 0.209832,
        "nauc_precision_at_3_std": 0.108207,
        "nauc_precision_at_3_diff1": 0.231964,
        "nauc_precision_at_5_max": 0.220752,
        "nauc_precision_at_5_std": 0.127755,
        "nauc_precision_at_5_diff1": 0.243669,
        "nauc_precision_at_10_max": 0.240197,
        "nauc_precision_at_10_std": 0.150955,
        "nauc_precision_at_10_diff1": 0.214678,
        "nauc_precision_at_20_max": 0.231822,
        "nauc_precision_at_20_std": 0.172024,
        "nauc_precision_at_20_diff1": 0.198682,
        "nauc_precision_at_100_max": 0.238584,
        "nauc_precision_at_100_std": 0.227259,
        "nauc_precision_at_100_diff1": 0.130404,
        "nauc_precision_at_1000_max": 0.262908,
        "nauc_precision_at_1000_std": 0.188715,
        "nauc_precision_at_1000_diff1": 0.048533,
        "nauc_mrr_at_1_max": 0.18645,
        "nauc_mrr_at_1_std": 0.092145,
        "nauc_mrr_at_1_diff1": 0.327361,
        "nauc_mrr_at_3_max": 0.178691,
        "nauc_mrr_at_3_std": 0.102539,
        "nauc_mrr_at_3_diff1": 0.28425,
        "nauc_mrr_at_5_max": 0.185775,
        "nauc_mrr_at_5_std": 0.107172,
        "nauc_mrr_at_5_diff1": 0.285728,
        "nauc_mrr_at_10_max": 0.188232,
        "nauc_mrr_at_10_std": 0.113633,
        "nauc_mrr_at_10_diff1": 0.274843,
        "nauc_mrr_at_20_max": 0.187513,
        "nauc_mrr_at_20_std": 0.115665,
        "nauc_mrr_at_20_diff1": 0.2743,
        "nauc_mrr_at_100_max": 0.187819,
        "nauc_mrr_at_100_std": 0.117699,
        "nauc_mrr_at_100_diff1": 0.273821,
        "nauc_mrr_at_1000_max": 0.188102,
        "nauc_mrr_at_1000_std": 0.117946,
        "nauc_mrr_at_1000_diff1": 0.274141,
        "main_score": 0.16787,
        "hf_subset": "default",
        "languages": [
          "tur-Latn"
        ]
      }
    ]
  },
  "evaluation_time": 387.7233669757843,
  "kg_co2_emissions": null
}