{
  "dataset_revision": "main",
  "task_name": "FiQA2018TR",
  "mteb_version": "1.31.3",
  "scores": {
    "test": [
      {
        "ndcg_at_1": 0.2037,
        "ndcg_at_3": 0.27342,
        "ndcg_at_5": 0.29647,
        "ndcg_at_10": 0.32575,
        "ndcg_at_20": 0.34735,
        "ndcg_at_100": 0.38294,
        "ndcg_at_1000": 0.41097,
        "map_at_1": 0.2037,
        "map_at_3": 0.25643,
        "map_at_5": 0.26932,
        "map_at_10": 0.28131,
        "map_at_20": 0.28711,
        "map_at_100": 0.29186,
        "map_at_1000": 0.29281,
        "recall_at_1": 0.2037,
        "recall_at_3": 0.32253,
        "recall_at_5": 0.37809,
        "recall_at_10": 0.46914,
        "recall_at_20": 0.55556,
        "recall_at_100": 0.75,
        "recall_at_1000": 0.97685,
        "precision_at_1": 0.2037,
        "precision_at_3": 0.10751,
        "precision_at_5": 0.07562,
        "precision_at_10": 0.04691,
        "precision_at_20": 0.02778,
        "precision_at_100": 0.0075,
        "precision_at_1000": 0.00098,
        "mrr_at_1": 0.203704,
        "mrr_at_3": 0.25643,
        "mrr_at_5": 0.269316,
        "mrr_at_10": 0.281309,
        "mrr_at_20": 0.287105,
        "mrr_at_100": 0.291859,
        "mrr_at_1000": 0.292808,
        "nauc_ndcg_at_1_max": 0.173043,
        "nauc_ndcg_at_1_std": -0.108306,
        "nauc_ndcg_at_1_diff1": 0.339509,
        "nauc_ndcg_at_3_max": 0.18907,
        "nauc_ndcg_at_3_std": -0.094783,
        "nauc_ndcg_at_3_diff1": 0.285905,
        "nauc_ndcg_at_5_max": 0.19866,
        "nauc_ndcg_at_5_std": -0.091662,
        "nauc_ndcg_at_5_diff1": 0.288915,
        "nauc_ndcg_at_10_max": 0.192926,
        "nauc_ndcg_at_10_std": -0.073799,
        "nauc_ndcg_at_10_diff1": 0.277536,
        "nauc_ndcg_at_20_max": 0.20679,
        "nauc_ndcg_at_20_std": -0.072072,
        "nauc_ndcg_at_20_diff1": 0.276804,
        "nauc_ndcg_at_100_max": 0.203962,
        "nauc_ndcg_at_100_std": -0.065834,
        "nauc_ndcg_at_100_diff1": 0.283634,
        "nauc_ndcg_at_1000_max": 0.199397,
        "nauc_ndcg_at_1000_std": -0.072925,
        "nauc_ndcg_at_1000_diff1": 0.284152,
        "nauc_map_at_1_max": 0.173043,
        "nauc_map_at_1_std": -0.108306,
        "nauc_map_at_1_diff1": 0.339509,
        "nauc_map_at_3_max": 0.18757,
        "nauc_map_at_3_std": -0.097852,
        "nauc_map_at_3_diff1": 0.296771,
        "nauc_map_at_5_max": 0.192368,
        "nauc_map_at_5_std": -0.096136,
        "nauc_map_at_5_diff1": 0.297942,
        "nauc_map_at_10_max": 0.190041,
        "nauc_map_at_10_std": -0.088564,
        "nauc_map_at_10_diff1": 0.293357,
        "nauc_map_at_20_max": 0.194128,
        "nauc_map_at_20_std": -0.088079,
        "nauc_map_at_20_diff1": 0.293084,
        "nauc_map_at_100_max": 0.193115,
        "nauc_map_at_100_std": -0.08802,
        "nauc_map_at_100_diff1": 0.294152,
        "nauc_map_at_1000_max": 0.193006,
        "nauc_map_at_1000_std": -0.088147,
        "nauc_map_at_1000_diff1": 0.294282,
        "nauc_recall_at_1_max": 0.173043,
        "nauc_recall_at_1_std": -0.108306,
        "nauc_recall_at_1_diff1": 0.339509,
        "nauc_recall_at_3_max": 0.192243,
        "nauc_recall_at_3_std": -0.086686,
        "nauc_recall_at_3_diff1": 0.257719,
        "nauc_recall_at_5_max": 0.216155,
        "nauc_recall_at_5_std": -0.079599,
        "nauc_recall_at_5_diff1": 0.266948,
        "nauc_recall_at_10_max": 0.199358,
        "nauc_recall_at_10_std": -0.027963,
        "nauc_recall_at_10_diff1": 0.232729,
        "nauc_recall_at_20_max": 0.251765,
        "nauc_recall_at_20_std": -0.018547,
        "nauc_recall_at_20_diff1": 0.227649,
        "nauc_recall_at_100_max": 0.26257,
        "nauc_recall_at_100_std": 0.066772,
        "nauc_recall_at_100_diff1": 0.251422,
        "nauc_recall_at_1000_max": 0.275703,
        "nauc_recall_at_1000_std": 0.418411,
        "nauc_recall_at_1000_diff1": -0.02798,
        "nauc_precision_at_1_max": 0.173043,
        "nauc_precision_at_1_std": -0.108306,
        "nauc_precision_at_1_diff1": 0.339509,
        "nauc_precision_at_3_max": 0.192243,
        "nauc_precision_at_3_std": -0.086686,
        "nauc_precision_at_3_diff1": 0.257719,
        "nauc_precision_at_5_max": 0.216155,
        "nauc_precision_at_5_std": -0.079599,
        "nauc_precision_at_5_diff1": 0.266948,
        "nauc_precision_at_10_max": 0.199358,
        "nauc_precision_at_10_std": -0.027963,
        "nauc_precision_at_10_diff1": 0.232729,
        "nauc_precision_at_20_max": 0.251765,
        "nauc_precision_at_20_std": -0.018547,
        "nauc_precision_at_20_diff1": 0.227649,
        "nauc_precision_at_100_max": 0.26257,
        "nauc_precision_at_100_std": 0.066772,
        "nauc_precision_at_100_diff1": 0.251422,
        "nauc_precision_at_1000_max": 0.275703,
        "nauc_precision_at_1000_std": 0.418411,
        "nauc_precision_at_1000_diff1": -0.02798,
        "nauc_mrr_at_1_max": 0.173043,
        "nauc_mrr_at_1_std": -0.108306,
        "nauc_mrr_at_1_diff1": 0.339509,
        "nauc_mrr_at_3_max": 0.18757,
        "nauc_mrr_at_3_std": -0.097852,
        "nauc_mrr_at_3_diff1": 0.296771,
        "nauc_mrr_at_5_max": 0.192368,
        "nauc_mrr_at_5_std": -0.096136,
        "nauc_mrr_at_5_diff1": 0.297942,
        "nauc_mrr_at_10_max": 0.190041,
        "nauc_mrr_at_10_std": -0.088564,
        "nauc_mrr_at_10_diff1": 0.293357,
        "nauc_mrr_at_20_max": 0.194128,
        "nauc_mrr_at_20_std": -0.088079,
        "nauc_mrr_at_20_diff1": 0.293084,
        "nauc_mrr_at_100_max": 0.193115,
        "nauc_mrr_at_100_std": -0.08802,
        "nauc_mrr_at_100_diff1": 0.294152,
        "nauc_mrr_at_1000_max": 0.193006,
        "nauc_mrr_at_1000_std": -0.088147,
        "nauc_mrr_at_1000_diff1": 0.294282,
        "main_score": 0.32575,
        "hf_subset": "default",
        "languages": [
          "tur-Latn"
        ]
      }
    ]
  },
  "evaluation_time": 5.5338499546051025,
  "kg_co2_emissions": null
}