{
  "dataset_revision": "main",
  "task_name": "MSMarcoTRRetrieval",
  "mteb_version": "1.31.3",
  "scores": {
    "test": [
      {
        "ndcg_at_1": 0.54328,
        "ndcg_at_3": 0.5604,
        "ndcg_at_5": 0.56244,
        "ndcg_at_10": 0.56456,
        "ndcg_at_20": 0.56566,
        "ndcg_at_100": 0.56719,
        "ndcg_at_1000": 0.56777,
        "map_at_1": 0.54328,
        "map_at_3": 0.55648,
        "map_at_5": 0.55763,
        "map_at_10": 0.55854,
        "map_at_20": 0.55883,
        "map_at_100": 0.55904,
        "map_at_1000": 0.55906,
        "recall_at_1": 0.54328,
        "recall_at_3": 0.57164,
        "recall_at_5": 0.57653,
        "recall_at_10": 0.58289,
        "recall_at_20": 0.58729,
        "recall_at_100": 0.5956,
        "recall_at_1000": 0.6,
        "precision_at_1": 0.54328,
        "precision_at_3": 0.19055,
        "precision_at_5": 0.11531,
        "precision_at_10": 0.05829,
        "precision_at_20": 0.02936,
        "precision_at_100": 0.00596,
        "precision_at_1000": 0.0006,
        "mrr_at_1": 0.543276,
        "mrr_at_3": 0.556479,
        "mrr_at_5": 0.557628,
        "mrr_at_10": 0.558535,
        "mrr_at_20": 0.558834,
        "mrr_at_100": 0.559039,
        "mrr_at_1000": 0.559062,
        "nauc_ndcg_at_1_max": 0.823297,
        "nauc_ndcg_at_1_std": 0.090036,
        "nauc_ndcg_at_1_diff1": 0.880614,
        "nauc_ndcg_at_3_max": 0.827414,
        "nauc_ndcg_at_3_std": 0.091948,
        "nauc_ndcg_at_3_diff1": 0.864564,
        "nauc_ndcg_at_5_max": 0.825549,
        "nauc_ndcg_at_5_std": 0.090918,
        "nauc_ndcg_at_5_diff1": 0.862355,
        "nauc_ndcg_at_10_max": 0.822937,
        "nauc_ndcg_at_10_std": 0.089306,
        "nauc_ndcg_at_10_diff1": 0.860095,
        "nauc_ndcg_at_20_max": 0.821935,
        "nauc_ndcg_at_20_std": 0.087798,
        "nauc_ndcg_at_20_diff1": 0.858993,
        "nauc_ndcg_at_100_max": 0.819749,
        "nauc_ndcg_at_100_std": 0.08537,
        "nauc_ndcg_at_100_diff1": 0.857323,
        "nauc_ndcg_at_1000_max": 0.818861,
        "nauc_ndcg_at_1000_std": 0.084781,
        "nauc_ndcg_at_1000_diff1": 0.856612,
        "nauc_map_at_1_max": 0.823297,
        "nauc_map_at_1_std": 0.090036,
        "nauc_map_at_1_diff1": 0.880614,
        "nauc_map_at_3_max": 0.826758,
        "nauc_map_at_3_std": 0.091807,
        "nauc_map_at_3_diff1": 0.86822,
        "nauc_map_at_5_max": 0.825719,
        "nauc_map_at_5_std": 0.091287,
        "nauc_map_at_5_diff1": 0.866974,
        "nauc_map_at_10_max": 0.82459,
        "nauc_map_at_10_std": 0.0905,
        "nauc_map_at_10_diff1": 0.866013,
        "nauc_map_at_20_max": 0.82431,
        "nauc_map_at_20_std": 0.090095,
        "nauc_map_at_20_diff1": 0.865702,
        "nauc_map_at_100_max": 0.824025,
        "nauc_map_at_100_std": 0.089791,
        "nauc_map_at_100_diff1": 0.865475,
        "nauc_map_at_1000_max": 0.82399,
        "nauc_map_at_1000_std": 0.089766,
        "nauc_map_at_1000_diff1": 0.865446,
        "nauc_recall_at_1_max": 0.823297,
        "nauc_recall_at_1_std": 0.090036,
        "nauc_recall_at_1_diff1": 0.880614,
        "nauc_recall_at_3_max": 0.829194,
        "nauc_recall_at_3_std": 0.092225,
        "nauc_recall_at_3_diff1": 0.853954,
        "nauc_recall_at_5_max": 0.824641,
        "nauc_recall_at_5_std": 0.089482,
        "nauc_recall_at_5_diff1": 0.848577,
        "nauc_recall_at_10_max": 0.816704,
        "nauc_recall_at_10_std": 0.08506,
        "nauc_recall_at_10_diff1": 0.841557,
        "nauc_recall_at_20_max": 0.812666,
        "nauc_recall_at_20_std": 0.078889,
        "nauc_recall_at_20_diff1": 0.837104,
        "nauc_recall_at_100_max": 0.800243,
        "nauc_recall_at_100_std": 0.06485,
        "nauc_recall_at_100_diff1": 0.82768,
        "nauc_recall_at_1000_max": 0.793121,
        "nauc_recall_at_1000_std": 0.060136,
        "nauc_recall_at_1000_diff1": 0.821922,
        "nauc_precision_at_1_max": 0.823297,
        "nauc_precision_at_1_std": 0.090036,
        "nauc_precision_at_1_diff1": 0.880614,
        "nauc_precision_at_3_max": 0.829194,
        "nauc_precision_at_3_std": 0.092225,
        "nauc_precision_at_3_diff1": 0.853954,
        "nauc_precision_at_5_max": 0.824641,
        "nauc_precision_at_5_std": 0.089482,
        "nauc_precision_at_5_diff1": 0.848577,
        "nauc_precision_at_10_max": 0.816704,
        "nauc_precision_at_10_std": 0.08506,
        "nauc_precision_at_10_diff1": 0.841557,
        "nauc_precision_at_20_max": 0.812666,
        "nauc_precision_at_20_std": 0.078889,
        "nauc_precision_at_20_diff1": 0.837104,
        "nauc_precision_at_100_max": 0.800243,
        "nauc_precision_at_100_std": 0.06485,
        "nauc_precision_at_100_diff1": 0.82768,
        "nauc_precision_at_1000_max": 0.793121,
        "nauc_precision_at_1000_std": 0.060136,
        "nauc_precision_at_1000_diff1": 0.821922,
        "nauc_mrr_at_1_max": 0.823297,
        "nauc_mrr_at_1_std": 0.090036,
        "nauc_mrr_at_1_diff1": 0.880614,
        "nauc_mrr_at_3_max": 0.826758,
        "nauc_mrr_at_3_std": 0.091807,
        "nauc_mrr_at_3_diff1": 0.86822,
        "nauc_mrr_at_5_max": 0.825719,
        "nauc_mrr_at_5_std": 0.091287,
        "nauc_mrr_at_5_diff1": 0.866974,
        "nauc_mrr_at_10_max": 0.82459,
        "nauc_mrr_at_10_std": 0.0905,
        "nauc_mrr_at_10_diff1": 0.866013,
        "nauc_mrr_at_20_max": 0.82431,
        "nauc_mrr_at_20_std": 0.090095,
        "nauc_mrr_at_20_diff1": 0.865702,
        "nauc_mrr_at_100_max": 0.824025,
        "nauc_mrr_at_100_std": 0.089791,
        "nauc_mrr_at_100_diff1": 0.865475,
        "nauc_mrr_at_1000_max": 0.82399,
        "nauc_mrr_at_1000_std": 0.089766,
        "nauc_mrr_at_1000_diff1": 0.865446,
        "main_score": 0.56456,
        "hf_subset": "default",
        "languages": [
          "tur-Latn"
        ]
      }
    ]
  },
  "evaluation_time": 5.818772077560425,
  "kg_co2_emissions": null
}