{
  "dataset_revision": "main",
  "task_name": "NFCorpusTR",
  "mteb_version": "1.31.3",
  "scores": {
    "test": [
      {
        "ndcg_at_1": 0.32353,
        "ndcg_at_3": 0.28834,
        "ndcg_at_5": 0.27002,
        "ndcg_at_10": 0.24786,
        "ndcg_at_20": 0.22522,
        "ndcg_at_100": 0.2214,
        "ndcg_at_1000": 0.30544,
        "map_at_1": 0.03475,
        "map_at_3": 0.0588,
        "map_at_5": 0.0675,
        "map_at_10": 0.07972,
        "map_at_20": 0.08785,
        "map_at_100": 0.09873,
        "map_at_1000": 0.10869,
        "recall_at_1": 0.03475,
        "recall_at_3": 0.06785,
        "recall_at_5": 0.0841,
        "recall_at_10": 0.11601,
        "recall_at_20": 0.141,
        "recall_at_100": 0.23511,
        "recall_at_1000": 0.53578,
        "precision_at_1": 0.34056,
        "precision_at_3": 0.27451,
        "precision_at_5": 0.23653,
        "precision_at_10": 0.18514,
        "precision_at_20": 0.13235,
        "precision_at_100": 0.05724,
        "precision_at_1000": 0.01749,
        "mrr_at_1": 0.340557,
        "mrr_at_3": 0.407637,
        "mrr_at_5": 0.422807,
        "mrr_at_10": 0.433199,
        "mrr_at_20": 0.43642,
        "mrr_at_100": 0.43886,
        "mrr_at_1000": 0.43944,
        "nauc_ndcg_at_1_max": 0.249209,
        "nauc_ndcg_at_1_std": 0.260195,
        "nauc_ndcg_at_1_diff1": 0.27612,
        "nauc_ndcg_at_3_max": 0.252061,
        "nauc_ndcg_at_3_std": 0.348914,
        "nauc_ndcg_at_3_diff1": 0.227278,
        "nauc_ndcg_at_5_max": 0.260734,
        "nauc_ndcg_at_5_std": 0.355077,
        "nauc_ndcg_at_5_diff1": 0.217983,
        "nauc_ndcg_at_10_max": 0.283806,
        "nauc_ndcg_at_10_std": 0.38603,
        "nauc_ndcg_at_10_diff1": 0.215913,
        "nauc_ndcg_at_20_max": 0.297597,
        "nauc_ndcg_at_20_std": 0.383168,
        "nauc_ndcg_at_20_diff1": 0.231145,
        "nauc_ndcg_at_100_max": 0.321681,
        "nauc_ndcg_at_100_std": 0.369864,
        "nauc_ndcg_at_100_diff1": 0.284601,
        "nauc_ndcg_at_1000_max": 0.38282,
        "nauc_ndcg_at_1000_std": 0.402347,
        "nauc_ndcg_at_1000_diff1": 0.265186,
        "nauc_map_at_1_max": 0.12802,
        "nauc_map_at_1_std": -0.02802,
        "nauc_map_at_1_diff1": 0.59978,
        "nauc_map_at_3_max": 0.126232,
        "nauc_map_at_3_std": 0.011119,
        "nauc_map_at_3_diff1": 0.490349,
        "nauc_map_at_5_max": 0.147618,
        "nauc_map_at_5_std": 0.037757,
        "nauc_map_at_5_diff1": 0.446586,
        "nauc_map_at_10_max": 0.183925,
        "nauc_map_at_10_std": 0.099554,
        "nauc_map_at_10_diff1": 0.412085,
        "nauc_map_at_20_max": 0.204285,
        "nauc_map_at_20_std": 0.158286,
        "nauc_map_at_20_diff1": 0.386383,
        "nauc_map_at_100_max": 0.220834,
        "nauc_map_at_100_std": 0.214546,
        "nauc_map_at_100_diff1": 0.362052,
        "nauc_map_at_1000_max": 0.232036,
        "nauc_map_at_1000_std": 0.251372,
        "nauc_map_at_1000_diff1": 0.342018,
        "nauc_recall_at_1_max": 0.12802,
        "nauc_recall_at_1_std": -0.02802,
        "nauc_recall_at_1_diff1": 0.59978,
        "nauc_recall_at_3_max": 0.133285,
        "nauc_recall_at_3_std": 0.028126,
        "nauc_recall_at_3_diff1": 0.44944,
        "nauc_recall_at_5_max": 0.165167,
        "nauc_recall_at_5_std": 0.035887,
        "nauc_recall_at_5_diff1": 0.378501,
        "nauc_recall_at_10_max": 0.184926,
        "nauc_recall_at_10_std": 0.071411,
        "nauc_recall_at_10_diff1": 0.332045,
        "nauc_recall_at_20_max": 0.221095,
        "nauc_recall_at_20_std": 0.136864,
        "nauc_recall_at_20_diff1": 0.309534,
        "nauc_recall_at_100_max": 0.177604,
        "nauc_recall_at_100_std": 0.192167,
        "nauc_recall_at_100_diff1": 0.207924,
        "nauc_recall_at_1000_max": 0.222847,
        "nauc_recall_at_1000_std": 0.211748,
        "nauc_recall_at_1000_diff1": 0.110941,
        "nauc_precision_at_1_max": 0.292884,
        "nauc_precision_at_1_std": 0.282964,
        "nauc_precision_at_1_diff1": 0.268114,
        "nauc_precision_at_3_max": 0.291371,
        "nauc_precision_at_3_std": 0.412348,
        "nauc_precision_at_3_diff1": 0.146676,
        "nauc_precision_at_5_max": 0.290169,
        "nauc_precision_at_5_std": 0.433448,
        "nauc_precision_at_5_diff1": 0.080429,
        "nauc_precision_at_10_max": 0.292568,
        "nauc_precision_at_10_std": 0.512066,
        "nauc_precision_at_10_diff1": 0.015844,
        "nauc_precision_at_20_max": 0.292955,
        "nauc_precision_at_20_std": 0.581252,
        "nauc_precision_at_20_diff1": -0.027946,
        "nauc_precision_at_100_max": 0.222928,
        "nauc_precision_at_100_std": 0.596941,
        "nauc_precision_at_100_diff1": -0.073371,
        "nauc_precision_at_1000_max": 0.129062,
        "nauc_precision_at_1000_std": 0.448414,
        "nauc_precision_at_1000_diff1": -0.125939,
        "nauc_mrr_at_1_max": 0.292884,
        "nauc_mrr_at_1_std": 0.282964,
        "nauc_mrr_at_1_diff1": 0.268114,
        "nauc_mrr_at_3_max": 0.329444,
        "nauc_mrr_at_3_std": 0.345674,
        "nauc_mrr_at_3_diff1": 0.282837,
        "nauc_mrr_at_5_max": 0.332481,
        "nauc_mrr_at_5_std": 0.338752,
        "nauc_mrr_at_5_diff1": 0.275537,
        "nauc_mrr_at_10_max": 0.336726,
        "nauc_mrr_at_10_std": 0.340007,
        "nauc_mrr_at_10_diff1": 0.27006,
        "nauc_mrr_at_20_max": 0.340473,
        "nauc_mrr_at_20_std": 0.343708,
        "nauc_mrr_at_20_diff1": 0.270856,
        "nauc_mrr_at_100_max": 0.340498,
        "nauc_mrr_at_100_std": 0.343559,
        "nauc_mrr_at_100_diff1": 0.270319,
        "nauc_mrr_at_1000_max": 0.340199,
        "nauc_mrr_at_1000_std": 0.343176,
        "nauc_mrr_at_1000_diff1": 0.270432,
        "main_score": 0.24786,
        "hf_subset": "default",
        "languages": [
          "tur-Latn"
        ]
      }
    ]
  },
  "evaluation_time": 58.10323190689087,
  "kg_co2_emissions": null
}