{
  "dataset_revision": "main",
  "task_name": "NFCorpusTR",
  "mteb_version": "1.31.3",
  "scores": {
    "test": [
      {
        "ndcg_at_1": 0.03543,
        "ndcg_at_3": 0.06163,
        "ndcg_at_5": 0.06994,
        "ndcg_at_10": 0.07897,
        "ndcg_at_20": 0.09061,
        "ndcg_at_100": 0.11129,
        "ndcg_at_1000": 0.17094,
        "map_at_1": 0.03543,
        "map_at_3": 0.05446,
        "map_at_5": 0.05919,
        "map_at_10": 0.06297,
        "map_at_20": 0.066,
        "map_at_100": 0.06842,
        "map_at_1000": 0.06998,
        "recall_at_1": 0.03543,
        "recall_at_3": 0.08268,
        "recall_at_5": 0.10236,
        "recall_at_10": 0.12992,
        "recall_at_20": 0.17717,
        "recall_at_100": 0.29528,
        "recall_at_1000": 0.80709,
        "precision_at_1": 0.03543,
        "precision_at_3": 0.02756,
        "precision_at_5": 0.02047,
        "precision_at_10": 0.01299,
        "precision_at_20": 0.00886,
        "precision_at_100": 0.00295,
        "precision_at_1000": 0.00081,
        "mrr_at_1": 0.035433,
        "mrr_at_3": 0.054462,
        "mrr_at_5": 0.059186,
        "mrr_at_10": 0.062975,
        "mrr_at_20": 0.065986,
        "mrr_at_100": 0.0684,
        "mrr_at_1000": 0.069958,
        "nauc_ndcg_at_1_max": 0.043202,
        "nauc_ndcg_at_1_std": -0.08005,
        "nauc_ndcg_at_1_diff1": 0.16976,
        "nauc_ndcg_at_3_max": 0.111699,
        "nauc_ndcg_at_3_std": 0.024422,
        "nauc_ndcg_at_3_diff1": 0.14129,
        "nauc_ndcg_at_5_max": 0.108105,
        "nauc_ndcg_at_5_std": 0.013042,
        "nauc_ndcg_at_5_diff1": 0.128696,
        "nauc_ndcg_at_10_max": 0.132473,
        "nauc_ndcg_at_10_std": 0.088681,
        "nauc_ndcg_at_10_diff1": 0.077651,
        "nauc_ndcg_at_20_max": 0.13031,
        "nauc_ndcg_at_20_std": 0.07423,
        "nauc_ndcg_at_20_diff1": 0.061638,
        "nauc_ndcg_at_100_max": 0.125128,
        "nauc_ndcg_at_100_std": 0.078579,
        "nauc_ndcg_at_100_diff1": 0.064904,
        "nauc_ndcg_at_1000_max": 0.132249,
        "nauc_ndcg_at_1000_std": 0.094417,
        "nauc_ndcg_at_1000_diff1": 0.047981,
        "nauc_map_at_1_max": 0.043202,
        "nauc_map_at_1_std": -0.08005,
        "nauc_map_at_1_diff1": 0.16976,
        "nauc_map_at_3_max": 0.098284,
        "nauc_map_at_3_std": 0.006863,
        "nauc_map_at_3_diff1": 0.14769,
        "nauc_map_at_5_max": 0.096801,
        "nauc_map_at_5_std": 0.00077,
        "nauc_map_at_5_diff1": 0.137665,
        "nauc_map_at_10_max": 0.110871,
        "nauc_map_at_10_std": 0.040175,
        "nauc_map_at_10_diff1": 0.110723,
        "nauc_map_at_20_max": 0.109664,
        "nauc_map_at_20_std": 0.036747,
        "nauc_map_at_20_diff1": 0.103755,
        "nauc_map_at_100_max": 0.112279,
        "nauc_map_at_100_std": 0.038644,
        "nauc_map_at_100_diff1": 0.103161,
        "nauc_map_at_1000_max": 0.11247,
        "nauc_map_at_1000_std": 0.039098,
        "nauc_map_at_1000_diff1": 0.102828,
        "nauc_recall_at_1_max": 0.043202,
        "nauc_recall_at_1_std": -0.08005,
        "nauc_recall_at_1_diff1": 0.16976,
        "nauc_recall_at_3_max": 0.137925,
        "nauc_recall_at_3_std": 0.058117,
        "nauc_recall_at_3_diff1": 0.128599,
        "nauc_recall_at_5_max": 0.127525,
        "nauc_recall_at_5_std": 0.032966,
        "nauc_recall_at_5_diff1": 0.113048,
        "nauc_recall_at_10_max": 0.168681,
        "nauc_recall_at_10_std": 0.175912,
        "nauc_recall_at_10_diff1": 0.017603,
        "nauc_recall_at_20_max": 0.160269,
        "nauc_recall_at_20_std": 0.125689,
        "nauc_recall_at_20_diff1": -0.004317,
        "nauc_recall_at_100_max": 0.122653,
        "nauc_recall_at_100_std": 0.122195,
        "nauc_recall_at_100_diff1": 0.021252,
        "nauc_recall_at_1000_max": 0.178452,
        "nauc_recall_at_1000_std": 0.278473,
        "nauc_recall_at_1000_diff1": -0.138636,
        "nauc_precision_at_1_max": 0.043202,
        "nauc_precision_at_1_std": -0.08005,
        "nauc_precision_at_1_diff1": 0.16976,
        "nauc_precision_at_3_max": 0.137925,
        "nauc_precision_at_3_std": 0.058117,
        "nauc_precision_at_3_diff1": 0.128599,
        "nauc_precision_at_5_max": 0.127525,
        "nauc_precision_at_5_std": 0.032966,
        "nauc_precision_at_5_diff1": 0.113048,
        "nauc_precision_at_10_max": 0.168681,
        "nauc_precision_at_10_std": 0.175912,
        "nauc_precision_at_10_diff1": 0.017603,
        "nauc_precision_at_20_max": 0.160269,
        "nauc_precision_at_20_std": 0.125689,
        "nauc_precision_at_20_diff1": -0.004317,
        "nauc_precision_at_100_max": 0.122653,
        "nauc_precision_at_100_std": 0.122195,
        "nauc_precision_at_100_diff1": 0.021252,
        "nauc_precision_at_1000_max": 0.178452,
        "nauc_precision_at_1000_std": 0.278473,
        "nauc_precision_at_1000_diff1": -0.138636,
        "nauc_mrr_at_1_max": 0.043202,
        "nauc_mrr_at_1_std": -0.08005,
        "nauc_mrr_at_1_diff1": 0.16976,
        "nauc_mrr_at_3_max": 0.098284,
        "nauc_mrr_at_3_std": 0.006863,
        "nauc_mrr_at_3_diff1": 0.14769,
        "nauc_mrr_at_5_max": 0.096801,
        "nauc_mrr_at_5_std": 0.00077,
        "nauc_mrr_at_5_diff1": 0.137665,
        "nauc_mrr_at_10_max": 0.110871,
        "nauc_mrr_at_10_std": 0.040175,
        "nauc_mrr_at_10_diff1": 0.110723,
        "nauc_mrr_at_20_max": 0.109706,
        "nauc_mrr_at_20_std": 0.036815,
        "nauc_mrr_at_20_diff1": 0.10358,
        "nauc_mrr_at_100_max": 0.112321,
        "nauc_mrr_at_100_std": 0.038711,
        "nauc_mrr_at_100_diff1": 0.102989,
        "nauc_mrr_at_1000_max": 0.112513,
        "nauc_mrr_at_1000_std": 0.039165,
        "nauc_mrr_at_1000_diff1": 0.102657,
        "main_score": 0.07897,
        "hf_subset": "default",
        "languages": [
          "tur-Latn"
        ]
      }
    ]
  },
  "evaluation_time": 6.195653438568115,
  "kg_co2_emissions": null
}