{
  "dataset_revision": "main",
  "task_name": "QuoraRetrievalTR",
  "mteb_version": "1.31.3",
  "scores": {
    "test": [
      {
        "ndcg_at_1": 0.88804,
        "ndcg_at_3": 0.93426,
        "ndcg_at_5": 0.93679,
        "ndcg_at_10": 0.94194,
        "ndcg_at_20": 0.94306,
        "ndcg_at_100": 0.9442,
        "ndcg_at_1000": 0.94444,
        "map_at_1": 0.88804,
        "map_at_3": 0.92325,
        "map_at_5": 0.92468,
        "map_at_10": 0.92681,
        "map_at_20": 0.92712,
        "map_at_100": 0.92728,
        "map_at_1000": 0.9273,
        "recall_at_1": 0.88804,
        "recall_at_3": 0.96597,
        "recall_at_5": 0.97201,
        "recall_at_10": 0.98793,
        "recall_at_20": 0.99232,
        "recall_at_100": 0.99835,
        "recall_at_1000": 1.0,
        "precision_at_1": 0.88804,
        "precision_at_3": 0.32199,
        "precision_at_5": 0.1944,
        "precision_at_10": 0.09879,
        "precision_at_20": 0.04962,
        "precision_at_100": 0.00998,
        "precision_at_1000": 0.001,
        "mrr_at_1": 0.886937,
        "mrr_at_3": 0.922704,
        "mrr_at_5": 0.924131,
        "mrr_at_10": 0.926259,
        "mrr_at_20": 0.926568,
        "mrr_at_100": 0.926732,
        "mrr_at_1000": 0.926748,
        "nauc_ndcg_at_1_max": 0.473605,
        "nauc_ndcg_at_1_std": -0.385562,
        "nauc_ndcg_at_1_diff1": 0.884808,
        "nauc_ndcg_at_3_max": 0.560231,
        "nauc_ndcg_at_3_std": -0.370251,
        "nauc_ndcg_at_3_diff1": 0.900667,
        "nauc_ndcg_at_5_max": 0.557581,
        "nauc_ndcg_at_5_std": -0.375304,
        "nauc_ndcg_at_5_diff1": 0.900818,
        "nauc_ndcg_at_10_max": 0.541081,
        "nauc_ndcg_at_10_std": -0.356308,
        "nauc_ndcg_at_10_diff1": 0.896014,
        "nauc_ndcg_at_20_max": 0.542233,
        "nauc_ndcg_at_20_std": -0.351775,
        "nauc_ndcg_at_20_diff1": 0.897355,
        "nauc_ndcg_at_100_max": 0.532764,
        "nauc_ndcg_at_100_std": -0.368991,
        "nauc_ndcg_at_100_diff1": 0.895988,
        "nauc_ndcg_at_1000_max": 0.531302,
        "nauc_ndcg_at_1000_std": -0.368001,
        "nauc_ndcg_at_1000_diff1": 0.89553,
        "nauc_map_at_1_max": 0.473605,
        "nauc_map_at_1_std": -0.385562,
        "nauc_map_at_1_diff1": 0.884808,
        "nauc_map_at_3_max": 0.531956,
        "nauc_map_at_3_std": -0.376845,
        "nauc_map_at_3_diff1": 0.895688,
        "nauc_map_at_5_max": 0.530221,
        "nauc_map_at_5_std": -0.379399,
        "nauc_map_at_5_diff1": 0.895697,
        "nauc_map_at_10_max": 0.524033,
        "nauc_map_at_10_std": -0.372509,
        "nauc_map_at_10_diff1": 0.893967,
        "nauc_map_at_20_max": 0.524203,
        "nauc_map_at_20_std": -0.371651,
        "nauc_map_at_20_diff1": 0.89425,
        "nauc_map_at_100_max": 0.523117,
        "nauc_map_at_100_std": -0.37351,
        "nauc_map_at_100_diff1": 0.894096,
        "nauc_map_at_1000_max": 0.523046,
        "nauc_map_at_1000_std": -0.373466,
        "nauc_map_at_1000_diff1": 0.894074,
        "nauc_recall_at_1_max": 0.473605,
        "nauc_recall_at_1_std": -0.385562,
        "nauc_recall_at_1_diff1": 0.884808,
        "nauc_recall_at_3_max": 0.740444,
        "nauc_recall_at_3_std": -0.326643,
        "nauc_recall_at_3_diff1": 0.932203,
        "nauc_recall_at_5_max": 0.764455,
        "nauc_recall_at_5_std": -0.343896,
        "nauc_recall_at_5_diff1": 0.939456,
        "nauc_recall_at_10_max": 0.793514,
        "nauc_recall_at_10_std": -0.048245,
        "nauc_recall_at_10_diff1": 0.9198,
        "nauc_recall_at_20_max": 0.970827,
        "nauc_recall_at_20_std": 0.261199,
        "nauc_recall_at_20_diff1": 0.971992,
        "nauc_recall_at_100_max": 0.863858,
        "nauc_recall_at_100_std": -0.596486,
        "nauc_recall_at_100_diff1": 1.0,
        "nauc_recall_at_1000_max": NaN,
        "nauc_recall_at_1000_std": NaN,
        "nauc_recall_at_1000_diff1": NaN,
        "nauc_precision_at_1_max": 0.473605,
        "nauc_precision_at_1_std": -0.385562,
        "nauc_precision_at_1_diff1": 0.884808,
        "nauc_precision_at_3_max": 0.740444,
        "nauc_precision_at_3_std": -0.326643,
        "nauc_precision_at_3_diff1": 0.932203,
        "nauc_precision_at_5_max": 0.764455,
        "nauc_precision_at_5_std": -0.343896,
        "nauc_precision_at_5_diff1": 0.939456,
        "nauc_precision_at_10_max": 0.793514,
        "nauc_precision_at_10_std": -0.048245,
        "nauc_precision_at_10_diff1": 0.9198,
        "nauc_precision_at_20_max": 0.970827,
        "nauc_precision_at_20_std": 0.261199,
        "nauc_precision_at_20_diff1": 0.971992,
        "nauc_precision_at_100_max": 0.863858,
        "nauc_precision_at_100_std": -0.596486,
        "nauc_precision_at_100_diff1": 1.0,
        "nauc_precision_at_1000_max": 1.0,
        "nauc_precision_at_1000_std": 1.0,
        "nauc_precision_at_1000_diff1": 1.0,
        "nauc_mrr_at_1_max": 0.463023,
        "nauc_mrr_at_1_std": -0.385878,
        "nauc_mrr_at_1_diff1": 0.887084,
        "nauc_mrr_at_3_max": 0.523885,
        "nauc_mrr_at_3_std": -0.37713,
        "nauc_mrr_at_3_diff1": 0.897278,
        "nauc_mrr_at_5_max": 0.522007,
        "nauc_mrr_at_5_std": -0.379673,
        "nauc_mrr_at_5_diff1": 0.897316,
        "nauc_mrr_at_10_max": 0.51562,
        "nauc_mrr_at_10_std": -0.372836,
        "nauc_mrr_at_10_diff1": 0.895645,
        "nauc_mrr_at_20_max": 0.515752,
        "nauc_mrr_at_20_std": -0.371985,
        "nauc_mrr_at_20_diff1": 0.895933,
        "nauc_mrr_at_100_max": 0.514655,
        "nauc_mrr_at_100_std": -0.373832,
        "nauc_mrr_at_100_diff1": 0.895784,
        "nauc_mrr_at_1000_max": 0.514582,
        "nauc_mrr_at_1000_std": -0.373789,
        "nauc_mrr_at_1000_diff1": 0.895763,
        "main_score": 0.94194,
        "hf_subset": "default",
        "languages": [
          "tur-Latn"
        ]
      }
    ]
  },
  "evaluation_time": 5.105575323104858,
  "kg_co2_emissions": null
}