{
  "dataset_revision": "main",
  "task_name": "QuoraRetrievalTR",
  "mteb_version": "1.31.3",
  "scores": {
    "test": [
      {
        "ndcg_at_1": 0.675,
        "ndcg_at_3": 0.72355,
        "ndcg_at_5": 0.74372,
        "ndcg_at_10": 0.76303,
        "ndcg_at_20": 0.77456,
        "ndcg_at_100": 0.7877,
        "ndcg_at_1000": 0.79248,
        "map_at_1": 0.58456,
        "map_at_3": 0.6827,
        "map_at_5": 0.70145,
        "map_at_10": 0.71382,
        "map_at_20": 0.71894,
        "map_at_100": 0.72225,
        "map_at_1000": 0.72262,
        "recall_at_1": 0.58456,
        "recall_at_3": 0.7512,
        "recall_at_5": 0.80563,
        "recall_at_10": 0.86307,
        "recall_at_20": 0.90288,
        "recall_at_100": 0.95909,
        "recall_at_1000": 0.98854,
        "precision_at_1": 0.675,
        "precision_at_3": 0.31757,
        "precision_at_5": 0.2121,
        "precision_at_10": 0.11819,
        "precision_at_20": 0.06403,
        "precision_at_100": 0.01444,
        "precision_at_1000": 0.00154,
        "mrr_at_1": 0.6743,
        "mrr_at_3": 0.73725,
        "mrr_at_5": 0.747075,
        "mrr_at_10": 0.75325,
        "mrr_at_20": 0.755361,
        "mrr_at_100": 0.756429,
        "mrr_at_1000": 0.756524,
        "nauc_ndcg_at_1_max": 0.366346,
        "nauc_ndcg_at_1_std": -0.17137,
        "nauc_ndcg_at_1_diff1": 0.713831,
        "nauc_ndcg_at_3_max": 0.351957,
        "nauc_ndcg_at_3_std": -0.182372,
        "nauc_ndcg_at_3_diff1": 0.667509,
        "nauc_ndcg_at_5_max": 0.358276,
        "nauc_ndcg_at_5_std": -0.179527,
        "nauc_ndcg_at_5_diff1": 0.669808,
        "nauc_ndcg_at_10_max": 0.364048,
        "nauc_ndcg_at_10_std": -0.166637,
        "nauc_ndcg_at_10_diff1": 0.67028,
        "nauc_ndcg_at_20_max": 0.366635,
        "nauc_ndcg_at_20_std": -0.160186,
        "nauc_ndcg_at_20_diff1": 0.673996,
        "nauc_ndcg_at_100_max": 0.372948,
        "nauc_ndcg_at_100_std": -0.146387,
        "nauc_ndcg_at_100_diff1": 0.674808,
        "nauc_ndcg_at_1000_max": 0.373387,
        "nauc_ndcg_at_1000_std": -0.147308,
        "nauc_ndcg_at_1000_diff1": 0.67555,
        "nauc_map_at_1_max": 0.274822,
        "nauc_map_at_1_std": -0.229625,
        "nauc_map_at_1_diff1": 0.72097,
        "nauc_map_at_3_max": 0.322305,
        "nauc_map_at_3_std": -0.217831,
        "nauc_map_at_3_diff1": 0.682146,
        "nauc_map_at_5_max": 0.335844,
        "nauc_map_at_5_std": -0.20824,
        "nauc_map_at_5_diff1": 0.681625,
        "nauc_map_at_10_max": 0.343349,
        "nauc_map_at_10_std": -0.196669,
        "nauc_map_at_10_diff1": 0.680332,
        "nauc_map_at_20_max": 0.346518,
        "nauc_map_at_20_std": -0.190591,
        "nauc_map_at_20_diff1": 0.680556,
        "nauc_map_at_100_max": 0.349089,
        "nauc_map_at_100_std": -0.185167,
        "nauc_map_at_100_diff1": 0.680098,
        "nauc_map_at_1000_max": 0.349358,
        "nauc_map_at_1000_std": -0.184674,
        "nauc_map_at_1000_diff1": 0.68009,
        "nauc_recall_at_1_max": 0.274822,
        "nauc_recall_at_1_std": -0.229625,
        "nauc_recall_at_1_diff1": 0.72097,
        "nauc_recall_at_3_max": 0.312853,
        "nauc_recall_at_3_std": -0.210375,
        "nauc_recall_at_3_diff1": 0.626251,
        "nauc_recall_at_5_max": 0.335536,
        "nauc_recall_at_5_std": -0.188795,
        "nauc_recall_at_5_diff1": 0.612133,
        "nauc_recall_at_10_max": 0.35568,
        "nauc_recall_at_10_std": -0.132394,
        "nauc_recall_at_10_diff1": 0.591248,
        "nauc_recall_at_20_max": 0.357885,
        "nauc_recall_at_20_std": -0.084923,
        "nauc_recall_at_20_diff1": 0.589882,
        "nauc_recall_at_100_max": 0.437008,
        "nauc_recall_at_100_std": 0.155495,
        "nauc_recall_at_100_diff1": 0.573975,
        "nauc_recall_at_1000_max": 0.556483,
        "nauc_recall_at_1000_std": 0.519346,
        "nauc_recall_at_1000_diff1": 0.541863,
        "nauc_precision_at_1_max": 0.366346,
        "nauc_precision_at_1_std": -0.17137,
        "nauc_precision_at_1_diff1": 0.713831,
        "nauc_precision_at_3_max": 0.246299,
        "nauc_precision_at_3_std": 0.044391,
        "nauc_precision_at_3_diff1": 0.128308,
        "nauc_precision_at_5_max": 0.20734,
        "nauc_precision_at_5_std": 0.120894,
        "nauc_precision_at_5_diff1": -0.010495,
        "nauc_precision_at_10_max": 0.162651,
        "nauc_precision_at_10_std": 0.213362,
        "nauc_precision_at_10_diff1": -0.137578,
        "nauc_precision_at_20_max": 0.129944,
        "nauc_precision_at_20_std": 0.274152,
        "nauc_precision_at_20_diff1": -0.21188,
        "nauc_precision_at_100_max": 0.084961,
        "nauc_precision_at_100_std": 0.347185,
        "nauc_precision_at_100_diff1": -0.29762,
        "nauc_precision_at_1000_max": 0.059288,
        "nauc_precision_at_1000_std": 0.357399,
        "nauc_precision_at_1000_diff1": -0.329187,
        "nauc_mrr_at_1_max": 0.361533,
        "nauc_mrr_at_1_std": -0.174758,
        "nauc_mrr_at_1_diff1": 0.715379,
        "nauc_mrr_at_3_max": 0.381379,
        "nauc_mrr_at_3_std": -0.154161,
        "nauc_mrr_at_3_diff1": 0.687914,
        "nauc_mrr_at_5_max": 0.383177,
        "nauc_mrr_at_5_std": -0.15071,
        "nauc_mrr_at_5_diff1": 0.688184,
        "nauc_mrr_at_10_max": 0.383701,
        "nauc_mrr_at_10_std": -0.147796,
        "nauc_mrr_at_10_diff1": 0.688566,
        "nauc_mrr_at_20_max": 0.382982,
        "nauc_mrr_at_20_std": -0.148209,
        "nauc_mrr_at_20_diff1": 0.689386,
        "nauc_mrr_at_100_max": 0.38275,
        "nauc_mrr_at_100_std": -0.148396,
        "nauc_mrr_at_100_diff1": 0.689738,
        "nauc_mrr_at_1000_max": 0.382694,
        "nauc_mrr_at_1000_std": -0.14849,
        "nauc_mrr_at_1000_diff1": 0.689768,
        "main_score": 0.76303,
        "hf_subset": "default",
        "languages": [
          "tur-Latn"
        ]
      }
    ]
  },
  "evaluation_time": 468.2728350162506,
  "kg_co2_emissions": null
}