{
  "dataset_revision": "main",
  "task_name": "SCIDOCSTR",
  "mteb_version": "1.31.3",
  "scores": {
    "test": [
      {
        "ndcg_at_1": 0.01003,
        "ndcg_at_3": 0.01619,
        "ndcg_at_5": 0.01806,
        "ndcg_at_10": 0.02093,
        "ndcg_at_20": 0.02464,
        "ndcg_at_100": 0.03636,
        "ndcg_at_1000": 0.08578,
        "map_at_1": 0.01003,
        "map_at_3": 0.01449,
        "map_at_5": 0.01555,
        "map_at_10": 0.01672,
        "map_at_20": 0.01776,
        "map_at_100": 0.01936,
        "map_at_1000": 0.02049,
        "recall_at_1": 0.01003,
        "recall_at_3": 0.02118,
        "recall_at_5": 0.02564,
        "recall_at_10": 0.03456,
        "recall_at_20": 0.04905,
        "recall_at_100": 0.1126,
        "recall_at_1000": 0.54515,
        "precision_at_1": 0.01003,
        "precision_at_3": 0.00706,
        "precision_at_5": 0.00513,
        "precision_at_10": 0.00346,
        "precision_at_20": 0.00245,
        "precision_at_100": 0.00113,
        "precision_at_1000": 0.00055,
        "mrr_at_1": 0.010033,
        "mrr_at_3": 0.014493,
        "mrr_at_5": 0.015552,
        "mrr_at_10": 0.016721,
        "mrr_at_20": 0.017764,
        "mrr_at_100": 0.019356,
        "mrr_at_1000": 0.020486,
        "nauc_ndcg_at_1_max": 0.273885,
        "nauc_ndcg_at_1_std": 0.217955,
        "nauc_ndcg_at_1_diff1": 0.021373,
        "nauc_ndcg_at_3_max": 0.183847,
        "nauc_ndcg_at_3_std": 0.275591,
        "nauc_ndcg_at_3_diff1": 0.013841,
        "nauc_ndcg_at_5_max": 0.176462,
        "nauc_ndcg_at_5_std": 0.296871,
        "nauc_ndcg_at_5_diff1": 0.043353,
        "nauc_ndcg_at_10_max": 0.165855,
        "nauc_ndcg_at_10_std": 0.265408,
        "nauc_ndcg_at_10_diff1": 0.048038,
        "nauc_ndcg_at_20_max": 0.168781,
        "nauc_ndcg_at_20_std": 0.235513,
        "nauc_ndcg_at_20_diff1": 0.028167,
        "nauc_ndcg_at_100_max": 0.118795,
        "nauc_ndcg_at_100_std": 0.180457,
        "nauc_ndcg_at_100_diff1": 0.000834,
        "nauc_ndcg_at_1000_max": 0.09347,
        "nauc_ndcg_at_1000_std": 0.105448,
        "nauc_ndcg_at_1000_diff1": -0.002879,
        "nauc_map_at_1_max": 0.273885,
        "nauc_map_at_1_std": 0.217955,
        "nauc_map_at_1_diff1": 0.021373,
        "nauc_map_at_3_max": 0.199223,
        "nauc_map_at_3_std": 0.26192,
        "nauc_map_at_3_diff1": 0.0182,
        "nauc_map_at_5_max": 0.19295,
        "nauc_map_at_5_std": 0.278563,
        "nauc_map_at_5_diff1": 0.036064,
        "nauc_map_at_10_max": 0.185915,
        "nauc_map_at_10_std": 0.264295,
        "nauc_map_at_10_diff1": 0.037377,
        "nauc_map_at_20_max": 0.186213,
        "nauc_map_at_20_std": 0.253202,
        "nauc_map_at_20_diff1": 0.030266,
        "nauc_map_at_100_max": 0.172531,
        "nauc_map_at_100_std": 0.240433,
        "nauc_map_at_100_diff1": 0.02681,
        "nauc_map_at_1000_max": 0.170195,
        "nauc_map_at_1000_std": 0.234146,
        "nauc_map_at_1000_diff1": 0.026029,
        "nauc_recall_at_1_max": 0.273885,
        "nauc_recall_at_1_std": 0.217955,
        "nauc_recall_at_1_diff1": 0.021373,
        "nauc_recall_at_3_max": 0.153391,
        "nauc_recall_at_3_std": 0.303729,
        "nauc_recall_at_3_diff1": 0.004359,
        "nauc_recall_at_5_max": 0.147226,
        "nauc_recall_at_5_std": 0.330212,
        "nauc_recall_at_5_diff1": 0.058644,
        "nauc_recall_at_10_max": 0.136142,
        "nauc_recall_at_10_std": 0.261051,
        "nauc_recall_at_10_diff1": 0.067654,
        "nauc_recall_at_20_max": 0.149662,
        "nauc_recall_at_20_std": 0.202335,
        "nauc_recall_at_20_diff1": 0.022862,
        "nauc_recall_at_100_max": 0.06908,
        "nauc_recall_at_100_std": 0.114535,
        "nauc_recall_at_100_diff1": -0.032025,
        "nauc_recall_at_1000_max": 0.036315,
        "nauc_recall_at_1000_std": -0.009368,
        "nauc_recall_at_1000_diff1": -0.026341,
        "nauc_precision_at_1_max": 0.273885,
        "nauc_precision_at_1_std": 0.217955,
        "nauc_precision_at_1_diff1": 0.021373,
        "nauc_precision_at_3_max": 0.153391,
        "nauc_precision_at_3_std": 0.303729,
        "nauc_precision_at_3_diff1": 0.004359,
        "nauc_precision_at_5_max": 0.147226,
        "nauc_precision_at_5_std": 0.330212,
        "nauc_precision_at_5_diff1": 0.058644,
        "nauc_precision_at_10_max": 0.136142,
        "nauc_precision_at_10_std": 0.261051,
        "nauc_precision_at_10_diff1": 0.067654,
        "nauc_precision_at_20_max": 0.149662,
        "nauc_precision_at_20_std": 0.202335,
        "nauc_precision_at_20_diff1": 0.022862,
        "nauc_precision_at_100_max": 0.06908,
        "nauc_precision_at_100_std": 0.114535,
        "nauc_precision_at_100_diff1": -0.032025,
        "nauc_precision_at_1000_max": 0.036315,
        "nauc_precision_at_1000_std": -0.009368,
        "nauc_precision_at_1000_diff1": -0.026341,
        "nauc_mrr_at_1_max": 0.273885,
        "nauc_mrr_at_1_std": 0.217955,
        "nauc_mrr_at_1_diff1": 0.021373,
        "nauc_mrr_at_3_max": 0.199223,
        "nauc_mrr_at_3_std": 0.26192,
        "nauc_mrr_at_3_diff1": 0.0182,
        "nauc_mrr_at_5_max": 0.19295,
        "nauc_mrr_at_5_std": 0.278563,
        "nauc_mrr_at_5_diff1": 0.036064,
        "nauc_mrr_at_10_max": 0.185915,
        "nauc_mrr_at_10_std": 0.264295,
        "nauc_mrr_at_10_diff1": 0.037377,
        "nauc_mrr_at_20_max": 0.186213,
        "nauc_mrr_at_20_std": 0.253202,
        "nauc_mrr_at_20_diff1": 0.030266,
        "nauc_mrr_at_100_max": 0.172608,
        "nauc_mrr_at_100_std": 0.240534,
        "nauc_mrr_at_100_diff1": 0.026851,
        "nauc_mrr_at_1000_max": 0.170269,
        "nauc_mrr_at_1000_std": 0.234246,
        "nauc_mrr_at_1000_diff1": 0.026069,
        "main_score": 0.02093,
        "hf_subset": "default",
        "languages": [
          "tur-Latn"
        ]
      }
    ]
  },
  "evaluation_time": 7.6392247676849365,
  "kg_co2_emissions": null
}