{
  "dataset_revision": "main",
  "task_name": "SCIDOCSTR",
  "mteb_version": "1.31.3",
  "scores": {
    "test": [
      {
        "ndcg_at_1": 0.11,
        "ndcg_at_3": 0.09178,
        "ndcg_at_5": 0.08006,
        "ndcg_at_10": 0.09522,
        "ndcg_at_20": 0.10958,
        "ndcg_at_100": 0.14482,
        "ndcg_at_1000": 0.19045,
        "map_at_1": 0.02248,
        "map_at_3": 0.03988,
        "map_at_5": 0.04677,
        "map_at_10": 0.05304,
        "map_at_20": 0.05701,
        "map_at_100": 0.06239,
        "map_at_1000": 0.0644,
        "recall_at_1": 0.02248,
        "recall_at_3": 0.05312,
        "recall_at_5": 0.07192,
        "recall_at_10": 0.09997,
        "recall_at_20": 0.1339,
        "recall_at_100": 0.2487,
        "recall_at_1000": 0.47295,
        "precision_at_1": 0.11,
        "precision_at_3": 0.087,
        "precision_at_5": 0.0706,
        "precision_at_10": 0.0491,
        "precision_at_20": 0.0329,
        "precision_at_100": 0.01224,
        "precision_at_1000": 0.00232,
        "mrr_at_1": 0.11,
        "mrr_at_3": 0.153,
        "mrr_at_5": 0.16515,
        "mrr_at_10": 0.174897,
        "mrr_at_20": 0.181161,
        "mrr_at_100": 0.18642,
        "mrr_at_1000": 0.187454,
        "nauc_ndcg_at_1_max": 0.252556,
        "nauc_ndcg_at_1_std": 0.209397,
        "nauc_ndcg_at_1_diff1": 0.165501,
        "nauc_ndcg_at_3_max": 0.229405,
        "nauc_ndcg_at_3_std": 0.227888,
        "nauc_ndcg_at_3_diff1": 0.114255,
        "nauc_ndcg_at_5_max": 0.249759,
        "nauc_ndcg_at_5_std": 0.241526,
        "nauc_ndcg_at_5_diff1": 0.115546,
        "nauc_ndcg_at_10_max": 0.247202,
        "nauc_ndcg_at_10_std": 0.279672,
        "nauc_ndcg_at_10_diff1": 0.124753,
        "nauc_ndcg_at_20_max": 0.258448,
        "nauc_ndcg_at_20_std": 0.301197,
        "nauc_ndcg_at_20_diff1": 0.126334,
        "nauc_ndcg_at_100_max": 0.259661,
        "nauc_ndcg_at_100_std": 0.343356,
        "nauc_ndcg_at_100_diff1": 0.132748,
        "nauc_ndcg_at_1000_max": 0.268721,
        "nauc_ndcg_at_1000_std": 0.367364,
        "nauc_ndcg_at_1000_diff1": 0.135983,
        "nauc_map_at_1_max": 0.256811,
        "nauc_map_at_1_std": 0.216776,
        "nauc_map_at_1_diff1": 0.173158,
        "nauc_map_at_3_max": 0.240332,
        "nauc_map_at_3_std": 0.23446,
        "nauc_map_at_3_diff1": 0.114401,
        "nauc_map_at_5_max": 0.253903,
        "nauc_map_at_5_std": 0.244394,
        "nauc_map_at_5_diff1": 0.101821,
        "nauc_map_at_10_max": 0.259056,
        "nauc_map_at_10_std": 0.274403,
        "nauc_map_at_10_diff1": 0.111307,
        "nauc_map_at_20_max": 0.266884,
        "nauc_map_at_20_std": 0.285238,
        "nauc_map_at_20_diff1": 0.116486,
        "nauc_map_at_100_max": 0.271703,
        "nauc_map_at_100_std": 0.302902,
        "nauc_map_at_100_diff1": 0.118561,
        "nauc_map_at_1000_max": 0.272518,
        "nauc_map_at_1000_std": 0.307157,
        "nauc_map_at_1000_diff1": 0.119449,
        "nauc_recall_at_1_max": 0.256811,
        "nauc_recall_at_1_std": 0.216776,
        "nauc_recall_at_1_diff1": 0.173158,
        "nauc_recall_at_3_max": 0.222364,
        "nauc_recall_at_3_std": 0.233637,
        "nauc_recall_at_3_diff1": 0.103631,
        "nauc_recall_at_5_max": 0.251983,
        "nauc_recall_at_5_std": 0.25105,
        "nauc_recall_at_5_diff1": 0.099474,
        "nauc_recall_at_10_max": 0.241587,
        "nauc_recall_at_10_std": 0.316819,
        "nauc_recall_at_10_diff1": 0.116068,
        "nauc_recall_at_20_max": 0.261982,
        "nauc_recall_at_20_std": 0.353125,
        "nauc_recall_at_20_diff1": 0.118519,
        "nauc_recall_at_100_max": 0.240517,
        "nauc_recall_at_100_std": 0.410176,
        "nauc_recall_at_100_diff1": 0.130129,
        "nauc_recall_at_1000_max": 0.242917,
        "nauc_recall_at_1000_std": 0.429611,
        "nauc_recall_at_1000_diff1": 0.122423,
        "nauc_precision_at_1_max": 0.252556,
        "nauc_precision_at_1_std": 0.209397,
        "nauc_precision_at_1_diff1": 0.165501,
        "nauc_precision_at_3_max": 0.223065,
        "nauc_precision_at_3_std": 0.236041,
        "nauc_precision_at_3_diff1": 0.097172,
        "nauc_precision_at_5_max": 0.25513,
        "nauc_precision_at_5_std": 0.253554,
        "nauc_precision_at_5_diff1": 0.09564,
        "nauc_precision_at_10_max": 0.244998,
        "nauc_precision_at_10_std": 0.318904,
        "nauc_precision_at_10_diff1": 0.114482,
        "nauc_precision_at_20_max": 0.265621,
        "nauc_precision_at_20_std": 0.354311,
        "nauc_precision_at_20_diff1": 0.117721,
        "nauc_precision_at_100_max": 0.240985,
        "nauc_precision_at_100_std": 0.407796,
        "nauc_precision_at_100_diff1": 0.127383,
        "nauc_precision_at_1000_max": 0.239939,
        "nauc_precision_at_1000_std": 0.425147,
        "nauc_precision_at_1000_diff1": 0.117504,
        "nauc_mrr_at_1_max": 0.252556,
        "nauc_mrr_at_1_std": 0.209397,
        "nauc_mrr_at_1_diff1": 0.165501,
        "nauc_mrr_at_3_max": 0.227957,
        "nauc_mrr_at_3_std": 0.211733,
        "nauc_mrr_at_3_diff1": 0.141054,
        "nauc_mrr_at_5_max": 0.240445,
        "nauc_mrr_at_5_std": 0.217574,
        "nauc_mrr_at_5_diff1": 0.148349,
        "nauc_mrr_at_10_max": 0.234706,
        "nauc_mrr_at_10_std": 0.227543,
        "nauc_mrr_at_10_diff1": 0.150519,
        "nauc_mrr_at_20_max": 0.234922,
        "nauc_mrr_at_20_std": 0.232737,
        "nauc_mrr_at_20_diff1": 0.146324,
        "nauc_mrr_at_100_max": 0.233319,
        "nauc_mrr_at_100_std": 0.234078,
        "nauc_mrr_at_100_diff1": 0.145663,
        "nauc_mrr_at_1000_max": 0.233474,
        "nauc_mrr_at_1000_std": 0.233715,
        "nauc_mrr_at_1000_diff1": 0.145814,
        "main_score": 0.09522,
        "hf_subset": "default",
        "languages": [
          "tur-Latn"
        ]
      }
    ]
  },
  "evaluation_time": 258.3990399837494,
  "kg_co2_emissions": null
}