{
  "dataset_revision": "main",
  "task_name": "SciFactTR",
  "mteb_version": "1.31.3",
  "scores": {
    "test": [
      {
        "ndcg_at_1": 0.47667,
        "ndcg_at_3": 0.55108,
        "ndcg_at_5": 0.57277,
        "ndcg_at_10": 0.5996,
        "ndcg_at_20": 0.61024,
        "ndcg_at_100": 0.62952,
        "ndcg_at_1000": 0.63982,
        "map_at_1": 0.45317,
        "map_at_3": 0.52542,
        "map_at_5": 0.53887,
        "map_at_10": 0.55152,
        "map_at_20": 0.55533,
        "map_at_100": 0.55774,
        "map_at_1000": 0.5581,
        "recall_at_1": 0.45317,
        "recall_at_3": 0.60494,
        "recall_at_5": 0.65811,
        "recall_at_10": 0.73667,
        "recall_at_20": 0.775,
        "recall_at_100": 0.881,
        "recall_at_1000": 0.96333,
        "precision_at_1": 0.47667,
        "precision_at_3": 0.21778,
        "precision_at_5": 0.14533,
        "precision_at_10": 0.08267,
        "precision_at_20": 0.04417,
        "precision_at_100": 0.01007,
        "precision_at_1000": 0.00109,
        "mrr_at_1": 0.476667,
        "mrr_at_3": 0.540556,
        "mrr_at_5": 0.552389,
        "mrr_at_10": 0.562167,
        "mrr_at_20": 0.564279,
        "mrr_at_100": 0.566507,
        "mrr_at_1000": 0.566835,
        "nauc_ndcg_at_1_max": 0.446736,
        "nauc_ndcg_at_1_std": 0.063804,
        "nauc_ndcg_at_1_diff1": 0.669388,
        "nauc_ndcg_at_3_max": 0.471567,
        "nauc_ndcg_at_3_std": 0.078886,
        "nauc_ndcg_at_3_diff1": 0.628709,
        "nauc_ndcg_at_5_max": 0.494815,
        "nauc_ndcg_at_5_std": 0.101578,
        "nauc_ndcg_at_5_diff1": 0.625224,
        "nauc_ndcg_at_10_max": 0.516825,
        "nauc_ndcg_at_10_std": 0.129051,
        "nauc_ndcg_at_10_diff1": 0.617332,
        "nauc_ndcg_at_20_max": 0.531164,
        "nauc_ndcg_at_20_std": 0.147476,
        "nauc_ndcg_at_20_diff1": 0.621547,
        "nauc_ndcg_at_100_max": 0.523295,
        "nauc_ndcg_at_100_std": 0.149884,
        "nauc_ndcg_at_100_diff1": 0.625377,
        "nauc_ndcg_at_1000_max": 0.513877,
        "nauc_ndcg_at_1000_std": 0.133303,
        "nauc_ndcg_at_1000_diff1": 0.626152,
        "nauc_map_at_1_max": 0.419511,
        "nauc_map_at_1_std": 0.040337,
        "nauc_map_at_1_diff1": 0.677446,
        "nauc_map_at_3_max": 0.451414,
        "nauc_map_at_3_std": 0.062901,
        "nauc_map_at_3_diff1": 0.640385,
        "nauc_map_at_5_max": 0.468894,
        "nauc_map_at_5_std": 0.078211,
        "nauc_map_at_5_diff1": 0.639164,
        "nauc_map_at_10_max": 0.481279,
        "nauc_map_at_10_std": 0.09203,
        "nauc_map_at_10_diff1": 0.635886,
        "nauc_map_at_20_max": 0.487703,
        "nauc_map_at_20_std": 0.100377,
        "nauc_map_at_20_diff1": 0.636608,
        "nauc_map_at_100_max": 0.486205,
        "nauc_map_at_100_std": 0.099894,
        "nauc_map_at_100_diff1": 0.636753,
        "nauc_map_at_1000_max": 0.48585,
        "nauc_map_at_1000_std": 0.099295,
        "nauc_map_at_1000_diff1": 0.63667,
        "nauc_recall_at_1_max": 0.419511,
        "nauc_recall_at_1_std": 0.040337,
        "nauc_recall_at_1_diff1": 0.677446,
        "nauc_recall_at_3_max": 0.480471,
        "nauc_recall_at_3_std": 0.089385,
        "nauc_recall_at_3_diff1": 0.592559,
        "nauc_recall_at_5_max": 0.541956,
        "nauc_recall_at_5_std": 0.147171,
        "nauc_recall_at_5_diff1": 0.577236,
        "nauc_recall_at_10_max": 0.617886,
        "nauc_recall_at_10_std": 0.242681,
        "nauc_recall_at_10_diff1": 0.536801,
        "nauc_recall_at_20_max": 0.700659,
        "nauc_recall_at_20_std": 0.341274,
        "nauc_recall_at_20_diff1": 0.55932,
        "nauc_recall_at_100_max": 0.759935,
        "nauc_recall_at_100_std": 0.542778,
        "nauc_recall_at_100_diff1": 0.597494,
        "nauc_recall_at_1000_max": 0.749597,
        "nauc_recall_at_1000_std": 0.47636,
        "nauc_recall_at_1000_diff1": 0.637212,
        "nauc_precision_at_1_max": 0.446736,
        "nauc_precision_at_1_std": 0.063804,
        "nauc_precision_at_1_diff1": 0.669388,
        "nauc_precision_at_3_max": 0.475542,
        "nauc_precision_at_3_std": 0.144388,
        "nauc_precision_at_3_diff1": 0.485684,
        "nauc_precision_at_5_max": 0.522107,
        "nauc_precision_at_5_std": 0.243023,
        "nauc_precision_at_5_diff1": 0.404769,
        "nauc_precision_at_10_max": 0.546628,
        "nauc_precision_at_10_std": 0.343438,
        "nauc_precision_at_10_diff1": 0.27811,
        "nauc_precision_at_20_max": 0.545042,
        "nauc_precision_at_20_std": 0.403941,
        "nauc_precision_at_20_diff1": 0.21756,
        "nauc_precision_at_100_max": 0.422426,
        "nauc_precision_at_100_std": 0.446065,
        "nauc_precision_at_100_diff1": 0.070502,
        "nauc_precision_at_1000_max": 0.281834,
        "nauc_precision_at_1000_std": 0.380523,
        "nauc_precision_at_1000_diff1": -0.103354,
        "nauc_mrr_at_1_max": 0.446736,
        "nauc_mrr_at_1_std": 0.063804,
        "nauc_mrr_at_1_diff1": 0.669388,
        "nauc_mrr_at_3_max": 0.479735,
        "nauc_mrr_at_3_std": 0.084065,
        "nauc_mrr_at_3_diff1": 0.637102,
        "nauc_mrr_at_5_max": 0.490702,
        "nauc_mrr_at_5_std": 0.097517,
        "nauc_mrr_at_5_diff1": 0.63322,
        "nauc_mrr_at_10_max": 0.49633,
        "nauc_mrr_at_10_std": 0.104868,
        "nauc_mrr_at_10_diff1": 0.631388,
        "nauc_mrr_at_20_max": 0.497174,
        "nauc_mrr_at_20_std": 0.106114,
        "nauc_mrr_at_20_diff1": 0.632818,
        "nauc_mrr_at_100_max": 0.495901,
        "nauc_mrr_at_100_std": 0.10561,
        "nauc_mrr_at_100_diff1": 0.633125,
        "nauc_mrr_at_1000_max": 0.495606,
        "nauc_mrr_at_1000_std": 0.105032,
        "nauc_mrr_at_1000_diff1": 0.633084,
        "main_score": 0.5996,
        "hf_subset": "default",
        "languages": [
          "tur-Latn"
        ]
      }
    ]
  },
  "evaluation_time": 75.31252121925354,
  "kg_co2_emissions": null
}