{
  "dataset_revision": "main",
  "task_name": "SciFactTR",
  "mteb_version": "1.31.3",
  "scores": {
    "test": [
      {
        "ndcg_at_1": 0.63667,
        "ndcg_at_3": 0.71809,
        "ndcg_at_5": 0.73573,
        "ndcg_at_10": 0.75522,
        "ndcg_at_20": 0.7673,
        "ndcg_at_100": 0.77705,
        "ndcg_at_1000": 0.78032,
        "map_at_1": 0.63667,
        "map_at_3": 0.69889,
        "map_at_5": 0.70856,
        "map_at_10": 0.71664,
        "map_at_20": 0.72009,
        "map_at_100": 0.72136,
        "map_at_1000": 0.72153,
        "recall_at_1": 0.63667,
        "recall_at_3": 0.77333,
        "recall_at_5": 0.81667,
        "recall_at_10": 0.87667,
        "recall_at_20": 0.92333,
        "recall_at_100": 0.97667,
        "recall_at_1000": 1.0,
        "precision_at_1": 0.63667,
        "precision_at_3": 0.25778,
        "precision_at_5": 0.16333,
        "precision_at_10": 0.08767,
        "precision_at_20": 0.04617,
        "precision_at_100": 0.00977,
        "precision_at_1000": 0.001,
        "mrr_at_1": 0.636667,
        "mrr_at_3": 0.698889,
        "mrr_at_5": 0.708556,
        "mrr_at_10": 0.716636,
        "mrr_at_20": 0.720095,
        "mrr_at_100": 0.721364,
        "mrr_at_1000": 0.721533,
        "nauc_ndcg_at_1_max": 0.667818,
        "nauc_ndcg_at_1_std": 0.147496,
        "nauc_ndcg_at_1_diff1": 0.85985,
        "nauc_ndcg_at_3_max": 0.680406,
        "nauc_ndcg_at_3_std": 0.127296,
        "nauc_ndcg_at_3_diff1": 0.815616,
        "nauc_ndcg_at_5_max": 0.7049,
        "nauc_ndcg_at_5_std": 0.143591,
        "nauc_ndcg_at_5_diff1": 0.818961,
        "nauc_ndcg_at_10_max": 0.698339,
        "nauc_ndcg_at_10_std": 0.156555,
        "nauc_ndcg_at_10_diff1": 0.818649,
        "nauc_ndcg_at_20_max": 0.693762,
        "nauc_ndcg_at_20_std": 0.151019,
        "nauc_ndcg_at_20_diff1": 0.82103,
        "nauc_ndcg_at_100_max": 0.688085,
        "nauc_ndcg_at_100_std": 0.148478,
        "nauc_ndcg_at_100_diff1": 0.822244,
        "nauc_ndcg_at_1000_max": 0.688687,
        "nauc_ndcg_at_1000_std": 0.147163,
        "nauc_ndcg_at_1000_diff1": 0.825157,
        "nauc_map_at_1_max": 0.667818,
        "nauc_map_at_1_std": 0.147496,
        "nauc_map_at_1_diff1": 0.85985,
        "nauc_map_at_3_max": 0.677109,
        "nauc_map_at_3_std": 0.133159,
        "nauc_map_at_3_diff1": 0.826915,
        "nauc_map_at_5_max": 0.689461,
        "nauc_map_at_5_std": 0.14194,
        "nauc_map_at_5_diff1": 0.828749,
        "nauc_map_at_10_max": 0.686528,
        "nauc_map_at_10_std": 0.146226,
        "nauc_map_at_10_diff1": 0.82886,
        "nauc_map_at_20_max": 0.685321,
        "nauc_map_at_20_std": 0.144726,
        "nauc_map_at_20_diff1": 0.829576,
        "nauc_map_at_100_max": 0.684696,
        "nauc_map_at_100_std": 0.144472,
        "nauc_map_at_100_diff1": 0.82967,
        "nauc_map_at_1000_max": 0.68474,
        "nauc_map_at_1000_std": 0.144487,
        "nauc_map_at_1000_diff1": 0.829831,
        "nauc_recall_at_1_max": 0.667818,
        "nauc_recall_at_1_std": 0.147496,
        "nauc_recall_at_1_diff1": 0.85985,
        "nauc_recall_at_3_max": 0.692051,
        "nauc_recall_at_3_std": 0.106282,
        "nauc_recall_at_3_diff1": 0.775872,
        "nauc_recall_at_5_max": 0.773784,
        "nauc_recall_at_5_std": 0.153127,
        "nauc_recall_at_5_diff1": 0.780182,
        "nauc_recall_at_10_max": 0.769025,
        "nauc_recall_at_10_std": 0.231933,
        "nauc_recall_at_10_diff1": 0.762297,
        "nauc_recall_at_20_max": 0.761621,
        "nauc_recall_at_20_std": 0.219096,
        "nauc_recall_at_20_diff1": 0.754313,
        "nauc_recall_at_100_max": 0.660931,
        "nauc_recall_at_100_std": 0.248499,
        "nauc_recall_at_100_diff1": 0.667934,
        "nauc_recall_at_1000_max": NaN,
        "nauc_recall_at_1000_std": NaN,
        "nauc_recall_at_1000_diff1": NaN,
        "nauc_precision_at_1_max": 0.667818,
        "nauc_precision_at_1_std": 0.147496,
        "nauc_precision_at_1_diff1": 0.85985,
        "nauc_precision_at_3_max": 0.692051,
        "nauc_precision_at_3_std": 0.106282,
        "nauc_precision_at_3_diff1": 0.775872,
        "nauc_precision_at_5_max": 0.773784,
        "nauc_precision_at_5_std": 0.153127,
        "nauc_precision_at_5_diff1": 0.780182,
        "nauc_precision_at_10_max": 0.769025,
        "nauc_precision_at_10_std": 0.231933,
        "nauc_precision_at_10_diff1": 0.762297,
        "nauc_precision_at_20_max": 0.761621,
        "nauc_precision_at_20_std": 0.219096,
        "nauc_precision_at_20_diff1": 0.754313,
        "nauc_precision_at_100_max": 0.660931,
        "nauc_precision_at_100_std": 0.248499,
        "nauc_precision_at_100_diff1": 0.667934,
        "nauc_precision_at_1000_max": 1.0,
        "nauc_precision_at_1000_std": 1.0,
        "nauc_precision_at_1000_diff1": 1.0,
        "nauc_mrr_at_1_max": 0.667818,
        "nauc_mrr_at_1_std": 0.147496,
        "nauc_mrr_at_1_diff1": 0.85985,
        "nauc_mrr_at_3_max": 0.677109,
        "nauc_mrr_at_3_std": 0.133159,
        "nauc_mrr_at_3_diff1": 0.826915,
        "nauc_mrr_at_5_max": 0.689461,
        "nauc_mrr_at_5_std": 0.14194,
        "nauc_mrr_at_5_diff1": 0.828749,
        "nauc_mrr_at_10_max": 0.686528,
        "nauc_mrr_at_10_std": 0.146226,
        "nauc_mrr_at_10_diff1": 0.82886,
        "nauc_mrr_at_20_max": 0.685321,
        "nauc_mrr_at_20_std": 0.144726,
        "nauc_mrr_at_20_diff1": 0.829576,
        "nauc_mrr_at_100_max": 0.684696,
        "nauc_mrr_at_100_std": 0.144472,
        "nauc_mrr_at_100_diff1": 0.82967,
        "nauc_mrr_at_1000_max": 0.68474,
        "nauc_mrr_at_1000_std": 0.144487,
        "nauc_mrr_at_1000_diff1": 0.829831,
        "main_score": 0.75522,
        "hf_subset": "default",
        "languages": [
          "tur-Latn"
        ]
      }
    ]
  },
  "evaluation_time": 1.488936424255371,
  "kg_co2_emissions": null
}