{
  "dataset_revision": "main",
  "task_name": "SquadTRRetrieval",
  "mteb_version": "1.31.3",
  "scores": {
    "test": [
      {
        "ndcg_at_1": 0.59354,
        "ndcg_at_3": 0.69575,
        "ndcg_at_5": 0.72005,
        "ndcg_at_10": 0.73927,
        "ndcg_at_20": 0.75022,
        "ndcg_at_100": 0.75952,
        "ndcg_at_1000": 0.76252,
        "map_at_1": 0.59354,
        "map_at_3": 0.67111,
        "map_at_5": 0.6846,
        "map_at_10": 0.69267,
        "map_at_20": 0.69572,
        "map_at_100": 0.69707,
        "map_at_1000": 0.69719,
        "recall_at_1": 0.59354,
        "recall_at_3": 0.76686,
        "recall_at_5": 0.82584,
        "recall_at_10": 0.88457,
        "recall_at_20": 0.92751,
        "recall_at_100": 0.97672,
        "recall_at_1000": 0.99976,
        "precision_at_1": 0.59354,
        "precision_at_3": 0.25562,
        "precision_at_5": 0.16517,
        "precision_at_10": 0.08846,
        "precision_at_20": 0.04638,
        "precision_at_100": 0.00977,
        "precision_at_1000": 0.001,
        "mrr_at_1": 0.593535,
        "mrr_at_3": 0.671109,
        "mrr_at_5": 0.6846,
        "mrr_at_10": 0.692666,
        "mrr_at_20": 0.695724,
        "mrr_at_100": 0.697071,
        "mrr_at_1000": 0.697193,
        "nauc_ndcg_at_1_max": 0.372954,
        "nauc_ndcg_at_1_std": 0.023519,
        "nauc_ndcg_at_1_diff1": 0.698816,
        "nauc_ndcg_at_3_max": 0.427024,
        "nauc_ndcg_at_3_std": 0.067454,
        "nauc_ndcg_at_3_diff1": 0.665875,
        "nauc_ndcg_at_5_max": 0.44134,
        "nauc_ndcg_at_5_std": 0.085722,
        "nauc_ndcg_at_5_diff1": 0.662803,
        "nauc_ndcg_at_10_max": 0.453153,
        "nauc_ndcg_at_10_std": 0.102873,
        "nauc_ndcg_at_10_diff1": 0.664789,
        "nauc_ndcg_at_20_max": 0.452967,
        "nauc_ndcg_at_20_std": 0.107571,
        "nauc_ndcg_at_20_diff1": 0.667749,
        "nauc_ndcg_at_100_max": 0.440429,
        "nauc_ndcg_at_100_std": 0.094466,
        "nauc_ndcg_at_100_diff1": 0.670976,
        "nauc_ndcg_at_1000_max": 0.43419,
        "nauc_ndcg_at_1000_std": 0.085052,
        "nauc_ndcg_at_1000_diff1": 0.671101,
        "nauc_map_at_1_max": 0.372954,
        "nauc_map_at_1_std": 0.023519,
        "nauc_map_at_1_diff1": 0.698816,
        "nauc_map_at_3_max": 0.412704,
        "nauc_map_at_3_std": 0.056204,
        "nauc_map_at_3_diff1": 0.673542,
        "nauc_map_at_5_max": 0.419457,
        "nauc_map_at_5_std": 0.065059,
        "nauc_map_at_5_diff1": 0.672136,
        "nauc_map_at_10_max": 0.423352,
        "nauc_map_at_10_std": 0.07097,
        "nauc_map_at_10_diff1": 0.673077,
        "nauc_map_at_20_max": 0.423014,
        "nauc_map_at_20_std": 0.071794,
        "nauc_map_at_20_diff1": 0.673847,
        "nauc_map_at_100_max": 0.421485,
        "nauc_map_at_100_std": 0.0702,
        "nauc_map_at_100_diff1": 0.674254,
        "nauc_map_at_1000_max": 0.421277,
        "nauc_map_at_1000_std": 0.069896,
        "nauc_map_at_1000_diff1": 0.67426,
        "nauc_recall_at_1_max": 0.372954,
        "nauc_recall_at_1_std": 0.023519,
        "nauc_recall_at_1_diff1": 0.698816,
        "nauc_recall_at_3_max": 0.479514,
        "nauc_recall_at_3_std": 0.108474,
        "nauc_recall_at_3_diff1": 0.638369,
        "nauc_recall_at_5_max": 0.543463,
        "nauc_recall_at_5_std": 0.183055,
        "nauc_recall_at_5_diff1": 0.620997,
        "nauc_recall_at_10_max": 0.656928,
        "nauc_recall_at_10_std": 0.325492,
        "nauc_recall_at_10_diff1": 0.614432,
        "nauc_recall_at_20_max": 0.768592,
        "nauc_recall_at_20_std": 0.501972,
        "nauc_recall_at_20_diff1": 0.6198,
        "nauc_recall_at_100_max": 0.852528,
        "nauc_recall_at_100_std": 0.721258,
        "nauc_recall_at_100_diff1": 0.664837,
        "nauc_recall_at_1000_max": 0.934641,
        "nauc_recall_at_1000_std": 1.0,
        "nauc_recall_at_1000_diff1": 0.777085,
        "nauc_precision_at_1_max": 0.372954,
        "nauc_precision_at_1_std": 0.023519,
        "nauc_precision_at_1_diff1": 0.698816,
        "nauc_precision_at_3_max": 0.479514,
        "nauc_precision_at_3_std": 0.108474,
        "nauc_precision_at_3_diff1": 0.638369,
        "nauc_precision_at_5_max": 0.543463,
        "nauc_precision_at_5_std": 0.183055,
        "nauc_precision_at_5_diff1": 0.620997,
        "nauc_precision_at_10_max": 0.656928,
        "nauc_precision_at_10_std": 0.325492,
        "nauc_precision_at_10_diff1": 0.614432,
        "nauc_precision_at_20_max": 0.768592,
        "nauc_precision_at_20_std": 0.501972,
        "nauc_precision_at_20_diff1": 0.6198,
        "nauc_precision_at_100_max": 0.852528,
        "nauc_precision_at_100_std": 0.721258,
        "nauc_precision_at_100_diff1": 0.664837,
        "nauc_precision_at_1000_max": 0.934641,
        "nauc_precision_at_1000_std": 1.0,
        "nauc_precision_at_1000_diff1": 0.777085,
        "nauc_mrr_at_1_max": 0.372954,
        "nauc_mrr_at_1_std": 0.023519,
        "nauc_mrr_at_1_diff1": 0.698816,
        "nauc_mrr_at_3_max": 0.412704,
        "nauc_mrr_at_3_std": 0.056204,
        "nauc_mrr_at_3_diff1": 0.673542,
        "nauc_mrr_at_5_max": 0.419457,
        "nauc_mrr_at_5_std": 0.065059,
        "nauc_mrr_at_5_diff1": 0.672136,
        "nauc_mrr_at_10_max": 0.423352,
        "nauc_mrr_at_10_std": 0.07097,
        "nauc_mrr_at_10_diff1": 0.673077,
        "nauc_mrr_at_20_max": 0.423014,
        "nauc_mrr_at_20_std": 0.071794,
        "nauc_mrr_at_20_diff1": 0.673847,
        "nauc_mrr_at_100_max": 0.421485,
        "nauc_mrr_at_100_std": 0.0702,
        "nauc_mrr_at_100_diff1": 0.674254,
        "nauc_mrr_at_1000_max": 0.421277,
        "nauc_mrr_at_1000_std": 0.069896,
        "nauc_mrr_at_1000_diff1": 0.67426,
        "main_score": 0.73927,
        "hf_subset": "default",
        "languages": [
          "tur-Latn"
        ]
      }
    ]
  },
  "evaluation_time": 22.10009002685547,
  "kg_co2_emissions": null
}