{
  "dataset_revision": "main",
  "task_name": "TQuadRetrieval",
  "mteb_version": "1.31.3",
  "scores": {
    "test": [
      {
        "ndcg_at_1": 0.75224,
        "ndcg_at_3": 0.87372,
        "ndcg_at_5": 0.88674,
        "ndcg_at_10": 0.88825,
        "ndcg_at_20": 0.88999,
        "ndcg_at_100": 0.89085,
        "ndcg_at_1000": 0.89085,
        "map_at_1": 0.75224,
        "map_at_3": 0.84604,
        "map_at_5": 0.85333,
        "map_at_10": 0.85398,
        "map_at_20": 0.85448,
        "map_at_100": 0.85461,
        "map_at_1000": 0.85461,
        "recall_at_1": 0.75224,
        "recall_at_3": 0.95291,
        "recall_at_5": 0.9843,
        "recall_at_10": 0.98879,
        "recall_at_20": 0.99552,
        "recall_at_100": 1.0,
        "recall_at_1000": 1.0,
        "precision_at_1": 0.75224,
        "precision_at_3": 0.31764,
        "precision_at_5": 0.19686,
        "precision_at_10": 0.09888,
        "precision_at_20": 0.04978,
        "precision_at_100": 0.01,
        "precision_at_1000": 0.001,
        "mrr_at_1": 0.753363,
        "mrr_at_3": 0.846973,
        "mrr_at_5": 0.85398,
        "mrr_at_10": 0.854638,
        "mrr_at_20": 0.855133,
        "mrr_at_100": 0.855265,
        "mrr_at_1000": 0.855265,
        "nauc_ndcg_at_1_max": 0.123463,
        "nauc_ndcg_at_1_std": -0.283774,
        "nauc_ndcg_at_1_diff1": 0.675404,
        "nauc_ndcg_at_3_max": 0.241951,
        "nauc_ndcg_at_3_std": -0.245089,
        "nauc_ndcg_at_3_diff1": 0.666285,
        "nauc_ndcg_at_5_max": 0.213814,
        "nauc_ndcg_at_5_std": -0.245584,
        "nauc_ndcg_at_5_diff1": 0.671501,
        "nauc_ndcg_at_10_max": 0.210487,
        "nauc_ndcg_at_10_std": -0.245046,
        "nauc_ndcg_at_10_diff1": 0.671388,
        "nauc_ndcg_at_20_max": 0.199413,
        "nauc_ndcg_at_20_std": -0.252837,
        "nauc_ndcg_at_20_diff1": 0.669962,
        "nauc_ndcg_at_100_max": 0.192421,
        "nauc_ndcg_at_100_std": -0.259245,
        "nauc_ndcg_at_100_diff1": 0.671079,
        "nauc_ndcg_at_1000_max": 0.192421,
        "nauc_ndcg_at_1000_std": -0.259245,
        "nauc_ndcg_at_1000_diff1": 0.671079,
        "nauc_map_at_1_max": 0.123463,
        "nauc_map_at_1_std": -0.283774,
        "nauc_map_at_1_diff1": 0.675404,
        "nauc_map_at_3_max": 0.202438,
        "nauc_map_at_3_std": -0.259874,
        "nauc_map_at_3_diff1": 0.669101,
        "nauc_map_at_5_max": 0.188519,
        "nauc_map_at_5_std": -0.261413,
        "nauc_map_at_5_diff1": 0.671705,
        "nauc_map_at_10_max": 0.187386,
        "nauc_map_at_10_std": -0.261369,
        "nauc_map_at_10_diff1": 0.671642,
        "nauc_map_at_20_max": 0.18492,
        "nauc_map_at_20_std": -0.263111,
        "nauc_map_at_20_diff1": 0.671389,
        "nauc_map_at_100_max": 0.184106,
        "nauc_map_at_100_std": -0.263817,
        "nauc_map_at_100_diff1": 0.671502,
        "nauc_map_at_1000_max": 0.184106,
        "nauc_map_at_1000_std": -0.263817,
        "nauc_map_at_1000_diff1": 0.671502,
        "nauc_recall_at_1_max": 0.123463,
        "nauc_recall_at_1_std": -0.283774,
        "nauc_recall_at_1_diff1": 0.675404,
        "nauc_recall_at_3_max": 0.576101,
        "nauc_recall_at_3_std": -0.117414,
        "nauc_recall_at_3_diff1": 0.642783,
        "nauc_recall_at_5_max": 0.781679,
        "nauc_recall_at_5_std": 0.148302,
        "nauc_recall_at_5_diff1": 0.672054,
        "nauc_recall_at_10_max": 0.912272,
        "nauc_recall_at_10_std": 0.32403,
        "nauc_recall_at_10_diff1": 0.670879,
        "nauc_recall_at_20_max": 1.0,
        "nauc_recall_at_20_std": 0.497839,
        "nauc_recall_at_20_diff1": 0.534874,
        "nauc_recall_at_100_max": NaN,
        "nauc_recall_at_100_std": NaN,
        "nauc_recall_at_100_diff1": NaN,
        "nauc_recall_at_1000_max": NaN,
        "nauc_recall_at_1000_std": NaN,
        "nauc_recall_at_1000_diff1": NaN,
        "nauc_precision_at_1_max": 0.123463,
        "nauc_precision_at_1_std": -0.283774,
        "nauc_precision_at_1_diff1": 0.675404,
        "nauc_precision_at_3_max": 0.576101,
        "nauc_precision_at_3_std": -0.117414,
        "nauc_precision_at_3_diff1": 0.642783,
        "nauc_precision_at_5_max": 0.781679,
        "nauc_precision_at_5_std": 0.148302,
        "nauc_precision_at_5_diff1": 0.672054,
        "nauc_precision_at_10_max": 0.912272,
        "nauc_precision_at_10_std": 0.32403,
        "nauc_precision_at_10_diff1": 0.670879,
        "nauc_precision_at_20_max": 1.0,
        "nauc_precision_at_20_std": 0.497839,
        "nauc_precision_at_20_diff1": 0.534874,
        "nauc_precision_at_100_max": NaN,
        "nauc_precision_at_100_std": NaN,
        "nauc_precision_at_100_diff1": NaN,
        "nauc_precision_at_1000_max": NaN,
        "nauc_precision_at_1000_std": NaN,
        "nauc_precision_at_1000_diff1": NaN,
        "nauc_mrr_at_1_max": 0.125283,
        "nauc_mrr_at_1_std": -0.280948,
        "nauc_mrr_at_1_diff1": 0.672801,
        "nauc_mrr_at_3_max": 0.20232,
        "nauc_mrr_at_3_std": -0.2586,
        "nauc_mrr_at_3_diff1": 0.666497,
        "nauc_mrr_at_5_max": 0.189748,
        "nauc_mrr_at_5_std": -0.259271,
        "nauc_mrr_at_5_diff1": 0.669396,
        "nauc_mrr_at_10_max": 0.188617,
        "nauc_mrr_at_10_std": -0.259217,
        "nauc_mrr_at_10_diff1": 0.669321,
        "nauc_mrr_at_20_max": 0.186146,
        "nauc_mrr_at_20_std": -0.260958,
        "nauc_mrr_at_20_diff1": 0.669058,
        "nauc_mrr_at_100_max": 0.185331,
        "nauc_mrr_at_100_std": -0.261664,
        "nauc_mrr_at_100_diff1": 0.669169,
        "nauc_mrr_at_1000_max": 0.185331,
        "nauc_mrr_at_1000_std": -0.261664,
        "nauc_mrr_at_1000_diff1": 0.669169,
        "main_score": 0.88825,
        "hf_subset": "default",
        "languages": [
          "tur-Latn"
        ]
      }
    ]
  },
  "evaluation_time": 4.5462939739227295,
  "kg_co2_emissions": null
}