{
  "dataset_revision": "51adfef1c1287aab1d2d91b5bead9bcfb9c68583",
  "task_name": "XQuADRetrieval",
  "mteb_version": "1.31.3",
  "scores": {
    "validation": [
      {
        "ndcg_at_1": 0.88514,
        "ndcg_at_3": 0.93303,
        "ndcg_at_5": 0.93998,
        "ndcg_at_10": 0.94328,
        "ndcg_at_20": 0.94415,
        "ndcg_at_100": 0.94502,
        "ndcg_at_1000": 0.94526,
        "map_at_1": 0.88514,
        "map_at_3": 0.9223,
        "map_at_5": 0.92614,
        "map_at_10": 0.92752,
        "map_at_20": 0.92777,
        "map_at_100": 0.92792,
        "map_at_1000": 0.92793,
        "recall_at_1": 0.88514,
        "recall_at_3": 0.96368,
        "recall_at_5": 0.98057,
        "recall_at_10": 0.99071,
        "recall_at_20": 0.99409,
        "recall_at_100": 0.99831,
        "recall_at_1000": 1.0,
        "precision_at_1": 0.88514,
        "precision_at_3": 0.32123,
        "precision_at_5": 0.19611,
        "precision_at_10": 0.09907,
        "precision_at_20": 0.0497,
        "precision_at_100": 0.00998,
        "precision_at_1000": 0.001,
        "mrr_at_1": 0.885135,
        "mrr_at_3": 0.922297,
        "mrr_at_5": 0.92614,
        "mrr_at_10": 0.927518,
        "mrr_at_20": 0.92777,
        "mrr_at_100": 0.927921,
        "mrr_at_1000": 0.927934,
        "nauc_ndcg_at_1_max": 0.584752,
        "nauc_ndcg_at_1_std": 0.126687,
        "nauc_ndcg_at_1_diff1": 0.898804,
        "nauc_ndcg_at_3_max": 0.696387,
        "nauc_ndcg_at_3_std": 0.258593,
        "nauc_ndcg_at_3_diff1": 0.893402,
        "nauc_ndcg_at_5_max": 0.677737,
        "nauc_ndcg_at_5_std": 0.250094,
        "nauc_ndcg_at_5_diff1": 0.896129,
        "nauc_ndcg_at_10_max": 0.662338,
        "nauc_ndcg_at_10_std": 0.233529,
        "nauc_ndcg_at_10_diff1": 0.893571,
        "nauc_ndcg_at_20_max": 0.658051,
        "nauc_ndcg_at_20_std": 0.22707,
        "nauc_ndcg_at_20_diff1": 0.894166,
        "nauc_ndcg_at_100_max": 0.652581,
        "nauc_ndcg_at_100_std": 0.214705,
        "nauc_ndcg_at_100_diff1": 0.895167,
        "nauc_ndcg_at_1000_max": 0.651036,
        "nauc_ndcg_at_1000_std": 0.211213,
        "nauc_ndcg_at_1000_diff1": 0.895316,
        "nauc_map_at_1_max": 0.584752,
        "nauc_map_at_1_std": 0.126687,
        "nauc_map_at_1_diff1": 0.898804,
        "nauc_map_at_3_max": 0.66072,
        "nauc_map_at_3_std": 0.214381,
        "nauc_map_at_3_diff1": 0.89527,
        "nauc_map_at_5_max": 0.650483,
        "nauc_map_at_5_std": 0.208001,
        "nauc_map_at_5_diff1": 0.896539,
        "nauc_map_at_10_max": 0.644977,
        "nauc_map_at_10_std": 0.202074,
        "nauc_map_at_10_diff1": 0.895748,
        "nauc_map_at_20_max": 0.643957,
        "nauc_map_at_20_std": 0.200518,
        "nauc_map_at_20_diff1": 0.895885,
        "nauc_map_at_100_max": 0.643198,
        "nauc_map_at_100_std": 0.198815,
        "nauc_map_at_100_diff1": 0.895972,
        "nauc_map_at_1000_max": 0.643133,
        "nauc_map_at_1000_std": 0.198669,
        "nauc_map_at_1000_diff1": 0.895978,
        "nauc_recall_at_1_max": 0.584752,
        "nauc_recall_at_1_std": 0.126687,
        "nauc_recall_at_1_diff1": 0.898804,
        "nauc_recall_at_3_max": 0.910349,
        "nauc_recall_at_3_std": 0.525811,
        "nauc_recall_at_3_diff1": 0.882058,
        "nauc_recall_at_5_max": 0.957179,
        "nauc_recall_at_5_std": 0.698482,
        "nauc_recall_at_5_diff1": 0.893352,
        "nauc_recall_at_10_max": 0.974749,
        "nauc_recall_at_10_std": 0.868282,
        "nauc_recall_at_10_diff1": 0.841292,
        "nauc_recall_at_20_max": 1.0,
        "nauc_recall_at_20_std": 1.0,
        "nauc_recall_at_20_diff1": 0.832952,
        "nauc_recall_at_100_max": 1.0,
        "nauc_recall_at_100_std": 1.0,
        "nauc_recall_at_100_diff1": 0.86112,
        "nauc_recall_at_1000_max": NaN,
        "nauc_recall_at_1000_std": NaN,
        "nauc_recall_at_1000_diff1": NaN,
        "nauc_precision_at_1_max": 0.584752,
        "nauc_precision_at_1_std": 0.126687,
        "nauc_precision_at_1_diff1": 0.898804,
        "nauc_precision_at_3_max": 0.910349,
        "nauc_precision_at_3_std": 0.525811,
        "nauc_precision_at_3_diff1": 0.882058,
        "nauc_precision_at_5_max": 0.957179,
        "nauc_precision_at_5_std": 0.698482,
        "nauc_precision_at_5_diff1": 0.893352,
        "nauc_precision_at_10_max": 0.974749,
        "nauc_precision_at_10_std": 0.868282,
        "nauc_precision_at_10_diff1": 0.841292,
        "nauc_precision_at_20_max": 1.0,
        "nauc_precision_at_20_std": 1.0,
        "nauc_precision_at_20_diff1": 0.832952,
        "nauc_precision_at_100_max": 1.0,
        "nauc_precision_at_100_std": 1.0,
        "nauc_precision_at_100_diff1": 0.86112,
        "nauc_precision_at_1000_max": 1.0,
        "nauc_precision_at_1000_std": 1.0,
        "nauc_precision_at_1000_diff1": 1.0,
        "nauc_mrr_at_1_max": 0.584752,
        "nauc_mrr_at_1_std": 0.126687,
        "nauc_mrr_at_1_diff1": 0.898804,
        "nauc_mrr_at_3_max": 0.66072,
        "nauc_mrr_at_3_std": 0.214381,
        "nauc_mrr_at_3_diff1": 0.89527,
        "nauc_mrr_at_5_max": 0.650483,
        "nauc_mrr_at_5_std": 0.208001,
        "nauc_mrr_at_5_diff1": 0.896539,
        "nauc_mrr_at_10_max": 0.644977,
        "nauc_mrr_at_10_std": 0.202074,
        "nauc_mrr_at_10_diff1": 0.895748,
        "nauc_mrr_at_20_max": 0.643957,
        "nauc_mrr_at_20_std": 0.200518,
        "nauc_mrr_at_20_diff1": 0.895885,
        "nauc_mrr_at_100_max": 0.643198,
        "nauc_mrr_at_100_std": 0.198815,
        "nauc_mrr_at_100_diff1": 0.895972,
        "nauc_mrr_at_1000_max": 0.643133,
        "nauc_mrr_at_1000_std": 0.198669,
        "nauc_mrr_at_1000_diff1": 0.895978,
        "main_score": 0.94328,
        "hf_subset": "tr",
        "languages": [
          "tur-Latn"
        ]
      }
    ]
  },
  "evaluation_time": 3.7724642753601074,
  "kg_co2_emissions": null
}