{
  "dataset_revision": "main",
  "task_name": "ArguAnaTR",
  "mteb_version": "1.31.3",
  "scores": {
    "test": [
      {
        "ndcg_at_1": 0.1835,
        "ndcg_at_3": 0.28329,
        "ndcg_at_5": 0.32852,
        "ndcg_at_10": 0.3874,
        "ndcg_at_20": 0.42417,
        "ndcg_at_100": 0.45253,
        "ndcg_at_1000": 0.45914,
        "map_at_1": 0.1835,
        "map_at_3": 0.25771,
        "map_at_5": 0.28271,
        "map_at_10": 0.30699,
        "map_at_20": 0.31723,
        "map_at_100": 0.32145,
        "map_at_1000": 0.32172,
        "recall_at_1": 0.1835,
        "recall_at_3": 0.35775,
        "recall_at_5": 0.46799,
        "recall_at_10": 0.65007,
        "recall_at_20": 0.79445,
        "recall_at_100": 0.9431,
        "recall_at_1000": 0.99431,
        "precision_at_1": 0.1835,
        "precision_at_3": 0.11925,
        "precision_at_5": 0.0936,
        "precision_at_10": 0.06501,
        "precision_at_20": 0.03972,
        "precision_at_100": 0.00943,
        "precision_at_1000": 0.00099,
        "mrr_at_1": 0.184922,
        "mrr_at_3": 0.257942,
        "mrr_at_5": 0.283191,
        "mrr_at_10": 0.307614,
        "mrr_at_20": 0.317852,
        "mrr_at_100": 0.322071,
        "mrr_at_1000": 0.322338,
        "nauc_ndcg_at_1_max": -0.030215,
        "nauc_ndcg_at_1_std": -0.069135,
        "nauc_ndcg_at_1_diff1": 0.12975,
        "nauc_ndcg_at_3_max": -0.00726,
        "nauc_ndcg_at_3_std": -0.078165,
        "nauc_ndcg_at_3_diff1": 0.090264,
        "nauc_ndcg_at_5_max": 0.000689,
        "nauc_ndcg_at_5_std": -0.073823,
        "nauc_ndcg_at_5_diff1": 0.092885,
        "nauc_ndcg_at_10_max": 0.025523,
        "nauc_ndcg_at_10_std": -0.072778,
        "nauc_ndcg_at_10_diff1": 0.107183,
        "nauc_ndcg_at_20_max": 0.035726,
        "nauc_ndcg_at_20_std": -0.048303,
        "nauc_ndcg_at_20_diff1": 0.103866,
        "nauc_ndcg_at_100_max": 0.023893,
        "nauc_ndcg_at_100_std": -0.050217,
        "nauc_ndcg_at_100_diff1": 0.100533,
        "nauc_ndcg_at_1000_max": 0.015725,
        "nauc_ndcg_at_1000_std": -0.058766,
        "nauc_ndcg_at_1000_diff1": 0.10176,
        "nauc_map_at_1_max": -0.030215,
        "nauc_map_at_1_std": -0.069135,
        "nauc_map_at_1_diff1": 0.12975,
        "nauc_map_at_3_max": -0.012106,
        "nauc_map_at_3_std": -0.075674,
        "nauc_map_at_3_diff1": 0.097778,
        "nauc_map_at_5_max": -0.00801,
        "nauc_map_at_5_std": -0.073395,
        "nauc_map_at_5_diff1": 0.098558,
        "nauc_map_at_10_max": 0.001888,
        "nauc_map_at_10_std": -0.073664,
        "nauc_map_at_10_diff1": 0.104948,
        "nauc_map_at_20_max": 0.004059,
        "nauc_map_at_20_std": -0.067091,
        "nauc_map_at_20_diff1": 0.10394,
        "nauc_map_at_100_max": 0.002295,
        "nauc_map_at_100_std": -0.067734,
        "nauc_map_at_100_diff1": 0.103512,
        "nauc_map_at_1000_max": 0.002055,
        "nauc_map_at_1000_std": -0.06794,
        "nauc_map_at_1000_diff1": 0.103534,
        "nauc_recall_at_1_max": -0.030215,
        "nauc_recall_at_1_std": -0.069135,
        "nauc_recall_at_1_diff1": 0.12975,
        "nauc_recall_at_3_max": 0.004915,
        "nauc_recall_at_3_std": -0.084629,
        "nauc_recall_at_3_diff1": 0.071683,
        "nauc_recall_at_5_max": 0.024179,
        "nauc_recall_at_5_std": -0.074301,
        "nauc_recall_at_5_diff1": 0.080024,
        "nauc_recall_at_10_max": 0.110339,
        "nauc_recall_at_10_std": -0.067109,
        "nauc_recall_at_10_diff1": 0.121349,
        "nauc_recall_at_20_max": 0.210284,
        "nauc_recall_at_20_std": 0.071849,
        "nauc_recall_at_20_diff1": 0.110979,
        "nauc_recall_at_100_max": 0.337685,
        "nauc_recall_at_100_std": 0.320294,
        "nauc_recall_at_100_diff1": 0.053339,
        "nauc_recall_at_1000_max": 0.323618,
        "nauc_recall_at_1000_std": 0.548929,
        "nauc_recall_at_1000_diff1": 0.082994,
        "nauc_precision_at_1_max": -0.030215,
        "nauc_precision_at_1_std": -0.069135,
        "nauc_precision_at_1_diff1": 0.12975,
        "nauc_precision_at_3_max": 0.004915,
        "nauc_precision_at_3_std": -0.084629,
        "nauc_precision_at_3_diff1": 0.071683,
        "nauc_precision_at_5_max": 0.024179,
        "nauc_precision_at_5_std": -0.074301,
        "nauc_precision_at_5_diff1": 0.080024,
        "nauc_precision_at_10_max": 0.110339,
        "nauc_precision_at_10_std": -0.067109,
        "nauc_precision_at_10_diff1": 0.121349,
        "nauc_precision_at_20_max": 0.210284,
        "nauc_precision_at_20_std": 0.071849,
        "nauc_precision_at_20_diff1": 0.110979,
        "nauc_precision_at_100_max": 0.337685,
        "nauc_precision_at_100_std": 0.320294,
        "nauc_precision_at_100_diff1": 0.053339,
        "nauc_precision_at_1000_max": 0.323618,
        "nauc_precision_at_1000_std": 0.548929,
        "nauc_precision_at_1000_diff1": 0.082994,
        "nauc_mrr_at_1_max": -0.02734,
        "nauc_mrr_at_1_std": -0.069206,
        "nauc_mrr_at_1_diff1": 0.123736,
        "nauc_mrr_at_3_max": -0.015479,
        "nauc_mrr_at_3_std": -0.07556,
        "nauc_mrr_at_3_diff1": 0.091596,
        "nauc_mrr_at_5_max": -0.010061,
        "nauc_mrr_at_5_std": -0.074342,
        "nauc_mrr_at_5_diff1": 0.093703,
        "nauc_mrr_at_10_max": -0.000363,
        "nauc_mrr_at_10_std": -0.074022,
        "nauc_mrr_at_10_diff1": 0.099493,
        "nauc_mrr_at_20_max": 0.002227,
        "nauc_mrr_at_20_std": -0.067413,
        "nauc_mrr_at_20_diff1": 0.09885,
        "nauc_mrr_at_100_max": 0.000438,
        "nauc_mrr_at_100_std": -0.06806,
        "nauc_mrr_at_100_diff1": 0.098353,
        "nauc_mrr_at_1000_max": 0.000196,
        "nauc_mrr_at_1000_std": -0.068265,
        "nauc_mrr_at_1000_diff1": 0.09837,
        "main_score": 0.3874,
        "hf_subset": "default",
        "languages": [
          "tur-Latn"
        ]
      }
    ]
  },
  "evaluation_time": 78.10334515571594,
  "kg_co2_emissions": null
}