{
  "dataset_revision": "main",
  "task_name": "FiQA2018TR",
  "mteb_version": "1.31.3",
  "scores": {
    "test": [
      {
        "ndcg_at_1": 0.2392,
        "ndcg_at_3": 0.32933,
        "ndcg_at_5": 0.36325,
        "ndcg_at_10": 0.39042,
        "ndcg_at_20": 0.41163,
        "ndcg_at_100": 0.43989,
        "ndcg_at_1000": 0.46322,
        "map_at_1": 0.2392,
        "map_at_3": 0.30761,
        "map_at_5": 0.32621,
        "map_at_10": 0.33754,
        "map_at_20": 0.34343,
        "map_at_100": 0.34707,
        "map_at_1000": 0.34789,
        "recall_at_1": 0.2392,
        "recall_at_3": 0.39198,
        "recall_at_5": 0.47531,
        "recall_at_10": 0.55864,
        "recall_at_20": 0.64198,
        "recall_at_100": 0.79784,
        "recall_at_1000": 0.98457,
        "precision_at_1": 0.2392,
        "precision_at_3": 0.13066,
        "precision_at_5": 0.09506,
        "precision_at_10": 0.05586,
        "precision_at_20": 0.0321,
        "precision_at_100": 0.00798,
        "precision_at_1000": 0.00098,
        "mrr_at_1": 0.239198,
        "mrr_at_3": 0.307613,
        "mrr_at_5": 0.326209,
        "mrr_at_10": 0.33754,
        "mrr_at_20": 0.343428,
        "mrr_at_100": 0.347075,
        "mrr_at_1000": 0.347895,
        "nauc_ndcg_at_1_max": 0.17862,
        "nauc_ndcg_at_1_std": -0.114786,
        "nauc_ndcg_at_1_diff1": 0.447595,
        "nauc_ndcg_at_3_max": 0.185874,
        "nauc_ndcg_at_3_std": -0.104776,
        "nauc_ndcg_at_3_diff1": 0.394071,
        "nauc_ndcg_at_5_max": 0.223359,
        "nauc_ndcg_at_5_std": -0.085919,
        "nauc_ndcg_at_5_diff1": 0.393733,
        "nauc_ndcg_at_10_max": 0.220435,
        "nauc_ndcg_at_10_std": -0.097033,
        "nauc_ndcg_at_10_diff1": 0.384585,
        "nauc_ndcg_at_20_max": 0.213319,
        "nauc_ndcg_at_20_std": -0.099815,
        "nauc_ndcg_at_20_diff1": 0.378953,
        "nauc_ndcg_at_100_max": 0.224641,
        "nauc_ndcg_at_100_std": -0.077949,
        "nauc_ndcg_at_100_diff1": 0.381206,
        "nauc_ndcg_at_1000_max": 0.21495,
        "nauc_ndcg_at_1000_std": -0.087411,
        "nauc_ndcg_at_1000_diff1": 0.387873,
        "nauc_map_at_1_max": 0.17862,
        "nauc_map_at_1_std": -0.114786,
        "nauc_map_at_1_diff1": 0.447595,
        "nauc_map_at_3_max": 0.185594,
        "nauc_map_at_3_std": -0.105084,
        "nauc_map_at_3_diff1": 0.405741,
        "nauc_map_at_5_max": 0.206077,
        "nauc_map_at_5_std": -0.095332,
        "nauc_map_at_5_diff1": 0.405667,
        "nauc_map_at_10_max": 0.204413,
        "nauc_map_at_10_std": -0.100048,
        "nauc_map_at_10_diff1": 0.40179,
        "nauc_map_at_20_max": 0.202527,
        "nauc_map_at_20_std": -0.100801,
        "nauc_map_at_20_diff1": 0.400377,
        "nauc_map_at_100_max": 0.20385,
        "nauc_map_at_100_std": -0.097956,
        "nauc_map_at_100_diff1": 0.400663,
        "nauc_map_at_1000_max": 0.203586,
        "nauc_map_at_1000_std": -0.098188,
        "nauc_map_at_1000_diff1": 0.400949,
        "nauc_recall_at_1_max": 0.17862,
        "nauc_recall_at_1_std": -0.114786,
        "nauc_recall_at_1_diff1": 0.447595,
        "nauc_recall_at_3_max": 0.186107,
        "nauc_recall_at_3_std": -0.104694,
        "nauc_recall_at_3_diff1": 0.362971,
        "nauc_recall_at_5_max": 0.275876,
        "nauc_recall_at_5_std": -0.057383,
        "nauc_recall_at_5_diff1": 0.361262,
        "nauc_recall_at_10_max": 0.272071,
        "nauc_recall_at_10_std": -0.089744,
        "nauc_recall_at_10_diff1": 0.331482,
        "nauc_recall_at_20_max": 0.24643,
        "nauc_recall_at_20_std": -0.101081,
        "nauc_recall_at_20_diff1": 0.300214,
        "nauc_recall_at_100_max": 0.36284,
        "nauc_recall_at_100_std": 0.086287,
        "nauc_recall_at_100_diff1": 0.281168,
        "nauc_recall_at_1000_max": 0.389327,
        "nauc_recall_at_1000_std": 0.439011,
        "nauc_recall_at_1000_diff1": 0.096245,
        "nauc_precision_at_1_max": 0.17862,
        "nauc_precision_at_1_std": -0.114786,
        "nauc_precision_at_1_diff1": 0.447595,
        "nauc_precision_at_3_max": 0.186107,
        "nauc_precision_at_3_std": -0.104694,
        "nauc_precision_at_3_diff1": 0.362971,
        "nauc_precision_at_5_max": 0.275876,
        "nauc_precision_at_5_std": -0.057383,
        "nauc_precision_at_5_diff1": 0.361262,
        "nauc_precision_at_10_max": 0.272071,
        "nauc_precision_at_10_std": -0.089744,
        "nauc_precision_at_10_diff1": 0.331482,
        "nauc_precision_at_20_max": 0.24643,
        "nauc_precision_at_20_std": -0.101081,
        "nauc_precision_at_20_diff1": 0.300214,
        "nauc_precision_at_100_max": 0.36284,
        "nauc_precision_at_100_std": 0.086287,
        "nauc_precision_at_100_diff1": 0.281168,
        "nauc_precision_at_1000_max": 0.389327,
        "nauc_precision_at_1000_std": 0.439011,
        "nauc_precision_at_1000_diff1": 0.096245,
        "nauc_mrr_at_1_max": 0.17862,
        "nauc_mrr_at_1_std": -0.114786,
        "nauc_mrr_at_1_diff1": 0.447595,
        "nauc_mrr_at_3_max": 0.185594,
        "nauc_mrr_at_3_std": -0.105084,
        "nauc_mrr_at_3_diff1": 0.405741,
        "nauc_mrr_at_5_max": 0.206077,
        "nauc_mrr_at_5_std": -0.095332,
        "nauc_mrr_at_5_diff1": 0.405667,
        "nauc_mrr_at_10_max": 0.204413,
        "nauc_mrr_at_10_std": -0.100048,
        "nauc_mrr_at_10_diff1": 0.40179,
        "nauc_mrr_at_20_max": 0.202527,
        "nauc_mrr_at_20_std": -0.100801,
        "nauc_mrr_at_20_diff1": 0.400377,
        "nauc_mrr_at_100_max": 0.20385,
        "nauc_mrr_at_100_std": -0.097956,
        "nauc_mrr_at_100_diff1": 0.400663,
        "nauc_mrr_at_1000_max": 0.203586,
        "nauc_mrr_at_1000_std": -0.098188,
        "nauc_mrr_at_1000_diff1": 0.400949,
        "main_score": 0.39042,
        "hf_subset": "default",
        "languages": [
          "tur-Latn"
        ]
      }
    ]
  },
  "evaluation_time": 13.394152879714966,
  "kg_co2_emissions": null
}