{
  "dataset_revision": "main",
  "task_name": "MSMarcoTRRetrieval",
  "mteb_version": "1.31.3",
  "scores": {
    "test": [
      {
        "ndcg_at_1": 0.51051,
        "ndcg_at_3": 0.53416,
        "ndcg_at_5": 0.53894,
        "ndcg_at_10": 0.54339,
        "ndcg_at_20": 0.5449,
        "ndcg_at_100": 0.54729,
        "ndcg_at_1000": 0.54818,
        "map_at_1": 0.51051,
        "map_at_3": 0.52861,
        "map_at_5": 0.53122,
        "map_at_10": 0.53307,
        "map_at_20": 0.5335,
        "map_at_100": 0.53385,
        "map_at_1000": 0.53389,
        "recall_at_1": 0.51051,
        "recall_at_3": 0.55012,
        "recall_at_5": 0.56186,
        "recall_at_10": 0.57555,
        "recall_at_20": 0.58142,
        "recall_at_100": 0.59413,
        "recall_at_1000": 0.60098,
        "precision_at_1": 0.51051,
        "precision_at_3": 0.18337,
        "precision_at_5": 0.11237,
        "precision_at_10": 0.05756,
        "precision_at_20": 0.02907,
        "precision_at_100": 0.00594,
        "precision_at_1000": 0.0006,
        "mrr_at_1": 0.510513,
        "mrr_at_3": 0.528606,
        "mrr_at_5": 0.531222,
        "mrr_at_10": 0.533075,
        "mrr_at_20": 0.533502,
        "mrr_at_100": 0.533854,
        "mrr_at_1000": 0.533889,
        "nauc_ndcg_at_1_max": 0.836882,
        "nauc_ndcg_at_1_std": 0.201041,
        "nauc_ndcg_at_1_diff1": 0.858064,
        "nauc_ndcg_at_3_max": 0.837955,
        "nauc_ndcg_at_3_std": 0.221042,
        "nauc_ndcg_at_3_diff1": 0.833657,
        "nauc_ndcg_at_5_max": 0.833399,
        "nauc_ndcg_at_5_std": 0.221301,
        "nauc_ndcg_at_5_diff1": 0.828947,
        "nauc_ndcg_at_10_max": 0.828453,
        "nauc_ndcg_at_10_std": 0.218997,
        "nauc_ndcg_at_10_diff1": 0.82413,
        "nauc_ndcg_at_20_max": 0.826781,
        "nauc_ndcg_at_20_std": 0.218863,
        "nauc_ndcg_at_20_diff1": 0.822359,
        "nauc_ndcg_at_100_max": 0.823148,
        "nauc_ndcg_at_100_std": 0.216185,
        "nauc_ndcg_at_100_diff1": 0.82014,
        "nauc_ndcg_at_1000_max": 0.821762,
        "nauc_ndcg_at_1000_std": 0.214839,
        "nauc_ndcg_at_1000_diff1": 0.819393,
        "nauc_map_at_1_max": 0.836882,
        "nauc_map_at_1_std": 0.201041,
        "nauc_map_at_1_diff1": 0.858064,
        "nauc_map_at_3_max": 0.838183,
        "nauc_map_at_3_std": 0.216581,
        "nauc_map_at_3_diff1": 0.83959,
        "nauc_map_at_5_max": 0.835729,
        "nauc_map_at_5_std": 0.216799,
        "nauc_map_at_5_diff1": 0.837074,
        "nauc_map_at_10_max": 0.833696,
        "nauc_map_at_10_std": 0.215835,
        "nauc_map_at_10_diff1": 0.835107,
        "nauc_map_at_20_max": 0.833225,
        "nauc_map_at_20_std": 0.215794,
        "nauc_map_at_20_diff1": 0.834624,
        "nauc_map_at_100_max": 0.83273,
        "nauc_map_at_100_std": 0.215506,
        "nauc_map_at_100_diff1": 0.83435,
        "nauc_map_at_1000_max": 0.832677,
        "nauc_map_at_1000_std": 0.215452,
        "nauc_map_at_1000_diff1": 0.834326,
        "nauc_recall_at_1_max": 0.836882,
        "nauc_recall_at_1_std": 0.201041,
        "nauc_recall_at_1_diff1": 0.858064,
        "nauc_recall_at_3_max": 0.837075,
        "nauc_recall_at_3_std": 0.234023,
        "nauc_recall_at_3_diff1": 0.816167,
        "nauc_recall_at_5_max": 0.825498,
        "nauc_recall_at_5_std": 0.234456,
        "nauc_recall_at_5_diff1": 0.803965,
        "nauc_recall_at_10_max": 0.809631,
        "nauc_recall_at_10_std": 0.227334,
        "nauc_recall_at_10_diff1": 0.788251,
        "nauc_recall_at_20_max": 0.802789,
        "nauc_recall_at_20_std": 0.226863,
        "nauc_recall_at_20_diff1": 0.780788,
        "nauc_recall_at_100_max": 0.781743,
        "nauc_recall_at_100_std": 0.21056,
        "nauc_recall_at_100_diff1": 0.767149,
        "nauc_recall_at_1000_max": 0.769887,
        "nauc_recall_at_1000_std": 0.199483,
        "nauc_recall_at_1000_diff1": 0.760301,
        "nauc_precision_at_1_max": 0.836882,
        "nauc_precision_at_1_std": 0.201041,
        "nauc_precision_at_1_diff1": 0.858064,
        "nauc_precision_at_3_max": 0.837075,
        "nauc_precision_at_3_std": 0.234023,
        "nauc_precision_at_3_diff1": 0.816167,
        "nauc_precision_at_5_max": 0.825498,
        "nauc_precision_at_5_std": 0.234456,
        "nauc_precision_at_5_diff1": 0.803965,
        "nauc_precision_at_10_max": 0.809631,
        "nauc_precision_at_10_std": 0.227334,
        "nauc_precision_at_10_diff1": 0.788251,
        "nauc_precision_at_20_max": 0.802789,
        "nauc_precision_at_20_std": 0.226863,
        "nauc_precision_at_20_diff1": 0.780788,
        "nauc_precision_at_100_max": 0.781743,
        "nauc_precision_at_100_std": 0.21056,
        "nauc_precision_at_100_diff1": 0.767149,
        "nauc_precision_at_1000_max": 0.769887,
        "nauc_precision_at_1000_std": 0.199483,
        "nauc_precision_at_1000_diff1": 0.760301,
        "nauc_mrr_at_1_max": 0.836882,
        "nauc_mrr_at_1_std": 0.201041,
        "nauc_mrr_at_1_diff1": 0.858064,
        "nauc_mrr_at_3_max": 0.838183,
        "nauc_mrr_at_3_std": 0.216581,
        "nauc_mrr_at_3_diff1": 0.83959,
        "nauc_mrr_at_5_max": 0.835729,
        "nauc_mrr_at_5_std": 0.216799,
        "nauc_mrr_at_5_diff1": 0.837074,
        "nauc_mrr_at_10_max": 0.833696,
        "nauc_mrr_at_10_std": 0.215835,
        "nauc_mrr_at_10_diff1": 0.835107,
        "nauc_mrr_at_20_max": 0.833225,
        "nauc_mrr_at_20_std": 0.215794,
        "nauc_mrr_at_20_diff1": 0.834624,
        "nauc_mrr_at_100_max": 0.83273,
        "nauc_mrr_at_100_std": 0.215506,
        "nauc_mrr_at_100_diff1": 0.83435,
        "nauc_mrr_at_1000_max": 0.832677,
        "nauc_mrr_at_1000_std": 0.215452,
        "nauc_mrr_at_1000_diff1": 0.834326,
        "main_score": 0.54339,
        "hf_subset": "default",
        "languages": [
          "tur-Latn"
        ]
      }
    ]
  },
  "evaluation_time": 8.176731824874878,
  "kg_co2_emissions": null
}