{
  "dataset_revision": "main",
  "task_name": "NFCorpusTR",
  "mteb_version": "1.31.3",
  "scores": {
    "test": [
      {
        "ndcg_at_1": 0.05512,
        "ndcg_at_3": 0.0808,
        "ndcg_at_5": 0.08402,
        "ndcg_at_10": 0.09193,
        "ndcg_at_20": 0.10031,
        "ndcg_at_100": 0.12822,
        "ndcg_at_1000": 0.19549,
        "map_at_1": 0.05512,
        "map_at_3": 0.07349,
        "map_at_5": 0.07526,
        "map_at_10": 0.07868,
        "map_at_20": 0.08121,
        "map_at_100": 0.08459,
        "map_at_1000": 0.08644,
        "recall_at_1": 0.05512,
        "recall_at_3": 0.10236,
        "recall_at_5": 0.11024,
        "recall_at_10": 0.13386,
        "recall_at_20": 0.16535,
        "recall_at_100": 0.32283,
        "recall_at_1000": 0.8937,
        "precision_at_1": 0.05512,
        "precision_at_3": 0.03412,
        "precision_at_5": 0.02205,
        "precision_at_10": 0.01339,
        "precision_at_20": 0.00827,
        "precision_at_100": 0.00323,
        "precision_at_1000": 0.00089,
        "mrr_at_1": 0.055118,
        "mrr_at_3": 0.073491,
        "mrr_at_5": 0.075262,
        "mrr_at_10": 0.078614,
        "mrr_at_20": 0.081135,
        "mrr_at_100": 0.084521,
        "mrr_at_1000": 0.086372,
        "nauc_ndcg_at_1_max": 0.285347,
        "nauc_ndcg_at_1_std": -0.001577,
        "nauc_ndcg_at_1_diff1": 0.328141,
        "nauc_ndcg_at_3_max": 0.230712,
        "nauc_ndcg_at_3_std": -0.042075,
        "nauc_ndcg_at_3_diff1": 0.212958,
        "nauc_ndcg_at_5_max": 0.219534,
        "nauc_ndcg_at_5_std": -0.025622,
        "nauc_ndcg_at_5_diff1": 0.204926,
        "nauc_ndcg_at_10_max": 0.19072,
        "nauc_ndcg_at_10_std": -0.020053,
        "nauc_ndcg_at_10_diff1": 0.192345,
        "nauc_ndcg_at_20_max": 0.180263,
        "nauc_ndcg_at_20_std": 0.004725,
        "nauc_ndcg_at_20_diff1": 0.154209,
        "nauc_ndcg_at_100_max": 0.200985,
        "nauc_ndcg_at_100_std": 0.059552,
        "nauc_ndcg_at_100_diff1": 0.164366,
        "nauc_ndcg_at_1000_max": 0.202773,
        "nauc_ndcg_at_1000_std": 0.041037,
        "nauc_ndcg_at_1000_diff1": 0.16885,
        "nauc_map_at_1_max": 0.285347,
        "nauc_map_at_1_std": -0.001577,
        "nauc_map_at_1_diff1": 0.328141,
        "nauc_map_at_3_max": 0.241264,
        "nauc_map_at_3_std": -0.034589,
        "nauc_map_at_3_diff1": 0.237439,
        "nauc_map_at_5_max": 0.234371,
        "nauc_map_at_5_std": -0.024284,
        "nauc_map_at_5_diff1": 0.231649,
        "nauc_map_at_10_max": 0.219879,
        "nauc_map_at_10_std": -0.021263,
        "nauc_map_at_10_diff1": 0.224161,
        "nauc_map_at_20_max": 0.215401,
        "nauc_map_at_20_std": -0.01233,
        "nauc_map_at_20_diff1": 0.209587,
        "nauc_map_at_100_max": 0.216399,
        "nauc_map_at_100_std": -0.004491,
        "nauc_map_at_100_diff1": 0.208668,
        "nauc_map_at_1000_max": 0.216766,
        "nauc_map_at_1000_std": -0.004089,
        "nauc_map_at_1000_diff1": 0.208338,
        "nauc_recall_at_1_max": 0.285347,
        "nauc_recall_at_1_std": -0.001577,
        "nauc_recall_at_1_diff1": 0.328141,
        "nauc_recall_at_3_max": 0.208514,
        "nauc_recall_at_3_std": -0.057732,
        "nauc_recall_at_3_diff1": 0.160826,
        "nauc_recall_at_5_max": 0.188149,
        "nauc_recall_at_5_std": -0.026908,
        "nauc_recall_at_5_diff1": 0.149613,
        "nauc_recall_at_10_max": 0.129767,
        "nauc_recall_at_10_std": -0.015756,
        "nauc_recall_at_10_diff1": 0.131203,
        "nauc_recall_at_20_max": 0.113392,
        "nauc_recall_at_20_std": 0.044299,
        "nauc_recall_at_20_diff1": 0.047285,
        "nauc_recall_at_100_max": 0.201631,
        "nauc_recall_at_100_std": 0.199113,
        "nauc_recall_at_100_diff1": 0.116939,
        "nauc_recall_at_1000_max": 0.214812,
        "nauc_recall_at_1000_std": 0.20185,
        "nauc_recall_at_1000_diff1": 0.108424,
        "nauc_precision_at_1_max": 0.285347,
        "nauc_precision_at_1_std": -0.001577,
        "nauc_precision_at_1_diff1": 0.328141,
        "nauc_precision_at_3_max": 0.208514,
        "nauc_precision_at_3_std": -0.057732,
        "nauc_precision_at_3_diff1": 0.160826,
        "nauc_precision_at_5_max": 0.188149,
        "nauc_precision_at_5_std": -0.026908,
        "nauc_precision_at_5_diff1": 0.149613,
        "nauc_precision_at_10_max": 0.129767,
        "nauc_precision_at_10_std": -0.015756,
        "nauc_precision_at_10_diff1": 0.131203,
        "nauc_precision_at_20_max": 0.113392,
        "nauc_precision_at_20_std": 0.044299,
        "nauc_precision_at_20_diff1": 0.047285,
        "nauc_precision_at_100_max": 0.201631,
        "nauc_precision_at_100_std": 0.199113,
        "nauc_precision_at_100_diff1": 0.116939,
        "nauc_precision_at_1000_max": 0.214812,
        "nauc_precision_at_1000_std": 0.20185,
        "nauc_precision_at_1000_diff1": 0.108424,
        "nauc_mrr_at_1_max": 0.285347,
        "nauc_mrr_at_1_std": -0.001577,
        "nauc_mrr_at_1_diff1": 0.328141,
        "nauc_mrr_at_3_max": 0.241264,
        "nauc_mrr_at_3_std": -0.034589,
        "nauc_mrr_at_3_diff1": 0.237439,
        "nauc_mrr_at_5_max": 0.234371,
        "nauc_mrr_at_5_std": -0.024284,
        "nauc_mrr_at_5_diff1": 0.231649,
        "nauc_mrr_at_10_max": 0.220077,
        "nauc_mrr_at_10_std": -0.020984,
        "nauc_mrr_at_10_diff1": 0.224,
        "nauc_mrr_at_20_max": 0.215592,
        "nauc_mrr_at_20_std": -0.012052,
        "nauc_mrr_at_20_diff1": 0.209421,
        "nauc_mrr_at_100_max": 0.216586,
        "nauc_mrr_at_100_std": -0.004221,
        "nauc_mrr_at_100_diff1": 0.208493,
        "nauc_mrr_at_1000_max": 0.216954,
        "nauc_mrr_at_1000_std": -0.003818,
        "nauc_mrr_at_1000_diff1": 0.208162,
        "main_score": 0.09193,
        "hf_subset": "default",
        "languages": [
          "tur-Latn"
        ]
      }
    ]
  },
  "evaluation_time": 18.288952112197876,
  "kg_co2_emissions": null
}