{
  "dataset_revision": "main",
  "task_name": "QuoraRetrievalTR",
  "mteb_version": "1.31.3",
  "scores": {
    "test": [
      {
        "ndcg_at_1": 0.89352,
        "ndcg_at_3": 0.93972,
        "ndcg_at_5": 0.9434,
        "ndcg_at_10": 0.94589,
        "ndcg_at_20": 0.94745,
        "ndcg_at_100": 0.9482,
        "ndcg_at_1000": 0.94873,
        "map_at_1": 0.89352,
        "map_at_3": 0.9292,
        "map_at_5": 0.93128,
        "map_at_10": 0.93231,
        "map_at_20": 0.93276,
        "map_at_100": 0.93287,
        "map_at_1000": 0.9329,
        "recall_at_1": 0.89352,
        "recall_at_3": 0.96981,
        "recall_at_5": 0.97859,
        "recall_at_10": 0.98628,
        "recall_at_20": 0.99232,
        "recall_at_100": 0.99616,
        "recall_at_1000": 1.0,
        "precision_at_1": 0.89352,
        "precision_at_3": 0.32327,
        "precision_at_5": 0.19572,
        "precision_at_10": 0.09863,
        "precision_at_20": 0.04962,
        "precision_at_100": 0.00996,
        "precision_at_1000": 0.001,
        "mrr_at_1": 0.893524,
        "mrr_at_3": 0.929199,
        "mrr_at_5": 0.931284,
        "mrr_at_10": 0.932314,
        "mrr_at_20": 0.932755,
        "mrr_at_100": 0.932875,
        "mrr_at_1000": 0.9329,
        "nauc_ndcg_at_1_max": 0.430712,
        "nauc_ndcg_at_1_std": -0.417868,
        "nauc_ndcg_at_1_diff1": 0.877696,
        "nauc_ndcg_at_3_max": 0.484094,
        "nauc_ndcg_at_3_std": -0.433507,
        "nauc_ndcg_at_3_diff1": 0.879776,
        "nauc_ndcg_at_5_max": 0.477445,
        "nauc_ndcg_at_5_std": -0.43139,
        "nauc_ndcg_at_5_diff1": 0.87514,
        "nauc_ndcg_at_10_max": 0.47099,
        "nauc_ndcg_at_10_std": -0.430105,
        "nauc_ndcg_at_10_diff1": 0.8734,
        "nauc_ndcg_at_20_max": 0.469353,
        "nauc_ndcg_at_20_std": -0.415083,
        "nauc_ndcg_at_20_diff1": 0.871732,
        "nauc_ndcg_at_100_max": 0.461878,
        "nauc_ndcg_at_100_std": -0.419752,
        "nauc_ndcg_at_100_diff1": 0.870674,
        "nauc_ndcg_at_1000_max": 0.461442,
        "nauc_ndcg_at_1000_std": -0.424576,
        "nauc_ndcg_at_1000_diff1": 0.874043,
        "nauc_map_at_1_max": 0.430712,
        "nauc_map_at_1_std": -0.417868,
        "nauc_map_at_1_diff1": 0.877696,
        "nauc_map_at_3_max": 0.464459,
        "nauc_map_at_3_std": -0.429648,
        "nauc_map_at_3_diff1": 0.879065,
        "nauc_map_at_5_max": 0.460888,
        "nauc_map_at_5_std": -0.42866,
        "nauc_map_at_5_diff1": 0.876894,
        "nauc_map_at_10_max": 0.458083,
        "nauc_map_at_10_std": -0.429264,
        "nauc_map_at_10_diff1": 0.87634,
        "nauc_map_at_20_max": 0.457527,
        "nauc_map_at_20_std": -0.425866,
        "nauc_map_at_20_diff1": 0.875962,
        "nauc_map_at_100_max": 0.456602,
        "nauc_map_at_100_std": -0.42642,
        "nauc_map_at_100_diff1": 0.875838,
        "nauc_map_at_1000_max": 0.45658,
        "nauc_map_at_1000_std": -0.42661,
        "nauc_map_at_1000_diff1": 0.875967,
        "nauc_recall_at_1_max": 0.430712,
        "nauc_recall_at_1_std": -0.417868,
        "nauc_recall_at_1_diff1": 0.877696,
        "nauc_recall_at_3_max": 0.616485,
        "nauc_recall_at_3_std": -0.457733,
        "nauc_recall_at_3_diff1": 0.884519,
        "nauc_recall_at_5_max": 0.627438,
        "nauc_recall_at_5_std": -0.452866,
        "nauc_recall_at_5_diff1": 0.85725,
        "nauc_recall_at_10_max": 0.644031,
        "nauc_recall_at_10_std": -0.421406,
        "nauc_recall_at_10_diff1": 0.826321,
        "nauc_recall_at_20_max": 0.743201,
        "nauc_recall_at_20_std": -0.021903,
        "nauc_recall_at_20_diff1": 0.747039,
        "nauc_recall_at_100_max": 0.505074,
        "nauc_recall_at_100_std": 0.041971,
        "nauc_recall_at_100_diff1": 0.550094,
        "nauc_recall_at_1000_max": NaN,
        "nauc_recall_at_1000_std": NaN,
        "nauc_recall_at_1000_diff1": NaN,
        "nauc_precision_at_1_max": 0.430712,
        "nauc_precision_at_1_std": -0.417868,
        "nauc_precision_at_1_diff1": 0.877696,
        "nauc_precision_at_3_max": 0.616485,
        "nauc_precision_at_3_std": -0.457733,
        "nauc_precision_at_3_diff1": 0.884519,
        "nauc_precision_at_5_max": 0.627438,
        "nauc_precision_at_5_std": -0.452866,
        "nauc_precision_at_5_diff1": 0.85725,
        "nauc_precision_at_10_max": 0.644031,
        "nauc_precision_at_10_std": -0.421406,
        "nauc_precision_at_10_diff1": 0.826321,
        "nauc_precision_at_20_max": 0.743201,
        "nauc_precision_at_20_std": -0.021903,
        "nauc_precision_at_20_diff1": 0.747039,
        "nauc_precision_at_100_max": 0.505074,
        "nauc_precision_at_100_std": 0.041971,
        "nauc_precision_at_100_diff1": 0.550094,
        "nauc_precision_at_1000_max": 1.0,
        "nauc_precision_at_1000_std": 1.0,
        "nauc_precision_at_1000_diff1": 1.0,
        "nauc_mrr_at_1_max": 0.440397,
        "nauc_mrr_at_1_std": -0.417868,
        "nauc_mrr_at_1_diff1": 0.877696,
        "nauc_mrr_at_3_max": 0.471727,
        "nauc_mrr_at_3_std": -0.429648,
        "nauc_mrr_at_3_diff1": 0.879065,
        "nauc_mrr_at_5_max": 0.468378,
        "nauc_mrr_at_5_std": -0.42866,
        "nauc_mrr_at_5_diff1": 0.876894,
        "nauc_mrr_at_10_max": 0.465687,
        "nauc_mrr_at_10_std": -0.429264,
        "nauc_mrr_at_10_diff1": 0.87634,
        "nauc_mrr_at_20_max": 0.465182,
        "nauc_mrr_at_20_std": -0.425866,
        "nauc_mrr_at_20_diff1": 0.875962,
        "nauc_mrr_at_100_max": 0.46427,
        "nauc_mrr_at_100_std": -0.42642,
        "nauc_mrr_at_100_diff1": 0.875838,
        "nauc_mrr_at_1000_max": 0.464251,
        "nauc_mrr_at_1000_std": -0.42661,
        "nauc_mrr_at_1000_diff1": 0.875967,
        "main_score": 0.94589,
        "hf_subset": "default",
        "languages": [
          "tur-Latn"
        ]
      }
    ]
  },
  "evaluation_time": 5.769775152206421,
  "kg_co2_emissions": null
}