{
  "dataset_revision": "main",
  "task_name": "SCIDOCSTR",
  "mteb_version": "1.31.3",
  "scores": {
    "test": [
      {
        "ndcg_at_1": 0.01338,
        "ndcg_at_3": 0.02053,
        "ndcg_at_5": 0.02466,
        "ndcg_at_10": 0.02852,
        "ndcg_at_20": 0.03262,
        "ndcg_at_100": 0.04088,
        "ndcg_at_1000": 0.09191,
        "map_at_1": 0.01338,
        "map_at_3": 0.01877,
        "map_at_5": 0.02105,
        "map_at_10": 0.02259,
        "map_at_20": 0.02379,
        "map_at_100": 0.02479,
        "map_at_1000": 0.02601,
        "recall_at_1": 0.01338,
        "recall_at_3": 0.02564,
        "recall_at_5": 0.03567,
        "recall_at_10": 0.04794,
        "recall_at_20": 0.06355,
        "recall_at_100": 0.11037,
        "recall_at_1000": 0.55518,
        "precision_at_1": 0.01338,
        "precision_at_3": 0.00855,
        "precision_at_5": 0.00713,
        "precision_at_10": 0.00479,
        "precision_at_20": 0.00318,
        "precision_at_100": 0.0011,
        "precision_at_1000": 0.00056,
        "mrr_at_1": 0.013378,
        "mrr_at_3": 0.018766,
        "mrr_at_5": 0.021052,
        "mrr_at_10": 0.022589,
        "mrr_at_20": 0.023789,
        "mrr_at_100": 0.02479,
        "mrr_at_1000": 0.026009,
        "nauc_ndcg_at_1_max": 0.006889,
        "nauc_ndcg_at_1_std": 0.078278,
        "nauc_ndcg_at_1_diff1": 0.132391,
        "nauc_ndcg_at_3_max": 0.109334,
        "nauc_ndcg_at_3_std": 0.151163,
        "nauc_ndcg_at_3_diff1": 0.157206,
        "nauc_ndcg_at_5_max": 0.113288,
        "nauc_ndcg_at_5_std": 0.135534,
        "nauc_ndcg_at_5_diff1": 0.138505,
        "nauc_ndcg_at_10_max": 0.086065,
        "nauc_ndcg_at_10_std": 0.116785,
        "nauc_ndcg_at_10_diff1": 0.11484,
        "nauc_ndcg_at_20_max": 0.134974,
        "nauc_ndcg_at_20_std": 0.166826,
        "nauc_ndcg_at_20_diff1": 0.115213,
        "nauc_ndcg_at_100_max": 0.090542,
        "nauc_ndcg_at_100_std": 0.132925,
        "nauc_ndcg_at_100_diff1": 0.100207,
        "nauc_ndcg_at_1000_max": 0.052132,
        "nauc_ndcg_at_1000_std": 0.081799,
        "nauc_ndcg_at_1000_diff1": 0.065527,
        "nauc_map_at_1_max": 0.006889,
        "nauc_map_at_1_std": 0.078278,
        "nauc_map_at_1_diff1": 0.132391,
        "nauc_map_at_3_max": 0.086751,
        "nauc_map_at_3_std": 0.138506,
        "nauc_map_at_3_diff1": 0.151831,
        "nauc_map_at_5_max": 0.090803,
        "nauc_map_at_5_std": 0.128576,
        "nauc_map_at_5_diff1": 0.14065,
        "nauc_map_at_10_max": 0.07915,
        "nauc_map_at_10_std": 0.12093,
        "nauc_map_at_10_diff1": 0.128281,
        "nauc_map_at_20_max": 0.099163,
        "nauc_map_at_20_std": 0.140226,
        "nauc_map_at_20_diff1": 0.128716,
        "nauc_map_at_100_max": 0.091254,
        "nauc_map_at_100_std": 0.134291,
        "nauc_map_at_100_diff1": 0.126239,
        "nauc_map_at_1000_max": 0.089747,
        "nauc_map_at_1000_std": 0.131267,
        "nauc_map_at_1000_diff1": 0.125568,
        "nauc_recall_at_1_max": 0.006889,
        "nauc_recall_at_1_std": 0.078278,
        "nauc_recall_at_1_diff1": 0.132391,
        "nauc_recall_at_3_max": 0.158534,
        "nauc_recall_at_3_std": 0.177933,
        "nauc_recall_at_3_diff1": 0.168894,
        "nauc_recall_at_5_max": 0.1537,
        "nauc_recall_at_5_std": 0.14698,
        "nauc_recall_at_5_diff1": 0.133269,
        "nauc_recall_at_10_max": 0.090643,
        "nauc_recall_at_10_std": 0.105339,
        "nauc_recall_at_10_diff1": 0.09075,
        "nauc_recall_at_20_max": 0.185176,
        "nauc_recall_at_20_std": 0.207885,
        "nauc_recall_at_20_diff1": 0.094691,
        "nauc_recall_at_100_max": 0.071634,
        "nauc_recall_at_100_std": 0.118916,
        "nauc_recall_at_100_diff1": 0.067609,
        "nauc_recall_at_1000_max": -0.012795,
        "nauc_recall_at_1000_std": 0.010191,
        "nauc_recall_at_1000_diff1": -0.012086,
        "nauc_precision_at_1_max": 0.006889,
        "nauc_precision_at_1_std": 0.078278,
        "nauc_precision_at_1_diff1": 0.132391,
        "nauc_precision_at_3_max": 0.158534,
        "nauc_precision_at_3_std": 0.177933,
        "nauc_precision_at_3_diff1": 0.168894,
        "nauc_precision_at_5_max": 0.1537,
        "nauc_precision_at_5_std": 0.14698,
        "nauc_precision_at_5_diff1": 0.133269,
        "nauc_precision_at_10_max": 0.090643,
        "nauc_precision_at_10_std": 0.105339,
        "nauc_precision_at_10_diff1": 0.09075,
        "nauc_precision_at_20_max": 0.185176,
        "nauc_precision_at_20_std": 0.207885,
        "nauc_precision_at_20_diff1": 0.094691,
        "nauc_precision_at_100_max": 0.071634,
        "nauc_precision_at_100_std": 0.118916,
        "nauc_precision_at_100_diff1": 0.067609,
        "nauc_precision_at_1000_max": -0.012795,
        "nauc_precision_at_1000_std": 0.010191,
        "nauc_precision_at_1000_diff1": -0.012086,
        "nauc_mrr_at_1_max": 0.006889,
        "nauc_mrr_at_1_std": 0.078278,
        "nauc_mrr_at_1_diff1": 0.132391,
        "nauc_mrr_at_3_max": 0.086751,
        "nauc_mrr_at_3_std": 0.138506,
        "nauc_mrr_at_3_diff1": 0.151831,
        "nauc_mrr_at_5_max": 0.090803,
        "nauc_mrr_at_5_std": 0.128576,
        "nauc_mrr_at_5_diff1": 0.14065,
        "nauc_mrr_at_10_max": 0.07915,
        "nauc_mrr_at_10_std": 0.12093,
        "nauc_mrr_at_10_diff1": 0.128281,
        "nauc_mrr_at_20_max": 0.099163,
        "nauc_mrr_at_20_std": 0.140226,
        "nauc_mrr_at_20_diff1": 0.128716,
        "nauc_mrr_at_100_max": 0.091254,
        "nauc_mrr_at_100_std": 0.134291,
        "nauc_mrr_at_100_diff1": 0.126239,
        "nauc_mrr_at_1000_max": 0.089747,
        "nauc_mrr_at_1000_std": 0.131267,
        "nauc_mrr_at_1000_diff1": 0.125568,
        "main_score": 0.02852,
        "hf_subset": "default",
        "languages": [
          "tur-Latn"
        ]
      }
    ]
  },
  "evaluation_time": 19.925374269485474,
  "kg_co2_emissions": null
}