{
  "dataset_revision": "main",
  "task_name": "SciFactTR",
  "mteb_version": "1.31.3",
  "scores": {
    "test": [
      {
        "ndcg_at_1": 0.56667,
        "ndcg_at_3": 0.65063,
        "ndcg_at_5": 0.67129,
        "ndcg_at_10": 0.70423,
        "ndcg_at_20": 0.71578,
        "ndcg_at_100": 0.72991,
        "ndcg_at_1000": 0.73266,
        "map_at_1": 0.56667,
        "map_at_3": 0.63111,
        "map_at_5": 0.64261,
        "map_at_10": 0.65657,
        "map_at_20": 0.65961,
        "map_at_100": 0.6615,
        "map_at_1000": 0.66164,
        "recall_at_1": 0.56667,
        "recall_at_3": 0.70667,
        "recall_at_5": 0.75667,
        "recall_at_10": 0.85667,
        "recall_at_20": 0.90333,
        "recall_at_100": 0.98,
        "recall_at_1000": 1.0,
        "precision_at_1": 0.56667,
        "precision_at_3": 0.23556,
        "precision_at_5": 0.15133,
        "precision_at_10": 0.08567,
        "precision_at_20": 0.04517,
        "precision_at_100": 0.0098,
        "precision_at_1000": 0.001,
        "mrr_at_1": 0.566667,
        "mrr_at_3": 0.631111,
        "mrr_at_5": 0.642611,
        "mrr_at_10": 0.656569,
        "mrr_at_20": 0.659612,
        "mrr_at_100": 0.661504,
        "mrr_at_1000": 0.661637,
        "nauc_ndcg_at_1_max": 0.454225,
        "nauc_ndcg_at_1_std": -0.180482,
        "nauc_ndcg_at_1_diff1": 0.655817,
        "nauc_ndcg_at_3_max": 0.510349,
        "nauc_ndcg_at_3_std": -0.193393,
        "nauc_ndcg_at_3_diff1": 0.64679,
        "nauc_ndcg_at_5_max": 0.51147,
        "nauc_ndcg_at_5_std": -0.189998,
        "nauc_ndcg_at_5_diff1": 0.645124,
        "nauc_ndcg_at_10_max": 0.521564,
        "nauc_ndcg_at_10_std": -0.169187,
        "nauc_ndcg_at_10_diff1": 0.640431,
        "nauc_ndcg_at_20_max": 0.518136,
        "nauc_ndcg_at_20_std": -0.15271,
        "nauc_ndcg_at_20_diff1": 0.645531,
        "nauc_ndcg_at_100_max": 0.513362,
        "nauc_ndcg_at_100_std": -0.156895,
        "nauc_ndcg_at_100_diff1": 0.651089,
        "nauc_ndcg_at_1000_max": 0.510097,
        "nauc_ndcg_at_1000_std": -0.166413,
        "nauc_ndcg_at_1000_diff1": 0.648642,
        "nauc_map_at_1_max": 0.454225,
        "nauc_map_at_1_std": -0.180482,
        "nauc_map_at_1_diff1": 0.655817,
        "nauc_map_at_3_max": 0.498946,
        "nauc_map_at_3_std": -0.188331,
        "nauc_map_at_3_diff1": 0.649676,
        "nauc_map_at_5_max": 0.499577,
        "nauc_map_at_5_std": -0.186004,
        "nauc_map_at_5_diff1": 0.649044,
        "nauc_map_at_10_max": 0.503122,
        "nauc_map_at_10_std": -0.177053,
        "nauc_map_at_10_diff1": 0.647731,
        "nauc_map_at_20_max": 0.50213,
        "nauc_map_at_20_std": -0.173469,
        "nauc_map_at_20_diff1": 0.648804,
        "nauc_map_at_100_max": 0.501807,
        "nauc_map_at_100_std": -0.173724,
        "nauc_map_at_100_diff1": 0.649575,
        "nauc_map_at_1000_max": 0.501702,
        "nauc_map_at_1000_std": -0.174064,
        "nauc_map_at_1000_diff1": 0.649478,
        "nauc_recall_at_1_max": 0.454225,
        "nauc_recall_at_1_std": -0.180482,
        "nauc_recall_at_1_diff1": 0.655817,
        "nauc_recall_at_3_max": 0.546605,
        "nauc_recall_at_3_std": -0.211024,
        "nauc_recall_at_3_diff1": 0.636953,
        "nauc_recall_at_5_max": 0.553915,
        "nauc_recall_at_5_std": -0.206003,
        "nauc_recall_at_5_diff1": 0.629511,
        "nauc_recall_at_10_max": 0.629903,
        "nauc_recall_at_10_std": -0.114417,
        "nauc_recall_at_10_diff1": 0.592137,
        "nauc_recall_at_20_max": 0.643421,
        "nauc_recall_at_20_std": 0.069561,
        "nauc_recall_at_20_diff1": 0.624263,
        "nauc_recall_at_100_max": 0.782991,
        "nauc_recall_at_100_std": 0.607921,
        "nauc_recall_at_100_diff1": 0.842048,
        "nauc_recall_at_1000_max": NaN,
        "nauc_recall_at_1000_std": NaN,
        "nauc_recall_at_1000_diff1": NaN,
        "nauc_precision_at_1_max": 0.454225,
        "nauc_precision_at_1_std": -0.180482,
        "nauc_precision_at_1_diff1": 0.655817,
        "nauc_precision_at_3_max": 0.546605,
        "nauc_precision_at_3_std": -0.211024,
        "nauc_precision_at_3_diff1": 0.636953,
        "nauc_precision_at_5_max": 0.553915,
        "nauc_precision_at_5_std": -0.206003,
        "nauc_precision_at_5_diff1": 0.629511,
        "nauc_precision_at_10_max": 0.629903,
        "nauc_precision_at_10_std": -0.114417,
        "nauc_precision_at_10_diff1": 0.592137,
        "nauc_precision_at_20_max": 0.643421,
        "nauc_precision_at_20_std": 0.069561,
        "nauc_precision_at_20_diff1": 0.624263,
        "nauc_precision_at_100_max": 0.782991,
        "nauc_precision_at_100_std": 0.607921,
        "nauc_precision_at_100_diff1": 0.842048,
        "nauc_precision_at_1000_max": 1.0,
        "nauc_precision_at_1000_std": 1.0,
        "nauc_precision_at_1000_diff1": 1.0,
        "nauc_mrr_at_1_max": 0.454225,
        "nauc_mrr_at_1_std": -0.180482,
        "nauc_mrr_at_1_diff1": 0.655817,
        "nauc_mrr_at_3_max": 0.498946,
        "nauc_mrr_at_3_std": -0.188331,
        "nauc_mrr_at_3_diff1": 0.649676,
        "nauc_mrr_at_5_max": 0.499577,
        "nauc_mrr_at_5_std": -0.186004,
        "nauc_mrr_at_5_diff1": 0.649044,
        "nauc_mrr_at_10_max": 0.503122,
        "nauc_mrr_at_10_std": -0.177053,
        "nauc_mrr_at_10_diff1": 0.647731,
        "nauc_mrr_at_20_max": 0.50213,
        "nauc_mrr_at_20_std": -0.173469,
        "nauc_mrr_at_20_diff1": 0.648804,
        "nauc_mrr_at_100_max": 0.501807,
        "nauc_mrr_at_100_std": -0.173724,
        "nauc_mrr_at_100_diff1": 0.649575,
        "nauc_mrr_at_1000_max": 0.501702,
        "nauc_mrr_at_1000_std": -0.174064,
        "nauc_mrr_at_1000_diff1": 0.649478,
        "main_score": 0.70423,
        "hf_subset": "default",
        "languages": [
          "tur-Latn"
        ]
      }
    ]
  },
  "evaluation_time": 3.917933702468872,
  "kg_co2_emissions": null
}