{
  "dataset_revision": "main",
  "task_name": "SquadTRRetrieval",
  "mteb_version": "1.31.3",
  "scores": {
    "test": [
      {
        "ndcg_at_1": 0.37426,
        "ndcg_at_3": 0.47519,
        "ndcg_at_5": 0.50824,
        "ndcg_at_10": 0.54024,
        "ndcg_at_20": 0.55967,
        "ndcg_at_100": 0.58441,
        "ndcg_at_1000": 0.59274,
        "map_at_1": 0.37426,
        "map_at_3": 0.44995,
        "map_at_5": 0.46828,
        "map_at_10": 0.48157,
        "map_at_20": 0.48697,
        "map_at_100": 0.49053,
        "map_at_1000": 0.49086,
        "recall_at_1": 0.37426,
        "recall_at_3": 0.54843,
        "recall_at_5": 0.62863,
        "recall_at_10": 0.72717,
        "recall_at_20": 0.80352,
        "recall_at_100": 0.93475,
        "recall_at_1000": 0.99928,
        "precision_at_1": 0.37426,
        "precision_at_3": 0.18281,
        "precision_at_5": 0.12573,
        "precision_at_10": 0.07272,
        "precision_at_20": 0.04018,
        "precision_at_100": 0.00935,
        "precision_at_1000": 0.001,
        "mrr_at_1": 0.374261,
        "mrr_at_3": 0.449946,
        "mrr_at_5": 0.468285,
        "mrr_at_10": 0.481568,
        "mrr_at_20": 0.486971,
        "mrr_at_100": 0.490531,
        "mrr_at_1000": 0.490862,
        "nauc_ndcg_at_1_max": 0.329323,
        "nauc_ndcg_at_1_std": 0.084074,
        "nauc_ndcg_at_1_diff1": 0.528883,
        "nauc_ndcg_at_3_max": 0.367968,
        "nauc_ndcg_at_3_std": 0.114063,
        "nauc_ndcg_at_3_diff1": 0.470483,
        "nauc_ndcg_at_5_max": 0.376328,
        "nauc_ndcg_at_5_std": 0.121528,
        "nauc_ndcg_at_5_diff1": 0.465125,
        "nauc_ndcg_at_10_max": 0.395713,
        "nauc_ndcg_at_10_std": 0.140094,
        "nauc_ndcg_at_10_diff1": 0.464342,
        "nauc_ndcg_at_20_max": 0.406363,
        "nauc_ndcg_at_20_std": 0.149866,
        "nauc_ndcg_at_20_diff1": 0.464377,
        "nauc_ndcg_at_100_max": 0.396618,
        "nauc_ndcg_at_100_std": 0.145229,
        "nauc_ndcg_at_100_diff1": 0.473489,
        "nauc_ndcg_at_1000_max": 0.385093,
        "nauc_ndcg_at_1000_std": 0.132261,
        "nauc_ndcg_at_1000_diff1": 0.475416,
        "nauc_map_at_1_max": 0.329323,
        "nauc_map_at_1_std": 0.084074,
        "nauc_map_at_1_diff1": 0.528883,
        "nauc_map_at_3_max": 0.357321,
        "nauc_map_at_3_std": 0.105647,
        "nauc_map_at_3_diff1": 0.484608,
        "nauc_map_at_5_max": 0.361358,
        "nauc_map_at_5_std": 0.109345,
        "nauc_map_at_5_diff1": 0.481946,
        "nauc_map_at_10_max": 0.368624,
        "nauc_map_at_10_std": 0.116216,
        "nauc_map_at_10_diff1": 0.482144,
        "nauc_map_at_20_max": 0.371059,
        "nauc_map_at_20_std": 0.118404,
        "nauc_map_at_20_diff1": 0.482387,
        "nauc_map_at_100_max": 0.369849,
        "nauc_map_at_100_std": 0.117858,
        "nauc_map_at_100_diff1": 0.48355,
        "nauc_map_at_1000_max": 0.36947,
        "nauc_map_at_1000_std": 0.117444,
        "nauc_map_at_1000_diff1": 0.483623,
        "nauc_recall_at_1_max": 0.329323,
        "nauc_recall_at_1_std": 0.084074,
        "nauc_recall_at_1_diff1": 0.528883,
        "nauc_recall_at_3_max": 0.400627,
        "nauc_recall_at_3_std": 0.139937,
        "nauc_recall_at_3_diff1": 0.427916,
        "nauc_recall_at_5_max": 0.427922,
        "nauc_recall_at_5_std": 0.163608,
        "nauc_recall_at_5_diff1": 0.409072,
        "nauc_recall_at_10_max": 0.517761,
        "nauc_recall_at_10_std": 0.248853,
        "nauc_recall_at_10_diff1": 0.391336,
        "nauc_recall_at_20_max": 0.621324,
        "nauc_recall_at_20_std": 0.343649,
        "nauc_recall_at_20_diff1": 0.3692,
        "nauc_recall_at_100_max": 0.771754,
        "nauc_recall_at_100_std": 0.568661,
        "nauc_recall_at_100_diff1": 0.409416,
        "nauc_recall_at_1000_max": 0.807502,
        "nauc_recall_at_1000_std": 0.512585,
        "nauc_recall_at_1000_diff1": 0.209599,
        "nauc_precision_at_1_max": 0.329323,
        "nauc_precision_at_1_std": 0.084074,
        "nauc_precision_at_1_diff1": 0.528883,
        "nauc_precision_at_3_max": 0.400627,
        "nauc_precision_at_3_std": 0.139937,
        "nauc_precision_at_3_diff1": 0.427916,
        "nauc_precision_at_5_max": 0.427922,
        "nauc_precision_at_5_std": 0.163608,
        "nauc_precision_at_5_diff1": 0.409072,
        "nauc_precision_at_10_max": 0.517761,
        "nauc_precision_at_10_std": 0.248853,
        "nauc_precision_at_10_diff1": 0.391336,
        "nauc_precision_at_20_max": 0.621324,
        "nauc_precision_at_20_std": 0.343649,
        "nauc_precision_at_20_diff1": 0.3692,
        "nauc_precision_at_100_max": 0.771754,
        "nauc_precision_at_100_std": 0.568661,
        "nauc_precision_at_100_diff1": 0.409416,
        "nauc_precision_at_1000_max": 0.807502,
        "nauc_precision_at_1000_std": 0.512585,
        "nauc_precision_at_1000_diff1": 0.209599,
        "nauc_mrr_at_1_max": 0.329323,
        "nauc_mrr_at_1_std": 0.084074,
        "nauc_mrr_at_1_diff1": 0.528883,
        "nauc_mrr_at_3_max": 0.357321,
        "nauc_mrr_at_3_std": 0.105647,
        "nauc_mrr_at_3_diff1": 0.484608,
        "nauc_mrr_at_5_max": 0.361358,
        "nauc_mrr_at_5_std": 0.109345,
        "nauc_mrr_at_5_diff1": 0.481946,
        "nauc_mrr_at_10_max": 0.368624,
        "nauc_mrr_at_10_std": 0.116216,
        "nauc_mrr_at_10_diff1": 0.482144,
        "nauc_mrr_at_20_max": 0.371059,
        "nauc_mrr_at_20_std": 0.118404,
        "nauc_mrr_at_20_diff1": 0.482387,
        "nauc_mrr_at_100_max": 0.369849,
        "nauc_mrr_at_100_std": 0.117858,
        "nauc_mrr_at_100_diff1": 0.48355,
        "nauc_mrr_at_1000_max": 0.36947,
        "nauc_mrr_at_1000_std": 0.117444,
        "nauc_mrr_at_1000_diff1": 0.483623,
        "main_score": 0.54024,
        "hf_subset": "default",
        "languages": [
          "tur-Latn"
        ]
      }
    ]
  },
  "evaluation_time": 28.655572175979614,
  "kg_co2_emissions": null
}