{
  "dataset_revision": "main",
  "task_name": "TQuadRetrieval",
  "mteb_version": "1.31.3",
  "scores": {
    "test": [
      {
        "ndcg_at_1": 0.55269,
        "ndcg_at_3": 0.68069,
        "ndcg_at_5": 0.71823,
        "ndcg_at_10": 0.74689,
        "ndcg_at_20": 0.7537,
        "ndcg_at_100": 0.75773,
        "ndcg_at_1000": 0.75853,
        "map_at_1": 0.55269,
        "map_at_3": 0.65004,
        "map_at_5": 0.67095,
        "map_at_10": 0.68342,
        "map_at_20": 0.6853,
        "map_at_100": 0.68581,
        "map_at_1000": 0.68585,
        "recall_at_1": 0.55269,
        "recall_at_3": 0.76906,
        "recall_at_5": 0.85987,
        "recall_at_10": 0.94507,
        "recall_at_20": 0.97197,
        "recall_at_100": 0.99439,
        "recall_at_1000": 1.0,
        "precision_at_1": 0.55269,
        "precision_at_3": 0.25635,
        "precision_at_5": 0.17197,
        "precision_at_10": 0.09451,
        "precision_at_20": 0.0486,
        "precision_at_100": 0.00994,
        "precision_at_1000": 0.001,
        "mrr_at_1": 0.55157,
        "mrr_at_3": 0.649477,
        "mrr_at_5": 0.670441,
        "mrr_at_10": 0.68292,
        "mrr_at_20": 0.684795,
        "mrr_at_100": 0.685303,
        "mrr_at_1000": 0.685347,
        "nauc_ndcg_at_1_max": 0.101795,
        "nauc_ndcg_at_1_std": -0.246858,
        "nauc_ndcg_at_1_diff1": 0.573974,
        "nauc_ndcg_at_3_max": 0.15311,
        "nauc_ndcg_at_3_std": -0.223226,
        "nauc_ndcg_at_3_diff1": 0.522807,
        "nauc_ndcg_at_5_max": 0.15742,
        "nauc_ndcg_at_5_std": -0.215434,
        "nauc_ndcg_at_5_diff1": 0.510599,
        "nauc_ndcg_at_10_max": 0.188848,
        "nauc_ndcg_at_10_std": -0.213688,
        "nauc_ndcg_at_10_diff1": 0.528763,
        "nauc_ndcg_at_20_max": 0.173275,
        "nauc_ndcg_at_20_std": -0.210886,
        "nauc_ndcg_at_20_diff1": 0.526523,
        "nauc_ndcg_at_100_max": 0.159957,
        "nauc_ndcg_at_100_std": -0.218747,
        "nauc_ndcg_at_100_diff1": 0.531674,
        "nauc_ndcg_at_1000_max": 0.156838,
        "nauc_ndcg_at_1000_std": -0.222485,
        "nauc_ndcg_at_1000_diff1": 0.532045,
        "nauc_map_at_1_max": 0.101795,
        "nauc_map_at_1_std": -0.246858,
        "nauc_map_at_1_diff1": 0.573974,
        "nauc_map_at_3_max": 0.139309,
        "nauc_map_at_3_std": -0.231623,
        "nauc_map_at_3_diff1": 0.535275,
        "nauc_map_at_5_max": 0.139916,
        "nauc_map_at_5_std": -0.228392,
        "nauc_map_at_5_diff1": 0.529825,
        "nauc_map_at_10_max": 0.150457,
        "nauc_map_at_10_std": -0.229025,
        "nauc_map_at_10_diff1": 0.536959,
        "nauc_map_at_20_max": 0.146868,
        "nauc_map_at_20_std": -0.228171,
        "nauc_map_at_20_diff1": 0.536462,
        "nauc_map_at_100_max": 0.145572,
        "nauc_map_at_100_std": -0.228961,
        "nauc_map_at_100_diff1": 0.53698,
        "nauc_map_at_1000_max": 0.145438,
        "nauc_map_at_1000_std": -0.229116,
        "nauc_map_at_1000_diff1": 0.536995,
        "nauc_recall_at_1_max": 0.101795,
        "nauc_recall_at_1_std": -0.246858,
        "nauc_recall_at_1_diff1": 0.573974,
        "nauc_recall_at_3_max": 0.205556,
        "nauc_recall_at_3_std": -0.190116,
        "nauc_recall_at_3_diff1": 0.476184,
        "nauc_recall_at_5_max": 0.257096,
        "nauc_recall_at_5_std": -0.139413,
        "nauc_recall_at_5_diff1": 0.40239,
        "nauc_recall_at_10_max": 0.742241,
        "nauc_recall_at_10_std": 0.005623,
        "nauc_recall_at_10_diff1": 0.448614,
        "nauc_recall_at_20_max": 0.836259,
        "nauc_recall_at_20_std": 0.270028,
        "nauc_recall_at_20_diff1": 0.314103,
        "nauc_recall_at_100_max": 0.910832,
        "nauc_recall_at_100_std": 0.687438,
        "nauc_recall_at_100_diff1": 0.439019,
        "nauc_recall_at_1000_max": NaN,
        "nauc_recall_at_1000_std": NaN,
        "nauc_recall_at_1000_diff1": NaN,
        "nauc_precision_at_1_max": 0.101795,
        "nauc_precision_at_1_std": -0.246858,
        "nauc_precision_at_1_diff1": 0.573974,
        "nauc_precision_at_3_max": 0.205556,
        "nauc_precision_at_3_std": -0.190116,
        "nauc_precision_at_3_diff1": 0.476184,
        "nauc_precision_at_5_max": 0.257096,
        "nauc_precision_at_5_std": -0.139413,
        "nauc_precision_at_5_diff1": 0.40239,
        "nauc_precision_at_10_max": 0.742241,
        "nauc_precision_at_10_std": 0.005623,
        "nauc_precision_at_10_diff1": 0.448614,
        "nauc_precision_at_20_max": 0.836259,
        "nauc_precision_at_20_std": 0.270028,
        "nauc_precision_at_20_diff1": 0.314103,
        "nauc_precision_at_100_max": 0.910832,
        "nauc_precision_at_100_std": 0.687438,
        "nauc_precision_at_100_diff1": 0.439019,
        "nauc_precision_at_1000_max": NaN,
        "nauc_precision_at_1000_std": NaN,
        "nauc_precision_at_1000_diff1": NaN,
        "nauc_mrr_at_1_max": 0.101094,
        "nauc_mrr_at_1_std": -0.246145,
        "nauc_mrr_at_1_diff1": 0.576658,
        "nauc_mrr_at_3_max": 0.138864,
        "nauc_mrr_at_3_std": -0.231209,
        "nauc_mrr_at_3_diff1": 0.536903,
        "nauc_mrr_at_5_max": 0.13939,
        "nauc_mrr_at_5_std": -0.227623,
        "nauc_mrr_at_5_diff1": 0.531475,
        "nauc_mrr_at_10_max": 0.149901,
        "nauc_mrr_at_10_std": -0.228219,
        "nauc_mrr_at_10_diff1": 0.538682,
        "nauc_mrr_at_20_max": 0.146309,
        "nauc_mrr_at_20_std": -0.22736,
        "nauc_mrr_at_20_diff1": 0.538198,
        "nauc_mrr_at_100_max": 0.145013,
        "nauc_mrr_at_100_std": -0.228148,
        "nauc_mrr_at_100_diff1": 0.53872,
        "nauc_mrr_at_1000_max": 0.144879,
        "nauc_mrr_at_1000_std": -0.228303,
        "nauc_mrr_at_1000_diff1": 0.538735,
        "main_score": 0.74689,
        "hf_subset": "default",
        "languages": [
          "tur-Latn"
        ]
      }
    ]
  },
  "evaluation_time": 2.4758613109588623,
  "kg_co2_emissions": null
}