{
  "dataset_revision": "51adfef1c1287aab1d2d91b5bead9bcfb9c68583",
  "task_name": "XQuADRetrieval",
  "mteb_version": "1.31.3",
  "scores": {
    "validation": [
      {
        "ndcg_at_1": 0.72551,
        "ndcg_at_3": 0.82609,
        "ndcg_at_5": 0.8447,
        "ndcg_at_10": 0.85229,
        "ndcg_at_20": 0.85596,
        "ndcg_at_100": 0.86,
        "ndcg_at_1000": 0.86024,
        "map_at_1": 0.72551,
        "map_at_3": 0.80208,
        "map_at_5": 0.81251,
        "map_at_10": 0.81576,
        "map_at_20": 0.81679,
        "map_at_100": 0.8174,
        "map_at_1000": 0.81741,
        "recall_at_1": 0.72551,
        "recall_at_3": 0.89527,
        "recall_at_5": 0.94003,
        "recall_at_10": 0.96284,
        "recall_at_20": 0.9772,
        "recall_at_100": 0.99831,
        "recall_at_1000": 1.0,
        "precision_at_1": 0.72551,
        "precision_at_3": 0.29842,
        "precision_at_5": 0.18801,
        "precision_at_10": 0.09628,
        "precision_at_20": 0.04886,
        "precision_at_100": 0.00998,
        "precision_at_1000": 0.001,
        "mrr_at_1": 0.725507,
        "mrr_at_3": 0.802083,
        "mrr_at_5": 0.812514,
        "mrr_at_10": 0.815763,
        "mrr_at_20": 0.816791,
        "mrr_at_100": 0.817396,
        "mrr_at_1000": 0.817409,
        "nauc_ndcg_at_1_max": 0.46166,
        "nauc_ndcg_at_1_std": 0.073413,
        "nauc_ndcg_at_1_diff1": 0.765914,
        "nauc_ndcg_at_3_max": 0.544194,
        "nauc_ndcg_at_3_std": 0.164383,
        "nauc_ndcg_at_3_diff1": 0.722646,
        "nauc_ndcg_at_5_max": 0.554445,
        "nauc_ndcg_at_5_std": 0.158814,
        "nauc_ndcg_at_5_diff1": 0.738502,
        "nauc_ndcg_at_10_max": 0.545771,
        "nauc_ndcg_at_10_std": 0.15319,
        "nauc_ndcg_at_10_diff1": 0.741393,
        "nauc_ndcg_at_20_max": 0.541866,
        "nauc_ndcg_at_20_std": 0.15409,
        "nauc_ndcg_at_20_diff1": 0.747145,
        "nauc_ndcg_at_100_max": 0.531579,
        "nauc_ndcg_at_100_std": 0.14417,
        "nauc_ndcg_at_100_diff1": 0.745906,
        "nauc_ndcg_at_1000_max": 0.530697,
        "nauc_ndcg_at_1000_std": 0.14269,
        "nauc_ndcg_at_1000_diff1": 0.745872,
        "nauc_map_at_1_max": 0.46166,
        "nauc_map_at_1_std": 0.073413,
        "nauc_map_at_1_diff1": 0.765914,
        "nauc_map_at_3_max": 0.523532,
        "nauc_map_at_3_std": 0.141415,
        "nauc_map_at_3_diff1": 0.736488,
        "nauc_map_at_5_max": 0.52751,
        "nauc_map_at_5_std": 0.137636,
        "nauc_map_at_5_diff1": 0.744676,
        "nauc_map_at_10_max": 0.523935,
        "nauc_map_at_10_std": 0.135099,
        "nauc_map_at_10_diff1": 0.746097,
        "nauc_map_at_20_max": 0.523041,
        "nauc_map_at_20_std": 0.135261,
        "nauc_map_at_20_diff1": 0.747461,
        "nauc_map_at_100_max": 0.521843,
        "nauc_map_at_100_std": 0.134192,
        "nauc_map_at_100_diff1": 0.747326,
        "nauc_map_at_1000_max": 0.521807,
        "nauc_map_at_1000_std": 0.134132,
        "nauc_map_at_1000_diff1": 0.747328,
        "nauc_recall_at_1_max": 0.46166,
        "nauc_recall_at_1_std": 0.073413,
        "nauc_recall_at_1_diff1": 0.765914,
        "nauc_recall_at_3_max": 0.642815,
        "nauc_recall_at_3_std": 0.274191,
        "nauc_recall_at_3_diff1": 0.653808,
        "nauc_recall_at_5_max": 0.768778,
        "nauc_recall_at_5_std": 0.320603,
        "nauc_recall_at_5_diff1": 0.694477,
        "nauc_recall_at_10_max": 0.807206,
        "nauc_recall_at_10_std": 0.363138,
        "nauc_recall_at_10_diff1": 0.692038,
        "nauc_recall_at_20_max": 0.878395,
        "nauc_recall_at_20_std": 0.51102,
        "nauc_recall_at_20_diff1": 0.786746,
        "nauc_recall_at_100_max": 1.0,
        "nauc_recall_at_100_std": 0.934665,
        "nauc_recall_at_100_diff1": 0.777107,
        "nauc_recall_at_1000_max": NaN,
        "nauc_recall_at_1000_std": NaN,
        "nauc_recall_at_1000_diff1": NaN,
        "nauc_precision_at_1_max": 0.46166,
        "nauc_precision_at_1_std": 0.073413,
        "nauc_precision_at_1_diff1": 0.765914,
        "nauc_precision_at_3_max": 0.642815,
        "nauc_precision_at_3_std": 0.274191,
        "nauc_precision_at_3_diff1": 0.653808,
        "nauc_precision_at_5_max": 0.768778,
        "nauc_precision_at_5_std": 0.320603,
        "nauc_precision_at_5_diff1": 0.694477,
        "nauc_precision_at_10_max": 0.807206,
        "nauc_precision_at_10_std": 0.363138,
        "nauc_precision_at_10_diff1": 0.692038,
        "nauc_precision_at_20_max": 0.878395,
        "nauc_precision_at_20_std": 0.51102,
        "nauc_precision_at_20_diff1": 0.786746,
        "nauc_precision_at_100_max": 1.0,
        "nauc_precision_at_100_std": 0.934665,
        "nauc_precision_at_100_diff1": 0.777107,
        "nauc_precision_at_1000_max": 1.0,
        "nauc_precision_at_1000_std": 1.0,
        "nauc_precision_at_1000_diff1": 1.0,
        "nauc_mrr_at_1_max": 0.46166,
        "nauc_mrr_at_1_std": 0.073413,
        "nauc_mrr_at_1_diff1": 0.765914,
        "nauc_mrr_at_3_max": 0.523532,
        "nauc_mrr_at_3_std": 0.141415,
        "nauc_mrr_at_3_diff1": 0.736488,
        "nauc_mrr_at_5_max": 0.52751,
        "nauc_mrr_at_5_std": 0.137636,
        "nauc_mrr_at_5_diff1": 0.744676,
        "nauc_mrr_at_10_max": 0.523935,
        "nauc_mrr_at_10_std": 0.135099,
        "nauc_mrr_at_10_diff1": 0.746097,
        "nauc_mrr_at_20_max": 0.523041,
        "nauc_mrr_at_20_std": 0.135261,
        "nauc_mrr_at_20_diff1": 0.747461,
        "nauc_mrr_at_100_max": 0.521843,
        "nauc_mrr_at_100_std": 0.134192,
        "nauc_mrr_at_100_diff1": 0.747326,
        "nauc_mrr_at_1000_max": 0.521807,
        "nauc_mrr_at_1000_std": 0.134132,
        "nauc_mrr_at_1000_diff1": 0.747328,
        "main_score": 0.85229,
        "hf_subset": "tr",
        "languages": [
          "tur-Latn"
        ]
      }
    ]
  },
  "evaluation_time": 2.932960033416748,
  "kg_co2_emissions": null
}