{
  "dataset_revision": "main",
  "task_name": "ArguAnaTR",
  "mteb_version": "1.31.3",
  "scores": {
    "test": [
      {
        "ndcg_at_1": 0.05334,
        "ndcg_at_3": 0.0849,
        "ndcg_at_5": 0.09858,
        "ndcg_at_10": 0.11501,
        "ndcg_at_20": 0.12763,
        "ndcg_at_100": 0.15217,
        "ndcg_at_1000": 0.18562,
        "map_at_1": 0.05334,
        "map_at_3": 0.0767,
        "map_at_5": 0.08423,
        "map_at_10": 0.09094,
        "map_at_20": 0.09442,
        "map_at_100": 0.09771,
        "map_at_1000": 0.09873,
        "recall_at_1": 0.05334,
        "recall_at_3": 0.10882,
        "recall_at_5": 0.14225,
        "recall_at_10": 0.19346,
        "recall_at_20": 0.24324,
        "recall_at_100": 0.37696,
        "recall_at_1000": 0.65434,
        "precision_at_1": 0.05334,
        "precision_at_3": 0.03627,
        "precision_at_5": 0.02845,
        "precision_at_10": 0.01935,
        "precision_at_20": 0.01216,
        "precision_at_100": 0.00377,
        "precision_at_1000": 0.00065,
        "mrr_at_1": 0.054765,
        "mrr_at_3": 0.077525,
        "mrr_at_5": 0.084851,
        "mrr_at_10": 0.091557,
        "mrr_at_20": 0.095038,
        "mrr_at_100": 0.098334,
        "mrr_at_1000": 0.099355,
        "nauc_ndcg_at_1_max": 0.081295,
        "nauc_ndcg_at_1_std": 0.069283,
        "nauc_ndcg_at_1_diff1": 0.124689,
        "nauc_ndcg_at_3_max": 0.065411,
        "nauc_ndcg_at_3_std": 0.067022,
        "nauc_ndcg_at_3_diff1": 0.104839,
        "nauc_ndcg_at_5_max": 0.054379,
        "nauc_ndcg_at_5_std": 0.073184,
        "nauc_ndcg_at_5_diff1": 0.104022,
        "nauc_ndcg_at_10_max": 0.051159,
        "nauc_ndcg_at_10_std": 0.090652,
        "nauc_ndcg_at_10_diff1": 0.087972,
        "nauc_ndcg_at_20_max": 0.058863,
        "nauc_ndcg_at_20_std": 0.098721,
        "nauc_ndcg_at_20_diff1": 0.093011,
        "nauc_ndcg_at_100_max": 0.05039,
        "nauc_ndcg_at_100_std": 0.114473,
        "nauc_ndcg_at_100_diff1": 0.090023,
        "nauc_ndcg_at_1000_max": 0.043699,
        "nauc_ndcg_at_1000_std": 0.114635,
        "nauc_ndcg_at_1000_diff1": 0.093583,
        "nauc_map_at_1_max": 0.081295,
        "nauc_map_at_1_std": 0.069283,
        "nauc_map_at_1_diff1": 0.124689,
        "nauc_map_at_3_max": 0.066279,
        "nauc_map_at_3_std": 0.068763,
        "nauc_map_at_3_diff1": 0.106965,
        "nauc_map_at_5_max": 0.059776,
        "nauc_map_at_5_std": 0.071927,
        "nauc_map_at_5_diff1": 0.106596,
        "nauc_map_at_10_max": 0.05731,
        "nauc_map_at_10_std": 0.080566,
        "nauc_map_at_10_diff1": 0.098428,
        "nauc_map_at_20_max": 0.060416,
        "nauc_map_at_20_std": 0.083243,
        "nauc_map_at_20_diff1": 0.100533,
        "nauc_map_at_100_max": 0.060149,
        "nauc_map_at_100_std": 0.086473,
        "nauc_map_at_100_diff1": 0.100735,
        "nauc_map_at_1000_max": 0.059659,
        "nauc_map_at_1000_std": 0.08657,
        "nauc_map_at_1000_diff1": 0.101041,
        "nauc_recall_at_1_max": 0.081295,
        "nauc_recall_at_1_std": 0.069283,
        "nauc_recall_at_1_diff1": 0.124689,
        "nauc_recall_at_3_max": 0.064162,
        "nauc_recall_at_3_std": 0.063029,
        "nauc_recall_at_3_diff1": 0.100821,
        "nauc_recall_at_5_max": 0.04355,
        "nauc_recall_at_5_std": 0.076216,
        "nauc_recall_at_5_diff1": 0.099344,
        "nauc_recall_at_10_max": 0.041071,
        "nauc_recall_at_10_std": 0.110539,
        "nauc_recall_at_10_diff1": 0.068682,
        "nauc_recall_at_20_max": 0.058396,
        "nauc_recall_at_20_std": 0.128635,
        "nauc_recall_at_20_diff1": 0.080726,
        "nauc_recall_at_100_max": 0.025682,
        "nauc_recall_at_100_std": 0.169711,
        "nauc_recall_at_100_diff1": 0.068462,
        "nauc_recall_at_1000_max": -0.010842,
        "nauc_recall_at_1000_std": 0.180604,
        "nauc_recall_at_1000_diff1": 0.078086,
        "nauc_precision_at_1_max": 0.081295,
        "nauc_precision_at_1_std": 0.069283,
        "nauc_precision_at_1_diff1": 0.124689,
        "nauc_precision_at_3_max": 0.064162,
        "nauc_precision_at_3_std": 0.063029,
        "nauc_precision_at_3_diff1": 0.100821,
        "nauc_precision_at_5_max": 0.04355,
        "nauc_precision_at_5_std": 0.076216,
        "nauc_precision_at_5_diff1": 0.099344,
        "nauc_precision_at_10_max": 0.041071,
        "nauc_precision_at_10_std": 0.110539,
        "nauc_precision_at_10_diff1": 0.068682,
        "nauc_precision_at_20_max": 0.058396,
        "nauc_precision_at_20_std": 0.128635,
        "nauc_precision_at_20_diff1": 0.080726,
        "nauc_precision_at_100_max": 0.025682,
        "nauc_precision_at_100_std": 0.169711,
        "nauc_precision_at_100_diff1": 0.068462,
        "nauc_precision_at_1000_max": -0.010842,
        "nauc_precision_at_1000_std": 0.180604,
        "nauc_precision_at_1000_diff1": 0.078086,
        "nauc_mrr_at_1_max": 0.081746,
        "nauc_mrr_at_1_std": 0.075901,
        "nauc_mrr_at_1_diff1": 0.106512,
        "nauc_mrr_at_3_max": 0.064777,
        "nauc_mrr_at_3_std": 0.068818,
        "nauc_mrr_at_3_diff1": 0.097235,
        "nauc_mrr_at_5_max": 0.058245,
        "nauc_mrr_at_5_std": 0.07355,
        "nauc_mrr_at_5_diff1": 0.098456,
        "nauc_mrr_at_10_max": 0.055857,
        "nauc_mrr_at_10_std": 0.082046,
        "nauc_mrr_at_10_diff1": 0.090636,
        "nauc_mrr_at_20_max": 0.058963,
        "nauc_mrr_at_20_std": 0.084681,
        "nauc_mrr_at_20_diff1": 0.092844,
        "nauc_mrr_at_100_max": 0.058697,
        "nauc_mrr_at_100_std": 0.087874,
        "nauc_mrr_at_100_diff1": 0.093104,
        "nauc_mrr_at_1000_max": 0.058208,
        "nauc_mrr_at_1000_std": 0.087972,
        "nauc_mrr_at_1000_diff1": 0.093399,
        "main_score": 0.11501,
        "hf_subset": "default",
        "languages": [
          "tur-Latn"
        ]
      }
    ]
  },
  "evaluation_time": 220.3545618057251,
  "kg_co2_emissions": null
}