{
  "dataset_revision": "main",
  "task_name": "FiQA2018TR",
  "mteb_version": "1.31.3",
  "scores": {
    "test": [
      {
        "ndcg_at_1": 0.01698,
        "ndcg_at_3": 0.02879,
        "ndcg_at_5": 0.03324,
        "ndcg_at_10": 0.03805,
        "ndcg_at_20": 0.04376,
        "ndcg_at_100": 0.06369,
        "ndcg_at_1000": 0.13126,
        "map_at_1": 0.01698,
        "map_at_3": 0.02546,
        "map_at_5": 0.02793,
        "map_at_10": 0.02981,
        "map_at_20": 0.0313,
        "map_at_100": 0.03382,
        "map_at_1000": 0.03563,
        "recall_at_1": 0.01698,
        "recall_at_3": 0.03858,
        "recall_at_5": 0.04938,
        "recall_at_10": 0.06481,
        "recall_at_20": 0.08796,
        "recall_at_100": 0.19907,
        "recall_at_1000": 0.77623,
        "precision_at_1": 0.01698,
        "precision_at_3": 0.01286,
        "precision_at_5": 0.00988,
        "precision_at_10": 0.00648,
        "precision_at_20": 0.0044,
        "precision_at_100": 0.00199,
        "precision_at_1000": 0.00078,
        "mrr_at_1": 0.016975,
        "mrr_at_3": 0.025463,
        "mrr_at_5": 0.027932,
        "mrr_at_10": 0.029809,
        "mrr_at_20": 0.031301,
        "mrr_at_100": 0.033816,
        "mrr_at_1000": 0.03563,
        "nauc_ndcg_at_1_max": 0.461942,
        "nauc_ndcg_at_1_std": -0.153247,
        "nauc_ndcg_at_1_diff1": 0.433308,
        "nauc_ndcg_at_3_max": 0.430026,
        "nauc_ndcg_at_3_std": -0.060234,
        "nauc_ndcg_at_3_diff1": 0.233696,
        "nauc_ndcg_at_5_max": 0.39483,
        "nauc_ndcg_at_5_std": -0.075017,
        "nauc_ndcg_at_5_diff1": 0.234004,
        "nauc_ndcg_at_10_max": 0.365035,
        "nauc_ndcg_at_10_std": -0.07493,
        "nauc_ndcg_at_10_diff1": 0.228961,
        "nauc_ndcg_at_20_max": 0.321004,
        "nauc_ndcg_at_20_std": -0.082249,
        "nauc_ndcg_at_20_diff1": 0.18345,
        "nauc_ndcg_at_100_max": 0.269435,
        "nauc_ndcg_at_100_std": -0.062326,
        "nauc_ndcg_at_100_diff1": 0.103246,
        "nauc_ndcg_at_1000_max": 0.234662,
        "nauc_ndcg_at_1000_std": -0.070485,
        "nauc_ndcg_at_1000_diff1": 0.118561,
        "nauc_map_at_1_max": 0.461942,
        "nauc_map_at_1_std": -0.153247,
        "nauc_map_at_1_diff1": 0.433308,
        "nauc_map_at_3_max": 0.4325,
        "nauc_map_at_3_std": -0.081644,
        "nauc_map_at_3_diff1": 0.266501,
        "nauc_map_at_5_max": 0.40756,
        "nauc_map_at_5_std": -0.090568,
        "nauc_map_at_5_diff1": 0.262527,
        "nauc_map_at_10_max": 0.391164,
        "nauc_map_at_10_std": -0.08782,
        "nauc_map_at_10_diff1": 0.258814,
        "nauc_map_at_20_max": 0.372617,
        "nauc_map_at_20_std": -0.089443,
        "nauc_map_at_20_diff1": 0.242457,
        "nauc_map_at_100_max": 0.35537,
        "nauc_map_at_100_std": -0.084125,
        "nauc_map_at_100_diff1": 0.221704,
        "nauc_map_at_1000_max": 0.351232,
        "nauc_map_at_1000_std": -0.08484,
        "nauc_map_at_1000_diff1": 0.222451,
        "nauc_recall_at_1_max": 0.461942,
        "nauc_recall_at_1_std": -0.153247,
        "nauc_recall_at_1_diff1": 0.433308,
        "nauc_recall_at_3_max": 0.426039,
        "nauc_recall_at_3_std": -0.017695,
        "nauc_recall_at_3_diff1": 0.171018,
        "nauc_recall_at_5_max": 0.372866,
        "nauc_recall_at_5_std": -0.048685,
        "nauc_recall_at_5_diff1": 0.188227,
        "nauc_recall_at_10_max": 0.323846,
        "nauc_recall_at_10_std": -0.059076,
        "nauc_recall_at_10_diff1": 0.188185,
        "nauc_recall_at_20_max": 0.249319,
        "nauc_recall_at_20_std": -0.079229,
        "nauc_recall_at_20_diff1": 0.102514,
        "nauc_recall_at_100_max": 0.191631,
        "nauc_recall_at_100_std": -0.04296,
        "nauc_recall_at_100_diff1": -0.01681,
        "nauc_recall_at_1000_max": 0.064245,
        "nauc_recall_at_1000_std": -0.063533,
        "nauc_recall_at_1000_diff1": -0.017121,
        "nauc_precision_at_1_max": 0.461942,
        "nauc_precision_at_1_std": -0.153247,
        "nauc_precision_at_1_diff1": 0.433308,
        "nauc_precision_at_3_max": 0.426039,
        "nauc_precision_at_3_std": -0.017695,
        "nauc_precision_at_3_diff1": 0.171018,
        "nauc_precision_at_5_max": 0.372866,
        "nauc_precision_at_5_std": -0.048685,
        "nauc_precision_at_5_diff1": 0.188227,
        "nauc_precision_at_10_max": 0.323846,
        "nauc_precision_at_10_std": -0.059076,
        "nauc_precision_at_10_diff1": 0.188185,
        "nauc_precision_at_20_max": 0.249319,
        "nauc_precision_at_20_std": -0.079229,
        "nauc_precision_at_20_diff1": 0.102514,
        "nauc_precision_at_100_max": 0.191631,
        "nauc_precision_at_100_std": -0.04296,
        "nauc_precision_at_100_diff1": -0.01681,
        "nauc_precision_at_1000_max": 0.064245,
        "nauc_precision_at_1000_std": -0.063533,
        "nauc_precision_at_1000_diff1": -0.017121,
        "nauc_mrr_at_1_max": 0.461942,
        "nauc_mrr_at_1_std": -0.153247,
        "nauc_mrr_at_1_diff1": 0.433308,
        "nauc_mrr_at_3_max": 0.4325,
        "nauc_mrr_at_3_std": -0.081644,
        "nauc_mrr_at_3_diff1": 0.266501,
        "nauc_mrr_at_5_max": 0.40756,
        "nauc_mrr_at_5_std": -0.090568,
        "nauc_mrr_at_5_diff1": 0.262527,
        "nauc_mrr_at_10_max": 0.391164,
        "nauc_mrr_at_10_std": -0.08782,
        "nauc_mrr_at_10_diff1": 0.258814,
        "nauc_mrr_at_20_max": 0.372617,
        "nauc_mrr_at_20_std": -0.089443,
        "nauc_mrr_at_20_diff1": 0.242457,
        "nauc_mrr_at_100_max": 0.35537,
        "nauc_mrr_at_100_std": -0.084125,
        "nauc_mrr_at_100_diff1": 0.221704,
        "nauc_mrr_at_1000_max": 0.351232,
        "nauc_mrr_at_1000_std": -0.08484,
        "nauc_mrr_at_1000_diff1": 0.222451,
        "main_score": 0.03805,
        "hf_subset": "default",
        "languages": [
          "tur-Latn"
        ]
      }
    ]
  },
  "evaluation_time": 40.18109726905823,
  "kg_co2_emissions": null
}