{
  "dataset_revision": "main",
  "task_name": "MSMarcoTRRetrieval",
  "mteb_version": "1.31.3",
  "scores": {
    "test": [
      {
        "ndcg_at_1": 0.09438,
        "ndcg_at_3": 0.13442,
        "ndcg_at_5": 0.14864,
        "ndcg_at_10": 0.16366,
        "ndcg_at_20": 0.1765,
        "ndcg_at_100": 0.19659,
        "ndcg_at_1000": 0.21831,
        "map_at_1": 0.09438,
        "map_at_3": 0.12445,
        "map_at_5": 0.1323,
        "map_at_10": 0.1384,
        "map_at_20": 0.14198,
        "map_at_100": 0.14475,
        "map_at_1000": 0.14542,
        "recall_at_1": 0.09438,
        "recall_at_3": 0.16333,
        "recall_at_5": 0.19804,
        "recall_at_10": 0.24499,
        "recall_at_20": 0.29535,
        "recall_at_100": 0.40391,
        "recall_at_1000": 0.58337,
        "precision_at_1": 0.09438,
        "precision_at_3": 0.05444,
        "precision_at_5": 0.03961,
        "precision_at_10": 0.0245,
        "precision_at_20": 0.01477,
        "precision_at_100": 0.00404,
        "precision_at_1000": 0.00058,
        "mrr_at_1": 0.094377,
        "mrr_at_3": 0.12445,
        "mrr_at_5": 0.132298,
        "mrr_at_10": 0.138396,
        "mrr_at_20": 0.141979,
        "mrr_at_100": 0.144749,
        "mrr_at_1000": 0.145422,
        "nauc_ndcg_at_1_max": 0.280212,
        "nauc_ndcg_at_1_std": -0.195609,
        "nauc_ndcg_at_1_diff1": 0.263609,
        "nauc_ndcg_at_3_max": 0.214195,
        "nauc_ndcg_at_3_std": -0.197886,
        "nauc_ndcg_at_3_diff1": 0.181553,
        "nauc_ndcg_at_5_max": 0.2066,
        "nauc_ndcg_at_5_std": -0.17854,
        "nauc_ndcg_at_5_diff1": 0.170761,
        "nauc_ndcg_at_10_max": 0.203381,
        "nauc_ndcg_at_10_std": -0.165262,
        "nauc_ndcg_at_10_diff1": 0.160231,
        "nauc_ndcg_at_20_max": 0.195717,
        "nauc_ndcg_at_20_std": -0.145895,
        "nauc_ndcg_at_20_diff1": 0.146196,
        "nauc_ndcg_at_100_max": 0.186967,
        "nauc_ndcg_at_100_std": -0.143912,
        "nauc_ndcg_at_100_diff1": 0.140979,
        "nauc_ndcg_at_1000_max": 0.17597,
        "nauc_ndcg_at_1000_std": -0.13424,
        "nauc_ndcg_at_1000_diff1": 0.14454,
        "nauc_map_at_1_max": 0.280212,
        "nauc_map_at_1_std": -0.195609,
        "nauc_map_at_1_diff1": 0.263609,
        "nauc_map_at_3_max": 0.227846,
        "nauc_map_at_3_std": -0.198669,
        "nauc_map_at_3_diff1": 0.197856,
        "nauc_map_at_5_max": 0.222796,
        "nauc_map_at_5_std": -0.186918,
        "nauc_map_at_5_diff1": 0.190782,
        "nauc_map_at_10_max": 0.221428,
        "nauc_map_at_10_std": -0.181154,
        "nauc_map_at_10_diff1": 0.185659,
        "nauc_map_at_20_max": 0.218957,
        "nauc_map_at_20_std": -0.174942,
        "nauc_map_at_20_diff1": 0.180552,
        "nauc_map_at_100_max": 0.217326,
        "nauc_map_at_100_std": -0.174847,
        "nauc_map_at_100_diff1": 0.179696,
        "nauc_map_at_1000_max": 0.21698,
        "nauc_map_at_1000_std": -0.174542,
        "nauc_map_at_1000_diff1": 0.179684,
        "nauc_recall_at_1_max": 0.280212,
        "nauc_recall_at_1_std": -0.195609,
        "nauc_recall_at_1_diff1": 0.263609,
        "nauc_recall_at_3_max": 0.182013,
        "nauc_recall_at_3_std": -0.195638,
        "nauc_recall_at_3_diff1": 0.143331,
        "nauc_recall_at_5_max": 0.171365,
        "nauc_recall_at_5_std": -0.158488,
        "nauc_recall_at_5_diff1": 0.127254,
        "nauc_recall_at_10_max": 0.165575,
        "nauc_recall_at_10_std": -0.127537,
        "nauc_recall_at_10_diff1": 0.106247,
        "nauc_recall_at_20_max": 0.146638,
        "nauc_recall_at_20_std": -0.076081,
        "nauc_recall_at_20_diff1": 0.073301,
        "nauc_recall_at_100_max": 0.118674,
        "nauc_recall_at_100_std": -0.069218,
        "nauc_recall_at_100_diff1": 0.057497,
        "nauc_recall_at_1000_max": 0.03947,
        "nauc_recall_at_1000_std": 0.00161,
        "nauc_recall_at_1000_diff1": 0.075902,
        "nauc_precision_at_1_max": 0.280212,
        "nauc_precision_at_1_std": -0.195609,
        "nauc_precision_at_1_diff1": 0.263609,
        "nauc_precision_at_3_max": 0.182013,
        "nauc_precision_at_3_std": -0.195638,
        "nauc_precision_at_3_diff1": 0.143331,
        "nauc_precision_at_5_max": 0.171365,
        "nauc_precision_at_5_std": -0.158488,
        "nauc_precision_at_5_diff1": 0.127254,
        "nauc_precision_at_10_max": 0.165575,
        "nauc_precision_at_10_std": -0.127537,
        "nauc_precision_at_10_diff1": 0.106247,
        "nauc_precision_at_20_max": 0.146638,
        "nauc_precision_at_20_std": -0.076081,
        "nauc_precision_at_20_diff1": 0.073301,
        "nauc_precision_at_100_max": 0.118674,
        "nauc_precision_at_100_std": -0.069218,
        "nauc_precision_at_100_diff1": 0.057497,
        "nauc_precision_at_1000_max": 0.03947,
        "nauc_precision_at_1000_std": 0.00161,
        "nauc_precision_at_1000_diff1": 0.075902,
        "nauc_mrr_at_1_max": 0.280212,
        "nauc_mrr_at_1_std": -0.195609,
        "nauc_mrr_at_1_diff1": 0.263609,
        "nauc_mrr_at_3_max": 0.227846,
        "nauc_mrr_at_3_std": -0.198669,
        "nauc_mrr_at_3_diff1": 0.197856,
        "nauc_mrr_at_5_max": 0.222796,
        "nauc_mrr_at_5_std": -0.186918,
        "nauc_mrr_at_5_diff1": 0.190782,
        "nauc_mrr_at_10_max": 0.221428,
        "nauc_mrr_at_10_std": -0.181154,
        "nauc_mrr_at_10_diff1": 0.185659,
        "nauc_mrr_at_20_max": 0.218957,
        "nauc_mrr_at_20_std": -0.174942,
        "nauc_mrr_at_20_diff1": 0.180552,
        "nauc_mrr_at_100_max": 0.217326,
        "nauc_mrr_at_100_std": -0.174847,
        "nauc_mrr_at_100_diff1": 0.179696,
        "nauc_mrr_at_1000_max": 0.21698,
        "nauc_mrr_at_1000_std": -0.174542,
        "nauc_mrr_at_1000_diff1": 0.179684,
        "main_score": 0.16366,
        "hf_subset": "default",
        "languages": [
          "tur-Latn"
        ]
      }
    ]
  },
  "evaluation_time": 21.645784616470337,
  "kg_co2_emissions": null
}