{
  "dataset_revision": "main",
  "task_name": "NFCorpusTR",
  "mteb_version": "1.31.3",
  "scores": {
    "test": [
      {
        "ndcg_at_1": 0.0,
        "ndcg_at_3": 0.0,
        "ndcg_at_5": 0.00152,
        "ndcg_at_10": 0.00665,
        "ndcg_at_20": 0.01336,
        "ndcg_at_100": 0.03434,
        "ndcg_at_1000": 0.10157,
        "map_at_1": 0.0,
        "map_at_3": 0.0,
        "map_at_5": 0.00079,
        "map_at_10": 0.00293,
        "map_at_20": 0.00464,
        "map_at_100": 0.00721,
        "map_at_1000": 0.00878,
        "recall_at_1": 0.0,
        "recall_at_3": 0.0,
        "recall_at_5": 0.00394,
        "recall_at_10": 0.01969,
        "recall_at_20": 0.04724,
        "recall_at_100": 0.16535,
        "recall_at_1000": 0.75197,
        "precision_at_1": 0.0,
        "precision_at_3": 0.0,
        "precision_at_5": 0.00079,
        "precision_at_10": 0.00197,
        "precision_at_20": 0.00236,
        "precision_at_100": 0.00165,
        "precision_at_1000": 0.00075,
        "mrr_at_1": 0.0,
        "mrr_at_3": 0.0,
        "mrr_at_5": 0.000787,
        "mrr_at_10": 0.002931,
        "mrr_at_20": 0.00464,
        "mrr_at_100": 0.007203,
        "mrr_at_1000": 0.008781,
        "nauc_ndcg_at_1_max": NaN,
        "nauc_ndcg_at_1_std": NaN,
        "nauc_ndcg_at_1_diff1": NaN,
        "nauc_ndcg_at_3_max": NaN,
        "nauc_ndcg_at_3_std": NaN,
        "nauc_ndcg_at_3_diff1": NaN,
        "nauc_ndcg_at_5_max": -0.204805,
        "nauc_ndcg_at_5_std": 1.0,
        "nauc_ndcg_at_5_diff1": -0.317325,
        "nauc_ndcg_at_10_max": -0.066668,
        "nauc_ndcg_at_10_std": 0.652747,
        "nauc_ndcg_at_10_diff1": 0.131316,
        "nauc_ndcg_at_20_max": -0.009238,
        "nauc_ndcg_at_20_std": 0.287005,
        "nauc_ndcg_at_20_diff1": 0.072564,
        "nauc_ndcg_at_100_max": -0.097768,
        "nauc_ndcg_at_100_std": 0.106181,
        "nauc_ndcg_at_100_diff1": 0.059173,
        "nauc_ndcg_at_1000_max": -0.160143,
        "nauc_ndcg_at_1000_std": 0.11928,
        "nauc_ndcg_at_1000_diff1": 0.126162,
        "nauc_map_at_1_max": NaN,
        "nauc_map_at_1_std": NaN,
        "nauc_map_at_1_diff1": NaN,
        "nauc_map_at_3_max": NaN,
        "nauc_map_at_3_std": NaN,
        "nauc_map_at_3_diff1": NaN,
        "nauc_map_at_5_max": -0.204805,
        "nauc_map_at_5_std": 1.0,
        "nauc_map_at_5_diff1": -0.317325,
        "nauc_map_at_10_max": -0.053639,
        "nauc_map_at_10_std": 0.701086,
        "nauc_map_at_10_diff1": 0.057698,
        "nauc_map_at_20_max": -0.010294,
        "nauc_map_at_20_std": 0.414472,
        "nauc_map_at_20_diff1": 0.040548,
        "nauc_map_at_100_max": -0.071242,
        "nauc_map_at_100_std": 0.272251,
        "nauc_map_at_100_diff1": 0.029571,
        "nauc_map_at_1000_max": -0.083074,
        "nauc_map_at_1000_std": 0.262669,
        "nauc_map_at_1000_diff1": 0.038315,
        "nauc_recall_at_1_max": NaN,
        "nauc_recall_at_1_std": NaN,
        "nauc_recall_at_1_diff1": NaN,
        "nauc_recall_at_3_max": NaN,
        "nauc_recall_at_3_std": NaN,
        "nauc_recall_at_3_diff1": NaN,
        "nauc_recall_at_5_max": -0.204805,
        "nauc_recall_at_5_std": 1.0,
        "nauc_recall_at_5_diff1": -0.317325,
        "nauc_recall_at_10_max": -0.077264,
        "nauc_recall_at_10_std": 0.615613,
        "nauc_recall_at_10_diff1": 0.188099,
        "nauc_recall_at_20_max": -0.009142,
        "nauc_recall_at_20_std": 0.213088,
        "nauc_recall_at_20_diff1": 0.087948,
        "nauc_recall_at_100_max": -0.106713,
        "nauc_recall_at_100_std": 0.047051,
        "nauc_recall_at_100_diff1": 0.07189,
        "nauc_recall_at_1000_max": -0.224979,
        "nauc_recall_at_1000_std": 0.090435,
        "nauc_recall_at_1000_diff1": 0.211056,
        "nauc_precision_at_1_max": NaN,
        "nauc_precision_at_1_std": NaN,
        "nauc_precision_at_1_diff1": NaN,
        "nauc_precision_at_3_max": NaN,
        "nauc_precision_at_3_std": NaN,
        "nauc_precision_at_3_diff1": NaN,
        "nauc_precision_at_5_max": -0.204805,
        "nauc_precision_at_5_std": 1.0,
        "nauc_precision_at_5_diff1": -0.317325,
        "nauc_precision_at_10_max": -0.077264,
        "nauc_precision_at_10_std": 0.615613,
        "nauc_precision_at_10_diff1": 0.188099,
        "nauc_precision_at_20_max": -0.009142,
        "nauc_precision_at_20_std": 0.213088,
        "nauc_precision_at_20_diff1": 0.087948,
        "nauc_precision_at_100_max": -0.106713,
        "nauc_precision_at_100_std": 0.047051,
        "nauc_precision_at_100_diff1": 0.07189,
        "nauc_precision_at_1000_max": -0.224979,
        "nauc_precision_at_1000_std": 0.090435,
        "nauc_precision_at_1000_diff1": 0.211056,
        "nauc_mrr_at_1_max": NaN,
        "nauc_mrr_at_1_std": NaN,
        "nauc_mrr_at_1_diff1": NaN,
        "nauc_mrr_at_3_max": NaN,
        "nauc_mrr_at_3_std": NaN,
        "nauc_mrr_at_3_diff1": NaN,
        "nauc_mrr_at_5_max": -0.204805,
        "nauc_mrr_at_5_std": 1.0,
        "nauc_mrr_at_5_diff1": -0.317325,
        "nauc_mrr_at_10_max": -0.053639,
        "nauc_mrr_at_10_std": 0.701086,
        "nauc_mrr_at_10_diff1": 0.057698,
        "nauc_mrr_at_20_max": -0.010294,
        "nauc_mrr_at_20_std": 0.414472,
        "nauc_mrr_at_20_diff1": 0.040548,
        "nauc_mrr_at_100_max": -0.071206,
        "nauc_mrr_at_100_std": 0.272384,
        "nauc_mrr_at_100_diff1": 0.029622,
        "nauc_mrr_at_1000_max": -0.083042,
        "nauc_mrr_at_1000_std": 0.262796,
        "nauc_mrr_at_1000_diff1": 0.038365,
        "main_score": 0.00665,
        "hf_subset": "default",
        "languages": [
          "tur-Latn"
        ]
      }
    ]
  },
  "evaluation_time": 49.760210275650024,
  "kg_co2_emissions": null
}