{
  "dataset_revision": "main",
  "task_name": "QuoraRetrievalTR",
  "mteb_version": "1.31.3",
  "scores": {
    "test": [
      {
        "ndcg_at_1": 0.72667,
        "ndcg_at_3": 0.78498,
        "ndcg_at_5": 0.79799,
        "ndcg_at_10": 0.81011,
        "ndcg_at_20": 0.81776,
        "ndcg_at_100": 0.82462,
        "ndcg_at_1000": 0.82855,
        "map_at_1": 0.72667,
        "map_at_3": 0.77095,
        "map_at_5": 0.77811,
        "map_at_10": 0.78314,
        "map_at_20": 0.78525,
        "map_at_100": 0.78618,
        "map_at_1000": 0.7863,
        "recall_at_1": 0.72667,
        "recall_at_3": 0.82547,
        "recall_at_5": 0.8573,
        "recall_at_10": 0.89462,
        "recall_at_20": 0.92481,
        "recall_at_100": 0.96213,
        "recall_at_1000": 0.99396,
        "precision_at_1": 0.72667,
        "precision_at_3": 0.27516,
        "precision_at_5": 0.17146,
        "precision_at_10": 0.08946,
        "precision_at_20": 0.04624,
        "precision_at_100": 0.00962,
        "precision_at_1000": 0.00099,
        "mrr_at_1": 0.725576,
        "mrr_at_3": 0.770399,
        "mrr_at_5": 0.777561,
        "mrr_at_10": 0.78259,
        "mrr_at_20": 0.784698,
        "mrr_at_100": 0.785627,
        "mrr_at_1000": 0.785756,
        "nauc_ndcg_at_1_max": 0.606446,
        "nauc_ndcg_at_1_std": -0.067089,
        "nauc_ndcg_at_1_diff1": 0.823418,
        "nauc_ndcg_at_3_max": 0.614783,
        "nauc_ndcg_at_3_std": -0.06443,
        "nauc_ndcg_at_3_diff1": 0.799662,
        "nauc_ndcg_at_5_max": 0.617017,
        "nauc_ndcg_at_5_std": -0.065071,
        "nauc_ndcg_at_5_diff1": 0.793868,
        "nauc_ndcg_at_10_max": 0.617104,
        "nauc_ndcg_at_10_std": -0.05363,
        "nauc_ndcg_at_10_diff1": 0.792906,
        "nauc_ndcg_at_20_max": 0.627259,
        "nauc_ndcg_at_20_std": -0.042856,
        "nauc_ndcg_at_20_diff1": 0.798238,
        "nauc_ndcg_at_100_max": 0.625247,
        "nauc_ndcg_at_100_std": -0.041141,
        "nauc_ndcg_at_100_diff1": 0.800396,
        "nauc_ndcg_at_1000_max": 0.622247,
        "nauc_ndcg_at_1000_std": -0.048944,
        "nauc_ndcg_at_1000_diff1": 0.801323,
        "nauc_map_at_1_max": 0.606446,
        "nauc_map_at_1_std": -0.067089,
        "nauc_map_at_1_diff1": 0.823418,
        "nauc_map_at_3_max": 0.613354,
        "nauc_map_at_3_std": -0.064002,
        "nauc_map_at_3_diff1": 0.805656,
        "nauc_map_at_5_max": 0.614487,
        "nauc_map_at_5_std": -0.064305,
        "nauc_map_at_5_diff1": 0.802809,
        "nauc_map_at_10_max": 0.614569,
        "nauc_map_at_10_std": -0.060092,
        "nauc_map_at_10_diff1": 0.802726,
        "nauc_map_at_20_max": 0.616989,
        "nauc_map_at_20_std": -0.057602,
        "nauc_map_at_20_diff1": 0.804089,
        "nauc_map_at_100_max": 0.616839,
        "nauc_map_at_100_std": -0.057425,
        "nauc_map_at_100_diff1": 0.804472,
        "nauc_map_at_1000_max": 0.616764,
        "nauc_map_at_1000_std": -0.057655,
        "nauc_map_at_1000_diff1": 0.804501,
        "nauc_recall_at_1_max": 0.606446,
        "nauc_recall_at_1_std": -0.067089,
        "nauc_recall_at_1_diff1": 0.823418,
        "nauc_recall_at_3_max": 0.619486,
        "nauc_recall_at_3_std": -0.066589,
        "nauc_recall_at_3_diff1": 0.778308,
        "nauc_recall_at_5_max": 0.62752,
        "nauc_recall_at_5_std": -0.069185,
        "nauc_recall_at_5_diff1": 0.755505,
        "nauc_recall_at_10_max": 0.630201,
        "nauc_recall_at_10_std": -0.011668,
        "nauc_recall_at_10_diff1": 0.73795,
        "nauc_recall_at_20_max": 0.723205,
        "nauc_recall_at_20_std": 0.098885,
        "nauc_recall_at_20_diff1": 0.762908,
        "nauc_recall_at_100_max": 0.763007,
        "nauc_recall_at_100_std": 0.272852,
        "nauc_recall_at_100_diff1": 0.769355,
        "nauc_recall_at_1000_max": 0.838126,
        "nauc_recall_at_1000_std": 0.311794,
        "nauc_recall_at_1000_diff1": 0.787803,
        "nauc_precision_at_1_max": 0.606446,
        "nauc_precision_at_1_std": -0.067089,
        "nauc_precision_at_1_diff1": 0.823418,
        "nauc_precision_at_3_max": 0.619486,
        "nauc_precision_at_3_std": -0.066589,
        "nauc_precision_at_3_diff1": 0.778308,
        "nauc_precision_at_5_max": 0.62752,
        "nauc_precision_at_5_std": -0.069185,
        "nauc_precision_at_5_diff1": 0.755505,
        "nauc_precision_at_10_max": 0.630201,
        "nauc_precision_at_10_std": -0.011668,
        "nauc_precision_at_10_diff1": 0.73795,
        "nauc_precision_at_20_max": 0.723205,
        "nauc_precision_at_20_std": 0.098885,
        "nauc_precision_at_20_diff1": 0.762908,
        "nauc_precision_at_100_max": 0.763007,
        "nauc_precision_at_100_std": 0.272852,
        "nauc_precision_at_100_diff1": 0.769355,
        "nauc_precision_at_1000_max": 0.838126,
        "nauc_precision_at_1000_std": 0.311794,
        "nauc_precision_at_1000_diff1": 0.787803,
        "nauc_mrr_at_1_max": 0.605992,
        "nauc_mrr_at_1_std": -0.069886,
        "nauc_mrr_at_1_diff1": 0.825266,
        "nauc_mrr_at_3_max": 0.613077,
        "nauc_mrr_at_3_std": -0.065633,
        "nauc_mrr_at_3_diff1": 0.806765,
        "nauc_mrr_at_5_max": 0.614199,
        "nauc_mrr_at_5_std": -0.065987,
        "nauc_mrr_at_5_diff1": 0.803957,
        "nauc_mrr_at_10_max": 0.614274,
        "nauc_mrr_at_10_std": -0.061819,
        "nauc_mrr_at_10_diff1": 0.8039,
        "nauc_mrr_at_20_max": 0.616687,
        "nauc_mrr_at_20_std": -0.059353,
        "nauc_mrr_at_20_diff1": 0.805273,
        "nauc_mrr_at_100_max": 0.616536,
        "nauc_mrr_at_100_std": -0.059185,
        "nauc_mrr_at_100_diff1": 0.80566,
        "nauc_mrr_at_1000_max": 0.61646,
        "nauc_mrr_at_1000_std": -0.059415,
        "nauc_mrr_at_1000_diff1": 0.805691,
        "main_score": 0.81011,
        "hf_subset": "default",
        "languages": [
          "tur-Latn"
        ]
      }
    ]
  },
  "evaluation_time": 17.253917694091797,
  "kg_co2_emissions": null
}