{
  "dataset_revision": "main",
  "task_name": "SCIDOCSTR",
  "mteb_version": "1.31.3",
  "scores": {
    "test": [
      {
        "ndcg_at_1": 0.00223,
        "ndcg_at_3": 0.00531,
        "ndcg_at_5": 0.00627,
        "ndcg_at_10": 0.00736,
        "ndcg_at_20": 0.0082,
        "ndcg_at_100": 0.01558,
        "ndcg_at_1000": 0.06788,
        "map_at_1": 0.00223,
        "map_at_3": 0.00446,
        "map_at_5": 0.00502,
        "map_at_10": 0.00547,
        "map_at_20": 0.0057,
        "map_at_100": 0.00654,
        "map_at_1000": 0.00772,
        "recall_at_1": 0.00223,
        "recall_at_3": 0.0078,
        "recall_at_5": 0.01003,
        "recall_at_10": 0.01338,
        "recall_at_20": 0.01672,
        "recall_at_100": 0.05909,
        "recall_at_1000": 0.51951,
        "precision_at_1": 0.00223,
        "precision_at_3": 0.0026,
        "precision_at_5": 0.00201,
        "precision_at_10": 0.00134,
        "precision_at_20": 0.00084,
        "precision_at_100": 0.00059,
        "precision_at_1000": 0.00052,
        "mrr_at_1": 0.00223,
        "mrr_at_3": 0.004459,
        "mrr_at_5": 0.005017,
        "mrr_at_10": 0.005473,
        "mrr_at_20": 0.005698,
        "mrr_at_100": 0.006543,
        "mrr_at_1000": 0.007719,
        "nauc_ndcg_at_1_max": 0.211077,
        "nauc_ndcg_at_1_std": -0.200774,
        "nauc_ndcg_at_1_diff1": -0.158516,
        "nauc_ndcg_at_3_max": 0.012311,
        "nauc_ndcg_at_3_std": 0.145691,
        "nauc_ndcg_at_3_diff1": -0.028847,
        "nauc_ndcg_at_5_max": -0.000412,
        "nauc_ndcg_at_5_std": 0.224768,
        "nauc_ndcg_at_5_diff1": 0.027753,
        "nauc_ndcg_at_10_max": 0.025609,
        "nauc_ndcg_at_10_std": 0.149584,
        "nauc_ndcg_at_10_diff1": 0.006328,
        "nauc_ndcg_at_20_max": -0.008944,
        "nauc_ndcg_at_20_std": 0.15402,
        "nauc_ndcg_at_20_diff1": 0.015584,
        "nauc_ndcg_at_100_max": -0.011435,
        "nauc_ndcg_at_100_std": 0.008707,
        "nauc_ndcg_at_100_diff1": -0.029891,
        "nauc_ndcg_at_1000_max": -0.015601,
        "nauc_ndcg_at_1000_std": 0.003874,
        "nauc_ndcg_at_1000_diff1": -0.029598,
        "nauc_map_at_1_max": 0.211077,
        "nauc_map_at_1_std": -0.200774,
        "nauc_map_at_1_diff1": -0.158516,
        "nauc_map_at_3_max": 0.039966,
        "nauc_map_at_3_std": 0.115164,
        "nauc_map_at_3_diff1": -0.037711,
        "nauc_map_at_5_max": 0.027665,
        "nauc_map_at_5_std": 0.175917,
        "nauc_map_at_5_diff1": 0.00433,
        "nauc_map_at_10_max": 0.040119,
        "nauc_map_at_10_std": 0.137915,
        "nauc_map_at_10_diff1": -0.005865,
        "nauc_map_at_20_max": 0.026889,
        "nauc_map_at_20_std": 0.142804,
        "nauc_map_at_20_diff1": -0.004053,
        "nauc_map_at_100_max": 0.02236,
        "nauc_map_at_100_std": 0.104705,
        "nauc_map_at_100_diff1": -0.014881,
        "nauc_map_at_1000_max": 0.022572,
        "nauc_map_at_1000_std": 0.094976,
        "nauc_map_at_1000_diff1": -0.016805,
        "nauc_recall_at_1_max": 0.211077,
        "nauc_recall_at_1_std": -0.200774,
        "nauc_recall_at_1_diff1": -0.158516,
        "nauc_recall_at_3_max": -0.034163,
        "nauc_recall_at_3_std": 0.193375,
        "nauc_recall_at_3_diff1": -0.015829,
        "nauc_recall_at_5_max": -0.042292,
        "nauc_recall_at_5_std": 0.2975,
        "nauc_recall_at_5_diff1": 0.06339,
        "nauc_recall_at_10_max": 0.011651,
        "nauc_recall_at_10_std": 0.152152,
        "nauc_recall_at_10_diff1": 0.018593,
        "nauc_recall_at_20_max": -0.054977,
        "nauc_recall_at_20_std": 0.153416,
        "nauc_recall_at_20_diff1": 0.040127,
        "nauc_recall_at_100_max": -0.02872,
        "nauc_recall_at_100_std": -0.065994,
        "nauc_recall_at_100_diff1": -0.044313,
        "nauc_recall_at_1000_max": -0.030712,
        "nauc_recall_at_1000_std": -0.017445,
        "nauc_recall_at_1000_diff1": -0.031479,
        "nauc_precision_at_1_max": 0.211077,
        "nauc_precision_at_1_std": -0.200774,
        "nauc_precision_at_1_diff1": -0.158516,
        "nauc_precision_at_3_max": -0.034163,
        "nauc_precision_at_3_std": 0.193375,
        "nauc_precision_at_3_diff1": -0.015829,
        "nauc_precision_at_5_max": -0.042292,
        "nauc_precision_at_5_std": 0.2975,
        "nauc_precision_at_5_diff1": 0.06339,
        "nauc_precision_at_10_max": 0.011651,
        "nauc_precision_at_10_std": 0.152152,
        "nauc_precision_at_10_diff1": 0.018593,
        "nauc_precision_at_20_max": -0.054977,
        "nauc_precision_at_20_std": 0.153416,
        "nauc_precision_at_20_diff1": 0.040127,
        "nauc_precision_at_100_max": -0.02872,
        "nauc_precision_at_100_std": -0.065994,
        "nauc_precision_at_100_diff1": -0.044313,
        "nauc_precision_at_1000_max": -0.030712,
        "nauc_precision_at_1000_std": -0.017445,
        "nauc_precision_at_1000_diff1": -0.031479,
        "nauc_mrr_at_1_max": 0.211077,
        "nauc_mrr_at_1_std": -0.200774,
        "nauc_mrr_at_1_diff1": -0.158516,
        "nauc_mrr_at_3_max": 0.039966,
        "nauc_mrr_at_3_std": 0.115164,
        "nauc_mrr_at_3_diff1": -0.037711,
        "nauc_mrr_at_5_max": 0.027665,
        "nauc_mrr_at_5_std": 0.175917,
        "nauc_mrr_at_5_diff1": 0.00433,
        "nauc_mrr_at_10_max": 0.040119,
        "nauc_mrr_at_10_std": 0.137915,
        "nauc_mrr_at_10_diff1": -0.005865,
        "nauc_mrr_at_20_max": 0.026889,
        "nauc_mrr_at_20_std": 0.142804,
        "nauc_mrr_at_20_diff1": -0.004053,
        "nauc_mrr_at_100_max": 0.02236,
        "nauc_mrr_at_100_std": 0.104705,
        "nauc_mrr_at_100_diff1": -0.014881,
        "nauc_mrr_at_1000_max": 0.022573,
        "nauc_mrr_at_1000_std": 0.094976,
        "nauc_mrr_at_1000_diff1": -0.016805,
        "main_score": 0.00736,
        "hf_subset": "default",
        "languages": [
          "tur-Latn"
        ]
      }
    ]
  },
  "evaluation_time": 49.444945335388184,
  "kg_co2_emissions": null
}