{
  "dataset_revision": "main",
  "task_name": "SciFactTR",
  "mteb_version": "1.31.3",
  "scores": {
    "test": [
      {
        "ndcg_at_1": 0.05,
        "ndcg_at_3": 0.08524,
        "ndcg_at_5": 0.09585,
        "ndcg_at_10": 0.11569,
        "ndcg_at_20": 0.14525,
        "ndcg_at_100": 0.20961,
        "ndcg_at_1000": 0.25347,
        "map_at_1": 0.05,
        "map_at_3": 0.07667,
        "map_at_5": 0.08233,
        "map_at_10": 0.09013,
        "map_at_20": 0.09828,
        "map_at_100": 0.10652,
        "map_at_1000": 0.10845,
        "recall_at_1": 0.05,
        "recall_at_3": 0.11,
        "recall_at_5": 0.13667,
        "recall_at_10": 0.2,
        "recall_at_20": 0.31667,
        "recall_at_100": 0.67333,
        "recall_at_1000": 1.0,
        "precision_at_1": 0.05,
        "precision_at_3": 0.03667,
        "precision_at_5": 0.02733,
        "precision_at_10": 0.02,
        "precision_at_20": 0.01583,
        "precision_at_100": 0.00673,
        "precision_at_1000": 0.001,
        "mrr_at_1": 0.05,
        "mrr_at_3": 0.076667,
        "mrr_at_5": 0.082333,
        "mrr_at_10": 0.090135,
        "mrr_at_20": 0.098276,
        "mrr_at_100": 0.106518,
        "mrr_at_1000": 0.108446,
        "nauc_ndcg_at_1_max": 0.019193,
        "nauc_ndcg_at_1_std": 0.081048,
        "nauc_ndcg_at_1_diff1": 0.416027,
        "nauc_ndcg_at_3_max": -0.021961,
        "nauc_ndcg_at_3_std": 0.160439,
        "nauc_ndcg_at_3_diff1": 0.223556,
        "nauc_ndcg_at_5_max": -0.027355,
        "nauc_ndcg_at_5_std": 0.163754,
        "nauc_ndcg_at_5_diff1": 0.196732,
        "nauc_ndcg_at_10_max": -0.018621,
        "nauc_ndcg_at_10_std": 0.174035,
        "nauc_ndcg_at_10_diff1": 0.174513,
        "nauc_ndcg_at_20_max": -0.002475,
        "nauc_ndcg_at_20_std": 0.182023,
        "nauc_ndcg_at_20_diff1": 0.168275,
        "nauc_ndcg_at_100_max": 0.019956,
        "nauc_ndcg_at_100_std": 0.234081,
        "nauc_ndcg_at_100_diff1": 0.134169,
        "nauc_ndcg_at_1000_max": 0.003813,
        "nauc_ndcg_at_1000_std": 0.188838,
        "nauc_ndcg_at_1000_diff1": 0.174765,
        "nauc_map_at_1_max": 0.019193,
        "nauc_map_at_1_std": 0.081048,
        "nauc_map_at_1_diff1": 0.416027,
        "nauc_map_at_3_max": -0.014024,
        "nauc_map_at_3_std": 0.143984,
        "nauc_map_at_3_diff1": 0.249103,
        "nauc_map_at_5_max": -0.016639,
        "nauc_map_at_5_std": 0.146507,
        "nauc_map_at_5_diff1": 0.23076,
        "nauc_map_at_10_max": -0.012982,
        "nauc_map_at_10_std": 0.154092,
        "nauc_map_at_10_diff1": 0.217218,
        "nauc_map_at_20_max": -0.007003,
        "nauc_map_at_20_std": 0.157723,
        "nauc_map_at_20_diff1": 0.214014,
        "nauc_map_at_100_max": -0.003753,
        "nauc_map_at_100_std": 0.166205,
        "nauc_map_at_100_diff1": 0.208041,
        "nauc_map_at_1000_max": -0.004251,
        "nauc_map_at_1000_std": 0.163546,
        "nauc_map_at_1000_diff1": 0.210295,
        "nauc_recall_at_1_max": 0.019193,
        "nauc_recall_at_1_std": 0.081048,
        "nauc_recall_at_1_diff1": 0.416027,
        "nauc_recall_at_3_max": -0.038587,
        "nauc_recall_at_3_std": 0.195192,
        "nauc_recall_at_3_diff1": 0.172836,
        "nauc_recall_at_5_max": -0.048889,
        "nauc_recall_at_5_std": 0.197061,
        "nauc_recall_at_5_diff1": 0.132928,
        "nauc_recall_at_10_max": -0.026348,
        "nauc_recall_at_10_std": 0.204612,
        "nauc_recall_at_10_diff1": 0.106765,
        "nauc_recall_at_20_max": 0.009461,
        "nauc_recall_at_20_std": 0.216251,
        "nauc_recall_at_20_diff1": 0.103527,
        "nauc_recall_at_100_max": 0.094458,
        "nauc_recall_at_100_std": 0.415717,
        "nauc_recall_at_100_diff1": -0.034739,
        "nauc_recall_at_1000_max": NaN,
        "nauc_recall_at_1000_std": NaN,
        "nauc_recall_at_1000_diff1": NaN,
        "nauc_precision_at_1_max": 0.019193,
        "nauc_precision_at_1_std": 0.081048,
        "nauc_precision_at_1_diff1": 0.416027,
        "nauc_precision_at_3_max": -0.038587,
        "nauc_precision_at_3_std": 0.195192,
        "nauc_precision_at_3_diff1": 0.172836,
        "nauc_precision_at_5_max": -0.048889,
        "nauc_precision_at_5_std": 0.197061,
        "nauc_precision_at_5_diff1": 0.132928,
        "nauc_precision_at_10_max": -0.026348,
        "nauc_precision_at_10_std": 0.204612,
        "nauc_precision_at_10_diff1": 0.106765,
        "nauc_precision_at_20_max": 0.009461,
        "nauc_precision_at_20_std": 0.216251,
        "nauc_precision_at_20_diff1": 0.103527,
        "nauc_precision_at_100_max": 0.094458,
        "nauc_precision_at_100_std": 0.415717,
        "nauc_precision_at_100_diff1": -0.034739,
        "nauc_precision_at_1000_max": 1.0,
        "nauc_precision_at_1000_std": 1.0,
        "nauc_precision_at_1000_diff1": 1.0,
        "nauc_mrr_at_1_max": 0.019193,
        "nauc_mrr_at_1_std": 0.081048,
        "nauc_mrr_at_1_diff1": 0.416027,
        "nauc_mrr_at_3_max": -0.014024,
        "nauc_mrr_at_3_std": 0.143984,
        "nauc_mrr_at_3_diff1": 0.249103,
        "nauc_mrr_at_5_max": -0.016639,
        "nauc_mrr_at_5_std": 0.146507,
        "nauc_mrr_at_5_diff1": 0.23076,
        "nauc_mrr_at_10_max": -0.012982,
        "nauc_mrr_at_10_std": 0.154092,
        "nauc_mrr_at_10_diff1": 0.217218,
        "nauc_mrr_at_20_max": -0.007003,
        "nauc_mrr_at_20_std": 0.157723,
        "nauc_mrr_at_20_diff1": 0.214014,
        "nauc_mrr_at_100_max": -0.003753,
        "nauc_mrr_at_100_std": 0.166205,
        "nauc_mrr_at_100_diff1": 0.208041,
        "nauc_mrr_at_1000_max": -0.004251,
        "nauc_mrr_at_1000_std": 0.163546,
        "nauc_mrr_at_1000_diff1": 0.210295,
        "main_score": 0.11569,
        "hf_subset": "default",
        "languages": [
          "tur-Latn"
        ]
      }
    ]
  },
  "evaluation_time": 10.897033452987671,
  "kg_co2_emissions": null
}