{
  "dataset_revision": "main",
  "task_name": "TQuadRetrieval",
  "mteb_version": "1.31.3",
  "scores": {
    "test": [
      {
        "ndcg_at_1": 0.15807,
        "ndcg_at_3": 0.22832,
        "ndcg_at_5": 0.25259,
        "ndcg_at_10": 0.28617,
        "ndcg_at_20": 0.30963,
        "ndcg_at_100": 0.35749,
        "ndcg_at_1000": 0.38407,
        "map_at_1": 0.15807,
        "map_at_3": 0.21114,
        "map_at_5": 0.22448,
        "map_at_10": 0.23846,
        "map_at_20": 0.24487,
        "map_at_100": 0.25099,
        "map_at_1000": 0.25211,
        "recall_at_1": 0.15807,
        "recall_at_3": 0.27803,
        "recall_at_5": 0.33744,
        "recall_at_10": 0.44058,
        "recall_at_20": 0.53363,
        "recall_at_100": 0.79933,
        "recall_at_1000": 1.0,
        "precision_at_1": 0.15807,
        "precision_at_3": 0.09268,
        "precision_at_5": 0.06749,
        "precision_at_10": 0.04406,
        "precision_at_20": 0.02668,
        "precision_at_100": 0.00799,
        "precision_at_1000": 0.001,
        "mrr_at_1": 0.158072,
        "mrr_at_3": 0.210949,
        "mrr_at_5": 0.224626,
        "mrr_at_10": 0.238614,
        "mrr_at_20": 0.24496,
        "mrr_at_100": 0.251141,
        "mrr_at_1000": 0.252254,
        "nauc_ndcg_at_1_max": 0.203509,
        "nauc_ndcg_at_1_std": -0.051557,
        "nauc_ndcg_at_1_diff1": 0.326452,
        "nauc_ndcg_at_3_max": 0.174995,
        "nauc_ndcg_at_3_std": -0.04258,
        "nauc_ndcg_at_3_diff1": 0.241095,
        "nauc_ndcg_at_5_max": 0.171363,
        "nauc_ndcg_at_5_std": -0.051045,
        "nauc_ndcg_at_5_diff1": 0.229086,
        "nauc_ndcg_at_10_max": 0.195896,
        "nauc_ndcg_at_10_std": -0.045659,
        "nauc_ndcg_at_10_diff1": 0.241428,
        "nauc_ndcg_at_20_max": 0.195879,
        "nauc_ndcg_at_20_std": -0.04734,
        "nauc_ndcg_at_20_diff1": 0.259118,
        "nauc_ndcg_at_100_max": 0.209049,
        "nauc_ndcg_at_100_std": -0.019298,
        "nauc_ndcg_at_100_diff1": 0.256755,
        "nauc_ndcg_at_1000_max": 0.198587,
        "nauc_ndcg_at_1000_std": -0.035403,
        "nauc_ndcg_at_1000_diff1": 0.257204,
        "nauc_map_at_1_max": 0.203509,
        "nauc_map_at_1_std": -0.051557,
        "nauc_map_at_1_diff1": 0.326452,
        "nauc_map_at_3_max": 0.180586,
        "nauc_map_at_3_std": -0.043406,
        "nauc_map_at_3_diff1": 0.25884,
        "nauc_map_at_5_max": 0.178238,
        "nauc_map_at_5_std": -0.048156,
        "nauc_map_at_5_diff1": 0.251226,
        "nauc_map_at_10_max": 0.189751,
        "nauc_map_at_10_std": -0.045861,
        "nauc_map_at_10_diff1": 0.256825,
        "nauc_map_at_20_max": 0.189941,
        "nauc_map_at_20_std": -0.046259,
        "nauc_map_at_20_diff1": 0.261603,
        "nauc_map_at_100_max": 0.192492,
        "nauc_map_at_100_std": -0.041748,
        "nauc_map_at_100_diff1": 0.261833,
        "nauc_map_at_1000_max": 0.192082,
        "nauc_map_at_1000_std": -0.042273,
        "nauc_map_at_1000_diff1": 0.261829,
        "nauc_recall_at_1_max": 0.203509,
        "nauc_recall_at_1_std": -0.051557,
        "nauc_recall_at_1_diff1": 0.326452,
        "nauc_recall_at_3_max": 0.161369,
        "nauc_recall_at_3_std": -0.040911,
        "nauc_recall_at_3_diff1": 0.197478,
        "nauc_recall_at_5_max": 0.154929,
        "nauc_recall_at_5_std": -0.059429,
        "nauc_recall_at_5_diff1": 0.17565,
        "nauc_recall_at_10_max": 0.216841,
        "nauc_recall_at_10_std": -0.044687,
        "nauc_recall_at_10_diff1": 0.207957,
        "nauc_recall_at_20_max": 0.216558,
        "nauc_recall_at_20_std": -0.051152,
        "nauc_recall_at_20_diff1": 0.270769,
        "nauc_recall_at_100_max": 0.317034,
        "nauc_recall_at_100_std": 0.152659,
        "nauc_recall_at_100_diff1": 0.249633,
        "nauc_recall_at_1000_max": NaN,
        "nauc_recall_at_1000_std": NaN,
        "nauc_recall_at_1000_diff1": NaN,
        "nauc_precision_at_1_max": 0.203509,
        "nauc_precision_at_1_std": -0.051557,
        "nauc_precision_at_1_diff1": 0.326452,
        "nauc_precision_at_3_max": 0.161369,
        "nauc_precision_at_3_std": -0.040911,
        "nauc_precision_at_3_diff1": 0.197478,
        "nauc_precision_at_5_max": 0.154929,
        "nauc_precision_at_5_std": -0.059429,
        "nauc_precision_at_5_diff1": 0.17565,
        "nauc_precision_at_10_max": 0.216841,
        "nauc_precision_at_10_std": -0.044687,
        "nauc_precision_at_10_diff1": 0.207957,
        "nauc_precision_at_20_max": 0.216558,
        "nauc_precision_at_20_std": -0.051152,
        "nauc_precision_at_20_diff1": 0.270769,
        "nauc_precision_at_100_max": 0.317034,
        "nauc_precision_at_100_std": 0.152659,
        "nauc_precision_at_100_diff1": 0.249633,
        "nauc_precision_at_1000_max": NaN,
        "nauc_precision_at_1000_std": NaN,
        "nauc_precision_at_1000_diff1": NaN,
        "nauc_mrr_at_1_max": 0.203509,
        "nauc_mrr_at_1_std": -0.051557,
        "nauc_mrr_at_1_diff1": 0.326452,
        "nauc_mrr_at_3_max": 0.182144,
        "nauc_mrr_at_3_std": -0.043921,
        "nauc_mrr_at_3_diff1": 0.259848,
        "nauc_mrr_at_5_max": 0.178111,
        "nauc_mrr_at_5_std": -0.048391,
        "nauc_mrr_at_5_diff1": 0.250641,
        "nauc_mrr_at_10_max": 0.189953,
        "nauc_mrr_at_10_std": -0.0455,
        "nauc_mrr_at_10_diff1": 0.257004,
        "nauc_mrr_at_20_max": 0.190154,
        "nauc_mrr_at_20_std": -0.045869,
        "nauc_mrr_at_20_diff1": 0.261906,
        "nauc_mrr_at_100_max": 0.192696,
        "nauc_mrr_at_100_std": -0.041382,
        "nauc_mrr_at_100_diff1": 0.262021,
        "nauc_mrr_at_1000_max": 0.192287,
        "nauc_mrr_at_1000_std": -0.041905,
        "nauc_mrr_at_1000_diff1": 0.262017,
        "main_score": 0.28617,
        "hf_subset": "default",
        "languages": [
          "tur-Latn"
        ]
      }
    ]
  },
  "evaluation_time": 10.585994243621826,
  "kg_co2_emissions": null
}