{
  "dataset_revision": "51adfef1c1287aab1d2d91b5bead9bcfb9c68583",
  "task_name": "XQuADRetrieval",
  "mteb_version": "1.31.3",
  "scores": {
    "validation": [
      {
        "ndcg_at_1": 0.18159,
        "ndcg_at_3": 0.26973,
        "ndcg_at_5": 0.30222,
        "ndcg_at_10": 0.33068,
        "ndcg_at_20": 0.35789,
        "ndcg_at_100": 0.4051,
        "ndcg_at_1000": 0.42288,
        "map_at_1": 0.18159,
        "map_at_3": 0.24718,
        "map_at_5": 0.2653,
        "map_at_10": 0.27693,
        "map_at_20": 0.28434,
        "map_at_100": 0.29048,
        "map_at_1000": 0.29134,
        "recall_at_1": 0.18159,
        "recall_at_3": 0.3353,
        "recall_at_5": 0.41385,
        "recall_at_10": 0.50253,
        "recall_at_20": 0.61064,
        "recall_at_100": 0.87078,
        "recall_at_1000": 1.0,
        "precision_at_1": 0.18159,
        "precision_at_3": 0.11177,
        "precision_at_5": 0.08277,
        "precision_at_10": 0.05025,
        "precision_at_20": 0.03053,
        "precision_at_100": 0.00871,
        "precision_at_1000": 0.001,
        "mrr_at_1": 0.181588,
        "mrr_at_3": 0.247185,
        "mrr_at_5": 0.265301,
        "mrr_at_10": 0.27693,
        "mrr_at_20": 0.284341,
        "mrr_at_100": 0.290479,
        "mrr_at_1000": 0.29134,
        "nauc_ndcg_at_1_max": 0.1421,
        "nauc_ndcg_at_1_std": -0.000176,
        "nauc_ndcg_at_1_diff1": 0.352842,
        "nauc_ndcg_at_3_max": 0.101953,
        "nauc_ndcg_at_3_std": -0.001386,
        "nauc_ndcg_at_3_diff1": 0.226136,
        "nauc_ndcg_at_5_max": 0.101759,
        "nauc_ndcg_at_5_std": 0.004199,
        "nauc_ndcg_at_5_diff1": 0.203521,
        "nauc_ndcg_at_10_max": 0.099335,
        "nauc_ndcg_at_10_std": 0.019209,
        "nauc_ndcg_at_10_diff1": 0.192367,
        "nauc_ndcg_at_20_max": 0.095055,
        "nauc_ndcg_at_20_std": 0.015099,
        "nauc_ndcg_at_20_diff1": 0.191347,
        "nauc_ndcg_at_100_max": 0.112487,
        "nauc_ndcg_at_100_std": 0.034026,
        "nauc_ndcg_at_100_diff1": 0.204383,
        "nauc_ndcg_at_1000_max": 0.106214,
        "nauc_ndcg_at_1000_std": 0.014946,
        "nauc_ndcg_at_1000_diff1": 0.217071,
        "nauc_map_at_1_max": 0.1421,
        "nauc_map_at_1_std": -0.000176,
        "nauc_map_at_1_diff1": 0.352842,
        "nauc_map_at_3_max": 0.109456,
        "nauc_map_at_3_std": -0.002128,
        "nauc_map_at_3_diff1": 0.253101,
        "nauc_map_at_5_max": 0.109034,
        "nauc_map_at_5_std": 0.000916,
        "nauc_map_at_5_diff1": 0.239556,
        "nauc_map_at_10_max": 0.107774,
        "nauc_map_at_10_std": 0.006925,
        "nauc_map_at_10_diff1": 0.235186,
        "nauc_map_at_20_max": 0.106468,
        "nauc_map_at_20_std": 0.005774,
        "nauc_map_at_20_diff1": 0.23555,
        "nauc_map_at_100_max": 0.108766,
        "nauc_map_at_100_std": 0.007905,
        "nauc_map_at_100_diff1": 0.237541,
        "nauc_map_at_1000_max": 0.108583,
        "nauc_map_at_1000_std": 0.007053,
        "nauc_map_at_1000_diff1": 0.23822,
        "nauc_recall_at_1_max": 0.1421,
        "nauc_recall_at_1_std": -0.000176,
        "nauc_recall_at_1_diff1": 0.352842,
        "nauc_recall_at_3_max": 0.083476,
        "nauc_recall_at_3_std": 0.000834,
        "nauc_recall_at_3_diff1": 0.158403,
        "nauc_recall_at_5_max": 0.08444,
        "nauc_recall_at_5_std": 0.013548,
        "nauc_recall_at_5_diff1": 0.112134,
        "nauc_recall_at_10_max": 0.078223,
        "nauc_recall_at_10_std": 0.057921,
        "nauc_recall_at_10_diff1": 0.076721,
        "nauc_recall_at_20_max": 0.059979,
        "nauc_recall_at_20_std": 0.046032,
        "nauc_recall_at_20_diff1": 0.055525,
        "nauc_recall_at_100_max": 0.214874,
        "nauc_recall_at_100_std": 0.320812,
        "nauc_recall_at_100_diff1": 0.020539,
        "nauc_recall_at_1000_max": NaN,
        "nauc_recall_at_1000_std": NaN,
        "nauc_recall_at_1000_diff1": NaN,
        "nauc_precision_at_1_max": 0.1421,
        "nauc_precision_at_1_std": -0.000176,
        "nauc_precision_at_1_diff1": 0.352842,
        "nauc_precision_at_3_max": 0.083476,
        "nauc_precision_at_3_std": 0.000834,
        "nauc_precision_at_3_diff1": 0.158403,
        "nauc_precision_at_5_max": 0.08444,
        "nauc_precision_at_5_std": 0.013548,
        "nauc_precision_at_5_diff1": 0.112134,
        "nauc_precision_at_10_max": 0.078223,
        "nauc_precision_at_10_std": 0.057921,
        "nauc_precision_at_10_diff1": 0.076721,
        "nauc_precision_at_20_max": 0.059979,
        "nauc_precision_at_20_std": 0.046032,
        "nauc_precision_at_20_diff1": 0.055525,
        "nauc_precision_at_100_max": 0.214874,
        "nauc_precision_at_100_std": 0.320812,
        "nauc_precision_at_100_diff1": 0.020539,
        "nauc_precision_at_1000_max": 1.0,
        "nauc_precision_at_1000_std": 1.0,
        "nauc_precision_at_1000_diff1": 1.0,
        "nauc_mrr_at_1_max": 0.1421,
        "nauc_mrr_at_1_std": -0.000176,
        "nauc_mrr_at_1_diff1": 0.352842,
        "nauc_mrr_at_3_max": 0.109456,
        "nauc_mrr_at_3_std": -0.002128,
        "nauc_mrr_at_3_diff1": 0.253101,
        "nauc_mrr_at_5_max": 0.109034,
        "nauc_mrr_at_5_std": 0.000916,
        "nauc_mrr_at_5_diff1": 0.239556,
        "nauc_mrr_at_10_max": 0.107774,
        "nauc_mrr_at_10_std": 0.006925,
        "nauc_mrr_at_10_diff1": 0.235186,
        "nauc_mrr_at_20_max": 0.106468,
        "nauc_mrr_at_20_std": 0.005774,
        "nauc_mrr_at_20_diff1": 0.23555,
        "nauc_mrr_at_100_max": 0.108766,
        "nauc_mrr_at_100_std": 0.007905,
        "nauc_mrr_at_100_diff1": 0.237541,
        "nauc_mrr_at_1000_max": 0.108583,
        "nauc_mrr_at_1000_std": 0.007053,
        "nauc_mrr_at_1000_diff1": 0.23822,
        "main_score": 0.33068,
        "hf_subset": "tr",
        "languages": [
          "tur-Latn"
        ]
      }
    ]
  },
  "evaluation_time": 9.327880859375,
  "kg_co2_emissions": null
}