{
  "dataset_revision": "main",
  "task_name": "ArguAnaTR",
  "mteb_version": "1.31.3",
  "scores": {
    "test": [
      {
        "ndcg_at_1": 0.14296,
        "ndcg_at_3": 0.22532,
        "ndcg_at_5": 0.26734,
        "ndcg_at_10": 0.31969,
        "ndcg_at_20": 0.35633,
        "ndcg_at_100": 0.39489,
        "ndcg_at_1000": 0.40633,
        "map_at_1": 0.14296,
        "map_at_3": 0.20424,
        "map_at_5": 0.22747,
        "map_at_10": 0.24916,
        "map_at_20": 0.25939,
        "map_at_100": 0.26494,
        "map_at_1000": 0.2654,
        "recall_at_1": 0.14296,
        "recall_at_3": 0.28663,
        "recall_at_5": 0.38905,
        "recall_at_10": 0.5505,
        "recall_at_20": 0.69417,
        "recall_at_100": 0.899,
        "recall_at_1000": 0.9872,
        "precision_at_1": 0.14296,
        "precision_at_3": 0.09554,
        "precision_at_5": 0.07781,
        "precision_at_10": 0.05505,
        "precision_at_20": 0.03471,
        "precision_at_100": 0.00899,
        "precision_at_1000": 0.00099,
        "mrr_at_1": 0.142959,
        "mrr_at_3": 0.204362,
        "mrr_at_5": 0.227726,
        "mrr_at_10": 0.249142,
        "mrr_at_20": 0.259497,
        "mrr_at_100": 0.26505,
        "mrr_at_1000": 0.265511,
        "nauc_ndcg_at_1_max": -0.064928,
        "nauc_ndcg_at_1_std": -0.077111,
        "nauc_ndcg_at_1_diff1": 0.049214,
        "nauc_ndcg_at_3_max": -0.026647,
        "nauc_ndcg_at_3_std": -0.057208,
        "nauc_ndcg_at_3_diff1": 0.010897,
        "nauc_ndcg_at_5_max": 0.000438,
        "nauc_ndcg_at_5_std": -0.035542,
        "nauc_ndcg_at_5_diff1": 0.008423,
        "nauc_ndcg_at_10_max": 0.008381,
        "nauc_ndcg_at_10_std": -0.010627,
        "nauc_ndcg_at_10_diff1": -0.000111,
        "nauc_ndcg_at_20_max": 0.018218,
        "nauc_ndcg_at_20_std": -0.005358,
        "nauc_ndcg_at_20_diff1": 0.006625,
        "nauc_ndcg_at_100_max": 0.015872,
        "nauc_ndcg_at_100_std": 0.00994,
        "nauc_ndcg_at_100_diff1": 0.009216,
        "nauc_ndcg_at_1000_max": 0.004342,
        "nauc_ndcg_at_1000_std": -0.009453,
        "nauc_ndcg_at_1000_diff1": 0.008897,
        "nauc_map_at_1_max": -0.064928,
        "nauc_map_at_1_std": -0.077111,
        "nauc_map_at_1_diff1": 0.049214,
        "nauc_map_at_3_max": -0.034327,
        "nauc_map_at_3_std": -0.05925,
        "nauc_map_at_3_diff1": 0.016582,
        "nauc_map_at_5_max": -0.017962,
        "nauc_map_at_5_std": -0.046754,
        "nauc_map_at_5_diff1": 0.015169,
        "nauc_map_at_10_max": -0.014261,
        "nauc_map_at_10_std": -0.035833,
        "nauc_map_at_10_diff1": 0.011294,
        "nauc_map_at_20_max": -0.01151,
        "nauc_map_at_20_std": -0.034885,
        "nauc_map_at_20_diff1": 0.013322,
        "nauc_map_at_100_max": -0.011824,
        "nauc_map_at_100_std": -0.032821,
        "nauc_map_at_100_diff1": 0.013717,
        "nauc_map_at_1000_max": -0.012338,
        "nauc_map_at_1000_std": -0.033544,
        "nauc_map_at_1000_diff1": 0.013672,
        "nauc_recall_at_1_max": -0.064928,
        "nauc_recall_at_1_std": -0.077111,
        "nauc_recall_at_1_diff1": 0.049214,
        "nauc_recall_at_3_max": -0.008568,
        "nauc_recall_at_3_std": -0.053039,
        "nauc_recall_at_3_diff1": -0.001828,
        "nauc_recall_at_5_max": 0.04476,
        "nauc_recall_at_5_std": -0.008067,
        "nauc_recall_at_5_diff1": -0.006565,
        "nauc_recall_at_10_max": 0.068027,
        "nauc_recall_at_10_std": 0.060938,
        "nauc_recall_at_10_diff1": -0.030048,
        "nauc_recall_at_20_max": 0.120993,
        "nauc_recall_at_20_std": 0.102069,
        "nauc_recall_at_20_diff1": -0.009904,
        "nauc_recall_at_100_max": 0.236389,
        "nauc_recall_at_100_std": 0.44767,
        "nauc_recall_at_100_diff1": 0.001465,
        "nauc_recall_at_1000_max": 0.199771,
        "nauc_recall_at_1000_std": 0.708119,
        "nauc_recall_at_1000_diff1": -0.05572,
        "nauc_precision_at_1_max": -0.064928,
        "nauc_precision_at_1_std": -0.077111,
        "nauc_precision_at_1_diff1": 0.049214,
        "nauc_precision_at_3_max": -0.008568,
        "nauc_precision_at_3_std": -0.053039,
        "nauc_precision_at_3_diff1": -0.001828,
        "nauc_precision_at_5_max": 0.04476,
        "nauc_precision_at_5_std": -0.008067,
        "nauc_precision_at_5_diff1": -0.006565,
        "nauc_precision_at_10_max": 0.068027,
        "nauc_precision_at_10_std": 0.060938,
        "nauc_precision_at_10_diff1": -0.030048,
        "nauc_precision_at_20_max": 0.120993,
        "nauc_precision_at_20_std": 0.102069,
        "nauc_precision_at_20_diff1": -0.009904,
        "nauc_precision_at_100_max": 0.236389,
        "nauc_precision_at_100_std": 0.44767,
        "nauc_precision_at_100_diff1": 0.001465,
        "nauc_precision_at_1000_max": 0.199771,
        "nauc_precision_at_1000_std": 0.708119,
        "nauc_precision_at_1000_diff1": -0.05572,
        "nauc_mrr_at_1_max": -0.064928,
        "nauc_mrr_at_1_std": -0.077111,
        "nauc_mrr_at_1_diff1": 0.049214,
        "nauc_mrr_at_3_max": -0.034473,
        "nauc_mrr_at_3_std": -0.058003,
        "nauc_mrr_at_3_diff1": 0.016146,
        "nauc_mrr_at_5_max": -0.018123,
        "nauc_mrr_at_5_std": -0.046893,
        "nauc_mrr_at_5_diff1": 0.013003,
        "nauc_mrr_at_10_max": -0.015671,
        "nauc_mrr_at_10_std": -0.036107,
        "nauc_mrr_at_10_diff1": 0.009553,
        "nauc_mrr_at_20_max": -0.012309,
        "nauc_mrr_at_20_std": -0.034958,
        "nauc_mrr_at_20_diff1": 0.012316,
        "nauc_mrr_at_100_max": -0.012651,
        "nauc_mrr_at_100_std": -0.032895,
        "nauc_mrr_at_100_diff1": 0.012673,
        "nauc_mrr_at_1000_max": -0.013167,
        "nauc_mrr_at_1000_std": -0.033618,
        "nauc_mrr_at_1000_diff1": 0.012626,
        "main_score": 0.31969,
        "hf_subset": "default",
        "languages": [
          "tur-Latn"
        ]
      }
    ]
  },
  "evaluation_time": 28.727280855178833,
  "kg_co2_emissions": null
}