{
  "dataset_revision": "main",
  "task_name": "CQADupstackGamingRetrievalTR",
  "mteb_version": "1.31.3",
  "scores": {
    "test": [
      {
        "ndcg_at_1": 0.20251,
        "ndcg_at_3": 0.24985,
        "ndcg_at_5": 0.2713,
        "ndcg_at_10": 0.29648,
        "ndcg_at_20": 0.31483,
        "ndcg_at_100": 0.3445,
        "ndcg_at_1000": 0.37137,
        "map_at_1": 0.17483,
        "map_at_3": 0.22554,
        "map_at_5": 0.23933,
        "map_at_10": 0.25069,
        "map_at_20": 0.25637,
        "map_at_100": 0.261,
        "map_at_1000": 0.26203,
        "recall_at_1": 0.17483,
        "recall_at_3": 0.28003,
        "recall_at_5": 0.33383,
        "recall_at_10": 0.40865,
        "recall_at_20": 0.47773,
        "recall_at_100": 0.62613,
        "recall_at_1000": 0.82932,
        "precision_at_1": 0.20251,
        "precision_at_3": 0.11661,
        "precision_at_5": 0.08389,
        "precision_at_10": 0.05229,
        "precision_at_20": 0.03135,
        "precision_at_100": 0.00857,
        "precision_at_1000": 0.00115,
        "mrr_at_1": 0.202508,
        "mrr_at_3": 0.254023,
        "mrr_at_5": 0.266531,
        "mrr_at_10": 0.27719,
        "mrr_at_20": 0.281939,
        "mrr_at_100": 0.285553,
        "mrr_at_1000": 0.286295,
        "nauc_ndcg_at_1_max": 0.351783,
        "nauc_ndcg_at_1_std": 0.022428,
        "nauc_ndcg_at_1_diff1": 0.41001,
        "nauc_ndcg_at_3_max": 0.340643,
        "nauc_ndcg_at_3_std": 0.059466,
        "nauc_ndcg_at_3_diff1": 0.354671,
        "nauc_ndcg_at_5_max": 0.335918,
        "nauc_ndcg_at_5_std": 0.084995,
        "nauc_ndcg_at_5_diff1": 0.345094,
        "nauc_ndcg_at_10_max": 0.336923,
        "nauc_ndcg_at_10_std": 0.099564,
        "nauc_ndcg_at_10_diff1": 0.334635,
        "nauc_ndcg_at_20_max": 0.339785,
        "nauc_ndcg_at_20_std": 0.105284,
        "nauc_ndcg_at_20_diff1": 0.332794,
        "nauc_ndcg_at_100_max": 0.347195,
        "nauc_ndcg_at_100_std": 0.116957,
        "nauc_ndcg_at_100_diff1": 0.332961,
        "nauc_ndcg_at_1000_max": 0.355503,
        "nauc_ndcg_at_1000_std": 0.122773,
        "nauc_ndcg_at_1000_diff1": 0.33706,
        "nauc_map_at_1_max": 0.334278,
        "nauc_map_at_1_std": 0.014385,
        "nauc_map_at_1_diff1": 0.422573,
        "nauc_map_at_3_max": 0.330406,
        "nauc_map_at_3_std": 0.037778,
        "nauc_map_at_3_diff1": 0.372078,
        "nauc_map_at_5_max": 0.331208,
        "nauc_map_at_5_std": 0.056946,
        "nauc_map_at_5_diff1": 0.36425,
        "nauc_map_at_10_max": 0.333338,
        "nauc_map_at_10_std": 0.066182,
        "nauc_map_at_10_diff1": 0.359372,
        "nauc_map_at_20_max": 0.335497,
        "nauc_map_at_20_std": 0.069652,
        "nauc_map_at_20_diff1": 0.358603,
        "nauc_map_at_100_max": 0.338238,
        "nauc_map_at_100_std": 0.072641,
        "nauc_map_at_100_diff1": 0.359181,
        "nauc_map_at_1000_max": 0.338724,
        "nauc_map_at_1000_std": 0.073075,
        "nauc_map_at_1000_diff1": 0.359294,
        "nauc_recall_at_1_max": 0.334278,
        "nauc_recall_at_1_std": 0.014385,
        "nauc_recall_at_1_diff1": 0.422573,
        "nauc_recall_at_3_max": 0.308394,
        "nauc_recall_at_3_std": 0.065231,
        "nauc_recall_at_3_diff1": 0.315749,
        "nauc_recall_at_5_max": 0.299402,
        "nauc_recall_at_5_std": 0.122012,
        "nauc_recall_at_5_diff1": 0.289688,
        "nauc_recall_at_10_max": 0.30352,
        "nauc_recall_at_10_std": 0.159149,
        "nauc_recall_at_10_diff1": 0.259755,
        "nauc_recall_at_20_max": 0.312459,
        "nauc_recall_at_20_std": 0.180016,
        "nauc_recall_at_20_diff1": 0.252194,
        "nauc_recall_at_100_max": 0.336755,
        "nauc_recall_at_100_std": 0.24577,
        "nauc_recall_at_100_diff1": 0.236448,
        "nauc_recall_at_1000_max": 0.432452,
        "nauc_recall_at_1000_std": 0.422668,
        "nauc_recall_at_1000_diff1": 0.231717,
        "nauc_precision_at_1_max": 0.351783,
        "nauc_precision_at_1_std": 0.022428,
        "nauc_precision_at_1_diff1": 0.41001,
        "nauc_precision_at_3_max": 0.357279,
        "nauc_precision_at_3_std": 0.101824,
        "nauc_precision_at_3_diff1": 0.291668,
        "nauc_precision_at_5_max": 0.35708,
        "nauc_precision_at_5_std": 0.169734,
        "nauc_precision_at_5_diff1": 0.259572,
        "nauc_precision_at_10_max": 0.359418,
        "nauc_precision_at_10_std": 0.222222,
        "nauc_precision_at_10_diff1": 0.217203,
        "nauc_precision_at_20_max": 0.363666,
        "nauc_precision_at_20_std": 0.246096,
        "nauc_precision_at_20_diff1": 0.186229,
        "nauc_precision_at_100_max": 0.352998,
        "nauc_precision_at_100_std": 0.283556,
        "nauc_precision_at_100_diff1": 0.125766,
        "nauc_precision_at_1000_max": 0.313411,
        "nauc_precision_at_1000_std": 0.269743,
        "nauc_precision_at_1000_diff1": 0.058028,
        "nauc_mrr_at_1_max": 0.351783,
        "nauc_mrr_at_1_std": 0.022428,
        "nauc_mrr_at_1_diff1": 0.41001,
        "nauc_mrr_at_3_max": 0.352844,
        "nauc_mrr_at_3_std": 0.058392,
        "nauc_mrr_at_3_diff1": 0.363277,
        "nauc_mrr_at_5_max": 0.349258,
        "nauc_mrr_at_5_std": 0.072779,
        "nauc_mrr_at_5_diff1": 0.358365,
        "nauc_mrr_at_10_max": 0.349611,
        "nauc_mrr_at_10_std": 0.077478,
        "nauc_mrr_at_10_diff1": 0.354166,
        "nauc_mrr_at_20_max": 0.350674,
        "nauc_mrr_at_20_std": 0.078853,
        "nauc_mrr_at_20_diff1": 0.353366,
        "nauc_mrr_at_100_max": 0.350809,
        "nauc_mrr_at_100_std": 0.079497,
        "nauc_mrr_at_100_diff1": 0.353754,
        "nauc_mrr_at_1000_max": 0.351024,
        "nauc_mrr_at_1000_std": 0.079532,
        "nauc_mrr_at_1000_diff1": 0.353928,
        "main_score": 0.29648,
        "hf_subset": "default",
        "languages": [
          "tur-Latn"
        ]
      }
    ]
  },
  "evaluation_time": 108.55521988868713,
  "kg_co2_emissions": null
}