{
  "dataset_revision": "main",
  "task_name": "FiQA2018TR",
  "mteb_version": "1.31.3",
  "scores": {
    "test": [
      {
        "ndcg_at_1": 0.09414,
        "ndcg_at_3": 0.09524,
        "ndcg_at_5": 0.09621,
        "ndcg_at_10": 0.10739,
        "ndcg_at_20": 0.11995,
        "ndcg_at_100": 0.15481,
        "ndcg_at_1000": 0.19484,
        "map_at_1": 0.04532,
        "map_at_3": 0.06741,
        "map_at_5": 0.07156,
        "map_at_10": 0.07799,
        "map_at_20": 0.0812,
        "map_at_100": 0.08583,
        "map_at_1000": 0.08747,
        "recall_at_1": 0.04532,
        "recall_at_3": 0.09101,
        "recall_at_5": 0.1029,
        "recall_at_10": 0.13834,
        "recall_at_20": 0.18009,
        "recall_at_100": 0.33206,
        "recall_at_1000": 0.58079,
        "precision_at_1": 0.09414,
        "precision_at_3": 0.0643,
        "precision_at_5": 0.0466,
        "precision_at_10": 0.03164,
        "precision_at_20": 0.02045,
        "precision_at_100": 0.00789,
        "precision_at_1000": 0.0015,
        "mrr_at_1": 0.094136,
        "mrr_at_3": 0.127315,
        "mrr_at_5": 0.13179,
        "mrr_at_10": 0.137588,
        "mrr_at_20": 0.142279,
        "mrr_at_100": 0.147567,
        "mrr_at_1000": 0.148472,
        "nauc_ndcg_at_1_max": 0.109703,
        "nauc_ndcg_at_1_std": 0.033312,
        "nauc_ndcg_at_1_diff1": 0.203147,
        "nauc_ndcg_at_3_max": 0.043136,
        "nauc_ndcg_at_3_std": 0.042618,
        "nauc_ndcg_at_3_diff1": 0.162733,
        "nauc_ndcg_at_5_max": 0.038111,
        "nauc_ndcg_at_5_std": 0.057159,
        "nauc_ndcg_at_5_diff1": 0.160485,
        "nauc_ndcg_at_10_max": 0.045121,
        "nauc_ndcg_at_10_std": 0.084705,
        "nauc_ndcg_at_10_diff1": 0.158971,
        "nauc_ndcg_at_20_max": 0.049203,
        "nauc_ndcg_at_20_std": 0.094016,
        "nauc_ndcg_at_20_diff1": 0.13452,
        "nauc_ndcg_at_100_max": 0.05204,
        "nauc_ndcg_at_100_std": 0.133939,
        "nauc_ndcg_at_100_diff1": 0.117315,
        "nauc_ndcg_at_1000_max": 0.083431,
        "nauc_ndcg_at_1000_std": 0.153874,
        "nauc_ndcg_at_1000_diff1": 0.113082,
        "nauc_map_at_1_max": 0.022708,
        "nauc_map_at_1_std": 0.008,
        "nauc_map_at_1_diff1": 0.233748,
        "nauc_map_at_3_max": -0.007981,
        "nauc_map_at_3_std": 0.015472,
        "nauc_map_at_3_diff1": 0.187109,
        "nauc_map_at_5_max": -0.000567,
        "nauc_map_at_5_std": 0.028053,
        "nauc_map_at_5_diff1": 0.186073,
        "nauc_map_at_10_max": 0.012906,
        "nauc_map_at_10_std": 0.050985,
        "nauc_map_at_10_diff1": 0.178456,
        "nauc_map_at_20_max": 0.014634,
        "nauc_map_at_20_std": 0.056327,
        "nauc_map_at_20_diff1": 0.170043,
        "nauc_map_at_100_max": 0.015571,
        "nauc_map_at_100_std": 0.064061,
        "nauc_map_at_100_diff1": 0.165731,
        "nauc_map_at_1000_max": 0.018234,
        "nauc_map_at_1000_std": 0.065998,
        "nauc_map_at_1000_diff1": 0.16481,
        "nauc_recall_at_1_max": 0.022708,
        "nauc_recall_at_1_std": 0.008,
        "nauc_recall_at_1_diff1": 0.233748,
        "nauc_recall_at_3_max": -0.015031,
        "nauc_recall_at_3_std": 0.032384,
        "nauc_recall_at_3_diff1": 0.145375,
        "nauc_recall_at_5_max": 0.003955,
        "nauc_recall_at_5_std": 0.063689,
        "nauc_recall_at_5_diff1": 0.141051,
        "nauc_recall_at_10_max": 0.04434,
        "nauc_recall_at_10_std": 0.113606,
        "nauc_recall_at_10_diff1": 0.129782,
        "nauc_recall_at_20_max": 0.047527,
        "nauc_recall_at_20_std": 0.130263,
        "nauc_recall_at_20_diff1": 0.068231,
        "nauc_recall_at_100_max": 0.050498,
        "nauc_recall_at_100_std": 0.223826,
        "nauc_recall_at_100_diff1": 0.036339,
        "nauc_recall_at_1000_max": 0.131327,
        "nauc_recall_at_1000_std": 0.299079,
        "nauc_recall_at_1000_diff1": 0.044943,
        "nauc_precision_at_1_max": 0.109703,
        "nauc_precision_at_1_std": 0.033312,
        "nauc_precision_at_1_diff1": 0.203147,
        "nauc_precision_at_3_max": 0.057235,
        "nauc_precision_at_3_std": 0.068511,
        "nauc_precision_at_3_diff1": 0.131502,
        "nauc_precision_at_5_max": 0.089508,
        "nauc_precision_at_5_std": 0.108482,
        "nauc_precision_at_5_diff1": 0.127101,
        "nauc_precision_at_10_max": 0.134648,
        "nauc_precision_at_10_std": 0.184325,
        "nauc_precision_at_10_diff1": 0.11611,
        "nauc_precision_at_20_max": 0.153065,
        "nauc_precision_at_20_std": 0.184838,
        "nauc_precision_at_20_diff1": 0.064159,
        "nauc_precision_at_100_max": 0.14961,
        "nauc_precision_at_100_std": 0.247692,
        "nauc_precision_at_100_diff1": 0.001593,
        "nauc_precision_at_1000_max": 0.233075,
        "nauc_precision_at_1000_std": 0.212139,
        "nauc_precision_at_1000_diff1": -0.050337,
        "nauc_mrr_at_1_max": 0.109703,
        "nauc_mrr_at_1_std": 0.033312,
        "nauc_mrr_at_1_diff1": 0.203147,
        "nauc_mrr_at_3_max": 0.080232,
        "nauc_mrr_at_3_std": 0.053108,
        "nauc_mrr_at_3_diff1": 0.159592,
        "nauc_mrr_at_5_max": 0.084969,
        "nauc_mrr_at_5_std": 0.065965,
        "nauc_mrr_at_5_diff1": 0.159164,
        "nauc_mrr_at_10_max": 0.092876,
        "nauc_mrr_at_10_std": 0.074066,
        "nauc_mrr_at_10_diff1": 0.158048,
        "nauc_mrr_at_20_max": 0.094527,
        "nauc_mrr_at_20_std": 0.074699,
        "nauc_mrr_at_20_diff1": 0.151494,
        "nauc_mrr_at_100_max": 0.09243,
        "nauc_mrr_at_100_std": 0.076323,
        "nauc_mrr_at_100_diff1": 0.14872,
        "nauc_mrr_at_1000_max": 0.09286,
        "nauc_mrr_at_1000_std": 0.076186,
        "nauc_mrr_at_1000_diff1": 0.148839,
        "main_score": 0.10739,
        "hf_subset": "default",
        "languages": [
          "tur-Latn"
        ]
      }
    ]
  },
  "evaluation_time": 144.09792399406433,
  "kg_co2_emissions": null
}