{
  "dataset_revision": "main",
  "task_name": "MSMarcoTRRetrieval",
  "mteb_version": "1.31.3",
  "scores": {
    "test": [
      {
        "ndcg_at_1": 0.41953,
        "ndcg_at_3": 0.45566,
        "ndcg_at_5": 0.46503,
        "ndcg_at_10": 0.46952,
        "ndcg_at_20": 0.47558,
        "ndcg_at_100": 0.48088,
        "ndcg_at_1000": 0.48336,
        "map_at_1": 0.41953,
        "map_at_3": 0.44693,
        "map_at_5": 0.45218,
        "map_at_10": 0.45406,
        "map_at_20": 0.4557,
        "map_at_100": 0.45642,
        "map_at_1000": 0.45652,
        "recall_at_1": 0.41953,
        "recall_at_3": 0.48086,
        "recall_at_5": 0.50343,
        "recall_at_10": 0.51717,
        "recall_at_20": 0.54122,
        "recall_at_100": 0.57017,
        "recall_at_1000": 0.5893,
        "precision_at_1": 0.41953,
        "precision_at_3": 0.16029,
        "precision_at_5": 0.10069,
        "precision_at_10": 0.05172,
        "precision_at_20": 0.02706,
        "precision_at_100": 0.0057,
        "precision_at_1000": 0.00059,
        "mrr_at_1": 0.419529,
        "mrr_at_3": 0.446925,
        "mrr_at_5": 0.452175,
        "mrr_at_10": 0.454058,
        "mrr_at_20": 0.455703,
        "mrr_at_100": 0.456421,
        "mrr_at_1000": 0.45652,
        "nauc_ndcg_at_1_max": 0.712624,
        "nauc_ndcg_at_1_std": 0.009393,
        "nauc_ndcg_at_1_diff1": 0.759127,
        "nauc_ndcg_at_3_max": 0.70694,
        "nauc_ndcg_at_3_std": 0.028461,
        "nauc_ndcg_at_3_diff1": 0.715449,
        "nauc_ndcg_at_5_max": 0.704355,
        "nauc_ndcg_at_5_std": 0.033235,
        "nauc_ndcg_at_5_diff1": 0.704233,
        "nauc_ndcg_at_10_max": 0.705277,
        "nauc_ndcg_at_10_std": 0.040576,
        "nauc_ndcg_at_10_diff1": 0.70121,
        "nauc_ndcg_at_20_max": 0.703158,
        "nauc_ndcg_at_20_std": 0.04559,
        "nauc_ndcg_at_20_diff1": 0.69598,
        "nauc_ndcg_at_100_max": 0.699295,
        "nauc_ndcg_at_100_std": 0.051644,
        "nauc_ndcg_at_100_diff1": 0.691019,
        "nauc_ndcg_at_1000_max": 0.696891,
        "nauc_ndcg_at_1000_std": 0.054466,
        "nauc_ndcg_at_1000_diff1": 0.688623,
        "nauc_map_at_1_max": 0.712624,
        "nauc_map_at_1_std": 0.009393,
        "nauc_map_at_1_diff1": 0.759127,
        "nauc_map_at_3_max": 0.708387,
        "nauc_map_at_3_std": 0.022963,
        "nauc_map_at_3_diff1": 0.726195,
        "nauc_map_at_5_max": 0.706973,
        "nauc_map_at_5_std": 0.025788,
        "nauc_map_at_5_diff1": 0.719882,
        "nauc_map_at_10_max": 0.707395,
        "nauc_map_at_10_std": 0.028803,
        "nauc_map_at_10_diff1": 0.718632,
        "nauc_map_at_20_max": 0.707,
        "nauc_map_at_20_std": 0.030225,
        "nauc_map_at_20_diff1": 0.71727,
        "nauc_map_at_100_max": 0.70655,
        "nauc_map_at_100_std": 0.031117,
        "nauc_map_at_100_diff1": 0.716636,
        "nauc_map_at_1000_max": 0.706453,
        "nauc_map_at_1000_std": 0.031223,
        "nauc_map_at_1000_diff1": 0.716536,
        "nauc_recall_at_1_max": 0.712624,
        "nauc_recall_at_1_std": 0.009393,
        "nauc_recall_at_1_diff1": 0.759127,
        "nauc_recall_at_3_max": 0.702688,
        "nauc_recall_at_3_std": 0.04487,
        "nauc_recall_at_3_diff1": 0.684023,
        "nauc_recall_at_5_max": 0.696233,
        "nauc_recall_at_5_std": 0.055954,
        "nauc_recall_at_5_diff1": 0.656669,
        "nauc_recall_at_10_max": 0.698814,
        "nauc_recall_at_10_std": 0.079434,
        "nauc_recall_at_10_diff1": 0.646633,
        "nauc_recall_at_20_max": 0.688511,
        "nauc_recall_at_20_std": 0.100493,
        "nauc_recall_at_20_diff1": 0.623428,
        "nauc_recall_at_100_max": 0.664413,
        "nauc_recall_at_100_std": 0.136021,
        "nauc_recall_at_100_diff1": 0.591899,
        "nauc_recall_at_1000_max": 0.643521,
        "nauc_recall_at_1000_std": 0.161694,
        "nauc_recall_at_1000_diff1": 0.569974,
        "nauc_precision_at_1_max": 0.712624,
        "nauc_precision_at_1_std": 0.009393,
        "nauc_precision_at_1_diff1": 0.759127,
        "nauc_precision_at_3_max": 0.702688,
        "nauc_precision_at_3_std": 0.04487,
        "nauc_precision_at_3_diff1": 0.684023,
        "nauc_precision_at_5_max": 0.696233,
        "nauc_precision_at_5_std": 0.055954,
        "nauc_precision_at_5_diff1": 0.656669,
        "nauc_precision_at_10_max": 0.698814,
        "nauc_precision_at_10_std": 0.079434,
        "nauc_precision_at_10_diff1": 0.646633,
        "nauc_precision_at_20_max": 0.688511,
        "nauc_precision_at_20_std": 0.100493,
        "nauc_precision_at_20_diff1": 0.623428,
        "nauc_precision_at_100_max": 0.664413,
        "nauc_precision_at_100_std": 0.136021,
        "nauc_precision_at_100_diff1": 0.591899,
        "nauc_precision_at_1000_max": 0.643521,
        "nauc_precision_at_1000_std": 0.161694,
        "nauc_precision_at_1000_diff1": 0.569974,
        "nauc_mrr_at_1_max": 0.712624,
        "nauc_mrr_at_1_std": 0.009393,
        "nauc_mrr_at_1_diff1": 0.759127,
        "nauc_mrr_at_3_max": 0.708387,
        "nauc_mrr_at_3_std": 0.022963,
        "nauc_mrr_at_3_diff1": 0.726195,
        "nauc_mrr_at_5_max": 0.706973,
        "nauc_mrr_at_5_std": 0.025788,
        "nauc_mrr_at_5_diff1": 0.719882,
        "nauc_mrr_at_10_max": 0.707395,
        "nauc_mrr_at_10_std": 0.028803,
        "nauc_mrr_at_10_diff1": 0.718632,
        "nauc_mrr_at_20_max": 0.707,
        "nauc_mrr_at_20_std": 0.030225,
        "nauc_mrr_at_20_diff1": 0.71727,
        "nauc_mrr_at_100_max": 0.70655,
        "nauc_mrr_at_100_std": 0.031117,
        "nauc_mrr_at_100_diff1": 0.716636,
        "nauc_mrr_at_1000_max": 0.706453,
        "nauc_mrr_at_1000_std": 0.031223,
        "nauc_mrr_at_1000_diff1": 0.716536,
        "main_score": 0.46952,
        "hf_subset": "default",
        "languages": [
          "tur-Latn"
        ]
      }
    ]
  },
  "evaluation_time": 6.0398290157318115,
  "kg_co2_emissions": null
}