{
  "dataset_revision": "main",
  "task_name": "NFCorpusTR",
  "mteb_version": "1.31.3",
  "scores": {
    "test": [
      {
        "ndcg_at_1": 0.19969,
        "ndcg_at_3": 0.18016,
        "ndcg_at_5": 0.17112,
        "ndcg_at_10": 0.15989,
        "ndcg_at_20": 0.15411,
        "ndcg_at_100": 0.16389,
        "ndcg_at_1000": 0.25655,
        "map_at_1": 0.01894,
        "map_at_3": 0.0331,
        "map_at_5": 0.03832,
        "map_at_10": 0.04635,
        "map_at_20": 0.05249,
        "map_at_100": 0.0638,
        "map_at_1000": 0.07438,
        "recall_at_1": 0.01894,
        "recall_at_3": 0.0415,
        "recall_at_5": 0.05328,
        "recall_at_10": 0.07214,
        "recall_at_20": 0.09896,
        "recall_at_100": 0.19202,
        "recall_at_1000": 0.5211,
        "precision_at_1": 0.21672,
        "precision_at_3": 0.18163,
        "precision_at_5": 0.15851,
        "precision_at_10": 0.12941,
        "precision_at_20": 0.10294,
        "precision_at_100": 0.05189,
        "precision_at_1000": 0.01752,
        "mrr_at_1": 0.216718,
        "mrr_at_3": 0.266254,
        "mrr_at_5": 0.280186,
        "mrr_at_10": 0.289275,
        "mrr_at_20": 0.295563,
        "mrr_at_100": 0.2992,
        "mrr_at_1000": 0.300316,
        "nauc_ndcg_at_1_max": 0.351065,
        "nauc_ndcg_at_1_std": 0.26428,
        "nauc_ndcg_at_1_diff1": 0.113101,
        "nauc_ndcg_at_3_max": 0.38775,
        "nauc_ndcg_at_3_std": 0.306309,
        "nauc_ndcg_at_3_diff1": 0.079933,
        "nauc_ndcg_at_5_max": 0.396083,
        "nauc_ndcg_at_5_std": 0.347189,
        "nauc_ndcg_at_5_diff1": 0.049813,
        "nauc_ndcg_at_10_max": 0.400207,
        "nauc_ndcg_at_10_std": 0.347235,
        "nauc_ndcg_at_10_diff1": 0.027841,
        "nauc_ndcg_at_20_max": 0.402746,
        "nauc_ndcg_at_20_std": 0.371894,
        "nauc_ndcg_at_20_diff1": 0.028181,
        "nauc_ndcg_at_100_max": 0.404604,
        "nauc_ndcg_at_100_std": 0.396829,
        "nauc_ndcg_at_100_diff1": 0.00942,
        "nauc_ndcg_at_1000_max": 0.46651,
        "nauc_ndcg_at_1000_std": 0.441167,
        "nauc_ndcg_at_1000_diff1": 0.006999,
        "nauc_map_at_1_max": 0.149917,
        "nauc_map_at_1_std": -0.018081,
        "nauc_map_at_1_diff1": 0.424445,
        "nauc_map_at_3_max": 0.16963,
        "nauc_map_at_3_std": 0.022568,
        "nauc_map_at_3_diff1": 0.286777,
        "nauc_map_at_5_max": 0.200427,
        "nauc_map_at_5_std": 0.064021,
        "nauc_map_at_5_diff1": 0.252532,
        "nauc_map_at_10_max": 0.245647,
        "nauc_map_at_10_std": 0.104496,
        "nauc_map_at_10_diff1": 0.206625,
        "nauc_map_at_20_max": 0.277754,
        "nauc_map_at_20_std": 0.152459,
        "nauc_map_at_20_diff1": 0.185485,
        "nauc_map_at_100_max": 0.317567,
        "nauc_map_at_100_std": 0.242564,
        "nauc_map_at_100_diff1": 0.138064,
        "nauc_map_at_1000_max": 0.337947,
        "nauc_map_at_1000_std": 0.294355,
        "nauc_map_at_1000_diff1": 0.111704,
        "nauc_recall_at_1_max": 0.149917,
        "nauc_recall_at_1_std": -0.018081,
        "nauc_recall_at_1_diff1": 0.424445,
        "nauc_recall_at_3_max": 0.143356,
        "nauc_recall_at_3_std": 0.010077,
        "nauc_recall_at_3_diff1": 0.226952,
        "nauc_recall_at_5_max": 0.179458,
        "nauc_recall_at_5_std": 0.0612,
        "nauc_recall_at_5_diff1": 0.154395,
        "nauc_recall_at_10_max": 0.24026,
        "nauc_recall_at_10_std": 0.10877,
        "nauc_recall_at_10_diff1": 0.110368,
        "nauc_recall_at_20_max": 0.282541,
        "nauc_recall_at_20_std": 0.177668,
        "nauc_recall_at_20_diff1": 0.085267,
        "nauc_recall_at_100_max": 0.299059,
        "nauc_recall_at_100_std": 0.333857,
        "nauc_recall_at_100_diff1": -0.018293,
        "nauc_recall_at_1000_max": 0.282562,
        "nauc_recall_at_1000_std": 0.328236,
        "nauc_recall_at_1000_diff1": -0.023669,
        "nauc_precision_at_1_max": 0.378781,
        "nauc_precision_at_1_std": 0.300306,
        "nauc_precision_at_1_diff1": 0.09514,
        "nauc_precision_at_3_max": 0.442374,
        "nauc_precision_at_3_std": 0.377376,
        "nauc_precision_at_3_diff1": 0.027904,
        "nauc_precision_at_5_max": 0.450535,
        "nauc_precision_at_5_std": 0.435281,
        "nauc_precision_at_5_diff1": -0.027407,
        "nauc_precision_at_10_max": 0.457761,
        "nauc_precision_at_10_std": 0.447211,
        "nauc_precision_at_10_diff1": -0.066886,
        "nauc_precision_at_20_max": 0.446228,
        "nauc_precision_at_20_std": 0.507583,
        "nauc_precision_at_20_diff1": -0.087236,
        "nauc_precision_at_100_max": 0.383838,
        "nauc_precision_at_100_std": 0.583408,
        "nauc_precision_at_100_diff1": -0.139327,
        "nauc_precision_at_1000_max": 0.251672,
        "nauc_precision_at_1000_std": 0.434967,
        "nauc_precision_at_1000_diff1": -0.147359,
        "nauc_mrr_at_1_max": 0.378781,
        "nauc_mrr_at_1_std": 0.300306,
        "nauc_mrr_at_1_diff1": 0.09514,
        "nauc_mrr_at_3_max": 0.400721,
        "nauc_mrr_at_3_std": 0.310429,
        "nauc_mrr_at_3_diff1": 0.067894,
        "nauc_mrr_at_5_max": 0.413871,
        "nauc_mrr_at_5_std": 0.323088,
        "nauc_mrr_at_5_diff1": 0.055957,
        "nauc_mrr_at_10_max": 0.416239,
        "nauc_mrr_at_10_std": 0.333606,
        "nauc_mrr_at_10_diff1": 0.050291,
        "nauc_mrr_at_20_max": 0.416746,
        "nauc_mrr_at_20_std": 0.336161,
        "nauc_mrr_at_20_diff1": 0.04833,
        "nauc_mrr_at_100_max": 0.415989,
        "nauc_mrr_at_100_std": 0.335534,
        "nauc_mrr_at_100_diff1": 0.048516,
        "nauc_mrr_at_1000_max": 0.416152,
        "nauc_mrr_at_1000_std": 0.335257,
        "nauc_mrr_at_1000_diff1": 0.049159,
        "main_score": 0.15989,
        "hf_subset": "default",
        "languages": [
          "tur-Latn"
        ]
      }
    ]
  },
  "evaluation_time": 10.628906965255737,
  "kg_co2_emissions": null
}