{
  "dataset_revision": "main",
  "task_name": "QuoraRetrievalTR",
  "mteb_version": "1.31.3",
  "scores": {
    "test": [
      {
        "ndcg_at_1": 0.6455,
        "ndcg_at_3": 0.69345,
        "ndcg_at_5": 0.71385,
        "ndcg_at_10": 0.73196,
        "ndcg_at_20": 0.74494,
        "ndcg_at_100": 0.75991,
        "ndcg_at_1000": 0.76593,
        "map_at_1": 0.55844,
        "map_at_3": 0.65369,
        "map_at_5": 0.67238,
        "map_at_10": 0.68429,
        "map_at_20": 0.6899,
        "map_at_100": 0.69351,
        "map_at_1000": 0.69391,
        "recall_at_1": 0.55844,
        "recall_at_3": 0.7201,
        "recall_at_5": 0.77537,
        "recall_at_10": 0.82858,
        "recall_at_20": 0.87381,
        "recall_at_100": 0.93983,
        "recall_at_1000": 0.97947,
        "precision_at_1": 0.6455,
        "precision_at_3": 0.30577,
        "precision_at_5": 0.20454,
        "precision_at_10": 0.11432,
        "precision_at_20": 0.06248,
        "precision_at_100": 0.01423,
        "precision_at_1000": 0.00153,
        "mrr_at_1": 0.645,
        "mrr_at_3": 0.706117,
        "mrr_at_5": 0.716542,
        "mrr_at_10": 0.722319,
        "mrr_at_20": 0.724857,
        "mrr_at_100": 0.726208,
        "mrr_at_1000": 0.726331,
        "nauc_ndcg_at_1_max": 0.385361,
        "nauc_ndcg_at_1_std": -0.14307,
        "nauc_ndcg_at_1_diff1": 0.698909,
        "nauc_ndcg_at_3_max": 0.38082,
        "nauc_ndcg_at_3_std": -0.148578,
        "nauc_ndcg_at_3_diff1": 0.654685,
        "nauc_ndcg_at_5_max": 0.391627,
        "nauc_ndcg_at_5_std": -0.140386,
        "nauc_ndcg_at_5_diff1": 0.650575,
        "nauc_ndcg_at_10_max": 0.398199,
        "nauc_ndcg_at_10_std": -0.125044,
        "nauc_ndcg_at_10_diff1": 0.648259,
        "nauc_ndcg_at_20_max": 0.40259,
        "nauc_ndcg_at_20_std": -0.113994,
        "nauc_ndcg_at_20_diff1": 0.645213,
        "nauc_ndcg_at_100_max": 0.406391,
        "nauc_ndcg_at_100_std": -0.101655,
        "nauc_ndcg_at_100_diff1": 0.649248,
        "nauc_ndcg_at_1000_max": 0.406427,
        "nauc_ndcg_at_1000_std": -0.104243,
        "nauc_ndcg_at_1000_diff1": 0.651759,
        "nauc_map_at_1_max": 0.287454,
        "nauc_map_at_1_std": -0.200996,
        "nauc_map_at_1_diff1": 0.714263,
        "nauc_map_at_3_max": 0.348737,
        "nauc_map_at_3_std": -0.185245,
        "nauc_map_at_3_diff1": 0.672611,
        "nauc_map_at_5_max": 0.363704,
        "nauc_map_at_5_std": -0.171781,
        "nauc_map_at_5_diff1": 0.664738,
        "nauc_map_at_10_max": 0.371586,
        "nauc_map_at_10_std": -0.158446,
        "nauc_map_at_10_diff1": 0.661665,
        "nauc_map_at_20_max": 0.375498,
        "nauc_map_at_20_std": -0.151397,
        "nauc_map_at_20_diff1": 0.659818,
        "nauc_map_at_100_max": 0.378098,
        "nauc_map_at_100_std": -0.145726,
        "nauc_map_at_100_diff1": 0.659798,
        "nauc_map_at_1000_max": 0.378331,
        "nauc_map_at_1000_std": -0.145438,
        "nauc_map_at_1000_diff1": 0.659859,
        "nauc_recall_at_1_max": 0.287454,
        "nauc_recall_at_1_std": -0.200996,
        "nauc_recall_at_1_diff1": 0.714263,
        "nauc_recall_at_3_max": 0.352386,
        "nauc_recall_at_3_std": -0.177054,
        "nauc_recall_at_3_diff1": 0.622826,
        "nauc_recall_at_5_max": 0.389469,
        "nauc_recall_at_5_std": -0.141501,
        "nauc_recall_at_5_diff1": 0.594622,
        "nauc_recall_at_10_max": 0.414731,
        "nauc_recall_at_10_std": -0.075248,
        "nauc_recall_at_10_diff1": 0.568334,
        "nauc_recall_at_20_max": 0.443767,
        "nauc_recall_at_20_std": 0.00424,
        "nauc_recall_at_20_diff1": 0.532809,
        "nauc_recall_at_100_max": 0.496693,
        "nauc_recall_at_100_std": 0.224814,
        "nauc_recall_at_100_diff1": 0.517331,
        "nauc_recall_at_1000_max": 0.631491,
        "nauc_recall_at_1000_std": 0.515573,
        "nauc_recall_at_1000_diff1": 0.526264,
        "nauc_precision_at_1_max": 0.385361,
        "nauc_precision_at_1_std": -0.14307,
        "nauc_precision_at_1_diff1": 0.698909,
        "nauc_precision_at_3_max": 0.29246,
        "nauc_precision_at_3_std": 0.048948,
        "nauc_precision_at_3_diff1": 0.148851,
        "nauc_precision_at_5_max": 0.26449,
        "nauc_precision_at_5_std": 0.128612,
        "nauc_precision_at_5_diff1": 0.010656,
        "nauc_precision_at_10_max": 0.215046,
        "nauc_precision_at_10_std": 0.215643,
        "nauc_precision_at_10_diff1": -0.113087,
        "nauc_precision_at_20_max": 0.179726,
        "nauc_precision_at_20_std": 0.276897,
        "nauc_precision_at_20_diff1": -0.197483,
        "nauc_precision_at_100_max": 0.122474,
        "nauc_precision_at_100_std": 0.343005,
        "nauc_precision_at_100_diff1": -0.282596,
        "nauc_precision_at_1000_max": 0.083995,
        "nauc_precision_at_1000_std": 0.336401,
        "nauc_precision_at_1000_diff1": -0.318064,
        "nauc_mrr_at_1_max": 0.383652,
        "nauc_mrr_at_1_std": -0.145642,
        "nauc_mrr_at_1_diff1": 0.699967,
        "nauc_mrr_at_3_max": 0.408638,
        "nauc_mrr_at_3_std": -0.124558,
        "nauc_mrr_at_3_diff1": 0.671525,
        "nauc_mrr_at_5_max": 0.413972,
        "nauc_mrr_at_5_std": -0.117982,
        "nauc_mrr_at_5_diff1": 0.67043,
        "nauc_mrr_at_10_max": 0.414415,
        "nauc_mrr_at_10_std": -0.114532,
        "nauc_mrr_at_10_diff1": 0.670133,
        "nauc_mrr_at_20_max": 0.414183,
        "nauc_mrr_at_20_std": -0.113423,
        "nauc_mrr_at_20_diff1": 0.66984,
        "nauc_mrr_at_100_max": 0.413638,
        "nauc_mrr_at_100_std": -0.113576,
        "nauc_mrr_at_100_diff1": 0.67061,
        "nauc_mrr_at_1000_max": 0.413587,
        "nauc_mrr_at_1000_std": -0.1137,
        "nauc_mrr_at_1000_diff1": 0.670661,
        "main_score": 0.73196,
        "hf_subset": "default",
        "languages": [
          "tur-Latn"
        ]
      }
    ]
  },
  "evaluation_time": 465.3055651187897,
  "kg_co2_emissions": null
}