{
  "dataset_revision": "main",
  "task_name": "SCIDOCSTR",
  "mteb_version": "1.31.3",
  "scores": {
    "test": [
      {
        "ndcg_at_1": 0.1,
        "ndcg_at_3": 0.08084,
        "ndcg_at_5": 0.07025,
        "ndcg_at_10": 0.08604,
        "ndcg_at_20": 0.10279,
        "ndcg_at_100": 0.13674,
        "ndcg_at_1000": 0.18818,
        "map_at_1": 0.02043,
        "map_at_3": 0.03526,
        "map_at_5": 0.0411,
        "map_at_10": 0.04742,
        "map_at_20": 0.05236,
        "map_at_100": 0.05765,
        "map_at_1000": 0.05987,
        "recall_at_1": 0.02043,
        "recall_at_3": 0.04618,
        "recall_at_5": 0.06243,
        "recall_at_10": 0.0916,
        "recall_at_20": 0.13103,
        "recall_at_100": 0.24308,
        "recall_at_1000": 0.49833,
        "precision_at_1": 0.1,
        "precision_at_3": 0.07567,
        "precision_at_5": 0.0614,
        "precision_at_10": 0.0451,
        "precision_at_20": 0.03215,
        "precision_at_100": 0.01194,
        "precision_at_1000": 0.00245,
        "mrr_at_1": 0.1,
        "mrr_at_3": 0.135333,
        "mrr_at_5": 0.145783,
        "mrr_at_10": 0.157042,
        "mrr_at_20": 0.163358,
        "mrr_at_100": 0.167837,
        "mrr_at_1000": 0.168912,
        "nauc_ndcg_at_1_max": 0.287824,
        "nauc_ndcg_at_1_std": 0.120091,
        "nauc_ndcg_at_1_diff1": 0.315007,
        "nauc_ndcg_at_3_max": 0.304955,
        "nauc_ndcg_at_3_std": 0.176358,
        "nauc_ndcg_at_3_diff1": 0.235025,
        "nauc_ndcg_at_5_max": 0.315751,
        "nauc_ndcg_at_5_std": 0.184007,
        "nauc_ndcg_at_5_diff1": 0.234536,
        "nauc_ndcg_at_10_max": 0.32895,
        "nauc_ndcg_at_10_std": 0.212558,
        "nauc_ndcg_at_10_diff1": 0.218641,
        "nauc_ndcg_at_20_max": 0.346919,
        "nauc_ndcg_at_20_std": 0.250904,
        "nauc_ndcg_at_20_diff1": 0.196138,
        "nauc_ndcg_at_100_max": 0.365914,
        "nauc_ndcg_at_100_std": 0.309464,
        "nauc_ndcg_at_100_diff1": 0.173912,
        "nauc_ndcg_at_1000_max": 0.379734,
        "nauc_ndcg_at_1000_std": 0.340241,
        "nauc_ndcg_at_1000_diff1": 0.156041,
        "nauc_map_at_1_max": 0.288876,
        "nauc_map_at_1_std": 0.120136,
        "nauc_map_at_1_diff1": 0.322226,
        "nauc_map_at_3_max": 0.32304,
        "nauc_map_at_3_std": 0.179873,
        "nauc_map_at_3_diff1": 0.254965,
        "nauc_map_at_5_max": 0.335507,
        "nauc_map_at_5_std": 0.185633,
        "nauc_map_at_5_diff1": 0.255822,
        "nauc_map_at_10_max": 0.350064,
        "nauc_map_at_10_std": 0.206982,
        "nauc_map_at_10_diff1": 0.241895,
        "nauc_map_at_20_max": 0.35746,
        "nauc_map_at_20_std": 0.225789,
        "nauc_map_at_20_diff1": 0.226027,
        "nauc_map_at_100_max": 0.364803,
        "nauc_map_at_100_std": 0.246886,
        "nauc_map_at_100_diff1": 0.21807,
        "nauc_map_at_1000_max": 0.366316,
        "nauc_map_at_1000_std": 0.252159,
        "nauc_map_at_1000_diff1": 0.21635,
        "nauc_recall_at_1_max": 0.288876,
        "nauc_recall_at_1_std": 0.120136,
        "nauc_recall_at_1_diff1": 0.322226,
        "nauc_recall_at_3_max": 0.303546,
        "nauc_recall_at_3_std": 0.189811,
        "nauc_recall_at_3_diff1": 0.206395,
        "nauc_recall_at_5_max": 0.315317,
        "nauc_recall_at_5_std": 0.196842,
        "nauc_recall_at_5_diff1": 0.201145,
        "nauc_recall_at_10_max": 0.331881,
        "nauc_recall_at_10_std": 0.242953,
        "nauc_recall_at_10_diff1": 0.172826,
        "nauc_recall_at_20_max": 0.358065,
        "nauc_recall_at_20_std": 0.306411,
        "nauc_recall_at_20_diff1": 0.131597,
        "nauc_recall_at_100_max": 0.368776,
        "nauc_recall_at_100_std": 0.397752,
        "nauc_recall_at_100_diff1": 0.088244,
        "nauc_recall_at_1000_max": 0.372732,
        "nauc_recall_at_1000_std": 0.436976,
        "nauc_recall_at_1000_diff1": 0.033665,
        "nauc_precision_at_1_max": 0.287824,
        "nauc_precision_at_1_std": 0.120091,
        "nauc_precision_at_1_diff1": 0.315007,
        "nauc_precision_at_3_max": 0.304268,
        "nauc_precision_at_3_std": 0.190853,
        "nauc_precision_at_3_diff1": 0.201667,
        "nauc_precision_at_5_max": 0.318319,
        "nauc_precision_at_5_std": 0.197751,
        "nauc_precision_at_5_diff1": 0.197959,
        "nauc_precision_at_10_max": 0.332514,
        "nauc_precision_at_10_std": 0.242338,
        "nauc_precision_at_10_diff1": 0.169962,
        "nauc_precision_at_20_max": 0.359465,
        "nauc_precision_at_20_std": 0.306644,
        "nauc_precision_at_20_diff1": 0.127229,
        "nauc_precision_at_100_max": 0.370289,
        "nauc_precision_at_100_std": 0.396711,
        "nauc_precision_at_100_diff1": 0.084419,
        "nauc_precision_at_1000_max": 0.364463,
        "nauc_precision_at_1000_std": 0.425461,
        "nauc_precision_at_1000_diff1": 0.025273,
        "nauc_mrr_at_1_max": 0.287824,
        "nauc_mrr_at_1_std": 0.120091,
        "nauc_mrr_at_1_diff1": 0.315007,
        "nauc_mrr_at_3_max": 0.27876,
        "nauc_mrr_at_3_std": 0.154571,
        "nauc_mrr_at_3_diff1": 0.248015,
        "nauc_mrr_at_5_max": 0.282106,
        "nauc_mrr_at_5_std": 0.158931,
        "nauc_mrr_at_5_diff1": 0.240983,
        "nauc_mrr_at_10_max": 0.284086,
        "nauc_mrr_at_10_std": 0.169866,
        "nauc_mrr_at_10_diff1": 0.237431,
        "nauc_mrr_at_20_max": 0.29193,
        "nauc_mrr_at_20_std": 0.182293,
        "nauc_mrr_at_20_diff1": 0.235035,
        "nauc_mrr_at_100_max": 0.292855,
        "nauc_mrr_at_100_std": 0.184845,
        "nauc_mrr_at_100_diff1": 0.2342,
        "nauc_mrr_at_1000_max": 0.29291,
        "nauc_mrr_at_1000_std": 0.184576,
        "nauc_mrr_at_1000_diff1": 0.234227,
        "main_score": 0.08604,
        "hf_subset": "default",
        "languages": [
          "tur-Latn"
        ]
      }
    ]
  },
  "evaluation_time": 71.3968460559845,
  "kg_co2_emissions": null
}