{
  "dataset_revision": "main",
  "task_name": "SciFactTR",
  "mteb_version": "1.31.3",
  "scores": {
    "test": [
      {
        "ndcg_at_1": 0.26333,
        "ndcg_at_3": 0.33408,
        "ndcg_at_5": 0.36236,
        "ndcg_at_10": 0.40359,
        "ndcg_at_20": 0.42026,
        "ndcg_at_100": 0.45166,
        "ndcg_at_1000": 0.47004,
        "map_at_1": 0.24972,
        "map_at_3": 0.31199,
        "map_at_5": 0.32912,
        "map_at_10": 0.34737,
        "map_at_20": 0.35236,
        "map_at_100": 0.35684,
        "map_at_1000": 0.35753,
        "recall_at_1": 0.24972,
        "recall_at_3": 0.38361,
        "recall_at_5": 0.44944,
        "recall_at_10": 0.57139,
        "recall_at_20": 0.634,
        "recall_at_100": 0.79856,
        "recall_at_1000": 0.94056,
        "precision_at_1": 0.26333,
        "precision_at_3": 0.13778,
        "precision_at_5": 0.09867,
        "precision_at_10": 0.06367,
        "precision_at_20": 0.0355,
        "precision_at_100": 0.00903,
        "precision_at_1000": 0.00107,
        "mrr_at_1": 0.263333,
        "mrr_at_3": 0.324444,
        "mrr_at_5": 0.339778,
        "mrr_at_10": 0.356356,
        "mrr_at_20": 0.360953,
        "mrr_at_100": 0.365123,
        "mrr_at_1000": 0.365765,
        "nauc_ndcg_at_1_max": 0.269323,
        "nauc_ndcg_at_1_std": 0.009758,
        "nauc_ndcg_at_1_diff1": 0.601567,
        "nauc_ndcg_at_3_max": 0.257515,
        "nauc_ndcg_at_3_std": 0.05663,
        "nauc_ndcg_at_3_diff1": 0.500023,
        "nauc_ndcg_at_5_max": 0.261671,
        "nauc_ndcg_at_5_std": 0.073299,
        "nauc_ndcg_at_5_diff1": 0.498588,
        "nauc_ndcg_at_10_max": 0.280154,
        "nauc_ndcg_at_10_std": 0.104169,
        "nauc_ndcg_at_10_diff1": 0.508751,
        "nauc_ndcg_at_20_max": 0.301873,
        "nauc_ndcg_at_20_std": 0.121158,
        "nauc_ndcg_at_20_diff1": 0.502042,
        "nauc_ndcg_at_100_max": 0.306391,
        "nauc_ndcg_at_100_std": 0.118822,
        "nauc_ndcg_at_100_diff1": 0.502725,
        "nauc_ndcg_at_1000_max": 0.297212,
        "nauc_ndcg_at_1000_std": 0.10996,
        "nauc_ndcg_at_1000_diff1": 0.506011,
        "nauc_map_at_1_max": 0.233625,
        "nauc_map_at_1_std": -0.017013,
        "nauc_map_at_1_diff1": 0.583038,
        "nauc_map_at_3_max": 0.247365,
        "nauc_map_at_3_std": 0.034178,
        "nauc_map_at_3_diff1": 0.517113,
        "nauc_map_at_5_max": 0.251711,
        "nauc_map_at_5_std": 0.044945,
        "nauc_map_at_5_diff1": 0.517188,
        "nauc_map_at_10_max": 0.261029,
        "nauc_map_at_10_std": 0.059283,
        "nauc_map_at_10_diff1": 0.521152,
        "nauc_map_at_20_max": 0.268366,
        "nauc_map_at_20_std": 0.065079,
        "nauc_map_at_20_diff1": 0.518885,
        "nauc_map_at_100_max": 0.268358,
        "nauc_map_at_100_std": 0.064146,
        "nauc_map_at_100_diff1": 0.518627,
        "nauc_map_at_1000_max": 0.268006,
        "nauc_map_at_1000_std": 0.06391,
        "nauc_map_at_1000_diff1": 0.518775,
        "nauc_recall_at_1_max": 0.233625,
        "nauc_recall_at_1_std": -0.017013,
        "nauc_recall_at_1_diff1": 0.583038,
        "nauc_recall_at_3_max": 0.247979,
        "nauc_recall_at_3_std": 0.079519,
        "nauc_recall_at_3_diff1": 0.441548,
        "nauc_recall_at_5_max": 0.256281,
        "nauc_recall_at_5_std": 0.117801,
        "nauc_recall_at_5_diff1": 0.43352,
        "nauc_recall_at_10_max": 0.307404,
        "nauc_recall_at_10_std": 0.210295,
        "nauc_recall_at_10_diff1": 0.466586,
        "nauc_recall_at_20_max": 0.397743,
        "nauc_recall_at_20_std": 0.288298,
        "nauc_recall_at_20_diff1": 0.435768,
        "nauc_recall_at_100_max": 0.498864,
        "nauc_recall_at_100_std": 0.369992,
        "nauc_recall_at_100_diff1": 0.42028,
        "nauc_recall_at_1000_max": 0.577585,
        "nauc_recall_at_1000_std": 0.497635,
        "nauc_recall_at_1000_diff1": 0.389124,
        "nauc_precision_at_1_max": 0.269323,
        "nauc_precision_at_1_std": 0.009758,
        "nauc_precision_at_1_diff1": 0.601567,
        "nauc_precision_at_3_max": 0.298809,
        "nauc_precision_at_3_std": 0.120517,
        "nauc_precision_at_3_diff1": 0.444388,
        "nauc_precision_at_5_max": 0.317356,
        "nauc_precision_at_5_std": 0.167543,
        "nauc_precision_at_5_diff1": 0.411352,
        "nauc_precision_at_10_max": 0.370246,
        "nauc_precision_at_10_std": 0.265855,
        "nauc_precision_at_10_diff1": 0.400001,
        "nauc_precision_at_20_max": 0.442675,
        "nauc_precision_at_20_std": 0.333458,
        "nauc_precision_at_20_diff1": 0.350042,
        "nauc_precision_at_100_max": 0.428731,
        "nauc_precision_at_100_std": 0.34474,
        "nauc_precision_at_100_diff1": 0.218987,
        "nauc_precision_at_1000_max": 0.292657,
        "nauc_precision_at_1000_std": 0.333331,
        "nauc_precision_at_1000_diff1": 0.027715,
        "nauc_mrr_at_1_max": 0.269323,
        "nauc_mrr_at_1_std": 0.009758,
        "nauc_mrr_at_1_diff1": 0.601567,
        "nauc_mrr_at_3_max": 0.279509,
        "nauc_mrr_at_3_std": 0.070593,
        "nauc_mrr_at_3_diff1": 0.528405,
        "nauc_mrr_at_5_max": 0.279932,
        "nauc_mrr_at_5_std": 0.078538,
        "nauc_mrr_at_5_diff1": 0.527528,
        "nauc_mrr_at_10_max": 0.286332,
        "nauc_mrr_at_10_std": 0.089511,
        "nauc_mrr_at_10_diff1": 0.529419,
        "nauc_mrr_at_20_max": 0.290214,
        "nauc_mrr_at_20_std": 0.092399,
        "nauc_mrr_at_20_diff1": 0.527479,
        "nauc_mrr_at_100_max": 0.290251,
        "nauc_mrr_at_100_std": 0.091129,
        "nauc_mrr_at_100_diff1": 0.527599,
        "nauc_mrr_at_1000_max": 0.289922,
        "nauc_mrr_at_1000_std": 0.090923,
        "nauc_mrr_at_1000_diff1": 0.527778,
        "main_score": 0.40359,
        "hf_subset": "default",
        "languages": [
          "tur-Latn"
        ]
      }
    ]
  },
  "evaluation_time": 16.662521839141846,
  "kg_co2_emissions": null
}