{
  "dataset_revision": "main",
  "task_name": "TQuadRetrieval",
  "mteb_version": "1.31.3",
  "scores": {
    "test": [
      {
        "ndcg_at_1": 0.45628,
        "ndcg_at_3": 0.58169,
        "ndcg_at_5": 0.61894,
        "ndcg_at_10": 0.64008,
        "ndcg_at_20": 0.65352,
        "ndcg_at_100": 0.67107,
        "ndcg_at_1000": 0.67488,
        "map_at_1": 0.45628,
        "map_at_3": 0.55101,
        "map_at_5": 0.57186,
        "map_at_10": 0.58044,
        "map_at_20": 0.58419,
        "map_at_100": 0.58665,
        "map_at_1000": 0.58686,
        "recall_at_1": 0.45628,
        "recall_at_3": 0.6704,
        "recall_at_5": 0.76009,
        "recall_at_10": 0.82623,
        "recall_at_20": 0.87892,
        "recall_at_100": 0.97309,
        "recall_at_1000": 1.0,
        "precision_at_1": 0.45628,
        "precision_at_3": 0.22347,
        "precision_at_5": 0.15202,
        "precision_at_10": 0.08262,
        "precision_at_20": 0.04395,
        "precision_at_100": 0.00973,
        "precision_at_1000": 0.001,
        "mrr_at_1": 0.451794,
        "mrr_at_3": 0.548767,
        "mrr_at_5": 0.569843,
        "mrr_at_10": 0.578234,
        "mrr_at_20": 0.581985,
        "mrr_at_100": 0.584442,
        "mrr_at_1000": 0.58465,
        "nauc_ndcg_at_1_max": 0.359194,
        "nauc_ndcg_at_1_std": -0.075138,
        "nauc_ndcg_at_1_diff1": 0.517769,
        "nauc_ndcg_at_3_max": 0.383342,
        "nauc_ndcg_at_3_std": -0.093993,
        "nauc_ndcg_at_3_diff1": 0.453053,
        "nauc_ndcg_at_5_max": 0.397639,
        "nauc_ndcg_at_5_std": -0.096271,
        "nauc_ndcg_at_5_diff1": 0.443237,
        "nauc_ndcg_at_10_max": 0.415369,
        "nauc_ndcg_at_10_std": -0.092454,
        "nauc_ndcg_at_10_diff1": 0.448586,
        "nauc_ndcg_at_20_max": 0.418852,
        "nauc_ndcg_at_20_std": -0.083151,
        "nauc_ndcg_at_20_diff1": 0.457621,
        "nauc_ndcg_at_100_max": 0.407879,
        "nauc_ndcg_at_100_std": -0.077424,
        "nauc_ndcg_at_100_diff1": 0.46359,
        "nauc_ndcg_at_1000_max": 0.40029,
        "nauc_ndcg_at_1000_std": -0.08469,
        "nauc_ndcg_at_1000_diff1": 0.463886,
        "nauc_map_at_1_max": 0.359194,
        "nauc_map_at_1_std": -0.075138,
        "nauc_map_at_1_diff1": 0.517769,
        "nauc_map_at_3_max": 0.37697,
        "nauc_map_at_3_std": -0.088914,
        "nauc_map_at_3_diff1": 0.468526,
        "nauc_map_at_5_max": 0.383988,
        "nauc_map_at_5_std": -0.090826,
        "nauc_map_at_5_diff1": 0.464423,
        "nauc_map_at_10_max": 0.389965,
        "nauc_map_at_10_std": -0.08953,
        "nauc_map_at_10_diff1": 0.466599,
        "nauc_map_at_20_max": 0.390744,
        "nauc_map_at_20_std": -0.08722,
        "nauc_map_at_20_diff1": 0.46896,
        "nauc_map_at_100_max": 0.389496,
        "nauc_map_at_100_std": -0.086313,
        "nauc_map_at_100_diff1": 0.470012,
        "nauc_map_at_1000_max": 0.389153,
        "nauc_map_at_1000_std": -0.086623,
        "nauc_map_at_1000_diff1": 0.470011,
        "nauc_recall_at_1_max": 0.359194,
        "nauc_recall_at_1_std": -0.075138,
        "nauc_recall_at_1_diff1": 0.517769,
        "nauc_recall_at_3_max": 0.404832,
        "nauc_recall_at_3_std": -0.111173,
        "nauc_recall_at_3_diff1": 0.401658,
        "nauc_recall_at_5_max": 0.457012,
        "nauc_recall_at_5_std": -0.117522,
        "nauc_recall_at_5_diff1": 0.354366,
        "nauc_recall_at_10_max": 0.5678,
        "nauc_recall_at_10_std": -0.102757,
        "nauc_recall_at_10_diff1": 0.356086,
        "nauc_recall_at_20_max": 0.652228,
        "nauc_recall_at_20_std": -0.028295,
        "nauc_recall_at_20_diff1": 0.397689,
        "nauc_recall_at_100_max": 0.878248,
        "nauc_recall_at_100_std": 0.378524,
        "nauc_recall_at_100_diff1": 0.435933,
        "nauc_recall_at_1000_max": NaN,
        "nauc_recall_at_1000_std": NaN,
        "nauc_recall_at_1000_diff1": NaN,
        "nauc_precision_at_1_max": 0.359194,
        "nauc_precision_at_1_std": -0.075138,
        "nauc_precision_at_1_diff1": 0.517769,
        "nauc_precision_at_3_max": 0.404832,
        "nauc_precision_at_3_std": -0.111173,
        "nauc_precision_at_3_diff1": 0.401658,
        "nauc_precision_at_5_max": 0.457012,
        "nauc_precision_at_5_std": -0.117522,
        "nauc_precision_at_5_diff1": 0.354366,
        "nauc_precision_at_10_max": 0.5678,
        "nauc_precision_at_10_std": -0.102757,
        "nauc_precision_at_10_diff1": 0.356086,
        "nauc_precision_at_20_max": 0.652228,
        "nauc_precision_at_20_std": -0.028295,
        "nauc_precision_at_20_diff1": 0.397689,
        "nauc_precision_at_100_max": 0.878248,
        "nauc_precision_at_100_std": 0.378524,
        "nauc_precision_at_100_diff1": 0.435933,
        "nauc_precision_at_1000_max": NaN,
        "nauc_precision_at_1000_std": NaN,
        "nauc_precision_at_1000_diff1": NaN,
        "nauc_mrr_at_1_max": 0.363956,
        "nauc_mrr_at_1_std": -0.06586,
        "nauc_mrr_at_1_diff1": 0.529555,
        "nauc_mrr_at_3_max": 0.379584,
        "nauc_mrr_at_3_std": -0.083779,
        "nauc_mrr_at_3_diff1": 0.475076,
        "nauc_mrr_at_5_max": 0.386827,
        "nauc_mrr_at_5_std": -0.084667,
        "nauc_mrr_at_5_diff1": 0.471257,
        "nauc_mrr_at_10_max": 0.392764,
        "nauc_mrr_at_10_std": -0.083912,
        "nauc_mrr_at_10_diff1": 0.473592,
        "nauc_mrr_at_20_max": 0.393574,
        "nauc_mrr_at_20_std": -0.081543,
        "nauc_mrr_at_20_diff1": 0.476027,
        "nauc_mrr_at_100_max": 0.392349,
        "nauc_mrr_at_100_std": -0.080592,
        "nauc_mrr_at_100_diff1": 0.477133,
        "nauc_mrr_at_1000_max": 0.392008,
        "nauc_mrr_at_1000_std": -0.080897,
        "nauc_mrr_at_1000_diff1": 0.477137,
        "main_score": 0.64008,
        "hf_subset": "default",
        "languages": [
          "tur-Latn"
        ]
      }
    ]
  },
  "evaluation_time": 1.895237922668457,
  "kg_co2_emissions": null
}