{
  "dataset_revision": "51adfef1c1287aab1d2d91b5bead9bcfb9c68583",
  "task_name": "XQuADRetrieval",
  "mteb_version": "1.31.3",
  "scores": {
    "validation": [
      {
        "ndcg_at_1": 0.70355,
        "ndcg_at_3": 0.80176,
        "ndcg_at_5": 0.8191,
        "ndcg_at_10": 0.82827,
        "ndcg_at_20": 0.83603,
        "ndcg_at_100": 0.84056,
        "ndcg_at_1000": 0.84118,
        "map_at_1": 0.70355,
        "map_at_3": 0.77787,
        "map_at_5": 0.78746,
        "map_at_10": 0.79118,
        "map_at_20": 0.79334,
        "map_at_100": 0.79402,
        "map_at_1000": 0.79406,
        "recall_at_1": 0.70355,
        "recall_at_3": 0.87078,
        "recall_at_5": 0.91301,
        "recall_at_10": 0.94172,
        "recall_at_20": 0.97213,
        "recall_at_100": 0.99578,
        "recall_at_1000": 1.0,
        "precision_at_1": 0.70355,
        "precision_at_3": 0.29026,
        "precision_at_5": 0.1826,
        "precision_at_10": 0.09417,
        "precision_at_20": 0.04861,
        "precision_at_100": 0.00996,
        "precision_at_1000": 0.001,
        "mrr_at_1": 0.703547,
        "mrr_at_3": 0.777872,
        "mrr_at_5": 0.787458,
        "mrr_at_10": 0.791176,
        "mrr_at_20": 0.793342,
        "mrr_at_100": 0.794021,
        "mrr_at_1000": 0.794058,
        "nauc_ndcg_at_1_max": 0.642612,
        "nauc_ndcg_at_1_std": 0.181857,
        "nauc_ndcg_at_1_diff1": 0.789562,
        "nauc_ndcg_at_3_max": 0.703439,
        "nauc_ndcg_at_3_std": 0.243277,
        "nauc_ndcg_at_3_diff1": 0.745015,
        "nauc_ndcg_at_5_max": 0.707672,
        "nauc_ndcg_at_5_std": 0.264338,
        "nauc_ndcg_at_5_diff1": 0.7477,
        "nauc_ndcg_at_10_max": 0.702865,
        "nauc_ndcg_at_10_std": 0.26483,
        "nauc_ndcg_at_10_diff1": 0.751059,
        "nauc_ndcg_at_20_max": 0.693657,
        "nauc_ndcg_at_20_std": 0.253737,
        "nauc_ndcg_at_20_diff1": 0.749932,
        "nauc_ndcg_at_100_max": 0.689039,
        "nauc_ndcg_at_100_std": 0.241435,
        "nauc_ndcg_at_100_diff1": 0.756002,
        "nauc_ndcg_at_1000_max": 0.688048,
        "nauc_ndcg_at_1000_std": 0.240317,
        "nauc_ndcg_at_1000_diff1": 0.756237,
        "nauc_map_at_1_max": 0.642612,
        "nauc_map_at_1_std": 0.181857,
        "nauc_map_at_1_diff1": 0.789562,
        "nauc_map_at_3_max": 0.685286,
        "nauc_map_at_3_std": 0.225319,
        "nauc_map_at_3_diff1": 0.756995,
        "nauc_map_at_5_max": 0.686598,
        "nauc_map_at_5_std": 0.234863,
        "nauc_map_at_5_diff1": 0.758538,
        "nauc_map_at_10_max": 0.684483,
        "nauc_map_at_10_std": 0.23444,
        "nauc_map_at_10_diff1": 0.759814,
        "nauc_map_at_20_max": 0.682205,
        "nauc_map_at_20_std": 0.231537,
        "nauc_map_at_20_diff1": 0.759655,
        "nauc_map_at_100_max": 0.681685,
        "nauc_map_at_100_std": 0.230224,
        "nauc_map_at_100_diff1": 0.760378,
        "nauc_map_at_1000_max": 0.681638,
        "nauc_map_at_1000_std": 0.230177,
        "nauc_map_at_1000_diff1": 0.760389,
        "nauc_recall_at_1_max": 0.642612,
        "nauc_recall_at_1_std": 0.181857,
        "nauc_recall_at_1_diff1": 0.789562,
        "nauc_recall_at_3_max": 0.786124,
        "nauc_recall_at_3_std": 0.324817,
        "nauc_recall_at_3_diff1": 0.691348,
        "nauc_recall_at_5_max": 0.841011,
        "nauc_recall_at_5_std": 0.454994,
        "nauc_recall_at_5_diff1": 0.682616,
        "nauc_recall_at_10_max": 0.867779,
        "nauc_recall_at_10_std": 0.552578,
        "nauc_recall_at_10_diff1": 0.679674,
        "nauc_recall_at_20_max": 0.857142,
        "nauc_recall_at_20_std": 0.640124,
        "nauc_recall_at_20_diff1": 0.578892,
        "nauc_recall_at_100_max": 0.918314,
        "nauc_recall_at_100_std": 0.508982,
        "nauc_recall_at_100_diff1": 0.700762,
        "nauc_recall_at_1000_max": NaN,
        "nauc_recall_at_1000_std": NaN,
        "nauc_recall_at_1000_diff1": NaN,
        "nauc_precision_at_1_max": 0.642612,
        "nauc_precision_at_1_std": 0.181857,
        "nauc_precision_at_1_diff1": 0.789562,
        "nauc_precision_at_3_max": 0.786124,
        "nauc_precision_at_3_std": 0.324817,
        "nauc_precision_at_3_diff1": 0.691348,
        "nauc_precision_at_5_max": 0.841011,
        "nauc_precision_at_5_std": 0.454994,
        "nauc_precision_at_5_diff1": 0.682616,
        "nauc_precision_at_10_max": 0.867779,
        "nauc_precision_at_10_std": 0.552578,
        "nauc_precision_at_10_diff1": 0.679674,
        "nauc_precision_at_20_max": 0.857142,
        "nauc_precision_at_20_std": 0.640124,
        "nauc_precision_at_20_diff1": 0.578892,
        "nauc_precision_at_100_max": 0.918314,
        "nauc_precision_at_100_std": 0.508982,
        "nauc_precision_at_100_diff1": 0.700762,
        "nauc_precision_at_1000_max": 1.0,
        "nauc_precision_at_1000_std": 1.0,
        "nauc_precision_at_1000_diff1": 1.0,
        "nauc_mrr_at_1_max": 0.642612,
        "nauc_mrr_at_1_std": 0.181857,
        "nauc_mrr_at_1_diff1": 0.789562,
        "nauc_mrr_at_3_max": 0.685286,
        "nauc_mrr_at_3_std": 0.225319,
        "nauc_mrr_at_3_diff1": 0.756995,
        "nauc_mrr_at_5_max": 0.686598,
        "nauc_mrr_at_5_std": 0.234863,
        "nauc_mrr_at_5_diff1": 0.758538,
        "nauc_mrr_at_10_max": 0.684483,
        "nauc_mrr_at_10_std": 0.23444,
        "nauc_mrr_at_10_diff1": 0.759814,
        "nauc_mrr_at_20_max": 0.682205,
        "nauc_mrr_at_20_std": 0.231537,
        "nauc_mrr_at_20_diff1": 0.759655,
        "nauc_mrr_at_100_max": 0.681685,
        "nauc_mrr_at_100_std": 0.230224,
        "nauc_mrr_at_100_diff1": 0.760378,
        "nauc_mrr_at_1000_max": 0.681638,
        "nauc_mrr_at_1000_std": 0.230177,
        "nauc_mrr_at_1000_diff1": 0.760389,
        "main_score": 0.82827,
        "hf_subset": "tr",
        "languages": [
          "tur-Latn"
        ]
      }
    ]
  },
  "evaluation_time": 1.8875038623809814,
  "kg_co2_emissions": null
}